{"type": "FeatureCollection", "features": [{"type": "Feature", "properties": {"nom": "Aéroport de Paris-Charles de Gaulle", "categorie": "international", "nature": "aerodrome", "usage": "Civil", "code_icao": "LFPG", "code_iata": "CDG", "surface_ha": 2842.0, "peb": true, "peb_arrete": "http://piece-jointe-carto.developpement-durable.gouv.fr/NAT003/PEB/PEB_LFPG_03_04_2007.pdf"}, "geometry": {"type": "Point", "coordinates": [2.577699, 49.006943]}}, {"type": "Feature", "properties": {"nom": "Aérodrome d'Istres-le Tubé", "categorie": "local", "nature": "aerodrome", "usage": "Militaire", "code_icao": "LFMI", "code_iata": null, "surface_ha": 2088.8, "peb": true, "peb_arrete": "http://piece-jointe-carto.developpement-durable.gouv.fr/NAT003/PEB/PEB_LFMI_22_08_1974.pdf"}, "geometry": {"type": "Point", "coordinates": [4.917088, 43.528868]}}, {"type": "Feature", "properties": {"nom": "Aéroport de Paris-Orly", "categorie": "international", "nature": "aerodrome", "usage": "Civil", "code_icao": "LFPO", "code_iata": "ORY", "surface_ha": 1288.1, "peb": true, "peb_arrete": "http://piece-jointe-carto.developpement-durable.gouv.fr/NAT003/PEB/PEB_LFPO_21_12_2012.pdf"}, "geometry": {"type": "Point", "coordinates": [2.367945, 48.730107]}}, {"type": "Feature", "properties": {"nom": "Base Aérienne 702 d'Avord", "categorie": "national", "nature": "aerodrome", "usage": "Militaire", "code_icao": "LFOA", "code_iata": null, "surface_ha": 983.0, "peb": true, "peb_arrete": "http://piece-jointe-carto.developpement-durable.gouv.fr/NAT003/PEB/PEB_LFOA_23_03_1998.pdf"}, "geometry": {"type": "Point", "coordinates": [2.628168, 47.053831]}}, {"type": "Feature", "properties": {"nom": "Base d'Aéronautique Navale de Lann Bihoué", "categorie": "local", "nature": "aerodrome", "usage": "Militaire", "code_icao": null, "code_iata": null, "surface_ha": 772.2, "peb": false, "peb_arrete": null}, "geometry": {"type": "Point", "coordinates": [-3.443146, 47.76119]}}, {"type": "Feature", "properties": {"nom": "Aéroport de Toulouse-Blagnac", "categorie": "international", "nature": "aerodrome", "usage": "Civil", "code_icao": "LFBO", "code_iata": "TLS", "surface_ha": 712.1, "peb": true, "peb_arrete": "http://piece-jointe-carto.developpement-durable.gouv.fr/NAT003/PEB/PEB_LFBO_21_08_2007.pdf"}, "geometry": {"type": "Point", "coordinates": [1.361854, 43.631527]}}, {"type": "Feature", "properties": {"nom": "Aéroport de Lyon-Saint-Exupéry", "categorie": "international", "nature": "aerodrome", "usage": "Civil", "code_icao": "LFLL", "code_iata": null, "surface_ha": 610.1, "peb": true, "peb_arrete": "http://piece-jointe-carto.developpement-durable.gouv.fr/NAT003/PEB/PEB_LFLL_22_09_2005.pdf"}, "geometry": {"type": "Point", "coordinates": [5.087715, 45.722851]}}, {"type": "Feature", "properties": {"nom": "Aéroport International de Bordeaux-Mérignac", "categorie": "international", "nature": "aerodrome", "usage": "Civil", "code_icao": "LFBD", "code_iata": "BOD", "surface_ha": 578.6, "peb": true, "peb_arrete": "http://piece-jointe-carto.developpement-durable.gouv.fr/NAT003/PEB/PEB_LFBD_22_12_2004.pdf"}, "geometry": {"type": "Point", "coordinates": [-0.714381, 44.829387]}}, {"type": "Feature", "properties": {"nom": "Aéroport de Paris-Vatry", "categorie": "international", "nature": "aerodrome", "usage": "Civil", "code_icao": "LFOK", "code_iata": "XCR", "surface_ha": 519.0, "peb": true, "peb_arrete": "http://piece-jointe-carto.developpement-durable.gouv.fr/NAT003/PEB/PEB_LFOK_03_03_1999.pdf"}, "geometry": {"type": "Point", "coordinates": [4.195367, 48.775319]}}, {"type": "Feature", "properties": {"nom": "Aérodrome de Chaumont-Semoutiers", "categorie": "national", "nature": "aerodrome", "usage": "Civil", "code_icao": "LFJA", "code_iata": null, "surface_ha": 501.3, "peb": false, "peb_arrete": null}, "geometry": {"type": "Point", "coordinates": [5.054739, 48.08092]}}, {"type": "Feature", "properties": {"nom": "Aéroport de Paris-le Bourget", "categorie": "international", "nature": "aerodrome", "usage": "Civil", "code_icao": "LFPB", "code_iata": "LBG", "surface_ha": 500.1, "peb": true, "peb_arrete": "http://piece-jointe-carto.developpement-durable.gouv.fr/NAT003/PEB/PEB_LFPB_06_02_2017.pdf"}, "geometry": {"type": "Point", "coordinates": [2.438516, 48.960487]}}, {"type": "Feature", "properties": {"nom": "Aéroport International de Bâle-Mulhouse-Fribourg", "categorie": "international", "nature": "aerodrome", "usage": "Civil", "code_icao": "LFSB", "code_iata": "BSL", "surface_ha": 486.4, "peb": true, "peb_arrete": "http://piece-jointe-carto.developpement-durable.gouv.fr/NAT003/PEB/PEB_LFSB_25_10_2004.pdf"}, "geometry": {"type": "Point", "coordinates": [7.523594, 47.603198]}}, {"type": "Feature", "properties": {"nom": "Base Militaire de Luxeuil-Saint-Sauveur", "categorie": "national", "nature": "aerodrome", "usage": "Militaire", "code_icao": "LFSX", "code_iata": null, "surface_ha": 471.8, "peb": true, "peb_arrete": "http://piece-jointe-carto.developpement-durable.gouv.fr/NAT003/PEB/PEB_LFSX_14_08_1997.pdf"}, "geometry": {"type": "Point", "coordinates": [6.360384, 47.785984]}}, {"type": "Feature", "properties": {"nom": "Base Aérienne 709", "categorie": "national", "nature": "aerodrome", "usage": "Militaire", "code_icao": "LFBG", "code_iata": null, "surface_ha": 454.3, "peb": true, "peb_arrete": "http://piece-jointe-carto.developpement-durable.gouv.fr/NAT003/PEB/PEB_LFBG_25_06_2009.pdf"}, "geometry": {"type": "Point", "coordinates": [-0.314998, 45.657818]}}, {"type": "Feature", "properties": {"nom": null, "categorie": "international", "nature": "aerodrome", "usage": "Civil", "code_icao": "LFSD", "code_iata": "DIJ", "surface_ha": 452.4, "peb": true, "peb_arrete": "http://piece-jointe-carto.developpement-durable.gouv.fr/NAT003/PEB/PEB_LFSD_07_01_2020.pdf"}, "geometry": {"type": "Point", "coordinates": [5.087919, 47.26926]}}, {"type": "Feature", "properties": {"nom": "Base Aérienne 701", "categorie": "local", "nature": "aerodrome", "usage": "Civil", "code_icao": "LFMY", "code_iata": null, "surface_ha": 431.2, "peb": true, "peb_arrete": "http://piece-jointe-carto.developpement-durable.gouv.fr/NAT003/PEB/PEB_LFMY_28_07_1999.pdf"}, "geometry": {"type": "Point", "coordinates": [5.111411, 43.6108]}}, {"type": "Feature", "properties": {"nom": "Aérodrome de Solenzara", "categorie": "national", "nature": "aerodrome", "usage": "Militaire", "code_icao": "LFKS", "code_iata": null, "surface_ha": 403.2, "peb": true, "peb_arrete": "http://piece-jointe-carto.developpement-durable.gouv.fr/NAT003/PEB/PEB_LFKS_28_05_1985.pdf"}, "geometry": {"type": "Point", "coordinates": [9.401064, 41.923882]}}, {"type": "Feature", "properties": {"nom": "Aérodrome de Melun-Villaroche", "categorie": "national", "nature": "aerodrome", "usage": "Civil", "code_icao": "LFPM", "code_iata": null, "surface_ha": 399.9, "peb": true, "peb_arrete": "http://piece-jointe-carto.developpement-durable.gouv.fr/NAT003/PEB/PEB_LFPM_14_03_2007.pdf"}, "geometry": {"type": "Point", "coordinates": [2.666941, 48.611043]}}, {"type": "Feature", "properties": {"nom": "Aéroport de Marseille-Provence", "categorie": "international", "nature": "aerodrome", "usage": "Civil", "code_icao": "LFML", "code_iata": "MRS", "surface_ha": 391.2, "peb": true, "peb_arrete": "http://piece-jointe-carto.developpement-durable.gouv.fr/NAT003/PEB/PEB_LFML_04_08_2006.pdf"}, "geometry": {"type": "Point", "coordinates": [5.21447, 43.437557]}}, {"type": "Feature", "properties": {"nom": "Aéroport de Nice-Côte d'Azur", "categorie": "international", "nature": "aerodrome", "usage": "Civil", "code_icao": "LFMN", "code_iata": "NCE", "surface_ha": 383.3, "peb": true, "peb_arrete": "http://piece-jointe-carto.developpement-durable.gouv.fr/NAT003/PEB/PEB_LFMN_08_02_2005.pdf"}, "geometry": {"type": "Point", "coordinates": [7.211924, 43.659707]}}, {"type": "Feature", "properties": {"nom": "Aéroport de Châteauroux-Centre", "categorie": "international", "nature": "aerodrome", "usage": "Civil", "code_icao": "LFLX", "code_iata": "CHR", "surface_ha": 376.9, "peb": true, "peb_arrete": "http://piece-jointe-carto.developpement-durable.gouv.fr/NAT003/PEB/PEB_LFLX_21_05_2012.pdf"}, "geometry": {"type": "Point", "coordinates": [1.730735, 46.863808]}}, {"type": "Feature", "properties": {"nom": "Aérodrome de Chambley", "categorie": "national", "nature": "aerodrome", "usage": "Civil", "code_icao": "LFJY", "code_iata": null, "surface_ha": 365.5, "peb": false, "peb_arrete": null}, "geometry": {"type": "Point", "coordinates": [5.873332, 49.02452]}}, {"type": "Feature", "properties": {"nom": "Aérodrome de Nancy-Ochey", "categorie": "national", "nature": "aerodrome", "usage": "Militaire", "code_icao": "LFSO", "code_iata": null, "surface_ha": 361.8, "peb": true, "peb_arrete": "http://piece-jointe-carto.developpement-durable.gouv.fr/NAT003/PEB/PEB_LFSO_05_07_1976.pdf"}, "geometry": {"type": "Point", "coordinates": [5.959469, 48.582544]}}, {"type": "Feature", "properties": {"nom": null, "categorie": "local", "nature": "aerodrome", "usage": "Civil", "code_icao": null, "code_iata": null, "surface_ha": 352.7, "peb": false, "peb_arrete": null}, "geometry": {"type": "Point", "coordinates": [6.712475, 49.021106]}}, {"type": "Feature", "properties": {"nom": "Aéroport de Montpellier-Méditerranée", "categorie": "international", "nature": "aerodrome", "usage": "Civil", "code_icao": "LFMT", "code_iata": "MPL", "surface_ha": 347.6, "peb": true, "peb_arrete": "http://piece-jointe-carto.developpement-durable.gouv.fr/NAT003/PEB/PEB_LFMT_15_02_2007.pdf"}, "geometry": {"type": "Point", "coordinates": [3.965434, 43.579651]}}, {"type": "Feature", "properties": {"nom": "Aéroport de Lille-Lesquin", "categorie": "international", "nature": "aerodrome", "usage": "Civil", "code_icao": "LFQQ", "code_iata": "LIL", "surface_ha": 346.1, "peb": true, "peb_arrete": "http://piece-jointe-carto.developpement-durable.gouv.fr/NAT003/PEB/PEB_LFQQ_15_01_2009.pdf"}, "geometry": {"type": "Point", "coordinates": [3.101934, 50.566531]}}, {"type": "Feature", "properties": {"nom": "Aéroport de Strasbourg-Entzheim", "categorie": "international", "nature": "aerodrome", "usage": "Civil", "code_icao": "LFST", "code_iata": "SXB", "surface_ha": 338.4, "peb": true, "peb_arrete": "http://piece-jointe-carto.developpement-durable.gouv.fr/NAT003/PEB/PEB_LFST_07_09_2004.pdf"}, "geometry": {"type": "Point", "coordinates": [7.624348, 48.538915]}}, {"type": "Feature", "properties": {"nom": "Aérodrome de Coulommiers-Voisins", "categorie": "national", "nature": "aerodrome", "usage": "Civil", "code_icao": "LFPK", "code_iata": null, "surface_ha": 333.0, "peb": true, "peb_arrete": "http://piece-jointe-carto.developpement-durable.gouv.fr/NAT003/PEB/PEB_LFPK_12_07_1984.pdf"}, "geometry": {"type": "Point", "coordinates": [3.008048, 48.83996]}}, {"type": "Feature", "properties": {"nom": "Base Aérienne 120 de Cazaux", "categorie": "national", "nature": "aerodrome", "usage": "Militaire", "code_icao": "LFBC", "code_iata": null, "surface_ha": 328.7, "peb": true, "peb_arrete": "http://piece-jointe-carto.developpement-durable.gouv.fr/NAT003/PEB/PEB_LFBC_03_09_1992.pdf"}, "geometry": {"type": "Point", "coordinates": [-1.128092, 44.537713]}}, {"type": "Feature", "properties": {"nom": "Aéroport de Genève Cointrin", "categorie": "international", "nature": "aerodrome", "usage": "Civil", "code_icao": "LSGG", "code_iata": "GVA", "surface_ha": 312.8, "peb": true, "peb_arrete": "http://piece-jointe-carto.developpement-durable.gouv.fr/NAT003/PEB/PEB_LSGG_15_07_2008.pdf"}, "geometry": {"type": "Point", "coordinates": [6.107358, 46.236689]}}, {"type": "Feature", "properties": {"nom": "Aéroport de Nantes-Atlantique", "categorie": "international", "nature": "aerodrome", "usage": "Civil", "code_icao": "LFRS", "code_iata": "NTE", "surface_ha": 309.2, "peb": true, "peb_arrete": "http://piece-jointe-carto.developpement-durable.gouv.fr/NAT003/PEB/PEB_LFRS_17_09_2004.pdf"}, "geometry": {"type": "Point", "coordinates": [-1.611805, 47.149934]}}, {"type": "Feature", "properties": {"nom": "Aéroport de Nîmes-Grande Provence-Méditerranée", "categorie": "international", "nature": "aerodrome", "usage": "Civil", "code_icao": "LFTW", "code_iata": "FNI", "surface_ha": 306.9, "peb": true, "peb_arrete": "http://piece-jointe-carto.developpement-durable.gouv.fr/NAT003/PEB/PEB_LFTW_26_04_2018.pdf"}, "geometry": {"type": "Point", "coordinates": [4.417243, 43.758611]}}, {"type": "Feature", "properties": {"nom": "Aéroport de Tours-Val de Loire", "categorie": "international", "nature": "aerodrome", "usage": "Civil", "code_icao": "LFOT", "code_iata": "TUF", "surface_ha": 306.3, "peb": true, "peb_arrete": "http://piece-jointe-carto.developpement-durable.gouv.fr/NAT003/PEB/PEB_LFOT_11_12_2012.pdf"}, "geometry": {"type": "Point", "coordinates": [0.719701, 47.43437]}}, {"type": "Feature", "properties": {"nom": "Aéroport de Tarbes-Lourdes-Pyrénées", "categorie": "international", "nature": "aerodrome", "usage": "Civil", "code_icao": "LFBT", "code_iata": "LDE", "surface_ha": 300.0, "peb": true, "peb_arrete": "http://piece-jointe-carto.developpement-durable.gouv.fr/NAT003/PEB/PEB_LFBT_16_06_2015.pdf"}, "geometry": {"type": "Point", "coordinates": [0.004062, 43.179376]}}, {"type": "Feature", "properties": {"nom": "Aérodrome de Vélizy-Villacoublay", "categorie": "national", "nature": "aerodrome", "usage": "Militaire", "code_icao": "LFPV", "code_iata": null, "surface_ha": 299.5, "peb": true, "peb_arrete": "http://piece-jointe-carto.developpement-durable.gouv.fr/NAT003/PEB/PEB_LFPV_03_07_1985.pdf"}, "geometry": {"type": "Point", "coordinates": [2.202972, 48.770369]}}, {"type": "Feature", "properties": {"nom": "Aéroport de Clermont-Ferrand-Auvergne", "categorie": "international", "nature": "aerodrome", "usage": "Civil", "code_icao": "LFLC", "code_iata": "CFE", "surface_ha": 288.1, "peb": true, "peb_arrete": "http://piece-jointe-carto.developpement-durable.gouv.fr/NAT003/PEB/PEB_LFLC_22_07_2013.pdf"}, "geometry": {"type": "Point", "coordinates": [3.16593, 45.785839]}}, {"type": "Feature", "properties": {"nom": "Aéroport de Lorient-Bretagne Sud", "categorie": "international", "nature": "aerodrome", "usage": "Civil", "code_icao": "LFRH", "code_iata": "LRT", "surface_ha": 285.9, "peb": true, "peb_arrete": "http://piece-jointe-carto.developpement-durable.gouv.fr/NAT003/PEB/PEB_LFRH_17_05_2017.pdf"}, "geometry": {"type": "Point", "coordinates": [-3.433889, 47.763729]}}, {"type": "Feature", "properties": {"nom": "Aérodrome de Brienne-le-Château", "categorie": "national", "nature": "aerodrome", "usage": "Civil", "code_icao": "LFFN", "code_iata": null, "surface_ha": 279.0, "peb": false, "peb_arrete": null}, "geometry": {"type": "Point", "coordinates": [4.481039, 48.427283]}}, {"type": "Feature", "properties": {"nom": "Aérodrome de Toulouse Francazal", "categorie": "national", "nature": "aerodrome", "usage": "Civil", "code_icao": "LFBF", "code_iata": null, "surface_ha": 259.2, "peb": true, "peb_arrete": "http://piece-jointe-carto.developpement-durable.gouv.fr/NAT003/PEB/PEB_LFBF_18_06_2008.pdf"}, "geometry": {"type": "Point", "coordinates": [1.369412, 43.543895]}}, {"type": "Feature", "properties": {"nom": "Aéroport de Dinard-Pleurtuit-Saint-Malo", "categorie": "international", "nature": "aerodrome", "usage": "Civil", "code_icao": "LFRD", "code_iata": "DNR", "surface_ha": 253.7, "peb": true, "peb_arrete": "http://piece-jointe-carto.developpement-durable.gouv.fr/NAT003/PEB/PEB_LFRD_22_10_2010.pdf"}, "geometry": {"type": "Point", "coordinates": [-2.081522, 48.588667]}}, {"type": "Feature", "properties": {"nom": "Aéroport de Saint-Yan", "categorie": "national", "nature": "aerodrome", "usage": "Civil", "code_icao": "LFLN", "code_iata": null, "surface_ha": 246.3, "peb": true, "peb_arrete": "http://piece-jointe-carto.developpement-durable.gouv.fr/NAT003/PEB/PEB_LFLN_29_01_2014.pdf"}, "geometry": {"type": "Point", "coordinates": [4.015732, 46.412348]}}, {"type": "Feature", "properties": {"nom": "Aéroport de Rennes-Saint-Jacques", "categorie": "international", "nature": "aerodrome", "usage": "Civil", "code_icao": "LFRN", "code_iata": "RNS", "surface_ha": 230.4, "peb": true, "peb_arrete": "http://piece-jointe-carto.developpement-durable.gouv.fr/NAT003/PEB/PEB_LFRN_13_09_2010.pdf"}, "geometry": {"type": "Point", "coordinates": [-1.730139, 48.069253]}}, {"type": "Feature", "properties": {"nom": "Aéroport d'Épinal-Mirecourt", "categorie": "national", "nature": "aerodrome", "usage": "Civil", "code_icao": "LFSG", "code_iata": "EPL", "surface_ha": 229.6, "peb": true, "peb_arrete": "http://piece-jointe-carto.developpement-durable.gouv.fr/NAT003/PEB/PEB_LFSG_07_03_2016.pdf"}, "geometry": {"type": "Point", "coordinates": [6.068101, 48.324562]}}, {"type": "Feature", "properties": {"nom": "Aéroport de Metz-Nancy-Lorraine", "categorie": "international", "nature": "aerodrome", "usage": "Civil", "code_icao": "LFJL", "code_iata": "ETZ", "surface_ha": 227.9, "peb": true, "peb_arrete": "http://piece-jointe-carto.developpement-durable.gouv.fr/NAT003/PEB/PEB_LFJL_24_02_2006.pdf"}, "geometry": {"type": "Point", "coordinates": [6.245003, 48.97937]}}, {"type": "Feature", "properties": {"nom": "Aéroport de Beauvais-Tillé", "categorie": "international", "nature": "aerodrome", "usage": "Civil", "code_icao": "LFOB", "code_iata": "BVA", "surface_ha": 220.9, "peb": true, "peb_arrete": "http://piece-jointe-carto.developpement-durable.gouv.fr/NAT003/PEB/PEB_LFOB_26_06_2012.pdf"}, "geometry": {"type": "Point", "coordinates": [2.109024, 49.455492]}}, {"type": "Feature", "properties": {"nom": "Aérodrome de Saint-Nazaire-Montoir", "categorie": "national", "nature": "aerodrome", "usage": "Civil", "code_icao": "LFRZ", "code_iata": "SNR", "surface_ha": 220.5, "peb": true, "peb_arrete": "http://piece-jointe-carto.developpement-durable.gouv.fr/NAT003/PEB/PEB_LFRZ_23_06_1975.pdf"}, "geometry": {"type": "Point", "coordinates": [-2.153269, 47.312234]}}, {"type": "Feature", "properties": {"nom": "Aéroport de Dole-Jura", "categorie": "international", "nature": "aerodrome", "usage": "Civil", "code_icao": "LFGJ", "code_iata": "DLE", "surface_ha": 218.8, "peb": true, "peb_arrete": "http://piece-jointe-carto.developpement-durable.gouv.fr/NAT003/PEB/PEB_LFGJ_19_08_2016.pdf"}, "geometry": {"type": "Point", "coordinates": [5.426638, 47.041346]}}, {"type": "Feature", "properties": {"nom": "Aéroport de Brest-Bretagne", "categorie": "international", "nature": "aerodrome", "usage": "Civil", "code_icao": "LFRB", "code_iata": "BES", "surface_ha": 217.2, "peb": true, "peb_arrete": "http://piece-jointe-carto.developpement-durable.gouv.fr/NAT003/PEB/PEB_LFRB_05_01_2006.pdf"}, "geometry": {"type": "Point", "coordinates": [-4.416257, 48.448099]}}, {"type": "Feature", "properties": {"nom": "Aéroport de Cherbourg-Manche", "categorie": "international", "nature": "aerodrome", "usage": "Civil", "code_icao": "LFRC", "code_iata": "CER", "surface_ha": 215.1, "peb": true, "peb_arrete": "http://piece-jointe-carto.developpement-durable.gouv.fr/NAT003/PEB/PEB_LFRC_11_04_2007.pdf"}, "geometry": {"type": "Point", "coordinates": [-1.467515, 49.649207]}}, {"type": "Feature", "properties": {"nom": "Aérodrome de Châteaudun", "categorie": "national", "nature": "aerodrome", "usage": "Civil", "code_icao": "LFOC", "code_iata": null, "surface_ha": 198.1, "peb": true, "peb_arrete": "http://piece-jointe-carto.developpement-durable.gouv.fr/NAT003/PEB/PEB_LFOC_23_08_1982.pdf"}, "geometry": {"type": "Point", "coordinates": [1.376019, 48.059137]}}, {"type": "Feature", "properties": {"nom": "Aéroport de Rouen-Vallée de Seine", "categorie": "international", "nature": "aerodrome", "usage": "Civil", "code_icao": "LFOP", "code_iata": "URO", "surface_ha": 194.4, "peb": true, "peb_arrete": "http://piece-jointe-carto.developpement-durable.gouv.fr/NAT003/PEB/PEB_LFOP_17_12_1991.pdf"}, "geometry": {"type": "Point", "coordinates": [1.183335, 49.384993]}}, {"type": "Feature", "properties": {"nom": "Aéroport d'Ajaccio-Napoléon Bonaparte", "categorie": "international", "nature": "aerodrome", "usage": "Civil", "code_icao": "LFKJ", "code_iata": "AJA", "surface_ha": 190.3, "peb": true, "peb_arrete": "http://piece-jointe-carto.developpement-durable.gouv.fr/NAT003/PEB/PEB_LFKJ_23_04_2010.pdf"}, "geometry": {"type": "Point", "coordinates": [8.797973, 41.921535]}}, {"type": "Feature", "properties": {"nom": "Aéroport de Grenoble-Isère", "categorie": "international", "nature": "aerodrome", "usage": "Civil", "code_icao": "LFLS", "code_iata": "GNB", "surface_ha": 189.5, "peb": true, "peb_arrete": "http://piece-jointe-carto.developpement-durable.gouv.fr/NAT003/PEB/PEB_LFLS_23_10_2006.pdf"}, "geometry": {"type": "Point", "coordinates": [5.330085, 45.362876]}}, {"type": "Feature", "properties": {"nom": "Aéroport de Caen-Carpiquet", "categorie": "international", "nature": "aerodrome", "usage": "Civil", "code_icao": "LFRK", "code_iata": "CFR", "surface_ha": 187.9, "peb": true, "peb_arrete": "http://piece-jointe-carto.developpement-durable.gouv.fr/NAT003/PEB/PEB_LFRK_17_03_2008.pdf"}, "geometry": {"type": "Point", "coordinates": [-0.449581, 49.17641]}}, {"type": "Feature", "properties": {"nom": "Aéroport de Bastia-Poretta", "categorie": "international", "nature": "aerodrome", "usage": "Civil", "code_icao": "LFKB", "code_iata": "BIA", "surface_ha": 187.1, "peb": true, "peb_arrete": "http://piece-jointe-carto.developpement-durable.gouv.fr/NAT003/PEB/PEB_LFKB_18_12_2014.pdf"}, "geometry": {"type": "Point", "coordinates": [9.482264, 42.554243]}}, {"type": "Feature", "properties": {"nom": "Aérodrome de Pontoise-Cormeilles-en-Vexin", "categorie": "national", "nature": "aerodrome", "usage": "Civil", "code_icao": "LFPT", "code_iata": "POX", "surface_ha": 186.4, "peb": true, "peb_arrete": "http://piece-jointe-carto.developpement-durable.gouv.fr/NAT003/PEB/PEB_LFPT_30_07_1980.pdf"}, "geometry": {"type": "Point", "coordinates": [2.038589, 49.093582]}}, {"type": "Feature", "properties": {"nom": "Aéroport de Deauville-Normandie", "categorie": "international", "nature": "aerodrome", "usage": "Civil", "code_icao": "LFRG", "code_iata": "DOL", "surface_ha": 185.1, "peb": true, "peb_arrete": "http://piece-jointe-carto.developpement-durable.gouv.fr/NAT003/PEB/PEB_LFRG_29_09_2008.pdf"}, "geometry": {"type": "Point", "coordinates": [0.158313, 49.36529]}}, {"type": "Feature", "properties": {"nom": "Aérodrome de Salon-Eyguières", "categorie": "national", "nature": "aerodrome", "usage": "Civil", "code_icao": "LFNE", "code_iata": null, "surface_ha": 176.5, "peb": false, "peb_arrete": null}, "geometry": {"type": "Point", "coordinates": [5.010485, 43.657438]}}, {"type": "Feature", "properties": {"nom": "Aéroport d'Albert-Picardie", "categorie": "international", "nature": "aerodrome", "usage": "Civil", "code_icao": "LFAQ", "code_iata": "BYF", "surface_ha": 176.0, "peb": true, "peb_arrete": "http://piece-jointe-carto.developpement-durable.gouv.fr/NAT003/PEB/PEB_LFAQ_05_10_2005.pdf"}, "geometry": {"type": "Point", "coordinates": [2.692441, 49.970442]}}, {"type": "Feature", "properties": {"nom": "Aéroport de Pau-Pyrénées", "categorie": "international", "nature": "aerodrome", "usage": "Civil", "code_icao": "LFBP", "code_iata": "PUF", "surface_ha": 173.3, "peb": true, "peb_arrete": "http://piece-jointe-carto.developpement-durable.gouv.fr/NAT003/PEB/PEB_LFBP_13_12_2010.pdf"}, "geometry": {"type": "Point", "coordinates": [-0.416986, 43.380627]}}, {"type": "Feature", "properties": {"nom": "Aéroport d'Angers-Loire", "categorie": "international", "nature": "aerodrome", "usage": "Civil", "code_icao": "LFJR", "code_iata": "ANE", "surface_ha": 171.6, "peb": true, "peb_arrete": "http://piece-jointe-carto.developpement-durable.gouv.fr/NAT003/PEB/PEB_LFJR_06_02_2006.pdf"}, "geometry": {"type": "Point", "coordinates": [-0.313679, 47.560536]}}, {"type": "Feature", "properties": {"nom": "Aérodrome du Luc-le Cannet-des-Maures", "categorie": "national", "nature": "aerodrome", "usage": "Militaire", "code_icao": "LFMC", "code_iata": null, "surface_ha": 171.3, "peb": true, "peb_arrete": "http://piece-jointe-carto.developpement-durable.gouv.fr/NAT003/PEB/PEB_LFMC_05_08_2016.pdf"}, "geometry": {"type": "Point", "coordinates": [6.384118, 43.3829]}}, {"type": "Feature", "properties": {"nom": "Aéroport de Perpignan-Rivesaltes", "categorie": "international", "nature": "aerodrome", "usage": "Civil", "code_icao": "LFMP", "code_iata": "PGF", "surface_ha": 170.5, "peb": true, "peb_arrete": "http://piece-jointe-carto.developpement-durable.gouv.fr/NAT003/PEB/PEB_LFMP_21_04_2021.pdf"}, "geometry": {"type": "Point", "coordinates": [2.87114, 42.742794]}}, {"type": "Feature", "properties": {"nom": "Aérodrome de Paris-Saclay-Versailles", "categorie": "national", "nature": "aerodrome", "usage": "Civil", "code_icao": "LFPN", "code_iata": "TNF", "surface_ha": 168.9, "peb": true, "peb_arrete": "http://piece-jointe-carto.developpement-durable.gouv.fr/NAT003/PEB/PEB_LFPN_03_07_1985.pdf"}, "geometry": {"type": "Point", "coordinates": [2.108441, 48.752134]}}, {"type": "Feature", "properties": {"nom": "Aérodrome de Merville-Calonne", "categorie": "national", "nature": "aerodrome", "usage": "Civil", "code_icao": "LFQT", "code_iata": null, "surface_ha": 158.1, "peb": true, "peb_arrete": "http://piece-jointe-carto.developpement-durable.gouv.fr/NAT003/PEB/PEB_LFQT_27_08_1984.pdf"}, "geometry": {"type": "Point", "coordinates": [2.645599, 50.62029]}}, {"type": "Feature", "properties": {"nom": "Aéroport de Poitiers-Biard", "categorie": "international", "nature": "aerodrome", "usage": "Civil", "code_icao": "LFBI", "code_iata": "PIS", "surface_ha": 156.2, "peb": true, "peb_arrete": "http://piece-jointe-carto.developpement-durable.gouv.fr/NAT003/PEB/PEB_LFBI_02_07_2007.pdf"}, "geometry": {"type": "Point", "coordinates": [0.308689, 46.588585]}}, {"type": "Feature", "properties": {"nom": "Aérodrome d'Étampes-Mondésir", "categorie": "national", "nature": "aerodrome", "usage": "Civil", "code_icao": "LFOX", "code_iata": null, "surface_ha": 148.7, "peb": false, "peb_arrete": null}, "geometry": {"type": "Point", "coordinates": [2.07587, 48.379219]}}, {"type": "Feature", "properties": {"nom": "Aérodrome de Vannes-Meucon", "categorie": "national", "nature": "aerodrome", "usage": "Civil", "code_icao": "LFRV", "code_iata": "VNE", "surface_ha": 147.3, "peb": true, "peb_arrete": "http://piece-jointe-carto.developpement-durable.gouv.fr/NAT003/PEB/PEB_LFRV_24_09_2014.pdf"}, "geometry": {"type": "Point", "coordinates": [-2.724294, 47.723643]}}, {"type": "Feature", "properties": {"nom": "Aéroport d'Avignon-Provence", "categorie": "international", "nature": "aerodrome", "usage": "Civil", "code_icao": "LFMV", "code_iata": "AVN", "surface_ha": 141.9, "peb": true, "peb_arrete": "http://piece-jointe-carto.developpement-durable.gouv.fr/NAT003/PEB/PEB_LFMV_15_04_1982.pdf"}, "geometry": {"type": "Point", "coordinates": [4.901806, 43.907083]}}, {"type": "Feature", "properties": {"nom": "Aéroport de Figari-Sud-Corse", "categorie": "international", "nature": "aerodrome", "usage": "Civil", "code_icao": "LFKF", "code_iata": "FSC", "surface_ha": 141.6, "peb": true, "peb_arrete": "http://piece-jointe-carto.developpement-durable.gouv.fr/NAT003/PEB/PEB_LFKF_01_07_1985.pdf"}, "geometry": {"type": "Point", "coordinates": [9.098551, 41.503409]}}, {"type": "Feature", "properties": {"nom": "Aéroport de Limoges-Bellegarde", "categorie": "international", "nature": "aerodrome", "usage": "Civil", "code_icao": "LFBL", "code_iata": "LIG", "surface_ha": 140.7, "peb": true, "peb_arrete": "http://piece-jointe-carto.developpement-durable.gouv.fr/NAT003/PEB/PEB_LFBL_20_09_2007.pdf"}, "geometry": {"type": "Point", "coordinates": [1.180768, 45.862915]}}, {"type": "Feature", "properties": {"nom": "Aéroport de Lyon-Bron", "categorie": "international", "nature": "aerodrome", "usage": "Civil", "code_icao": "LFLY", "code_iata": "LYN", "surface_ha": 138.3, "peb": true, "peb_arrete": "http://piece-jointe-carto.developpement-durable.gouv.fr/NAT003/PEB/PEB_LFLY_15_12_2016.pdf"}, "geometry": {"type": "Point", "coordinates": [4.942268, 45.728327]}}, {"type": "Feature", "properties": {"nom": "Aéroport de Morlaix-Ploujean", "categorie": "international", "nature": "aerodrome", "usage": "Civil", "code_icao": "LFRU", "code_iata": "MXN", "surface_ha": 138.3, "peb": true, "peb_arrete": "http://piece-jointe-carto.developpement-durable.gouv.fr/NAT003/PEB/PEB_LFRU_05_08_2016.pdf"}, "geometry": {"type": "Point", "coordinates": [-3.815265, 48.603522]}}, {"type": "Feature", "properties": {"nom": "Aéroport du Havre-Octeville", "categorie": "international", "nature": "aerodrome", "usage": "Civil", "code_icao": "LFOH", "code_iata": "LEH", "surface_ha": 137.3, "peb": true, "peb_arrete": "http://piece-jointe-carto.developpement-durable.gouv.fr/NAT003/PEB/PEB_LFOH_17_01_2017.pdf"}, "geometry": {"type": "Point", "coordinates": [0.090983, 49.534525]}}, {"type": "Feature", "properties": {"nom": "Piste de Vergière", "categorie": "local", "nature": "aerodrome", "usage": "Militaire", "code_icao": null, "code_iata": null, "surface_ha": 137.3, "peb": false, "peb_arrete": null}, "geometry": {"type": "Point", "coordinates": [4.82606, 43.541887]}}, {"type": "Feature", "properties": {"nom": "Aérodrome des Mureaux", "categorie": "national", "nature": "aerodrome", "usage": "Civil", "code_icao": "LFXU", "code_iata": null, "surface_ha": 134.9, "peb": true, "peb_arrete": "http://piece-jointe-carto.developpement-durable.gouv.fr/NAT003/PEB/PEB_LFXU_18_10_2018.pdf"}, "geometry": {"type": "Point", "coordinates": [1.935184, 49.000258]}}, {"type": "Feature", "properties": {"nom": "Aéroport de Quimper-Cornouaille", "categorie": "international", "nature": "aerodrome", "usage": "Civil", "code_icao": "LFRQ", "code_iata": "UIP", "surface_ha": 132.6, "peb": true, "peb_arrete": "http://piece-jointe-carto.developpement-durable.gouv.fr/NAT003/PEB/PEB_LFRQ_30_06_2006.pdf"}, "geometry": {"type": "Point", "coordinates": [-4.170404, 47.9713]}}, {"type": "Feature", "properties": {"nom": "Aérodrome de Romorantin-Pruniers", "categorie": "national", "nature": "aerodrome", "usage": "Militaire", "code_icao": "LFYR", "code_iata": null, "surface_ha": 132.0, "peb": false, "peb_arrete": null}, "geometry": {"type": "Point", "coordinates": [1.689267, 47.317726]}}, {"type": "Feature", "properties": {"nom": "Aéroport de Biarritz Pays Basque", "categorie": "international", "nature": "aerodrome", "usage": "Civil", "code_icao": "LFBZ", "code_iata": "BIQ", "surface_ha": 127.6, "peb": true, "peb_arrete": "http://piece-jointe-carto.developpement-durable.gouv.fr/NAT003/PEB/PEB_LFBZ_02_06_2009.pdf"}, "geometry": {"type": "Point", "coordinates": [-1.522956, 43.469179]}}, {"type": "Feature", "properties": {"nom": "Aérodrome de Blois-le Breuil", "categorie": "international", "nature": "aerodrome", "usage": "Civil", "code_icao": "LFOQ", "code_iata": null, "surface_ha": 127.5, "peb": false, "peb_arrete": null}, "geometry": {"type": "Point", "coordinates": [1.206989, 47.676566]}}, {"type": "Feature", "properties": {"nom": "Aéroport de Brive-Vallée de la Dordogne", "categorie": "international", "nature": "aerodrome", "usage": "Civil", "code_icao": "LFSL", "code_iata": "BVE", "surface_ha": 126.9, "peb": true, "peb_arrete": "http://piece-jointe-carto.developpement-durable.gouv.fr/NAT003/PEB/PEB_LFSL_21_03_2005.pdf"}, "geometry": {"type": "Point", "coordinates": [1.486607, 45.039959]}}, {"type": "Feature", "properties": {"nom": "Aéroport de Saint-Brieuc-Armor", "categorie": "international", "nature": "aerodrome", "usage": "Civil", "code_icao": "LFRT", "code_iata": "SBK", "surface_ha": 122.8, "peb": true, "peb_arrete": "http://piece-jointe-carto.developpement-durable.gouv.fr/NAT003/PEB/PEB_LFRT_11_02_2008.pdf"}, "geometry": {"type": "Point", "coordinates": [-2.850045, 48.539083]}}, {"type": "Feature", "properties": {"nom": "Aérodrome d'Avignon-Pujaut", "categorie": "national", "nature": "aerodrome", "usage": "Civil", "code_icao": "LFNT", "code_iata": null, "surface_ha": 121.9, "peb": false, "peb_arrete": null}, "geometry": {"type": "Point", "coordinates": [4.754767, 43.996005]}}, {"type": "Feature", "properties": {"nom": "Aéroport de Calais-Dunkerque", "categorie": "international", "nature": "aerodrome", "usage": "Civil", "code_icao": "LFAC", "code_iata": "CQF", "surface_ha": 120.9, "peb": false, "peb_arrete": null}, "geometry": {"type": "Point", "coordinates": [1.952838, 50.961378]}}, {"type": "Feature", "properties": {"nom": "Aérodrome du Mans-Arnage", "categorie": "national", "nature": "aerodrome", "usage": "Civil", "code_icao": "LFRM", "code_iata": "LME", "surface_ha": 120.0, "peb": true, "peb_arrete": "http://piece-jointe-carto.developpement-durable.gouv.fr/NAT003/PEB/PEB_LFRM_12_12_2005.pdf"}, "geometry": {"type": "Point", "coordinates": [0.199064, 47.947009]}}, {"type": "Feature", "properties": {"nom": "Aérodrome de Vichy-Charmeil", "categorie": "international", "nature": "aerodrome", "usage": "Civil", "code_icao": "LFLV", "code_iata": "VHY", "surface_ha": 119.9, "peb": true, "peb_arrete": "http://piece-jointe-carto.developpement-durable.gouv.fr/NAT003/PEB/PEB_LFLV_17_08_2006.pdf"}, "geometry": {"type": "Point", "coordinates": [3.40355, 46.17233]}}, {"type": "Feature", "properties": {"nom": "Aéroport de Troyes-Barberey", "categorie": "national", "nature": "aerodrome", "usage": "Civil", "code_icao": "LFQB", "code_iata": "QYR", "surface_ha": 119.0, "peb": true, "peb_arrete": "http://piece-jointe-carto.developpement-durable.gouv.fr/NAT003/PEB/PEB_LFQB_24_02_2015.pdf"}, "geometry": {"type": "Point", "coordinates": [4.014748, 48.322694]}}, {"type": "Feature", "properties": {"nom": "Aérodrome de Nîmes-Courbessac", "categorie": "national", "nature": "aerodrome", "usage": "Civil", "code_icao": "LFME", "code_iata": null, "surface_ha": 117.8, "peb": true, "peb_arrete": "http://piece-jointe-carto.developpement-durable.gouv.fr/NAT003/PEB/PEB_LFME_27_06_1985.pdf"}, "geometry": {"type": "Point", "coordinates": [4.414882, 43.853909]}}, {"type": "Feature", "properties": {"nom": "Aéroport de la Rochelle-Île de Ré", "categorie": "international", "nature": "aerodrome", "usage": "Civil", "code_icao": "LFBH", "code_iata": "LRH", "surface_ha": 117.0, "peb": true, "peb_arrete": "http://piece-jointe-carto.developpement-durable.gouv.fr/NAT003/PEB/PEB_LFBH_22_11_2010.pdf"}, "geometry": {"type": "Point", "coordinates": [-1.19144, 46.176626]}}, {"type": "Feature", "properties": {"nom": "Aéroport de Chambéry-Savoie", "categorie": "international", "nature": "aerodrome", "usage": "Civil", "code_icao": "LFLB", "code_iata": "CMF", "surface_ha": 117.0, "peb": true, "peb_arrete": "http://piece-jointe-carto.developpement-durable.gouv.fr/NAT003/PEB/PEB_LFLB_20_07_2009.pdf"}, "geometry": {"type": "Point", "coordinates": [5.881856, 45.636876]}}, {"type": "Feature", "properties": {"nom": "Aérodrome de Montluçon-Guéret", "categorie": "national", "nature": "aerodrome", "usage": "Civil", "code_icao": "LFBK", "code_iata": "MCU", "surface_ha": 116.0, "peb": true, "peb_arrete": "http://piece-jointe-carto.developpement-durable.gouv.fr/NAT003/PEB/PEB_LFBK_03_02_1987.pdf"}, "geometry": {"type": "Point", "coordinates": [2.361403, 46.223938]}}, {"type": "Feature", "properties": {"nom": "Aérodrome de la Roche-sur-Yon-les Ajoncs", "categorie": "national", "nature": "aerodrome", "usage": "Civil", "code_icao": "LFRI", "code_iata": "EDM", "surface_ha": 112.2, "peb": true, "peb_arrete": "http://piece-jointe-carto.developpement-durable.gouv.fr/NAT003/PEB/PEB_LFRI_01_12_2005.pdf"}, "geometry": {"type": "Point", "coordinates": [-1.380184, 46.701923]}}, {"type": "Feature", "properties": {"nom": "Aéroport de Béziers-Cap d'Agde en Languedoc", "categorie": "international", "nature": "aerodrome", "usage": "Civil", "code_icao": "LFMU", "code_iata": "BZR", "surface_ha": 110.6, "peb": true, "peb_arrete": "http://piece-jointe-carto.developpement-durable.gouv.fr/NAT003/PEB/PEB_LFMU_19_06_2017.pdf"}, "geometry": {"type": "Point", "coordinates": [3.355529, 43.322666]}}, {"type": "Feature", "properties": {"nom": "Aéroport de Chalon-Champforgeuil", "categorie": "national", "nature": "aerodrome", "usage": "Civil", "code_icao": "LFLH", "code_iata": "XCD", "surface_ha": 110.5, "peb": true, "peb_arrete": "http://piece-jointe-carto.developpement-durable.gouv.fr/NAT003/PEB/PEB_LFLH_17_07_2015.pdf"}, "geometry": {"type": "Point", "coordinates": [4.82128, 46.827195]}}, {"type": "Feature", "properties": {"nom": "Aérodrome de Nancy-Essey", "categorie": "international", "nature": "aerodrome", "usage": "Civil", "code_icao": "LFSN", "code_iata": "ENC", "surface_ha": 109.1, "peb": true, "peb_arrete": "http://piece-jointe-carto.developpement-durable.gouv.fr/NAT003/PEB/PEB_LFSN_20_06_2022.pdf"}, "geometry": {"type": "Point", "coordinates": [6.230504, 48.692726]}}, {"type": "Feature", "properties": {"nom": "Aéroport de Rochefort Charente-Maritime", "categorie": "local", "nature": "aerodrome", "usage": "Civil", "code_icao": "LFDN", "code_iata": "RCO", "surface_ha": 108.6, "peb": true, "peb_arrete": "http://piece-jointe-carto.developpement-durable.gouv.fr/NAT003/PEB/PEB_LFDN_20_03_2008.pdf"}, "geometry": {"type": "Point", "coordinates": [-0.982733, 45.889285]}}, {"type": "Feature", "properties": {"nom": "Aéroport de Bergerac-Dordogne-Périgord", "categorie": "international", "nature": "aerodrome", "usage": "Civil", "code_icao": "LFBE", "code_iata": "EGC", "surface_ha": 108.0, "peb": true, "peb_arrete": "http://piece-jointe-carto.developpement-durable.gouv.fr/NAT003/PEB/PEB_LFBE_09_09_2008.pdf"}, "geometry": {"type": "Point", "coordinates": [0.51983, 44.823922]}}, {"type": "Feature", "properties": {"nom": "Aérodrome de Vinon", "categorie": "national", "nature": "aerodrome", "usage": "Civil", "code_icao": "LFNF", "code_iata": null, "surface_ha": 107.7, "peb": true, "peb_arrete": "http://piece-jointe-carto.developpement-durable.gouv.fr/NAT003/PEB/PEB_LFNF_29_10_2019.pdf"}, "geometry": {"type": "Point", "coordinates": [5.784736, 43.738974]}}, {"type": "Feature", "properties": {"nom": "Aérodrome de Meaux-Esbly", "categorie": "national", "nature": "aerodrome", "usage": "Civil", "code_icao": "LFPE", "code_iata": null, "surface_ha": 103.2, "peb": true, "peb_arrete": "http://piece-jointe-carto.developpement-durable.gouv.fr/NAT003/PEB/PEB_LFPE_15_03_2018.pdf"}, "geometry": {"type": "Point", "coordinates": [2.835096, 48.9253]}}, {"type": "Feature", "properties": {"nom": "Aéroport de Valence-Chabeuil", "categorie": "national", "nature": "aerodrome", "usage": "Civil", "code_icao": "LFLU", "code_iata": "VAF", "surface_ha": 101.8, "peb": true, "peb_arrete": "http://piece-jointe-carto.developpement-durable.gouv.fr/NAT003/PEB/PEB_LFLU_26_02_2007.pdf"}, "geometry": {"type": "Point", "coordinates": [4.969902, 44.922178]}}, {"type": "Feature", "properties": {"nom": "Aéroport du Valenciennois-Charles Nungesser", "categorie": "international", "nature": "aerodrome", "usage": "Civil", "code_icao": "LFAV", "code_iata": "XVS", "surface_ha": 101.8, "peb": true, "peb_arrete": "http://piece-jointe-carto.developpement-durable.gouv.fr/NAT003/PEB/PEB_LFAV_26_12_2016.pdf"}, "geometry": {"type": "Point", "coordinates": [3.455574, 50.327249]}}, {"type": "Feature", "properties": {"nom": "Aérodrome de Montargis-Vimory", "categorie": "national", "nature": "aerodrome", "usage": "Civil", "code_icao": "LFEM", "code_iata": null, "surface_ha": 101.5, "peb": false, "peb_arrete": null}, "geometry": {"type": "Point", "coordinates": [2.682808, 47.961436]}}, {"type": "Feature", "properties": {"nom": "Aérodrome de Cambrai-Niergnies", "categorie": "national", "nature": "aerodrome", "usage": "Civil", "code_icao": "LFYG", "code_iata": null, "surface_ha": 100.6, "peb": false, "peb_arrete": null}, "geometry": {"type": "Point", "coordinates": [3.259948, 50.140556]}}, {"type": "Feature", "properties": {"nom": "Aéroport Saint-Étienne-Loire", "categorie": "international", "nature": "aerodrome", "usage": "Civil", "code_icao": "LFMH", "code_iata": "EBU", "surface_ha": 100.5, "peb": true, "peb_arrete": "http://piece-jointe-carto.developpement-durable.gouv.fr/NAT003/PEB/PEB_LFMH_24_02_2006.pdf"}, "geometry": {"type": "Point", "coordinates": [4.296077, 45.540468]}}, {"type": "Feature", "properties": {"nom": "Aéroport de Castres-Mazamet", "categorie": "international", "nature": "aerodrome", "usage": "Civil", "code_icao": "LFCK", "code_iata": "DCM", "surface_ha": 98.5, "peb": true, "peb_arrete": "http://piece-jointe-carto.developpement-durable.gouv.fr/NAT003/PEB/PEB_LFCK_04_08_2016.pdf"}, "geometry": {"type": "Point", "coordinates": [2.289275, 43.556115]}}, {"type": "Feature", "properties": {"nom": "Aérodrome de Mulhouse-Habsheim", "categorie": "national", "nature": "aerodrome", "usage": "Civil", "code_icao": "LFGB", "code_iata": null, "surface_ha": 98.4, "peb": true, "peb_arrete": "http://piece-jointe-carto.developpement-durable.gouv.fr/NAT003/PEB/PEB_LFGB_30_12_1982.pdf"}, "geometry": {"type": "Point", "coordinates": [7.428971, 47.742879]}}, {"type": "Feature", "properties": {"nom": "Aérodrome de Biscarrosse-Parentis", "categorie": "national", "nature": "aerodrome", "usage": "Civil", "code_icao": "LFBS", "code_iata": null, "surface_ha": 98.4, "peb": true, "peb_arrete": "http://piece-jointe-carto.developpement-durable.gouv.fr/NAT003/PEB/PEB_LFBS_01_04_1999.pdf"}, "geometry": {"type": "Point", "coordinates": [-1.13192, 44.367112]}}, {"type": "Feature", "properties": {"nom": "Aéroport de Carcassonne Sud de France", "categorie": "international", "nature": "aerodrome", "usage": "Civil", "code_icao": "LFMK", "code_iata": "CCF", "surface_ha": 95.8, "peb": true, "peb_arrete": "http://piece-jointe-carto.developpement-durable.gouv.fr/NAT003/PEB/PEB_LFMK_16_11_2007.pdf"}, "geometry": {"type": "Point", "coordinates": [2.30698, 43.215594]}}, {"type": "Feature", "properties": {"nom": "Aérodrome de Lyon-Corbas", "categorie": "national", "nature": "aerodrome", "usage": "Civil", "code_icao": "LFHJ", "code_iata": null, "surface_ha": 95.7, "peb": true, "peb_arrete": "http://piece-jointe-carto.developpement-durable.gouv.fr/NAT003/PEB/PEB_LFHJ_06_11_2014.pdf"}, "geometry": {"type": "Point", "coordinates": [4.915048, 45.652727]}}, {"type": "Feature", "properties": {"nom": "Aéroport de Cannes-Mandelieu", "categorie": "international", "nature": "aerodrome", "usage": "Civil", "code_icao": "LFMD", "code_iata": "CEQ", "surface_ha": 95.6, "peb": true, "peb_arrete": "http://piece-jointe-carto.developpement-durable.gouv.fr/NAT003/PEB/PEB_LFMD_08_02_2005.pdf"}, "geometry": {"type": "Point", "coordinates": [6.955704, 43.548044]}}, {"type": "Feature", "properties": {"nom": "Aérodrome de Berre-la Fare", "categorie": "national", "nature": "aerodrome", "usage": "Civil", "code_icao": "LFNR", "code_iata": null, "surface_ha": 94.9, "peb": false, "peb_arrete": null}, "geometry": {"type": "Point", "coordinates": [5.181224, 43.534964]}}, {"type": "Feature", "properties": {"nom": "Aérodrome de Montbéliard-Courcelles", "categorie": "national", "nature": "aerodrome", "usage": "Civil", "code_icao": "LFSM", "code_iata": "XMF", "surface_ha": 93.9, "peb": false, "peb_arrete": null}, "geometry": {"type": "Point", "coordinates": [6.792725, 47.488568]}}, {"type": "Feature", "properties": {"nom": "Aéroport de Rodez-Aveyron", "categorie": "international", "nature": "aerodrome", "usage": "Civil", "code_icao": "LFCR", "code_iata": "RDZ", "surface_ha": 93.8, "peb": true, "peb_arrete": "http://piece-jointe-carto.developpement-durable.gouv.fr/NAT003/PEB/PEB_LFCR_14_06_2007.pdf"}, "geometry": {"type": "Point", "coordinates": [2.482253, 44.407727]}}, {"type": "Feature", "properties": {"nom": "Aérodrome de Niort-Souché", "categorie": "national", "nature": "aerodrome", "usage": "Civil", "code_icao": "LFBN", "code_iata": "NIT", "surface_ha": 93.8, "peb": true, "peb_arrete": "http://piece-jointe-carto.developpement-durable.gouv.fr/NAT003/PEB/PEB_LFBN_11_04_2005.pdf"}, "geometry": {"type": "Point", "coordinates": [-0.401271, 46.312137]}}, {"type": "Feature", "properties": {"nom": "Aéroport de Lannion-Côte de Granit", "categorie": "national", "nature": "aerodrome", "usage": "Civil", "code_icao": "LFRO", "code_iata": "LAI", "surface_ha": 93.7, "peb": true, "peb_arrete": "http://piece-jointe-carto.developpement-durable.gouv.fr/NAT003/PEB/PEB_LFRO_10_01_2007.pdf"}, "geometry": {"type": "Point", "coordinates": [-3.473546, 48.754514]}}, {"type": "Feature", "properties": {"nom": "Aéroport de Roanne-Renaison", "categorie": "national", "nature": "aerodrome", "usage": "Civil", "code_icao": "LFLO", "code_iata": "RNE", "surface_ha": 92.1, "peb": true, "peb_arrete": "http://piece-jointe-carto.developpement-durable.gouv.fr/NAT003/PEB/PEB_LFLO_11_06_2007.pdf"}, "geometry": {"type": "Point", "coordinates": [4.002339, 46.054438]}}, {"type": "Feature", "properties": {"nom": "Aéroport Angoulême-Cognac", "categorie": "international", "nature": "aerodrome", "usage": "Civil", "code_icao": "LFBU", "code_iata": "ANG", "surface_ha": 91.0, "peb": true, "peb_arrete": "http://piece-jointe-carto.developpement-durable.gouv.fr/NAT003/PEB/PEB_LFBU_27_12_2006.pdf"}, "geometry": {"type": "Point", "coordinates": [0.219876, 45.729295]}}, {"type": "Feature", "properties": {"nom": "Aéroport d'Annecy-Haute-Savoie-Mont-Blanc", "categorie": "national", "nature": "aerodrome", "usage": "Civil", "code_icao": "LFLP", "code_iata": "NCY", "surface_ha": 90.5, "peb": true, "peb_arrete": "http://piece-jointe-carto.developpement-durable.gouv.fr/NAT003/PEB/PEB_LFLP_12_10_2009.pdf"}, "geometry": {"type": "Point", "coordinates": [6.10049, 45.929209]}}, {"type": "Feature", "properties": {"nom": "Aéroport d'Agen-la Garenne", "categorie": "international", "nature": "aerodrome", "usage": "Civil", "code_icao": "LFBA", "code_iata": "AGF", "surface_ha": 90.1, "peb": true, "peb_arrete": "http://piece-jointe-carto.developpement-durable.gouv.fr/NAT003/PEB/PEB_LFBA_09_11_2001.pdf"}, "geometry": {"type": "Point", "coordinates": [0.59268, 44.174392]}}, {"type": "Feature", "properties": {"nom": "Aéroport de Nevers-Fourchambault", "categorie": "national", "nature": "aerodrome", "usage": "Civil", "code_icao": "LFQG", "code_iata": "NVS", "surface_ha": 88.9, "peb": false, "peb_arrete": null}, "geometry": {"type": "Point", "coordinates": [3.11394, 47.002439]}}, {"type": "Feature", "properties": {"nom": "Aéroport de Laval-Entrammes", "categorie": "national", "nature": "aerodrome", "usage": "Civil", "code_icao": "LFOV", "code_iata": "LVA", "surface_ha": 87.5, "peb": true, "peb_arrete": "http://piece-jointe-carto.developpement-durable.gouv.fr/NAT003/PEB/PEB_LFOV_15_12_2005.pdf"}, "geometry": {"type": "Point", "coordinates": [-0.742556, 48.032516]}}, {"type": "Feature", "properties": {"nom": "Aérodrome de Lognes-Émerainville", "categorie": "international", "nature": "aerodrome", "usage": "Civil", "code_icao": "LFPL", "code_iata": null, "surface_ha": 86.9, "peb": true, "peb_arrete": "http://piece-jointe-carto.developpement-durable.gouv.fr/NAT003/PEB/PEB_LFPL_11_02_2019.pdf"}, "geometry": {"type": "Point", "coordinates": [2.625111, 48.82004]}}, {"type": "Feature", "properties": {"nom": "Aéroport de Bourges", "categorie": "international", "nature": "aerodrome", "usage": "Civil", "code_icao": "LFLD", "code_iata": "BOU", "surface_ha": 86.1, "peb": true, "peb_arrete": "http://piece-jointe-carto.developpement-durable.gouv.fr/NAT003/PEB/PEB_LFLD_07_09_2015.pdf"}, "geometry": {"type": "Point", "coordinates": [2.370886, 47.060444]}}, {"type": "Feature", "properties": {"nom": "Aérodrome de Pierrelatte", "categorie": "national", "nature": "aerodrome", "usage": "Civil", "code_icao": "LFHD", "code_iata": null, "surface_ha": 85.2, "peb": false, "peb_arrete": null}, "geometry": {"type": "Point", "coordinates": [4.715884, 44.396602]}}, {"type": "Feature", "properties": {"nom": "Aéroport du Castellet", "categorie": "national", "nature": "aerodrome", "usage": "Civil", "code_icao": "LFMQ", "code_iata": "CTT", "surface_ha": 85.1, "peb": true, "peb_arrete": "http://piece-jointe-carto.developpement-durable.gouv.fr/NAT003/PEB/PEB_LFMQ_08_08_2016.pdf"}, "geometry": {"type": "Point", "coordinates": [5.777249, 43.25361]}}, {"type": "Feature", "properties": {"nom": "Aérodrome de Maubeuge-Vieux-Reng-Élesmes", "categorie": "national", "nature": "aerodrome", "usage": "Civil", "code_icao": "LFQJ", "code_iata": null, "surface_ha": 84.0, "peb": true, "peb_arrete": "http://piece-jointe-carto.developpement-durable.gouv.fr/NAT003/PEB/PEB_LFQJ_30_03_1993.pdf"}, "geometry": {"type": "Point", "coordinates": [4.03299, 50.311336]}}, {"type": "Feature", "properties": {"nom": "Aérodrome d'Auxerre-Branches", "categorie": "national", "nature": "aerodrome", "usage": "Civil", "code_icao": "LFLA", "code_iata": "AUF", "surface_ha": 83.7, "peb": true, "peb_arrete": "http://piece-jointe-carto.developpement-durable.gouv.fr/NAT003/PEB/PEB_LFLA_05_04_2016.pdf"}, "geometry": {"type": "Point", "coordinates": [3.497213, 47.849108]}}, {"type": "Feature", "properties": {"nom": "Aérodrome d'Orange-Plan de Dieu", "categorie": "local", "nature": "aerodrome", "usage": "Militaire", "code_icao": null, "code_iata": null, "surface_ha": 82.9, "peb": false, "peb_arrete": null}, "geometry": {"type": "Point", "coordinates": [4.924212, 44.180913]}}, {"type": "Feature", "properties": {"nom": "Aérodrome de Nancy-Malzéville", "categorie": "national", "nature": "aerodrome", "usage": "Civil", "code_icao": "LFEZ", "code_iata": null, "surface_ha": 81.6, "peb": false, "peb_arrete": null}, "geometry": {"type": "Point", "coordinates": [6.208946, 48.724282]}}, {"type": "Feature", "properties": {"nom": "Aérodrome de Péronne-Saint-Quentin", "categorie": "national", "nature": "aerodrome", "usage": "Civil", "code_icao": "LFAG", "code_iata": null, "surface_ha": 80.2, "peb": true, "peb_arrete": "http://piece-jointe-carto.developpement-durable.gouv.fr/NAT003/PEB/PEB_LFAG_01_12_1982.pdf"}, "geometry": {"type": "Point", "coordinates": [3.028154, 49.870224]}}, {"type": "Feature", "properties": {"nom": "Aérodrome de Bordeaux-Léognan-Saucats", "categorie": "national", "nature": "aerodrome", "usage": "Civil", "code_icao": "LFCS", "code_iata": null, "surface_ha": 79.2, "peb": true, "peb_arrete": "http://piece-jointe-carto.developpement-durable.gouv.fr/NAT003/PEB/PEB_LFCS_08_02_2007.pdf"}, "geometry": {"type": "Point", "coordinates": [-0.597308, 44.699249]}}, {"type": "Feature", "properties": {"nom": "Aérodrome de Saumur-Saint-Hilaire-Saint-Florent", "categorie": "national", "nature": "aerodrome", "usage": "Civil", "code_icao": "LFOD", "code_iata": null, "surface_ha": 78.5, "peb": false, "peb_arrete": null}, "geometry": {"type": "Point", "coordinates": [-0.113708, 47.258105]}}, {"type": "Feature", "properties": {"nom": "Aéroport Marie Marvingt", "categorie": "national", "nature": "aerodrome", "usage": "Civil", "code_icao": "LFLW", "code_iata": "AUR", "surface_ha": 78.2, "peb": true, "peb_arrete": "http://piece-jointe-carto.developpement-durable.gouv.fr/NAT003/PEB/PEB_LFLW_21_03_2006.pdf"}, "geometry": {"type": "Point", "coordinates": [2.422277, 44.89142]}}, {"type": "Feature", "properties": {"nom": "Aéroport de Colmar-Houssen", "categorie": "national", "nature": "aerodrome", "usage": "Civil", "code_icao": "LFGA", "code_iata": "CMR", "surface_ha": 77.8, "peb": true, "peb_arrete": "http://piece-jointe-carto.developpement-durable.gouv.fr/NAT003/PEB/PEB_LFGA_07_02_2000.pdf"}, "geometry": {"type": "Point", "coordinates": [7.35947, 48.108731]}}, {"type": "Feature", "properties": {"nom": "Aéroport de Calvi-Sainte-Catherine", "categorie": "international", "nature": "aerodrome", "usage": "Civil", "code_icao": "LFKC", "code_iata": "CLY", "surface_ha": 74.0, "peb": true, "peb_arrete": "http://piece-jointe-carto.developpement-durable.gouv.fr/NAT003/PEB/PEB_LFKC_18_02_1982.pdf"}, "geometry": {"type": "Point", "coordinates": [8.792244, 42.529971]}}, {"type": "Feature", "properties": {"nom": "Aérodrome de la Flèche-Thorée-les-Pins", "categorie": "national", "nature": "aerodrome", "usage": "Civil", "code_icao": "LFAL", "code_iata": null, "surface_ha": 73.9, "peb": false, "peb_arrete": null}, "geometry": {"type": "Point", "coordinates": [-0.004988, 47.692017]}}, {"type": "Feature", "properties": {"nom": "Aérodrome de Lapalisse-Périgny", "categorie": "national", "nature": "aerodrome", "usage": "Civil", "code_icao": "LFHX", "code_iata": null, "surface_ha": 73.7, "peb": false, "peb_arrete": null}, "geometry": {"type": "Point", "coordinates": [3.586848, 46.253047]}}, {"type": "Feature", "properties": {"nom": "Aérodrome de Périgueux-Bassillac", "categorie": "international", "nature": "aerodrome", "usage": "Civil", "code_icao": "LFBX", "code_iata": "PGX", "surface_ha": 73.5, "peb": true, "peb_arrete": "http://piece-jointe-carto.developpement-durable.gouv.fr/NAT003/PEB/PEB_LFBX_08_04_2009.pdf"}, "geometry": {"type": "Point", "coordinates": [0.814332, 45.197322]}}, {"type": "Feature", "properties": {"nom": "Aérodrome d'Aubenas-Ardèche Méridionale", "categorie": "national", "nature": "aerodrome", "usage": "Civil", "code_icao": "LFHO", "code_iata": "OBS", "surface_ha": 73.1, "peb": true, "peb_arrete": "http://piece-jointe-carto.developpement-durable.gouv.fr/NAT003/PEB/PEB_LFHO_06_05_2010.pdf"}, "geometry": {"type": "Point", "coordinates": [4.372408, 44.547501]}}, {"type": "Feature", "properties": {"nom": "Aéroport du Touquet-Élisabeth II", "categorie": "international", "nature": "aerodrome", "usage": "Civil", "code_icao": "LFAT", "code_iata": "LTQ", "surface_ha": 73.1, "peb": true, "peb_arrete": "http://piece-jointe-carto.developpement-durable.gouv.fr/NAT003/PEB/PEB_LFAT_22_12_2008.pdf"}, "geometry": {"type": "Point", "coordinates": [1.619811, 50.518382]}}, {"type": "Feature", "properties": {"nom": "Aérodrome de Château-Arnoux-Saint-Auban", "categorie": "national", "nature": "aerodrome", "usage": "Civil", "code_icao": "LFMX", "code_iata": null, "surface_ha": 73.0, "peb": true, "peb_arrete": "http://piece-jointe-carto.developpement-durable.gouv.fr/NAT003/PEB/PEB_LFMX_04_08_1975.pdf"}, "geometry": {"type": "Point", "coordinates": [5.991178, 44.058606]}}, {"type": "Feature", "properties": {"nom": "Base d'Aéronautique Navale d'Hyères-le Palyvestre", "categorie": "international", "nature": "aerodrome", "usage": "Militaire", "code_icao": null, "code_iata": null, "surface_ha": 72.9, "peb": false, "peb_arrete": null}, "geometry": {"type": "Point", "coordinates": [6.143461, 43.092919]}}, {"type": "Feature", "properties": {"nom": "Aérodrome de Saint-André-de-l'Eure", "categorie": "national", "nature": "aerodrome", "usage": "Civil", "code_icao": "LFFD", "code_iata": null, "surface_ha": 72.5, "peb": false, "peb_arrete": null}, "geometry": {"type": "Point", "coordinates": [1.251147, 48.896209]}}, {"type": "Feature", "properties": {"nom": "Aérodrome de Doncourt-lès-Conflans", "categorie": "national", "nature": "aerodrome", "usage": "Civil", "code_icao": "LFGR", "code_iata": null, "surface_ha": 71.6, "peb": true, "peb_arrete": "http://piece-jointe-carto.developpement-durable.gouv.fr/NAT003/PEB/PEB_LFGR_12_04_2017.pdf"}, "geometry": {"type": "Point", "coordinates": [5.933482, 49.15126]}}, {"type": "Feature", "properties": {"nom": "Aérodrome de Châlons - Écury-sur-Coole", "categorie": "national", "nature": "aerodrome", "usage": "Civil", "code_icao": "LFQK", "code_iata": null, "surface_ha": 71.2, "peb": true, "peb_arrete": "http://piece-jointe-carto.developpement-durable.gouv.fr/NAT003/PEB/PEB_LFQK_04_07_2016.pdf"}, "geometry": {"type": "Point", "coordinates": [4.350969, 48.904894]}}, {"type": "Feature", "properties": {"nom": "Aérodrome d'Amiens-Glisy", "categorie": "international", "nature": "aerodrome", "usage": "Civil", "code_icao": "LFAY", "code_iata": null, "surface_ha": 70.1, "peb": true, "peb_arrete": "http://piece-jointe-carto.developpement-durable.gouv.fr/NAT003/PEB/PEB_LFAY_01_12_1982.pdf"}, "geometry": {"type": "Point", "coordinates": [2.385621, 49.87249]}}, {"type": "Feature", "properties": {"nom": "Aérodrome de Moulins-Montbeugny", "categorie": "national", "nature": "aerodrome", "usage": "Civil", "code_icao": "LFHY", "code_iata": "XMU", "surface_ha": 69.7, "peb": true, "peb_arrete": "http://piece-jointe-carto.developpement-durable.gouv.fr/NAT003/PEB/PEB_LFHY_17_08_2006.pdf"}, "geometry": {"type": "Point", "coordinates": [3.42269, 46.534955]}}, {"type": "Feature", "properties": {"nom": "Aérodrome de Lunéville-Croismare", "categorie": "national", "nature": "aerodrome", "usage": "Civil", "code_icao": "LFQC", "code_iata": null, "surface_ha": 69.1, "peb": true, "peb_arrete": "http://piece-jointe-carto.developpement-durable.gouv.fr/NAT003/PEB/PEB_LFQC_19_03_2019.pdf"}, "geometry": {"type": "Point", "coordinates": [6.547827, 48.593242]}}, {"type": "Feature", "properties": {"nom": "Aérodrome de Pont-Saint-Vincent", "categorie": "national", "nature": "aerodrome", "usage": "Civil", "code_icao": "LFSV", "code_iata": null, "surface_ha": 69.0, "peb": false, "peb_arrete": null}, "geometry": {"type": "Point", "coordinates": [6.0582, 48.601147]}}, {"type": "Feature", "properties": {"nom": "Aérodrome d'Ancenis", "categorie": "national", "nature": "aerodrome", "usage": "Civil", "code_icao": "LFFI", "code_iata": null, "surface_ha": 67.9, "peb": false, "peb_arrete": null}, "geometry": {"type": "Point", "coordinates": [-1.182303, 47.406702]}}, {"type": "Feature", "properties": {"nom": "Aérodrome de Persan-Beaumont", "categorie": "national", "nature": "aerodrome", "usage": "Civil", "code_icao": "LFPA", "code_iata": null, "surface_ha": 66.8, "peb": true, "peb_arrete": "http://piece-jointe-carto.developpement-durable.gouv.fr/NAT003/PEB/PEB_LFPA_05_07_2018.pdf"}, "geometry": {"type": "Point", "coordinates": [2.316139, 49.164568]}}, {"type": "Feature", "properties": {"nom": "Aérodrome de la Baule-Escoublac", "categorie": "national", "nature": "aerodrome", "usage": "Civil", "code_icao": "LFRE", "code_iata": "LBY", "surface_ha": 65.9, "peb": false, "peb_arrete": null}, "geometry": {"type": "Point", "coordinates": [-2.347394, 47.286281]}}, {"type": "Feature", "properties": {"nom": "Aérodrome d'Orléans-Saint-Denis-de-l'Hôtel", "categorie": "international", "nature": "aerodrome", "usage": "Civil", "code_icao": "LFOZ", "code_iata": null, "surface_ha": 65.6, "peb": true, "peb_arrete": "http://piece-jointe-carto.developpement-durable.gouv.fr/NAT003/PEB/PEB_LFOZ_23_04_2010.pdf"}, "geometry": {"type": "Point", "coordinates": [2.165967, 47.8992]}}, {"type": "Feature", "properties": {"nom": "Aérodrome d'Aix-les Milles", "categorie": "national", "nature": "aerodrome", "usage": "Civil", "code_icao": "LFMA", "code_iata": "QXB", "surface_ha": 65.6, "peb": true, "peb_arrete": "http://piece-jointe-carto.developpement-durable.gouv.fr/NAT003/PEB/PEB_LFMA_22_12_2009.pdf"}, "geometry": {"type": "Point", "coordinates": [5.367543, 43.505635]}}, {"type": "Feature", "properties": {"nom": "Aérodrome de Montélimar-Ancône", "categorie": "national", "nature": "aerodrome", "usage": "Civil", "code_icao": "LFLQ", "code_iata": null, "surface_ha": 65.5, "peb": true, "peb_arrete": "http://piece-jointe-carto.developpement-durable.gouv.fr/NAT003/PEB/PEB_LFLQ_19_06_2014.pdf"}, "geometry": {"type": "Point", "coordinates": [4.73754, 44.579983]}}, {"type": "Feature", "properties": {"nom": "Aéroport d'Auch-Gers", "categorie": "national", "nature": "aerodrome", "usage": "Civil", "code_icao": "LFDH", "code_iata": "AUC", "surface_ha": 65.2, "peb": true, "peb_arrete": "http://piece-jointe-carto.developpement-durable.gouv.fr/NAT003/PEB/PEB_LFDH_18_12_2014.pdf"}, "geometry": {"type": "Point", "coordinates": [0.600487, 43.684555]}}, {"type": "Feature", "properties": {"nom": "Aérodrome de Gap-Tallard", "categorie": "international", "nature": "aerodrome", "usage": "Civil", "code_icao": "LFNA", "code_iata": null, "surface_ha": 64.1, "peb": true, "peb_arrete": "http://piece-jointe-carto.developpement-durable.gouv.fr/NAT003/PEB/PEB_LFNA_11_04_2017.pdf"}, "geometry": {"type": "Point", "coordinates": [6.03824, 44.454703]}}, {"type": "Feature", "properties": {"nom": "Aéroport du Puy-en-Velay-Loudes", "categorie": "national", "nature": "aerodrome", "usage": "Civil", "code_icao": "LFHP", "code_iata": "LPY", "surface_ha": 62.7, "peb": true, "peb_arrete": "http://piece-jointe-carto.developpement-durable.gouv.fr/NAT003/PEB/PEB_LFHP_24_05_2006.pdf"}, "geometry": {"type": "Point", "coordinates": [3.761592, 45.080563]}}, {"type": "Feature", "properties": {"nom": "Aérodrome de Saint-Cyr-l'École", "categorie": "national", "nature": "aerodrome", "usage": "Civil", "code_icao": "LFPZ", "code_iata": null, "surface_ha": 62.6, "peb": true, "peb_arrete": "http://piece-jointe-carto.developpement-durable.gouv.fr/NAT003/PEB/PEB_LFPZ_03_07_1985.pdf"}, "geometry": {"type": "Point", "coordinates": [2.067939, 48.811132]}}, {"type": "Feature", "properties": {"nom": "Aérodrome de Berck-sur-Mer", "categorie": "national", "nature": "aerodrome", "usage": "Civil", "code_icao": "LFAM", "code_iata": null, "surface_ha": 62.4, "peb": false, "peb_arrete": null}, "geometry": {"type": "Point", "coordinates": [1.595436, 50.424735]}}, {"type": "Feature", "properties": {"nom": "Aérodrome de Belfort-Chaux", "categorie": "national", "nature": "aerodrome", "usage": "Civil", "code_icao": "LFGG", "code_iata": null, "surface_ha": 60.8, "peb": true, "peb_arrete": "http://piece-jointe-carto.developpement-durable.gouv.fr/NAT003/PEB/PEB_LFGG_04_07_2017.pdf"}, "geometry": {"type": "Point", "coordinates": [6.830956, 47.700506]}}, {"type": "Feature", "properties": {"nom": "Aérodrome de Strasbourg-Neuhof", "categorie": "national", "nature": "aerodrome", "usage": "Civil", "code_icao": "LFGC", "code_iata": null, "surface_ha": 60.4, "peb": false, "peb_arrete": null}, "geometry": {"type": "Point", "coordinates": [7.780118, 48.554891]}}, {"type": "Feature", "properties": {"nom": "Aérodrome d'Albi-le Sequestre", "categorie": "international", "nature": "aerodrome", "usage": "Civil", "code_icao": "LFCI", "code_iata": "LBI", "surface_ha": 59.7, "peb": true, "peb_arrete": "http://piece-jointe-carto.developpement-durable.gouv.fr/NAT003/PEB/PEB_LFCI_18_01_2011.pdf"}, "geometry": {"type": "Point", "coordinates": [2.117373, 43.914736]}}, {"type": "Feature", "properties": {"nom": "l'Isle en Dodon", "categorie": "local", "nature": "aerodrome", "usage": "Privé", "code_icao": null, "code_iata": null, "surface_ha": 59.5, "peb": false, "peb_arrete": null}, "geometry": {"type": "Point", "coordinates": [0.85126, 43.381688]}}, {"type": "Feature", "properties": {"nom": "Aérodrome de Nangis-les Loges", "categorie": "national", "nature": "aerodrome", "usage": "Civil", "code_icao": "LFAI", "code_iata": null, "surface_ha": 58.6, "peb": false, "peb_arrete": null}, "geometry": {"type": "Point", "coordinates": [3.006602, 48.596053]}}, {"type": "Feature", "properties": {"nom": "Aérodrome de Soucelles", "categorie": "local", "nature": "aerodrome", "usage": "Civil", "code_icao": null, "code_iata": null, "surface_ha": 56.9, "peb": false, "peb_arrete": null}, "geometry": {"type": "Point", "coordinates": [-0.41476, 47.579133]}}, {"type": "Feature", "properties": {"nom": "Aérodrome de Reims-Prunay", "categorie": "national", "nature": "aerodrome", "usage": "Civil", "code_icao": "LFQA", "code_iata": null, "surface_ha": 56.7, "peb": true, "peb_arrete": "http://piece-jointe-carto.developpement-durable.gouv.fr/NAT003/PEB/PEB_LFQA_02_10_1985.pdf"}, "geometry": {"type": "Point", "coordinates": [4.153145, 49.208475]}}, {"type": "Feature", "properties": {"nom": "Aérodrome de Villefranche-Tarare", "categorie": "national", "nature": "aerodrome", "usage": "Civil", "code_icao": "LFHV", "code_iata": "XVF", "surface_ha": 56.5, "peb": true, "peb_arrete": "http://piece-jointe-carto.developpement-durable.gouv.fr/NAT003/PEB/PEB_LFHV_04_08_2010.pdf"}, "geometry": {"type": "Point", "coordinates": [4.635612, 45.919116]}}, {"type": "Feature", "properties": {"nom": "Aérodrome de Besançon-Thise", "categorie": "national", "nature": "aerodrome", "usage": "Civil", "code_icao": "LFSA", "code_iata": null, "surface_ha": 56.0, "peb": false, "peb_arrete": null}, "geometry": {"type": "Point", "coordinates": [6.083214, 47.274116]}}, {"type": "Feature", "properties": {"nom": "Aérodrome de Dax-Seyresse", "categorie": "national", "nature": "aerodrome", "usage": "Civil et militaire", "code_icao": "LFBY", "code_iata": null, "surface_ha": 54.5, "peb": true, "peb_arrete": "http://piece-jointe-carto.developpement-durable.gouv.fr/NAT003/PEB/PEB_LFBY_15_10_2008.pdf"}, "geometry": {"type": "Point", "coordinates": [-1.068073, 43.689274]}}, {"type": "Feature", "properties": {"nom": "Aérodrome d'Arcachon-la Teste-de-Buch", "categorie": "national", "nature": "aerodrome", "usage": "Civil", "code_icao": "LFCH", "code_iata": "XAC", "surface_ha": 54.3, "peb": true, "peb_arrete": "http://piece-jointe-carto.developpement-durable.gouv.fr/NAT003/PEB/PEB_LFCH_18_06_1986.pdf"}, "geometry": {"type": "Point", "coordinates": [-1.112472, 44.596618]}}, {"type": "Feature", "properties": {"nom": "Aérodrome de Pontarlier", "categorie": "national", "nature": "aerodrome", "usage": "Civil", "code_icao": "LFSP", "code_iata": null, "surface_ha": 54.3, "peb": false, "peb_arrete": null}, "geometry": {"type": "Point", "coordinates": [6.32669, 46.905554]}}, {"type": "Feature", "properties": {"nom": "Aérodrome de Cahors-Lalbenque", "categorie": "international", "nature": "aerodrome", "usage": "Civil", "code_icao": "LFCC", "code_iata": null, "surface_ha": 53.8, "peb": true, "peb_arrete": "http://piece-jointe-carto.developpement-durable.gouv.fr/NAT003/PEB/PEB_LFCC_22_02_2011.pdf"}, "geometry": {"type": "Point", "coordinates": [1.475221, 44.352015]}}, {"type": "Feature", "properties": {"nom": "Aérodrome de Bourg-Ceyzériat", "categorie": "national", "nature": "aerodrome", "usage": "Civil", "code_icao": "LFHS", "code_iata": "XBK", "surface_ha": 53.2, "peb": true, "peb_arrete": "http://piece-jointe-carto.developpement-durable.gouv.fr/NAT003/PEB/PEB_LFHS_29_05_2012.pdf"}, "geometry": {"type": "Point", "coordinates": [5.291258, 46.201446]}}, {"type": "Feature", "properties": {"nom": "Aérodrome de Granville-Mont-Saint-Michel", "categorie": "national", "nature": "aerodrome", "usage": "Civil", "code_icao": "LFRF", "code_iata": "GFR", "surface_ha": 52.1, "peb": false, "peb_arrete": null}, "geometry": {"type": "Point", "coordinates": [-1.566053, 48.881599]}}, {"type": "Feature", "properties": {"nom": "Aérodrome de Fayence-Tourrettes", "categorie": "national", "nature": "aerodrome", "usage": "Civil", "code_icao": "LFMF", "code_iata": null, "surface_ha": 51.9, "peb": true, "peb_arrete": "http://piece-jointe-carto.developpement-durable.gouv.fr/NAT003/PEB/PEB_LFMF_25_05_2018.pdf"}, "geometry": {"type": "Point", "coordinates": [6.697809, 43.611474]}}, {"type": "Feature", "properties": {"nom": "Aérodrome de Toulouse-Balma-Lasbordes", "categorie": "national", "nature": "aerodrome", "usage": "Civil", "code_icao": "LFCL", "code_iata": null, "surface_ha": 51.7, "peb": true, "peb_arrete": "http://piece-jointe-carto.developpement-durable.gouv.fr/NAT003/PEB/PEB_LFCL_07_03_2007.pdf"}, "geometry": {"type": "Point", "coordinates": [1.499781, 43.587054]}}, {"type": "Feature", "properties": {"nom": "Aérodrome de Grenoble-le Versoud", "categorie": "national", "nature": "aerodrome", "usage": "Civil", "code_icao": "LFLG", "code_iata": null, "surface_ha": 50.6, "peb": true, "peb_arrete": "http://piece-jointe-carto.developpement-durable.gouv.fr/NAT003/PEB/PEB_LFLG_23_10_2006.pdf"}, "geometry": {"type": "Point", "coordinates": [5.848718, 45.218195]}}, {"type": "Feature", "properties": {"nom": "Aérodrome de Royan-Médis", "categorie": "local", "nature": "aerodrome", "usage": "Civil", "code_icao": "LFCY", "code_iata": "RYN", "surface_ha": 50.5, "peb": true, "peb_arrete": "http://piece-jointe-carto.developpement-durable.gouv.fr/NAT003/PEB/PEB_LFCY_20_03_2008.pdf"}, "geometry": {"type": "Point", "coordinates": [-0.973234, 45.630606]}}, {"type": "Feature", "properties": {"nom": "Aérodrome de Florac-Sainte-Enimie", "categorie": "national", "nature": "aerodrome", "usage": "Civil", "code_icao": "LFNO", "code_iata": null, "surface_ha": 50.1, "peb": false, "peb_arrete": null}, "geometry": {"type": "Point", "coordinates": [3.461295, 44.285145]}}, {"type": "Feature", "properties": {"nom": "Aérodrome d'Issoudun-le-Fay", "categorie": "national", "nature": "aerodrome", "usage": "Civil", "code_icao": "LFEK", "code_iata": null, "surface_ha": 49.7, "peb": false, "peb_arrete": null}, "geometry": {"type": "Point", "coordinates": [2.038503, 46.889058]}}, {"type": "Feature", "properties": {"nom": "Aérodrome de Chartres-Champhol", "categorie": "national", "nature": "aerodrome", "usage": "Civil", "code_icao": "LFOR", "code_iata": null, "surface_ha": 49.3, "peb": true, "peb_arrete": "http://piece-jointe-carto.developpement-durable.gouv.fr/NAT003/PEB/PEB_LFOR_30_07_2015.pdf"}, "geometry": {"type": "Point", "coordinates": [1.519882, 48.458666]}}, {"type": "Feature", "properties": {"nom": "Aérodrome de Dieppe-Saint-Aubin", "categorie": "international", "nature": "aerodrome", "usage": "Civil", "code_icao": "LFAB", "code_iata": null, "surface_ha": 49.1, "peb": true, "peb_arrete": "http://piece-jointe-carto.developpement-durable.gouv.fr/NAT003/PEB/PEB_LFAB_19_11_2014.pdf"}, "geometry": {"type": "Point", "coordinates": [1.083669, 49.884612]}}, {"type": "Feature", "properties": {"nom": "Aérodrome de Gray-Saint-Adrien", "categorie": "national", "nature": "aerodrome", "usage": "Civil", "code_icao": "LFEV", "code_iata": null, "surface_ha": 48.3, "peb": false, "peb_arrete": null}, "geometry": {"type": "Point", "coordinates": [5.616993, 47.431019]}}, {"type": "Feature", "properties": {"nom": "Aérodrome de Chavenay-Villepreux", "categorie": "national", "nature": "aerodrome", "usage": "Civil", "code_icao": "LFPX", "code_iata": null, "surface_ha": 47.7, "peb": true, "peb_arrete": "http://piece-jointe-carto.developpement-durable.gouv.fr/NAT003/PEB/PEB_LFPX_17_01_2022.pdf"}, "geometry": {"type": "Point", "coordinates": [1.981331, 48.842356]}}, {"type": "Feature", "properties": {"nom": "Aérodrome d'Alençon-Valframbert", "categorie": "national", "nature": "aerodrome", "usage": "Civil", "code_icao": "LFOF", "code_iata": null, "surface_ha": 47.3, "peb": true, "peb_arrete": "http://piece-jointe-carto.developpement-durable.gouv.fr/NAT003/PEB/PEB_LFOF_08_10_2014.pdf"}, "geometry": {"type": "Point", "coordinates": [0.107826, 48.446357]}}, {"type": "Feature", "properties": {"nom": "Aérodrome de Cholet-le Pontreau", "categorie": "national", "nature": "aerodrome", "usage": "Civil", "code_icao": "LFOU", "code_iata": "CET", "surface_ha": 46.2, "peb": true, "peb_arrete": "http://piece-jointe-carto.developpement-durable.gouv.fr/NAT003/PEB/PEB_LFOU_23_05_2013.pdf"}, "geometry": {"type": "Point", "coordinates": [-0.87682, 47.082108]}}, {"type": "Feature", "properties": {"nom": "Aérodrome Jean-Baptiste Salis", "categorie": "national", "nature": "aerodrome", "usage": "Civil", "code_icao": "LFFQ", "code_iata": null, "surface_ha": 46.2, "peb": false, "peb_arrete": null}, "geometry": {"type": "Point", "coordinates": [2.341311, 48.497499]}}, {"type": "Feature", "properties": {"nom": "Aérodrome de Sedan-Douzy", "categorie": "national", "nature": "aerodrome", "usage": "Civil", "code_icao": "LFSJ", "code_iata": null, "surface_ha": 45.5, "peb": false, "peb_arrete": null}, "geometry": {"type": "Point", "coordinates": [5.038564, 49.660339]}}, {"type": "Feature", "properties": {"nom": "Aérodrome de Bailleau-Armenonville", "categorie": "national", "nature": "aerodrome", "usage": "Civil", "code_icao": "LFFL", "code_iata": null, "surface_ha": 45.1, "peb": false, "peb_arrete": null}, "geometry": {"type": "Point", "coordinates": [1.639913, 48.51743]}}, {"type": "Feature", "properties": {"nom": "Aérodrome de Muret-Lherm", "categorie": "national", "nature": "aerodrome", "usage": "Civil", "code_icao": "LFBR", "code_iata": null, "surface_ha": 44.8, "peb": true, "peb_arrete": "http://piece-jointe-carto.developpement-durable.gouv.fr/NAT003/PEB/PEB_LFBR_01_02_2008.pdf"}, "geometry": {"type": "Point", "coordinates": [1.264394, 43.449697]}}, {"type": "Feature", "properties": {"nom": "Aérodrome de Lille-Marcq-en-Barœul", "categorie": "national", "nature": "aerodrome", "usage": "Civil", "code_icao": "LFQO", "code_iata": null, "surface_ha": 44.6, "peb": true, "peb_arrete": "http://piece-jointe-carto.developpement-durable.gouv.fr/NAT003/PEB/PEB_LFQO_09_05_2019.pdf"}, "geometry": {"type": "Point", "coordinates": [3.075498, 50.688581]}}, {"type": "Feature", "properties": {"nom": "Aérodrome de Til-Châtel", "categorie": "national", "nature": "aerodrome", "usage": "Civil", "code_icao": "LFET", "code_iata": null, "surface_ha": 43.6, "peb": false, "peb_arrete": null}, "geometry": {"type": "Point", "coordinates": [5.21002, 47.546531]}}, {"type": "Feature", "properties": {"nom": "Aérodrome de Rogé", "categorie": "national", "nature": "aerodrome", "usage": "Civil", "code_icao": "LFCW", "code_iata": null, "surface_ha": 43.4, "peb": true, "peb_arrete": "http://piece-jointe-carto.developpement-durable.gouv.fr/NAT003/PEB/PEB_LFCW_18_12_1984.pdf"}, "geometry": {"type": "Point", "coordinates": [0.759783, 44.398875]}}, {"type": "Feature", "properties": {"nom": "Aérodrome de Chambéry-Challes-les-Eaux", "categorie": "national", "nature": "aerodrome", "usage": "Civil", "code_icao": "LFLE", "code_iata": null, "surface_ha": 43.4, "peb": false, "peb_arrete": null}, "geometry": {"type": "Point", "coordinates": [5.975693, 45.560175]}}, {"type": "Feature", "properties": {"nom": "Aérodrome de Dinan-Trélivan", "categorie": "national", "nature": "aerodrome", "usage": "Civil", "code_icao": "LFEB", "code_iata": null, "surface_ha": 43.4, "peb": false, "peb_arrete": null}, "geometry": {"type": "Point", "coordinates": [-2.103759, 48.442818]}}, {"type": "Feature", "properties": {"nom": "Aérodrome de Vitry-en-Artois", "categorie": "local", "nature": "aerodrome", "usage": "Civil", "code_icao": "LFQS", "code_iata": null, "surface_ha": 43.1, "peb": false, "peb_arrete": null}, "geometry": {"type": "Point", "coordinates": [2.994818, 50.338742]}}, {"type": "Feature", "properties": {"nom": "Aérodrome de Haguenau", "categorie": "international", "nature": "aerodrome", "usage": "Civil", "code_icao": "LFSH", "code_iata": null, "surface_ha": 43.0, "peb": true, "peb_arrete": "http://piece-jointe-carto.developpement-durable.gouv.fr/NAT003/PEB/PEB_LFSH_22_04_2008.pdf"}, "geometry": {"type": "Point", "coordinates": [7.815547, 48.795021]}}, {"type": "Feature", "properties": {"nom": "Aérodrome de Besançon-la Vèze", "categorie": "national", "nature": "aerodrome", "usage": "Civil", "code_icao": "LFQM", "code_iata": "QBQ", "surface_ha": 42.9, "peb": false, "peb_arrete": null}, "geometry": {"type": "Point", "coordinates": [6.082298, 47.206729]}}, {"type": "Feature", "properties": {"nom": "Aérodrome de Montluçon-Domérat", "categorie": "national", "nature": "aerodrome", "usage": "Civil", "code_icao": "LFLT", "code_iata": null, "surface_ha": 42.6, "peb": false, "peb_arrete": null}, "geometry": {"type": "Point", "coordinates": [2.570732, 46.35361]}}, {"type": "Feature", "properties": {"nom": "Aérodrome du Mazet de Romanin", "categorie": "national", "nature": "aerodrome", "usage": "Civil", "code_icao": "LFNZ", "code_iata": null, "surface_ha": 41.7, "peb": false, "peb_arrete": null}, "geometry": {"type": "Point", "coordinates": [4.894226, 43.770578]}}, {"type": "Feature", "properties": {"nom": "Aérodrome de Laon-Chambry", "categorie": "local", "nature": "aerodrome", "usage": "Civil", "code_icao": "LFAF", "code_iata": null, "surface_ha": 41.6, "peb": false, "peb_arrete": null}, "geometry": {"type": "Point", "coordinates": [3.630253, 49.594768]}}, {"type": "Feature", "properties": {"nom": "Aérodrome d'Avranches-le Val-Saint-Père", "categorie": "national", "nature": "aerodrome", "usage": "Civil", "code_icao": "LFRW", "code_iata": null, "surface_ha": 41.3, "peb": false, "peb_arrete": null}, "geometry": {"type": "Point", "coordinates": [-1.402307, 48.662977]}}, {"type": "Feature", "properties": {"nom": "Aérodrome d'Autun-Bellevue", "categorie": "national", "nature": "aerodrome", "usage": "Civil", "code_icao": "LFQF", "code_iata": null, "surface_ha": 38.7, "peb": false, "peb_arrete": null}, "geometry": {"type": "Point", "coordinates": [4.261076, 46.967208]}}, {"type": "Feature", "properties": {"nom": "Aérodrome de Beaune-Challanges", "categorie": "national", "nature": "aerodrome", "usage": "Civil", "code_icao": "LFGF", "code_iata": null, "surface_ha": 38.6, "peb": false, "peb_arrete": null}, "geometry": {"type": "Point", "coordinates": [4.894851, 47.007712]}}, {"type": "Feature", "properties": {"nom": "Aérodrome de Saint-Omer-Wizernes", "categorie": "national", "nature": "aerodrome", "usage": "Civil", "code_icao": "LFQN", "code_iata": null, "surface_ha": 38.0, "peb": false, "peb_arrete": null}, "geometry": {"type": "Point", "coordinates": [2.231069, 50.726986]}}, {"type": "Feature", "properties": {"nom": "Aérodrome de Guéret-Saint-Laurent", "categorie": "national", "nature": "aerodrome", "usage": "Civil", "code_icao": "LFCE", "code_iata": null, "surface_ha": 37.6, "peb": false, "peb_arrete": null}, "geometry": {"type": "Point", "coordinates": [1.95197, 46.175772]}}, {"type": "Feature", "properties": {"nom": "Aérodrome Edgar Soumille", "categorie": "national", "nature": "aerodrome", "usage": "Civil", "code_icao": "LFNH", "code_iata": null, "surface_ha": 37.1, "peb": true, "peb_arrete": "http://piece-jointe-carto.developpement-durable.gouv.fr/NAT003/PEB/PEB_LFNH_25_06_1985.pdf"}, "geometry": {"type": "Point", "coordinates": [5.084767, 44.027238]}}, {"type": "Feature", "properties": {"nom": "Aérodrome de Saint-Rambert-d'Albon", "categorie": "national", "nature": "aerodrome", "usage": "Civil", "code_icao": "LFLR", "code_iata": null, "surface_ha": 37.0, "peb": true, "peb_arrete": "http://piece-jointe-carto.developpement-durable.gouv.fr/NAT003/PEB/PEB_LFLR_04_12_2015.pdf"}, "geometry": {"type": "Point", "coordinates": [4.825112, 45.2521]}}, {"type": "Feature", "properties": {"nom": "Aérodrome du Plessis-Belleville", "categorie": "national", "nature": "aerodrome", "usage": "Civil", "code_icao": "LFPP", "code_iata": null, "surface_ha": 36.9, "peb": false, "peb_arrete": null}, "geometry": {"type": "Point", "coordinates": [2.735201, 49.108577]}}, {"type": "Feature", "properties": {"nom": "Aérodrome de Sarreguemines-Neunkirch", "categorie": "national", "nature": "aerodrome", "usage": "Civil", "code_icao": "LFGU", "code_iata": null, "surface_ha": 36.9, "peb": true, "peb_arrete": "http://piece-jointe-carto.developpement-durable.gouv.fr/NAT003/PEB/PEB_LFGU_18_06_2018.pdf"}, "geometry": {"type": "Point", "coordinates": [7.105645, 49.128669]}}, {"type": "Feature", "properties": {"nom": "Aérodrome Bretagne Atlantique", "categorie": "national", "nature": "aerodrome", "usage": "Civil", "code_icao": "LFES", "code_iata": null, "surface_ha": 36.8, "peb": false, "peb_arrete": null}, "geometry": {"type": "Point", "coordinates": [-3.664231, 48.052278]}}, {"type": "Feature", "properties": {"nom": "Aérodrome de Mâcon-Charnay", "categorie": "national", "nature": "aerodrome", "usage": "Civil", "code_icao": "LFLM", "code_iata": "QNX", "surface_ha": 36.7, "peb": true, "peb_arrete": "http://piece-jointe-carto.developpement-durable.gouv.fr/NAT003/PEB/PEB_LFLM_20_08_2018.pdf"}, "geometry": {"type": "Point", "coordinates": [4.796551, 46.295198]}}, {"type": "Feature", "properties": {"nom": "Aéroport de San-Sébastien", "categorie": "international", "nature": "aerodrome", "usage": "Civil", "code_icao": "LESO", "code_iata": "EAS", "surface_ha": 36.5, "peb": false, "peb_arrete": null}, "geometry": {"type": "Point", "coordinates": [-1.792038, 43.356527]}}, {"type": "Feature", "properties": {"nom": "Aérodrome de Pouilly-Maconge", "categorie": "national", "nature": "aerodrome", "usage": "Civil", "code_icao": "LFEP", "code_iata": null, "surface_ha": 36.1, "peb": false, "peb_arrete": null}, "geometry": {"type": "Point", "coordinates": [4.55607, 47.220796]}}, {"type": "Feature", "properties": {"nom": "Aérodrome du Blanc", "categorie": "national", "nature": "aerodrome", "usage": "Civil", "code_icao": "LFEL", "code_iata": null, "surface_ha": 35.8, "peb": true, "peb_arrete": "http://piece-jointe-carto.developpement-durable.gouv.fr/NAT003/PEB/PEB_LFEL_28_01_2016.pdf"}, "geometry": {"type": "Point", "coordinates": [1.088432, 46.621213]}}, {"type": "Feature", "properties": {"nom": "Aérodrome d'Ussel-Thalamy", "categorie": "national", "nature": "aerodrome", "usage": "Civil", "code_icao": "LFCU", "code_iata": null, "surface_ha": 35.6, "peb": false, "peb_arrete": null}, "geometry": {"type": "Point", "coordinates": [2.421971, 45.536312]}}, {"type": "Feature", "properties": {"nom": "Aérodrome d'Aspres-sur-Buëch", "categorie": "national", "nature": "aerodrome", "usage": "Civil", "code_icao": "LFNJ", "code_iata": null, "surface_ha": 34.5, "peb": false, "peb_arrete": null}, "geometry": {"type": "Point", "coordinates": [5.736492, 44.515485]}}, {"type": "Feature", "properties": {"nom": "Aérodrome de Castelsarrasin-Moissac", "categorie": "national", "nature": "aerodrome", "usage": "Civil", "code_icao": "LFCX", "code_iata": null, "surface_ha": 34.4, "peb": true, "peb_arrete": "http://piece-jointe-carto.developpement-durable.gouv.fr/NAT003/PEB/PEB_LFCX_26_07_1999.pdf"}, "geometry": {"type": "Point", "coordinates": [1.130935, 44.085272]}}, {"type": "Feature", "properties": {"nom": "Piste du Mas de Rus", "categorie": "local", "nature": "aerodrome", "usage": "Militaire", "code_icao": null, "code_iata": null, "surface_ha": 34.3, "peb": false, "peb_arrete": null}, "geometry": {"type": "Point", "coordinates": [4.774888, 43.648876]}}, {"type": "Feature", "properties": {"nom": "Aérodrome de Mimizan-Assolant-Lefèvre et Lotti", "categorie": "national", "nature": "aerodrome", "usage": "Civil", "code_icao": "LFCZ", "code_iata": null, "surface_ha": 34.1, "peb": false, "peb_arrete": null}, "geometry": {"type": "Point", "coordinates": [-1.164748, 44.146616]}}, {"type": "Feature", "properties": {"nom": "Aérodrome d'Annemasse", "categorie": "national", "nature": "aerodrome", "usage": "Civil", "code_icao": "LFLI", "code_iata": "QNJ", "surface_ha": 34.0, "peb": true, "peb_arrete": "http://piece-jointe-carto.developpement-durable.gouv.fr/NAT003/PEB/PEB_LFLI_04_02_2011.pdf"}, "geometry": {"type": "Point", "coordinates": [6.266895, 46.192885]}}, {"type": "Feature", "properties": {"nom": "Aérodrome de Vesoul-Frotey", "categorie": "national", "nature": "aerodrome", "usage": "Civil", "code_icao": "LFQW", "code_iata": null, "surface_ha": 33.8, "peb": false, "peb_arrete": null}, "geometry": {"type": "Point", "coordinates": [6.201662, 47.638508]}}, {"type": "Feature", "properties": {"nom": "Aérodrome d'Épinal-Dogneville", "categorie": "national", "nature": "aerodrome", "usage": "Civil", "code_icao": "LFSE", "code_iata": null, "surface_ha": 33.4, "peb": false, "peb_arrete": null}, "geometry": {"type": "Point", "coordinates": [6.44912, 48.211161]}}, {"type": "Feature", "properties": {"nom": "Aérodrome d'Issoire-le Broc", "categorie": "national", "nature": "aerodrome", "usage": "Civil", "code_icao": "LFHA", "code_iata": null, "surface_ha": 33.1, "peb": true, "peb_arrete": "http://piece-jointe-carto.developpement-durable.gouv.fr/NAT003/PEB/PEB_LFHA_17_07_2006.pdf"}, "geometry": {"type": "Point", "coordinates": [3.26592, 45.514413]}}, {"type": "Feature", "properties": {"nom": "Aérodrome de Saint-Pierre d'Oléron", "categorie": "local", "nature": "aerodrome", "usage": "Civil", "code_icao": "LFDP", "code_iata": null, "surface_ha": 33.0, "peb": false, "peb_arrete": null}, "geometry": {"type": "Point", "coordinates": [-1.314811, 45.958467]}}, {"type": "Feature", "properties": {"nom": "Aérodrome de Châtillon-sur-Seine", "categorie": "national", "nature": "aerodrome", "usage": "Civil", "code_icao": "LFQH", "code_iata": null, "surface_ha": 33.0, "peb": false, "peb_arrete": null}, "geometry": {"type": "Point", "coordinates": [4.579267, 47.844216]}}, {"type": "Feature", "properties": {"nom": "Aérodrome de Romans-Saint-Paul", "categorie": "national", "nature": "aerodrome", "usage": "Civil", "code_icao": "LFHE", "code_iata": null, "surface_ha": 32.7, "peb": false, "peb_arrete": null}, "geometry": {"type": "Point", "coordinates": [5.099248, 45.063677]}}, {"type": "Feature", "properties": {"nom": "Aérodrome de Mende-Brenoux", "categorie": "national", "nature": "aerodrome", "usage": "Civil", "code_icao": "LFNB", "code_iata": "MEN", "surface_ha": 32.7, "peb": true, "peb_arrete": "http://piece-jointe-carto.developpement-durable.gouv.fr/NAT003/PEB/PEB_LFNB_08_07_2011.pdf"}, "geometry": {"type": "Point", "coordinates": [3.531684, 44.502164]}}, {"type": "Feature", "properties": {"nom": "Aérodrome d'Aubigny-sur-Nère", "categorie": "national", "nature": "aerodrome", "usage": "Civil", "code_icao": "LFEH", "code_iata": null, "surface_ha": 32.7, "peb": false, "peb_arrete": null}, "geometry": {"type": "Point", "coordinates": [2.393811, 47.479883]}}, {"type": "Feature", "properties": {"nom": "Aérodrome d'Abbeville-Drucat", "categorie": "international", "nature": "aerodrome", "usage": "Civil", "code_icao": "LFOI", "code_iata": null, "surface_ha": 32.3, "peb": false, "peb_arrete": null}, "geometry": {"type": "Point", "coordinates": [1.831497, 50.144074]}}, {"type": "Feature", "properties": {"nom": "Aérodrome Morin-Védrines", "categorie": "national", "nature": "aerodrome", "usage": "Civil", "code_icao": "LFDB", "code_iata": null, "surface_ha": 32.2, "peb": true, "peb_arrete": "http://piece-jointe-carto.developpement-durable.gouv.fr/NAT003/PEB/PEB_LFDB_10_04_1995.pdf"}, "geometry": {"type": "Point", "coordinates": [1.3789, 44.025688]}}, {"type": "Feature", "properties": {"nom": "Aérodrome de Dijon-Darois", "categorie": "national", "nature": "aerodrome", "usage": "Civil", "code_icao": "LFGI", "code_iata": null, "surface_ha": 32.2, "peb": false, "peb_arrete": null}, "geometry": {"type": "Point", "coordinates": [4.945617, 47.384999]}}, {"type": "Feature", "properties": {"nom": "Aérodrome de Chelles-le Pin", "categorie": "national", "nature": "aerodrome", "usage": "Civil", "code_icao": "LFPH", "code_iata": null, "surface_ha": 31.6, "peb": true, "peb_arrete": "http://piece-jointe-carto.developpement-durable.gouv.fr/NAT003/PEB/PEB_LFPH_18_10_1991.pdf"}, "geometry": {"type": "Point", "coordinates": [2.607359, 48.896699]}}, {"type": "Feature", "properties": {"nom": "Ancien Aérodrome de Cabanac", "categorie": "local", "nature": "aerodrome", "usage": "Civil", "code_icao": null, "code_iata": null, "surface_ha": 31.4, "peb": false, "peb_arrete": null}, "geometry": {"type": "Point", "coordinates": [-0.577175, 44.613924]}}, {"type": "Feature", "properties": {"nom": "Aérodrome Charles Lindbergh", "categorie": "national", "nature": "aerodrome", "usage": "Civil", "code_icao": "LFOM", "code_iata": null, "surface_ha": 30.9, "peb": false, "peb_arrete": null}, "geometry": {"type": "Point", "coordinates": [-1.50686, 49.203206]}}, {"type": "Feature", "properties": {"nom": "Aérodrome de Paray-le-Monial", "categorie": "national", "nature": "aerodrome", "usage": "Civil", "code_icao": "LFGN", "code_iata": null, "surface_ha": 30.5, "peb": true, "peb_arrete": "http://piece-jointe-carto.developpement-durable.gouv.fr/NAT003/PEB/PEB_LFGN_05_05_1983.pdf"}, "geometry": {"type": "Point", "coordinates": [4.133138, 46.467207]}}, {"type": "Feature", "properties": {"nom": "Aérodrome de Beynes-Thiverval", "categorie": "national", "nature": "aerodrome", "usage": "Civil", "code_icao": "LFPF", "code_iata": null, "surface_ha": 30.4, "peb": false, "peb_arrete": null}, "geometry": {"type": "Point", "coordinates": [1.904698, 48.843508]}}, {"type": "Feature", "properties": {"nom": "Aérodrome de Bouloc", "categorie": "local", "nature": "aerodrome", "usage": "Privé", "code_icao": null, "code_iata": null, "surface_ha": 29.7, "peb": false, "peb_arrete": null}, "geometry": {"type": "Point", "coordinates": [1.080545, 44.306769]}}, {"type": "Feature", "properties": {"nom": "Aérodrome de Lens-Bénifontaine", "categorie": "national", "nature": "aerodrome", "usage": "Civil", "code_icao": "LFQL", "code_iata": null, "surface_ha": 28.9, "peb": false, "peb_arrete": null}, "geometry": {"type": "Point", "coordinates": [2.821436, 50.466033]}}, {"type": "Feature", "properties": {"nom": "Aérodrome de Compiègne-Margny", "categorie": "national", "nature": "aerodrome", "usage": "Civil", "code_icao": "LFAD", "code_iata": null, "surface_ha": 28.6, "peb": false, "peb_arrete": null}, "geometry": {"type": "Point", "coordinates": [2.804307, 49.432446]}}, {"type": "Feature", "properties": {"nom": "Aérodrome de Montceau-les-Mines-Pouilloux", "categorie": "national", "nature": "aerodrome", "usage": "Civil", "code_icao": "LFGM", "code_iata": null, "surface_ha": 28.4, "peb": true, "peb_arrete": "http://piece-jointe-carto.developpement-durable.gouv.fr/NAT003/PEB/PEB_LFGM_19_06_2019.pdf"}, "geometry": {"type": "Point", "coordinates": [4.336968, 46.602608]}}, {"type": "Feature", "properties": {"nom": "Aérodrome de Bernay-Saint-Martin", "categorie": "national", "nature": "aerodrome", "usage": "Civil", "code_icao": "LFPD", "code_iata": null, "surface_ha": 28.0, "peb": false, "peb_arrete": null}, "geometry": {"type": "Point", "coordinates": [0.562868, 49.102527]}}, {"type": "Feature", "properties": {"nom": "Aérodrome Verdun-Sommedieue", "categorie": "national", "nature": "aerodrome", "usage": "Civil", "code_icao": "LFGW", "code_iata": null, "surface_ha": 27.5, "peb": false, "peb_arrete": null}, "geometry": {"type": "Point", "coordinates": [5.469789, 49.121963]}}, {"type": "Feature", "properties": {"nom": "Aérodrome de Buno-Bonnevaux", "categorie": "national", "nature": "aerodrome", "usage": "Civil", "code_icao": "LFFB", "code_iata": null, "surface_ha": 27.3, "peb": false, "peb_arrete": null}, "geometry": {"type": "Point", "coordinates": [2.422576, 48.349564]}}, {"type": "Feature", "properties": {"nom": "Aérodrome de Mont-Dauphin-Saint-Crépin", "categorie": "national", "nature": "aerodrome", "usage": "Civil", "code_icao": "LFNC", "code_iata": null, "surface_ha": 26.7, "peb": false, "peb_arrete": null}, "geometry": {"type": "Point", "coordinates": [6.6002, 44.700606]}}, {"type": "Feature", "properties": {"nom": "Aérodrome de Saint-Flour-Coltines", "categorie": "national", "nature": "aerodrome", "usage": "Civil", "code_icao": "LFHQ", "code_iata": null, "surface_ha": 26.1, "peb": true, "peb_arrete": "http://piece-jointe-carto.developpement-durable.gouv.fr/NAT003/PEB/PEB_LFHQ_18_07_2007.pdf"}, "geometry": {"type": "Point", "coordinates": [2.991701, 45.074729]}}, {"type": "Feature", "properties": {"nom": "Aérodrome d'Aire-sur-l'Adour", "categorie": "national", "nature": "aerodrome", "usage": "Civil", "code_icao": "LFDA", "code_iata": null, "surface_ha": 26.0, "peb": true, "peb_arrete": "http://piece-jointe-carto.developpement-durable.gouv.fr/NAT003/PEB/PEB_LFDA_02_04_1985.pdf"}, "geometry": {"type": "Point", "coordinates": [-0.249758, 43.709048]}}, {"type": "Feature", "properties": {"nom": "Aérodrome de Neufchâteau", "categorie": "national", "nature": "aerodrome", "usage": "Civil", "code_icao": "LFFT", "code_iata": null, "surface_ha": 25.7, "peb": false, "peb_arrete": null}, "geometry": {"type": "Point", "coordinates": [5.717511, 48.359358]}}, {"type": "Feature", "properties": {"nom": "Aérodrome de Castelnaudary-Villeneuve", "categorie": "national", "nature": "aerodrome", "usage": "Civil", "code_icao": "LFMW", "code_iata": null, "surface_ha": 25.6, "peb": true, "peb_arrete": "http://piece-jointe-carto.developpement-durable.gouv.fr/NAT003/PEB/PEB_LFMW_28_04_2011.pdf"}, "geometry": {"type": "Point", "coordinates": [1.921248, 43.310738]}}, {"type": "Feature", "properties": {"nom": "Aérodrome des Sables-d'Olonne-Talmont", "categorie": "national", "nature": "aerodrome", "usage": "Civil", "code_icao": "LFOO", "code_iata": null, "surface_ha": 25.5, "peb": false, "peb_arrete": null}, "geometry": {"type": "Point", "coordinates": [-1.72358, 46.475916]}}, {"type": "Feature", "properties": {"nom": "Aérodrome de Tarbes-Laloubère", "categorie": "national", "nature": "aerodrome", "usage": "Civil", "code_icao": "LFDT", "code_iata": null, "surface_ha": 24.9, "peb": false, "peb_arrete": null}, "geometry": {"type": "Point", "coordinates": [0.077376, 43.215459]}}, {"type": "Feature", "properties": {"nom": "Aérodrome de la Môle", "categorie": "international", "nature": "aerodrome", "usage": "Civil", "code_icao": "LFTZ", "code_iata": "LTT", "surface_ha": 24.8, "peb": true, "peb_arrete": "http://piece-jointe-carto.developpement-durable.gouv.fr/NAT003/PEB/PEB_LFTZ_16_01_2018.pdf"}, "geometry": {"type": "Point", "coordinates": [6.48387, 43.205998]}}, {"type": "Feature", "properties": {"nom": "Aérodrome de Saint-Valery-Vittefleur", "categorie": "national", "nature": "aerodrome", "usage": "Civil", "code_icao": "LFOS", "code_iata": null, "surface_ha": 24.6, "peb": false, "peb_arrete": null}, "geometry": {"type": "Point", "coordinates": [0.652776, 49.834984]}}, {"type": "Feature", "properties": {"nom": "Aérodrome de Saint-Quentin-Roupy", "categorie": "national", "nature": "aerodrome", "usage": "Civil", "code_icao": "LFOW", "code_iata": null, "surface_ha": 24.4, "peb": false, "peb_arrete": null}, "geometry": {"type": "Point", "coordinates": [3.205679, 49.815964]}}, {"type": "Feature", "properties": {"nom": "Nogaro", "categorie": "national", "nature": "aerodrome", "usage": "Civil", "code_icao": "LFCN", "code_iata": null, "surface_ha": 23.9, "peb": true, "peb_arrete": "http://piece-jointe-carto.developpement-durable.gouv.fr/NAT003/PEB/PEB_LFCN_21_03_2014.pdf"}, "geometry": {"type": "Point", "coordinates": [-0.037695, 43.770481]}}, {"type": "Feature", "properties": {"nom": "Aérodrome de Champagnole-Crotenay", "categorie": "national", "nature": "aerodrome", "usage": "Civil", "code_icao": "LFGX", "code_iata": null, "surface_ha": 23.9, "peb": false, "peb_arrete": null}, "geometry": {"type": "Point", "coordinates": [5.819973, 46.765053]}}, {"type": "Feature", "properties": {"nom": "Aérodrome de Libourne-les-Artigues-de-Lussac", "categorie": "national", "nature": "aerodrome", "usage": "Civil", "code_icao": "LFDI", "code_iata": null, "surface_ha": 23.7, "peb": true, "peb_arrete": "http://piece-jointe-carto.developpement-durable.gouv.fr/NAT003/PEB/PEB_LFDI_28_07_1986.pdf"}, "geometry": {"type": "Point", "coordinates": [-0.138456, 44.983722]}}, {"type": "Feature", "properties": {"nom": "Aérodrome de Pons-Avy", "categorie": "local", "nature": "aerodrome", "usage": "Civil", "code_icao": "LFCP", "code_iata": null, "surface_ha": 23.4, "peb": false, "peb_arrete": null}, "geometry": {"type": "Point", "coordinates": [-0.51413, 45.566133]}}, {"type": "Feature", "properties": {"nom": "Aérodrome de Tours-Sorigny", "categorie": "national", "nature": "aerodrome", "usage": "Civil", "code_icao": "LFEN", "code_iata": null, "surface_ha": 23.4, "peb": false, "peb_arrete": null}, "geometry": {"type": "Point", "coordinates": [0.702077, 47.267175]}}, {"type": "Feature", "properties": {"nom": "Aérodrome de Tournus-Cuisery", "categorie": "national", "nature": "aerodrome", "usage": "Civil", "code_icao": "LFFX", "code_iata": null, "surface_ha": 23.4, "peb": false, "peb_arrete": null}, "geometry": {"type": "Point", "coordinates": [4.976355, 46.562924]}}, {"type": "Feature", "properties": {"nom": "Aérodrome de Marmande-Virazeil", "categorie": "national", "nature": "aerodrome", "usage": "Civil", "code_icao": "LFDM", "code_iata": null, "surface_ha": 23.1, "peb": true, "peb_arrete": "http://piece-jointe-carto.developpement-durable.gouv.fr/NAT003/PEB/PEB_LFDM_23_10_1984.pdf"}, "geometry": {"type": "Point", "coordinates": [0.200785, 44.49897]}}, {"type": "Feature", "properties": {"nom": "Aérodrome de Figeac-Livernon", "categorie": "national", "nature": "aerodrome", "usage": "Civil", "code_icao": "LFCF", "code_iata": null, "surface_ha": 23.1, "peb": false, "peb_arrete": null}, "geometry": {"type": "Point", "coordinates": [1.789333, 44.672008]}}, {"type": "Feature", "properties": {"nom": "Aérodrome d'Eu-Mers-le Tréport", "categorie": "national", "nature": "aerodrome", "usage": "Civil", "code_icao": "LFAE", "code_iata": null, "surface_ha": 22.6, "peb": false, "peb_arrete": null}, "geometry": {"type": "Point", "coordinates": [1.426134, 50.068181]}}, {"type": "Feature", "properties": {"nom": "Aérodrome de Propriano-Tavaria", "categorie": "national", "nature": "aerodrome", "usage": "Civil", "code_icao": "LFKO", "code_iata": null, "surface_ha": 22.4, "peb": true, "peb_arrete": "http://piece-jointe-carto.developpement-durable.gouv.fr/NAT003/PEB/PEB_LFKO_01_07_1985.pdf"}, "geometry": {"type": "Point", "coordinates": [8.894416, 41.659886]}}, {"type": "Feature", "properties": {"nom": "Aérodrome de Belvès-Saint-Pardoux", "categorie": "national", "nature": "aerodrome", "usage": "Civil", "code_icao": "LFIB", "code_iata": null, "surface_ha": 22.4, "peb": true, "peb_arrete": "http://piece-jointe-carto.developpement-durable.gouv.fr/NAT003/PEB/PEB_LFIB_05_03_1985.pdf"}, "geometry": {"type": "Point", "coordinates": [0.953955, 44.782617]}}, {"type": "Feature", "properties": {"nom": "Aérodrome d'Enghien-Moisselles", "categorie": "national", "nature": "aerodrome", "usage": "Civil", "code_icao": "LFFE", "code_iata": null, "surface_ha": 22.2, "peb": false, "peb_arrete": null}, "geometry": {"type": "Point", "coordinates": [2.349856, 49.044776]}}, {"type": "Feature", "properties": {"nom": "Aérodrome de Bédarieux-la Tour-sur-Orb", "categorie": "national", "nature": "aerodrome", "usage": "Civil", "code_icao": "LFNX", "code_iata": null, "surface_ha": 21.4, "peb": false, "peb_arrete": null}, "geometry": {"type": "Point", "coordinates": [3.145467, 43.639231]}}, {"type": "Feature", "properties": {"nom": "Aérodrome de Moret-Épisy", "categorie": "national", "nature": "aerodrome", "usage": "Civil", "code_icao": "LFPU", "code_iata": null, "surface_ha": 21.4, "peb": false, "peb_arrete": null}, "geometry": {"type": "Point", "coordinates": [2.7968, 48.340557]}}, {"type": "Feature", "properties": {"nom": "Dax - Herm", "categorie": "local", "nature": "heliport", "usage": "Civil", "code_icao": null, "code_iata": null, "surface_ha": 20.9, "peb": false, "peb_arrete": null}, "geometry": {"type": "Point", "coordinates": [-1.10489, 43.821225]}}, {"type": "Feature", "properties": {"nom": "Aérodrome de Sisteron-Vaumeilh", "categorie": "national", "nature": "aerodrome", "usage": "Civil", "code_icao": "LFNS", "code_iata": null, "surface_ha": 20.8, "peb": false, "peb_arrete": null}, "geometry": {"type": "Point", "coordinates": [5.929056, 44.286498]}}, {"type": "Feature", "properties": {"nom": "Aérodrome de Lons-le-Saunier-Courlaoux", "categorie": "national", "nature": "aerodrome", "usage": "Civil", "code_icao": "LFGL", "code_iata": null, "surface_ha": 20.5, "peb": false, "peb_arrete": null}, "geometry": {"type": "Point", "coordinates": [5.469359, 46.674938]}}, {"type": "Feature", "properties": {"nom": "Aérodrome d'Oloron-Herrère", "categorie": "national", "nature": "aerodrome", "usage": "Civil", "code_icao": "LFCO", "code_iata": null, "surface_ha": 20.5, "peb": true, "peb_arrete": "http://piece-jointe-carto.developpement-durable.gouv.fr/NAT003/PEB/PEB_LFCO_25_11_1974.pdf"}, "geometry": {"type": "Point", "coordinates": [-0.56009, 43.163836]}}, {"type": "Feature", "properties": {"nom": "Aérodrome de Dreux-Vernouillet", "categorie": "national", "nature": "aerodrome", "usage": "Civil", "code_icao": "LFON", "code_iata": null, "surface_ha": 20.5, "peb": false, "peb_arrete": null}, "geometry": {"type": "Point", "coordinates": [1.359179, 48.704304]}}, {"type": "Feature", "properties": {"nom": "Aérodrome de Puimoisson", "categorie": "national", "nature": "aerodrome", "usage": "Civil", "code_icao": "LFTP", "code_iata": null, "surface_ha": 19.4, "peb": false, "peb_arrete": null}, "geometry": {"type": "Point", "coordinates": [6.16025, 43.868379]}}, {"type": "Feature", "properties": {"nom": "Aérodrome de Castelnau-Magnoac", "categorie": "national", "nature": "aerodrome", "usage": "Civil", "code_icao": "LFDQ", "code_iata": null, "surface_ha": 19.3, "peb": false, "peb_arrete": null}, "geometry": {"type": "Point", "coordinates": [0.518377, 43.277386]}}, {"type": "Feature", "properties": {"nom": "Aérodrome d'Amboise-Dierre", "categorie": "national", "nature": "aerodrome", "usage": "Civil", "code_icao": "LFEF", "code_iata": null, "surface_ha": 19.2, "peb": true, "peb_arrete": "http://piece-jointe-carto.developpement-durable.gouv.fr/NAT003/PEB/PEB_LFEF_07_12_2018.pdf"}, "geometry": {"type": "Point", "coordinates": [0.943409, 47.34101]}}, {"type": "Feature", "properties": {"nom": "Aérodrome de Montpellier-Candillargues", "categorie": "national", "nature": "aerodrome", "usage": "Civil", "code_icao": "LFNG", "code_iata": null, "surface_ha": 19.1, "peb": true, "peb_arrete": "http://piece-jointe-carto.developpement-durable.gouv.fr/NAT003/PEB/PEB_LFNG_19_03_2018.pdf"}, "geometry": {"type": "Point", "coordinates": [4.070402, 43.61008]}}, {"type": "Feature", "properties": {"nom": "Aéroclub de Chaubuisson", "categorie": "national", "nature": "aerodrome", "usage": "Civil", "code_icao": "LFPQ", "code_iata": null, "surface_ha": 19.1, "peb": false, "peb_arrete": null}, "geometry": {"type": "Point", "coordinates": [2.904402, 48.706351]}}, {"type": "Feature", "properties": {"nom": "Aérodrome de Semur-en-Auxois", "categorie": "national", "nature": "aerodrome", "usage": "Civil", "code_icao": "LFGQ", "code_iata": null, "surface_ha": 19.1, "peb": true, "peb_arrete": "http://piece-jointe-carto.developpement-durable.gouv.fr/NAT003/PEB/PEB_LFGQ_20_07_1983.pdf"}, "geometry": {"type": "Point", "coordinates": [4.342153, 47.481752]}}, {"type": "Feature", "properties": {"nom": "Aérodrome de Rion-des-Landes", "categorie": "national", "nature": "aerodrome", "usage": "Civil", "code_icao": "LFIL", "code_iata": null, "surface_ha": 19.0, "peb": true, "peb_arrete": "http://piece-jointe-carto.developpement-durable.gouv.fr/NAT003/PEB/PEB_LFIL_02_04_1985.pdf"}, "geometry": {"type": "Point", "coordinates": [-0.95288, 43.913082]}}, {"type": "Feature", "properties": {"nom": "Aérodrome de la Ferté-Gaucher", "categorie": "national", "nature": "aerodrome", "usage": "Civil", "code_icao": "LFFG", "code_iata": null, "surface_ha": 19.0, "peb": false, "peb_arrete": null}, "geometry": {"type": "Point", "coordinates": [3.277405, 48.757328]}}, {"type": "Feature", "properties": {"nom": "Aérodrome de Redon-Bains-sur-Oust", "categorie": "national", "nature": "aerodrome", "usage": "Civil", "code_icao": "LFER", "code_iata": null, "surface_ha": 18.7, "peb": false, "peb_arrete": null}, "geometry": {"type": "Point", "coordinates": [-2.036875, 47.698611]}}, {"type": "Feature", "properties": {"nom": "Aérodrome d'Ouessant", "categorie": "national", "nature": "aerodrome", "usage": "Civil", "code_icao": "LFEC", "code_iata": null, "surface_ha": 18.7, "peb": false, "peb_arrete": null}, "geometry": {"type": "Point", "coordinates": [-5.063712, 48.463124]}}, {"type": "Feature", "properties": {"nom": "Aérodrome d'Argenton-sur-Creuse", "categorie": "national", "nature": "aerodrome", "usage": "Civil", "code_icao": "LFEG", "code_iata": null, "surface_ha": 18.5, "peb": false, "peb_arrete": null}, "geometry": {"type": "Point", "coordinates": [1.600694, 46.596088]}}, {"type": "Feature", "properties": {"nom": "Dax-Pontonx", "categorie": "local", "nature": "heliport", "usage": "Civil", "code_icao": null, "code_iata": null, "surface_ha": 18.5, "peb": false, "peb_arrete": null}, "geometry": {"type": "Point", "coordinates": [-0.926286, 43.775897]}}, {"type": "Feature", "properties": {"nom": "Aérodrome d'Arras-Roclincourt", "categorie": "national", "nature": "aerodrome", "usage": "Civil", "code_icao": "LFQD", "code_iata": null, "surface_ha": 18.3, "peb": false, "peb_arrete": null}, "geometry": {"type": "Point", "coordinates": [2.803132, 50.323665]}}, {"type": "Feature", "properties": {"nom": "Aéro-Club René Fonck", "categorie": "national", "nature": "aerodrome", "usage": "Civil", "code_icao": "LFGY", "code_iata": null, "surface_ha": 18.2, "peb": false, "peb_arrete": null}, "geometry": {"type": "Point", "coordinates": [7.008691, 48.266668]}}, {"type": "Feature", "properties": {"nom": "Aérodrome d'Ambert-le Poyet", "categorie": "national", "nature": "aerodrome", "usage": "Civil", "code_icao": "LFHT", "code_iata": null, "surface_ha": 18.1, "peb": false, "peb_arrete": null}, "geometry": {"type": "Point", "coordinates": [3.744265, 45.516176]}}, {"type": "Feature", "properties": {"nom": "Aérodrome de Serres-la Bâtie-Montsaléon", "categorie": "national", "nature": "aerodrome", "usage": "Civil", "code_icao": "LFTM", "code_iata": null, "surface_ha": 18.0, "peb": false, "peb_arrete": null}, "geometry": {"type": "Point", "coordinates": [5.727149, 44.455138]}}, {"type": "Feature", "properties": {"nom": "Aérodrome de Tours-le Louroux", "categorie": "national", "nature": "aerodrome", "usage": "Civil", "code_icao": "LFJT", "code_iata": null, "surface_ha": 17.8, "peb": false, "peb_arrete": null}, "geometry": {"type": "Point", "coordinates": [0.71065, 47.149182]}}, {"type": "Feature", "properties": {"nom": "Aérodrome de Graves-Villefranche-de-Rouergue", "categorie": "national", "nature": "aerodrome", "usage": "Civil", "code_icao": "LFCV", "code_iata": null, "surface_ha": 17.8, "peb": false, "peb_arrete": null}, "geometry": {"type": "Point", "coordinates": [2.025575, 44.369429]}}, {"type": "Feature", "properties": {"nom": "Aérodrome Henri Metz", "categorie": "national", "nature": "aerodrome", "usage": "Civil", "code_icao": "LFGT", "code_iata": null, "surface_ha": 17.6, "peb": false, "peb_arrete": null}, "geometry": {"type": "Point", "coordinates": [7.072877, 48.716238]}}, {"type": "Feature", "properties": {"nom": "Dax - Tinon", "categorie": "local", "nature": "heliport", "usage": "Civil", "code_icao": null, "code_iata": null, "surface_ha": 17.6, "peb": false, "peb_arrete": null}, "geometry": {"type": "Point", "coordinates": [-1.178611, 43.733417]}}, {"type": "Feature", "properties": {"nom": "Aérodrome de Flers-Saint-Paul", "categorie": "national", "nature": "aerodrome", "usage": "Civil", "code_icao": "LFOG", "code_iata": null, "surface_ha": 17.4, "peb": false, "peb_arrete": null}, "geometry": {"type": "Point", "coordinates": [-0.589265, 48.749789]}}, {"type": "Feature", "properties": {"nom": "Aérodrome d'Andernos-les-Bains", "categorie": "national", "nature": "aerodrome", "usage": "Civil", "code_icao": "LFCD", "code_iata": null, "surface_ha": 17.3, "peb": true, "peb_arrete": "http://piece-jointe-carto.developpement-durable.gouv.fr/NAT003/PEB/PEB_LFCD_28_07_1986.pdf"}, "geometry": {"type": "Point", "coordinates": [-1.0642, 44.754726]}}, {"type": "Feature", "properties": {"nom": "Aérodrome de Valréas-Visan", "categorie": "national", "nature": "aerodrome", "usage": "Civil", "code_icao": "LFNV", "code_iata": null, "surface_ha": 17.0, "peb": false, "peb_arrete": null}, "geometry": {"type": "Point", "coordinates": [4.907256, 44.336183]}}, {"type": "Feature", "properties": {"nom": "Aérodrome d'Albertville", "categorie": "national", "nature": "aerodrome", "usage": "Civil", "code_icao": "LFKA", "code_iata": null, "surface_ha": 16.9, "peb": true, "peb_arrete": "http://piece-jointe-carto.developpement-durable.gouv.fr/NAT003/PEB/PEB_LFKA_13_12_2011.pdf"}, "geometry": {"type": "Point", "coordinates": [6.327209, 45.626181]}}, {"type": "Feature", "properties": {"nom": "Aérodrome de Lasclaveries", "categorie": "national", "nature": "aerodrome", "usage": "Civil", "code_icao": "LFJV", "code_iata": null, "surface_ha": 16.6, "peb": false, "peb_arrete": null}, "geometry": {"type": "Point", "coordinates": [-0.286695, 43.425712]}}, {"type": "Feature", "properties": {"nom": "Aérodrome d'Argentan", "categorie": "national", "nature": "aerodrome", "usage": "Civil", "code_icao": "LFAJ", "code_iata": null, "surface_ha": 16.6, "peb": false, "peb_arrete": null}, "geometry": {"type": "Point", "coordinates": [0.002249, 48.709792]}}, {"type": "Feature", "properties": {"nom": "Aérodrome de Marennes", "categorie": "local", "nature": "aerodrome", "usage": "Civil", "code_icao": "LFJI", "code_iata": null, "surface_ha": 16.4, "peb": false, "peb_arrete": null}, "geometry": {"type": "Point", "coordinates": [-1.076016, 45.824244]}}, {"type": "Feature", "properties": {"nom": "Aérodrome de Cessey", "categorie": "local", "nature": "aerodrome", "usage": "Civil", "code_icao": "LFSY", "code_iata": null, "surface_ha": 16.2, "peb": false, "peb_arrete": null}, "geometry": {"type": "Point", "coordinates": [4.615099, 47.608727]}}, {"type": "Feature", "properties": {"nom": "Aérodrome de la Réole-Floudès", "categorie": "national", "nature": "aerodrome", "usage": "Civil", "code_icao": "LFDR", "code_iata": null, "surface_ha": 16.2, "peb": true, "peb_arrete": "http://piece-jointe-carto.developpement-durable.gouv.fr/NAT003/PEB/PEB_LFDR_28_07_1986.pdf"}, "geometry": {"type": "Point", "coordinates": [-0.055551, 44.567031]}}, {"type": "Feature", "properties": {"nom": "Aéroport de Toulon-Hyères", "categorie": "international", "nature": "aerodrome", "usage": "Civil", "code_icao": "LFTH", "code_iata": "TLN", "surface_ha": 15.9, "peb": true, "peb_arrete": "http://piece-jointe-carto.developpement-durable.gouv.fr/NAT003/PEB/PEB_LFTH_08_04_2015.pdf"}, "geometry": {"type": "Point", "coordinates": [6.157746, 43.092686]}}, {"type": "Feature", "properties": {"nom": "Aérodrome de Sainte-Foy-la-Grande", "categorie": "national", "nature": "aerodrome", "usage": "Civil", "code_icao": "LFDF", "code_iata": null, "surface_ha": 15.9, "peb": true, "peb_arrete": "http://piece-jointe-carto.developpement-durable.gouv.fr/NAT003/PEB/PEB_LFDF_05_03_1985.pdf"}, "geometry": {"type": "Point", "coordinates": [0.180536, 44.85179]}}, {"type": "Feature", "properties": {"nom": "Aérodrome d'Égletons", "categorie": "national", "nature": "aerodrome", "usage": "Civil", "code_icao": "LFDE", "code_iata": null, "surface_ha": 15.9, "peb": false, "peb_arrete": null}, "geometry": {"type": "Point", "coordinates": [2.068139, 45.420661]}}, {"type": "Feature", "properties": {"nom": "Aérodrome de Serruelles-Chavannes", "categorie": "national", "nature": "aerodrome", "usage": "Civil", "code_icao": "LFFU", "code_iata": null, "surface_ha": 15.8, "peb": false, "peb_arrete": null}, "geometry": {"type": "Point", "coordinates": [2.371006, 46.868352]}}, {"type": "Feature", "properties": {"nom": "Aérodrome de Lurcy-Lévis", "categorie": "national", "nature": "aerodrome", "usage": "Civil", "code_icao": "LFJU", "code_iata": null, "surface_ha": 15.6, "peb": false, "peb_arrete": null}, "geometry": {"type": "Point", "coordinates": [2.944156, 46.711876]}}, {"type": "Feature", "properties": {"nom": "Aérodrome d'Étrépagny", "categorie": "national", "nature": "aerodrome", "usage": "Civil", "code_icao": "LFFY", "code_iata": null, "surface_ha": 15.5, "peb": false, "peb_arrete": null}, "geometry": {"type": "Point", "coordinates": [1.634567, 49.30461]}}, {"type": "Feature", "properties": {"nom": "Aérodrome de Feurs-Chambéon", "categorie": "national", "nature": "aerodrome", "usage": "Civil", "code_icao": "LFLZ", "code_iata": null, "surface_ha": 15.2, "peb": false, "peb_arrete": null}, "geometry": {"type": "Point", "coordinates": [4.196808, 45.706855]}}, {"type": "Feature", "properties": {"nom": "Aérodrome de Montdidier", "categorie": "national", "nature": "aerodrome", "usage": "Civil", "code_icao": "LFAR", "code_iata": null, "surface_ha": 15.1, "peb": false, "peb_arrete": null}, "geometry": {"type": "Point", "coordinates": [2.572942, 49.671301]}}, {"type": "Feature", "properties": {"nom": "Aérodrome de Belley-Peyrieu", "categorie": "national", "nature": "aerodrome", "usage": "Civil", "code_icao": "LFKY", "code_iata": null, "surface_ha": 15.0, "peb": false, "peb_arrete": null}, "geometry": {"type": "Point", "coordinates": [5.690295, 45.694011]}}, {"type": "Feature", "properties": {"nom": "Aérodrome de Château-Thierry-le Champ Cadet", "categorie": "local", "nature": "aerodrome", "usage": "Civil", "code_icao": "LFFH", "code_iata": null, "surface_ha": 15.0, "peb": true, "peb_arrete": "http://piece-jointe-carto.developpement-durable.gouv.fr/NAT003/PEB/PEB_LFFH_31_10_1984.pdf"}, "geometry": {"type": "Point", "coordinates": [3.354884, 49.066063]}}, {"type": "Feature", "properties": {"nom": "Aérodrome de Cosne-sur-Loire", "categorie": "national", "nature": "aerodrome", "usage": "Civil", "code_icao": "LFGH", "code_iata": null, "surface_ha": 14.9, "peb": false, "peb_arrete": null}, "geometry": {"type": "Point", "coordinates": [2.919241, 47.360618]}}, {"type": "Feature", "properties": {"nom": "Aérodrome de Sollières-Sardières", "categorie": "national", "nature": "aerodrome", "usage": "Civil", "code_icao": "LFKD", "code_iata": null, "surface_ha": 14.9, "peb": false, "peb_arrete": null}, "geometry": {"type": "Point", "coordinates": [6.801314, 45.2542]}}, {"type": "Feature", "properties": {"nom": "Bagneres de Luchon", "categorie": "national", "nature": "aerodrome", "usage": "Civil", "code_icao": "LFCB", "code_iata": null, "surface_ha": 14.8, "peb": false, "peb_arrete": null}, "geometry": {"type": "Point", "coordinates": [0.600188, 42.800112]}}, {"type": "Feature", "properties": {"nom": "Aérodrome de Ghisonaccia-Alzitone", "categorie": "national", "nature": "aerodrome", "usage": "Civil", "code_icao": "LFKG", "code_iata": null, "surface_ha": 14.8, "peb": false, "peb_arrete": null}, "geometry": {"type": "Point", "coordinates": [9.399992, 42.051087]}}, {"type": "Feature", "properties": {"nom": "Aerodrome Saint-Exupéry de Montpezat", "categorie": "local", "nature": "aerodrome", "usage": "Privé", "code_icao": null, "code_iata": null, "surface_ha": 14.7, "peb": false, "peb_arrete": null}, "geometry": {"type": "Point", "coordinates": [0.489889, 44.365619]}}, {"type": "Feature", "properties": {"nom": "Aérodrome de Fumel-Montayral", "categorie": "national", "nature": "aerodrome", "usage": "Civil", "code_icao": "LFDX", "code_iata": null, "surface_ha": 14.7, "peb": false, "peb_arrete": null}, "geometry": {"type": "Point", "coordinates": [1.007386, 44.458232]}}, {"type": "Feature", "properties": {"nom": "Aérodrome de Bar-le-Duc-les Hauts-de-Chée", "categorie": "national", "nature": "aerodrome", "usage": "Civil", "code_icao": "LFEU", "code_iata": null, "surface_ha": 14.7, "peb": false, "peb_arrete": null}, "geometry": {"type": "Point", "coordinates": [5.184877, 48.867385]}}, {"type": "Feature", "properties": {"nom": "Aérodrome de l'Aigle-Saint-Michel", "categorie": "national", "nature": "aerodrome", "usage": "Civil", "code_icao": "LFOL", "code_iata": null, "surface_ha": 14.6, "peb": false, "peb_arrete": null}, "geometry": {"type": "Point", "coordinates": [0.659251, 48.759452]}}, {"type": "Feature", "properties": {"nom": "Aérodrome d'Uzès", "categorie": "national", "nature": "aerodrome", "usage": "Civil", "code_icao": "LFNU", "code_iata": null, "surface_ha": 14.5, "peb": false, "peb_arrete": null}, "geometry": {"type": "Point", "coordinates": [4.393545, 44.082395]}}, {"type": "Feature", "properties": {"nom": "Aérodrome de Châteaubriant-Pouancé", "categorie": "national", "nature": "aerodrome", "usage": "Civil", "code_icao": "LFTQ", "code_iata": null, "surface_ha": 14.5, "peb": false, "peb_arrete": null}, "geometry": {"type": "Point", "coordinates": [-1.188829, 47.739724]}}, {"type": "Feature", "properties": {"nom": "Aérodrome de Micheville", "categorie": "local", "nature": "aerodrome", "usage": "Civil", "code_icao": null, "code_iata": null, "surface_ha": 14.4, "peb": false, "peb_arrete": null}, "geometry": {"type": "Point", "coordinates": [5.919295, 49.484807]}}, {"type": "Feature", "properties": {"nom": "Aérodrome de Barcelonnette-Saint-Pons", "categorie": "national", "nature": "aerodrome", "usage": "Civil", "code_icao": "LFMR", "code_iata": null, "surface_ha": 14.4, "peb": false, "peb_arrete": null}, "geometry": {"type": "Point", "coordinates": [6.610085, 44.386832]}}, {"type": "Feature", "properties": {"nom": "Aérodrome de Pithiviers", "categorie": "national", "nature": "aerodrome", "usage": "Civil", "code_icao": "LFFP", "code_iata": null, "surface_ha": 14.3, "peb": false, "peb_arrete": null}, "geometry": {"type": "Point", "coordinates": [2.188157, 48.155323]}}, {"type": "Feature", "properties": {"nom": "Aérodrome de Belleville-Villié-Morgon", "categorie": "national", "nature": "aerodrome", "usage": "Civil", "code_icao": "LFHW", "code_iata": null, "surface_ha": 14.1, "peb": false, "peb_arrete": null}, "geometry": {"type": "Point", "coordinates": [4.713423, 46.14082]}}, {"type": "Feature", "properties": {"nom": "Aérodrome de Châtellerault-Targé", "categorie": "national", "nature": "aerodrome", "usage": "Civil", "code_icao": "LFCA", "code_iata": null, "surface_ha": 14.0, "peb": false, "peb_arrete": null}, "geometry": {"type": "Point", "coordinates": [0.550908, 46.782104]}}, {"type": "Feature", "properties": {"nom": "Aérodrome de Mortagne-au-Perche", "categorie": "national", "nature": "aerodrome", "usage": "Civil", "code_icao": "LFAX", "code_iata": null, "surface_ha": 13.9, "peb": false, "peb_arrete": null}, "geometry": {"type": "Point", "coordinates": [0.534238, 48.539492]}}, {"type": "Feature", "properties": {"nom": "Aérodrome de Bagnoles de l'Orne - Couterne - la Ferté Macé", "categorie": "national", "nature": "aerodrome", "usage": "Civil", "code_icao": "LFAO", "code_iata": null, "surface_ha": 13.8, "peb": false, "peb_arrete": null}, "geometry": {"type": "Point", "coordinates": [-0.386291, 48.545464]}}, {"type": "Feature", "properties": {"nom": "Aérodrome de Corte", "categorie": "national", "nature": "aerodrome", "usage": "Civil", "code_icao": "LFKT", "code_iata": null, "surface_ha": 13.8, "peb": false, "peb_arrete": null}, "geometry": {"type": "Point", "coordinates": [9.189927, 42.29149]}}, {"type": "Feature", "properties": {"nom": "Aérodrome de Soissons-Courmelles", "categorie": "local", "nature": "aerodrome", "usage": "Civil", "code_icao": "LFJS", "code_iata": null, "surface_ha": 13.8, "peb": false, "peb_arrete": null}, "geometry": {"type": "Point", "coordinates": [3.283128, 49.345124]}}, {"type": "Feature", "properties": {"nom": "Aérodrome de Sarlat-Domme", "categorie": "national", "nature": "aerodrome", "usage": "Civil", "code_icao": "LFDS", "code_iata": null, "surface_ha": 13.8, "peb": true, "peb_arrete": "http://piece-jointe-carto.developpement-durable.gouv.fr/NAT003/PEB/PEB_LFDS_05_03_1985.pdf"}, "geometry": {"type": "Point", "coordinates": [1.245637, 44.791764]}}, {"type": "Feature", "properties": {"nom": "Aérodrome de Cassagnes-Bégonhès", "categorie": "national", "nature": "aerodrome", "usage": "Civil", "code_icao": "LFIG", "code_iata": null, "surface_ha": 13.7, "peb": false, "peb_arrete": null}, "geometry": {"type": "Point", "coordinates": [2.514429, 44.178171]}}, {"type": "Feature", "properties": {"nom": "Aérodrome de Clamecy", "categorie": "national", "nature": "aerodrome", "usage": "Civil", "code_icao": "LFJC", "code_iata": null, "surface_ha": 13.4, "peb": false, "peb_arrete": null}, "geometry": {"type": "Point", "coordinates": [3.507591, 47.437475]}}, {"type": "Feature", "properties": {"nom": "Aérodrome de Saint-Galmier", "categorie": "national", "nature": "aerodrome", "usage": "Civil", "code_icao": "LFKM", "code_iata": null, "surface_ha": 13.3, "peb": false, "peb_arrete": null}, "geometry": {"type": "Point", "coordinates": [4.303686, 45.606187]}}, {"type": "Feature", "properties": {"nom": "Aérodrome de Sarre-Union", "categorie": "national", "nature": "aerodrome", "usage": "Civil", "code_icao": "LFQU", "code_iata": null, "surface_ha": 13.2, "peb": false, "peb_arrete": null}, "geometry": {"type": "Point", "coordinates": [7.075652, 48.950655]}}, {"type": "Feature", "properties": {"nom": "Aérodrome de Morestel", "categorie": "national", "nature": "aerodrome", "usage": "Civil", "code_icao": "LFHI", "code_iata": null, "surface_ha": 13.2, "peb": false, "peb_arrete": null}, "geometry": {"type": "Point", "coordinates": [5.452375, 45.686517]}}, {"type": "Feature", "properties": {"nom": "Aérodrome de Vienne-Reventin", "categorie": "national", "nature": "aerodrome", "usage": "Civil", "code_icao": "LFHH", "code_iata": null, "surface_ha": 13.1, "peb": true, "peb_arrete": "http://piece-jointe-carto.developpement-durable.gouv.fr/NAT003/PEB/PEB_LFHH_15_11_2010.pdf"}, "geometry": {"type": "Point", "coordinates": [4.827506, 45.462224]}}, {"type": "Feature", "properties": {"nom": "Altiport de Courchevel", "categorie": "international", "nature": "altiport", "usage": "Civil", "code_icao": "LFLJ", "code_iata": "CVF", "surface_ha": 13.0, "peb": true, "peb_arrete": "http://piece-jointe-carto.developpement-durable.gouv.fr/NAT003/PEB/PEB_LFLJ_24_10_2011.pdf"}, "geometry": {"type": "Point", "coordinates": [6.635155, 45.397067]}}, {"type": "Feature", "properties": {"nom": "Aérodrome de Vierzon-Méreau", "categorie": "national", "nature": "aerodrome", "usage": "Civil", "code_icao": "LFFV", "code_iata": null, "surface_ha": 12.8, "peb": false, "peb_arrete": null}, "geometry": {"type": "Point", "coordinates": [2.06541, 47.194271]}}, {"type": "Feature", "properties": {"nom": "Aérodrome de Châteauroux-Villers", "categorie": "national", "nature": "aerodrome", "usage": "Civil", "code_icao": "LFEJ", "code_iata": null, "surface_ha": 12.8, "peb": false, "peb_arrete": null}, "geometry": {"type": "Point", "coordinates": [1.621239, 46.841216]}}, {"type": "Feature", "properties": {"nom": "Aérodrome de Ribérac-Saint-Aulaye", "categorie": "national", "nature": "aerodrome", "usage": "Civil", "code_icao": "LFIK", "code_iata": null, "surface_ha": 12.8, "peb": true, "peb_arrete": "http://piece-jointe-carto.developpement-durable.gouv.fr/NAT003/PEB/PEB_LFIK_05_03_1985.pdf"}, "geometry": {"type": "Point", "coordinates": [0.265142, 45.238892]}}, {"type": "Feature", "properties": {"nom": "Condom Valence-sur-Baïse", "categorie": "national", "nature": "aerodrome", "usage": "Civil", "code_icao": "LFID", "code_iata": null, "surface_ha": 12.8, "peb": true, "peb_arrete": "http://piece-jointe-carto.developpement-durable.gouv.fr/NAT003/PEB/PEB_LFID_19_09_1975.pdf"}, "geometry": {"type": "Point", "coordinates": [0.385631, 43.909511]}}, {"type": "Feature", "properties": {"nom": "Aérodrome Maryse Bastie", "categorie": "national", "nature": "aerodrome", "usage": "Civil", "code_icao": "LFBJ", "code_iata": null, "surface_ha": 12.7, "peb": false, "peb_arrete": null}, "geometry": {"type": "Point", "coordinates": [0.918556, 45.902158]}}, {"type": "Feature", "properties": {"nom": "Aérodrome de Quiberon", "categorie": "national", "nature": "aerodrome", "usage": "Civil", "code_icao": "LFEQ", "code_iata": null, "surface_ha": 12.4, "peb": true, "peb_arrete": "http://piece-jointe-carto.developpement-durable.gouv.fr/NAT003/PEB/PEB_LFEQ_12_12_2013.pdf"}, "geometry": {"type": "Point", "coordinates": [-3.100171, 47.480693]}}, {"type": "Feature", "properties": {"nom": "Aérodrome de Saint-Sulpice-des-Landes", "categorie": "national", "nature": "aerodrome", "usage": "Civil", "code_icao": "LFSS", "code_iata": null, "surface_ha": 12.3, "peb": false, "peb_arrete": null}, "geometry": {"type": "Point", "coordinates": [-1.633885, 47.790892]}}, {"type": "Feature", "properties": {"nom": "Aérodrome de Montendre-Marcillac", "categorie": "national", "nature": "aerodrome", "usage": "Civil", "code_icao": "LFDC", "code_iata": null, "surface_ha": 12.2, "peb": true, "peb_arrete": "http://piece-jointe-carto.developpement-durable.gouv.fr/NAT003/PEB/PEB_LFDC_28_07_1986.pdf"}, "geometry": {"type": "Point", "coordinates": [-0.453116, 45.273392]}}, {"type": "Feature", "properties": {"nom": "Aérodrome de Gaillac-Lisle-sur-Tarn", "categorie": "national", "nature": "aerodrome", "usage": "Civil", "code_icao": "LFDG", "code_iata": null, "surface_ha": 12.2, "peb": true, "peb_arrete": "http://piece-jointe-carto.developpement-durable.gouv.fr/NAT003/PEB/PEB_LFDG_23_07_1985.pdf"}, "geometry": {"type": "Point", "coordinates": [1.875364, 43.883282]}}, {"type": "Feature", "properties": {"nom": "Aérodrome de Dunkerque-les Moëres", "categorie": "national", "nature": "aerodrome", "usage": "Civil", "code_icao": "LFAK", "code_iata": null, "surface_ha": 11.6, "peb": false, "peb_arrete": null}, "geometry": {"type": "Point", "coordinates": [2.552787, 51.040617]}}, {"type": "Feature", "properties": {"nom": "Aérodrome de Condat", "categorie": "local", "nature": "aerodrome", "usage": "Privé", "code_icao": null, "code_iata": null, "surface_ha": 11.5, "peb": false, "peb_arrete": null}, "geometry": {"type": "Point", "coordinates": [1.214929, 45.104236]}}, {"type": "Feature", "properties": {"nom": "Altiport de Megève", "categorie": "international", "nature": "aerodrome", "usage": "Civil", "code_icao": "LFHM", "code_iata": "MVV", "surface_ha": 11.3, "peb": false, "peb_arrete": null}, "geometry": {"type": "Point", "coordinates": [6.649713, 45.82284]}}, {"type": "Feature", "properties": {"nom": "Aérodrome de Villerupt", "categorie": "national", "nature": "aerodrome", "usage": "Civil", "code_icao": "LFAW", "code_iata": null, "surface_ha": 11.2, "peb": false, "peb_arrete": null}, "geometry": {"type": "Point", "coordinates": [5.888653, 49.410648]}}, {"type": "Feature", "properties": {"nom": "Aérodrome de Saint-Inglevert-les Deux Caps", "categorie": "national", "nature": "aerodrome", "usage": "Civil", "code_icao": "LFIS", "code_iata": null, "surface_ha": 11.2, "peb": false, "peb_arrete": null}, "geometry": {"type": "Point", "coordinates": [1.735597, 50.882598]}}, {"type": "Feature", "properties": {"nom": "Aérodrome de Champclauson", "categorie": "national", "nature": "aerodrome", "usage": "Civil", "code_icao": "LFTN", "code_iata": null, "surface_ha": 10.8, "peb": false, "peb_arrete": null}, "geometry": {"type": "Point", "coordinates": [4.010735, 44.243148]}}, {"type": "Feature", "properties": {"nom": "Aérodrome d'Itxassou", "categorie": "national", "nature": "aerodrome", "usage": "Civil", "code_icao": "LFIX", "code_iata": null, "surface_ha": 10.8, "peb": true, "peb_arrete": "http://piece-jointe-carto.developpement-durable.gouv.fr/NAT003/PEB/PEB_LFIX_25_11_1974.pdf"}, "geometry": {"type": "Point", "coordinates": [-1.421626, 43.336886]}}, {"type": "Feature", "properties": {"nom": "Aérodrome de Pérouges-Meximieux", "categorie": "national", "nature": "aerodrome", "usage": "Civil", "code_icao": "LFHC", "code_iata": null, "surface_ha": 10.8, "peb": false, "peb_arrete": null}, "geometry": {"type": "Point", "coordinates": [5.185323, 45.871158]}}, {"type": "Feature", "properties": {"nom": "Dax - Azur", "categorie": "local", "nature": "heliport", "usage": "Civil", "code_icao": null, "code_iata": null, "surface_ha": 10.6, "peb": false, "peb_arrete": null}, "geometry": {"type": "Point", "coordinates": [-1.257176, 43.806037]}}, {"type": "Feature", "properties": {"nom": "Aérodrome de Nuits-Saint-Georges", "categorie": "national", "nature": "aerodrome", "usage": "Civil", "code_icao": "LFGZ", "code_iata": null, "surface_ha": 10.5, "peb": false, "peb_arrete": null}, "geometry": {"type": "Point", "coordinates": [4.966591, 47.14269]}}, {"type": "Feature", "properties": {"nom": "Aérodrome de Saulieu-Liernais", "categorie": "national", "nature": "aerodrome", "usage": "Civil", "code_icao": "LFEW", "code_iata": null, "surface_ha": 9.6, "peb": false, "peb_arrete": null}, "geometry": {"type": "Point", "coordinates": [4.264845, 47.238765]}}, {"type": "Feature", "properties": {"nom": "Aérodrome de Bellegarde-Vouvray", "categorie": "national", "nature": "aerodrome", "usage": "Civil", "code_icao": "LFHN", "code_iata": null, "surface_ha": 9.6, "peb": true, "peb_arrete": "http://piece-jointe-carto.developpement-durable.gouv.fr/NAT003/PEB/PEB_LFHN_19_01_2012.pdf"}, "geometry": {"type": "Point", "coordinates": [5.805338, 46.123241]}}, {"type": "Feature", "properties": {"nom": "Aérodrome de Bordeaux-Yvrac", "categorie": "national", "nature": "aerodrome", "usage": "Civil", "code_icao": "LFDY", "code_iata": null, "surface_ha": 9.6, "peb": true, "peb_arrete": "http://piece-jointe-carto.developpement-durable.gouv.fr/NAT003/PEB/PEB_LFDY_28_07_1986.pdf"}, "geometry": {"type": "Point", "coordinates": [-0.478177, 44.874828]}}, {"type": "Feature", "properties": {"nom": "Luçon-Chasnais", "categorie": "local", "nature": "aerodrome", "usage": "Privé", "code_icao": "LF38", "code_iata": null, "surface_ha": 9.5, "peb": false, "peb_arrete": null}, "geometry": {"type": "Point", "coordinates": [-1.241873, 46.461865]}}, {"type": "Feature", "properties": {"nom": "Aérodrome de Lacave-le Frau", "categorie": "local", "nature": "aerodrome", "usage": "Privé", "code_icao": "LF8", "code_iata": null, "surface_ha": 9.4, "peb": false, "peb_arrete": null}, "geometry": {"type": "Point", "coordinates": [1.58822, 44.842445]}}, {"type": "Feature", "properties": {"nom": "Aérodrome de la Tour-du-Pin-Cessieu", "categorie": "national", "nature": "aerodrome", "usage": "Civil", "code_icao": "LFKP", "code_iata": null, "surface_ha": 9.4, "peb": true, "peb_arrete": "http://piece-jointe-carto.developpement-durable.gouv.fr/NAT003/PEB/PEB_LFKP_29_09_2010.pdf"}, "geometry": {"type": "Point", "coordinates": [5.386717, 45.557369]}}, {"type": "Feature", "properties": {"nom": "Aérodrome Privé de Saint-Brévin-les-Pins", "categorie": "local", "nature": "aerodrome", "usage": "Privé", "code_icao": null, "code_iata": null, "surface_ha": 9.4, "peb": false, "peb_arrete": null}, "geometry": {"type": "Point", "coordinates": [-2.140698, 47.236436]}}, {"type": "Feature", "properties": {"nom": "Aérodrome de Saverne-Steinbourg", "categorie": "national", "nature": "aerodrome", "usage": "Civil", "code_icao": "LFQY", "code_iata": null, "surface_ha": 9.0, "peb": false, "peb_arrete": null}, "geometry": {"type": "Point", "coordinates": [7.42535, 48.753613]}}, {"type": "Feature", "properties": {"nom": "Aérodrome d'Argentine", "categorie": "local", "nature": "aerodrome", "usage": "Privé", "code_icao": null, "code_iata": null, "surface_ha": 8.9, "peb": false, "peb_arrete": null}, "geometry": {"type": "Point", "coordinates": [0.386797, 45.466573]}}, {"type": "Feature", "properties": {"nom": "Aérodrome de Saint-Chamond-l'Horme", "categorie": "national", "nature": "aerodrome", "usage": "Civil", "code_icao": "LFHG", "code_iata": null, "surface_ha": 8.7, "peb": false, "peb_arrete": null}, "geometry": {"type": "Point", "coordinates": [4.535947, 45.491719]}}, {"type": "Feature", "properties": {"nom": "Dax - Castets", "categorie": "local", "nature": "heliport", "usage": "Civil", "code_icao": null, "code_iata": null, "surface_ha": 8.6, "peb": false, "peb_arrete": null}, "geometry": {"type": "Point", "coordinates": [-1.158862, 43.91568]}}, {"type": "Feature", "properties": {"nom": "Aérodrome de Saint-Cyr-la-Campagne", "categorie": "local", "nature": "aerodrome", "usage": "Privé", "code_icao": null, "code_iata": null, "surface_ha": 8.3, "peb": false, "peb_arrete": null}, "geometry": {"type": "Point", "coordinates": [1.028596, 49.253032]}}, {"type": "Feature", "properties": {"nom": "Aérodrome d'Aubenasson", "categorie": "national", "nature": "aerodrome", "usage": "Civil", "code_icao": "LFJF", "code_iata": null, "surface_ha": 8.3, "peb": false, "peb_arrete": null}, "geometry": {"type": "Point", "coordinates": [5.154875, 44.694689]}}, {"type": "Feature", "properties": {"nom": "Aérodrome de Manouyau", "categorie": "local", "nature": "aerodrome", "usage": "Civil", "code_icao": null, "code_iata": null, "surface_ha": 8.1, "peb": false, "peb_arrete": null}, "geometry": {"type": "Point", "coordinates": [0.990666, 48.505861]}}, {"type": "Feature", "properties": {"nom": "Héliport de Paris - Issy-les-Moulineaux - Valérie André", "categorie": "local", "nature": "heliport", "usage": "Civil", "code_icao": null, "code_iata": null, "surface_ha": 8.1, "peb": false, "peb_arrete": null}, "geometry": {"type": "Point", "coordinates": [2.273319, 48.833241]}}, {"type": "Feature", "properties": {"nom": null, "categorie": "local", "nature": "aerodrome", "usage": "Privé", "code_icao": null, "code_iata": null, "surface_ha": 7.8, "peb": false, "peb_arrete": null}, "geometry": {"type": "Point", "coordinates": [5.848212, 48.230286]}}, {"type": "Feature", "properties": {"nom": "Aérodrome de Saint-Claude - Pratz", "categorie": "local", "nature": "aerodrome", "usage": "Civil", "code_icao": null, "code_iata": null, "surface_ha": 7.1, "peb": false, "peb_arrete": null}, "geometry": {"type": "Point", "coordinates": [5.77023, 46.385024]}}, {"type": "Feature", "properties": {"nom": "Aérodrome de Lyon-Brindas", "categorie": "national", "nature": "aerodrome", "usage": "Civil", "code_icao": "LFKL", "code_iata": null, "surface_ha": 7.0, "peb": false, "peb_arrete": null}, "geometry": {"type": "Point", "coordinates": [4.696765, 45.710771]}}, {"type": "Feature", "properties": {"nom": "Aérodrome du Val d'Usiers", "categorie": "local", "nature": "aerodrome", "usage": "Privé", "code_icao": null, "code_iata": null, "surface_ha": 7.0, "peb": false, "peb_arrete": null}, "geometry": {"type": "Point", "coordinates": [6.331649, 46.976332]}}, {"type": "Feature", "properties": {"nom": "Berdoues", "categorie": "local", "nature": "aerodrome", "usage": "Privé", "code_icao": null, "code_iata": null, "surface_ha": 6.7, "peb": false, "peb_arrete": null}, "geometry": {"type": "Point", "coordinates": [0.391514, 43.471208]}}, {"type": "Feature", "properties": {"nom": "Terrain d'Aviation de Castillonnès-Cavarcou", "categorie": "local", "nature": "aerodrome", "usage": "Civil", "code_icao": null, "code_iata": null, "surface_ha": 6.1, "peb": false, "peb_arrete": null}, "geometry": {"type": "Point", "coordinates": [0.638226, 44.69925]}}, {"type": "Feature", "properties": {"nom": "Aérodrome de Saint-Jean-en-Royans", "categorie": "national", "nature": "aerodrome", "usage": "Civil", "code_icao": "LFKE", "code_iata": null, "surface_ha": 6.0, "peb": false, "peb_arrete": null}, "geometry": {"type": "Point", "coordinates": [5.309713, 45.026373]}}, {"type": "Feature", "properties": {"nom": null, "categorie": "local", "nature": "aerodrome", "usage": "Civil", "code_icao": null, "code_iata": null, "surface_ha": 6.0, "peb": false, "peb_arrete": null}, "geometry": {"type": "Point", "coordinates": [6.463257, 46.271065]}}, {"type": "Feature", "properties": {"nom": "Aérodrome de Sadournin", "categorie": "local", "nature": "aerodrome", "usage": "Privé", "code_icao": null, "code_iata": null, "surface_ha": 5.9, "peb": false, "peb_arrete": null}, "geometry": {"type": "Point", "coordinates": [0.416097, 43.325904]}}, {"type": "Feature", "properties": {"nom": "Aérodrome du Val de Vienne", "categorie": "local", "nature": "aerodrome", "usage": "Civil", "code_icao": null, "code_iata": null, "surface_ha": 5.9, "peb": false, "peb_arrete": null}, "geometry": {"type": "Point", "coordinates": [0.694741, 46.128494]}}, {"type": "Feature", "properties": {"nom": "Aéroclub du Bazadiais", "categorie": "local", "nature": "aerodrome", "usage": "Civil", "code_icao": null, "code_iata": null, "surface_ha": 5.4, "peb": false, "peb_arrete": null}, "geometry": {"type": "Point", "coordinates": [-0.18822, 44.462204]}}, {"type": "Feature", "properties": {"nom": "Aérodrome de Saint-Rémy-de-Maurienne", "categorie": "national", "nature": "aerodrome", "usage": "Civil", "code_icao": "LFKR", "code_iata": null, "surface_ha": 5.3, "peb": false, "peb_arrete": null}, "geometry": {"type": "Point", "coordinates": [6.276671, 45.377051]}}, {"type": "Feature", "properties": {"nom": null, "categorie": "local", "nature": "aerodrome", "usage": "Civil", "code_icao": null, "code_iata": null, "surface_ha": 5.2, "peb": false, "peb_arrete": null}, "geometry": {"type": "Point", "coordinates": [4.819036, 47.309491]}}, {"type": "Feature", "properties": {"nom": "Base Ulm de Yenne", "categorie": "local", "nature": "aerodrome", "usage": "Civil", "code_icao": null, "code_iata": null, "surface_ha": 5.0, "peb": false, "peb_arrete": null}, "geometry": {"type": "Point", "coordinates": [5.778597, 45.712959]}}, {"type": "Feature", "properties": {"nom": "Aérodrome de Peyrelevade", "categorie": "local", "nature": "aerodrome", "usage": "Privé", "code_icao": null, "code_iata": null, "surface_ha": 4.9, "peb": false, "peb_arrete": null}, "geometry": {"type": "Point", "coordinates": [2.032877, 45.707893]}}, {"type": "Feature", "properties": {"nom": "Aérodrome de Marignane-Berre", "categorie": "international", "nature": "aerodrome", "usage": "Civil", "code_icao": "LFTB", "code_iata": null, "surface_ha": 4.8, "peb": false, "peb_arrete": null}, "geometry": {"type": "Point", "coordinates": [5.211884, 43.444317]}}, {"type": "Feature", "properties": {"nom": "Aérodrome Privé les Ailes de la Côtière", "categorie": "local", "nature": "aerodrome", "usage": "Civil", "code_icao": null, "code_iata": null, "surface_ha": 4.7, "peb": false, "peb_arrete": null}, "geometry": {"type": "Point", "coordinates": [5.285929, 46.09635]}}, {"type": "Feature", "properties": {"nom": "Altiport de Méribel", "categorie": "national", "nature": "aerodrome", "usage": "Civil", "code_icao": "LFKX", "code_iata": "MFX", "surface_ha": 4.5, "peb": false, "peb_arrete": null}, "geometry": {"type": "Point", "coordinates": [6.577421, 45.407981]}}, {"type": "Feature", "properties": {"nom": "Altisurface d'Aix-en-Diois", "categorie": "local", "nature": "altiport", "usage": "Privé", "code_icao": null, "code_iata": null, "surface_ha": 4.4, "peb": false, "peb_arrete": null}, "geometry": {"type": "Point", "coordinates": [5.409415, 44.687537]}}, {"type": "Feature", "properties": {"nom": "Aérodrome d'Albé", "categorie": "local", "nature": "aerodrome", "usage": "Civil", "code_icao": null, "code_iata": null, "surface_ha": 4.0, "peb": false, "peb_arrete": null}, "geometry": {"type": "Point", "coordinates": [7.33041, 48.349092]}}, {"type": "Feature", "properties": {"nom": "Crête de Brouffiers", "categorie": "local", "nature": "altiport", "usage": "Civil", "code_icao": null, "code_iata": null, "surface_ha": 3.9, "peb": false, "peb_arrete": null}, "geometry": {"type": "Point", "coordinates": [5.883528, 45.038999]}}, {"type": "Feature", "properties": {"nom": "Aérodrome d'Augignac", "categorie": "local", "nature": "aerodrome", "usage": "Privé", "code_icao": null, "code_iata": null, "surface_ha": 3.5, "peb": false, "peb_arrete": null}, "geometry": {"type": "Point", "coordinates": [0.704068, 45.562886]}}, {"type": "Feature", "properties": {"nom": null, "categorie": "local", "nature": "aerodrome", "usage": "Civil", "code_icao": null, "code_iata": null, "surface_ha": 3.3, "peb": false, "peb_arrete": null}, "geometry": {"type": "Point", "coordinates": [-1.427254, 46.363532]}}, {"type": "Feature", "properties": {"nom": "Aérodrome de Saint-Jean-d'Avelanne", "categorie": "national", "nature": "aerodrome", "usage": "Civil", "code_icao": "LFKH", "code_iata": null, "surface_ha": 3.2, "peb": false, "peb_arrete": null}, "geometry": {"type": "Point", "coordinates": [5.679104, 45.515527]}}, {"type": "Feature", "properties": {"nom": "Altiport de Corlier", "categorie": "local", "nature": "aerodrome", "usage": "Civil", "code_icao": "LFJD", "code_iata": null, "surface_ha": 3.2, "peb": false, "peb_arrete": null}, "geometry": {"type": "Point", "coordinates": [5.494984, 46.040477]}}, {"type": "Feature", "properties": {"nom": null, "categorie": "local", "nature": "aerodrome", "usage": "Privé", "code_icao": null, "code_iata": null, "surface_ha": 3.1, "peb": false, "peb_arrete": null}, "geometry": {"type": "Point", "coordinates": [5.100677, 49.361095]}}, {"type": "Feature", "properties": {"nom": null, "categorie": "local", "nature": "aerodrome", "usage": "Privé", "code_icao": null, "code_iata": null, "surface_ha": 3.1, "peb": false, "peb_arrete": null}, "geometry": {"type": "Point", "coordinates": [5.818048, 45.962305]}}, {"type": "Feature", "properties": {"nom": "Aérodrome de Saint-Romain", "categorie": "local", "nature": "aerodrome", "usage": "Civil", "code_icao": null, "code_iata": null, "surface_ha": 3.0, "peb": false, "peb_arrete": null}, "geometry": {"type": "Point", "coordinates": [4.6993, 47.016386]}}, {"type": "Feature", "properties": {"nom": "Altiport de la Motte-Chalancon", "categorie": "local", "nature": "altiport", "usage": "Civil", "code_icao": "LFJE", "code_iata": null, "surface_ha": 3.0, "peb": false, "peb_arrete": null}, "geometry": {"type": "Point", "coordinates": [5.402535, 44.495422]}}, {"type": "Feature", "properties": {"nom": null, "categorie": "local", "nature": "aerodrome", "usage": "Civil", "code_icao": null, "code_iata": null, "surface_ha": 3.0, "peb": false, "peb_arrete": null}, "geometry": {"type": "Point", "coordinates": [6.446077, 46.293226]}}, {"type": "Feature", "properties": {"nom": "Aérodrome de Calviac", "categorie": "local", "nature": "aerodrome", "usage": "Privé", "code_icao": null, "code_iata": null, "surface_ha": 2.7, "peb": false, "peb_arrete": null}, "geometry": {"type": "Point", "coordinates": [2.068364, 44.926466]}}, {"type": "Feature", "properties": {"nom": "Aérodrome d'Eyrignac", "categorie": "local", "nature": "aerodrome", "usage": "Privé", "code_icao": null, "code_iata": null, "surface_ha": 2.3, "peb": false, "peb_arrete": null}, "geometry": {"type": "Point", "coordinates": [1.312056, 44.943048]}}, {"type": "Feature", "properties": {"nom": null, "categorie": "local", "nature": "aerodrome", "usage": "Privé", "code_icao": null, "code_iata": null, "surface_ha": 2.0, "peb": false, "peb_arrete": null}, "geometry": {"type": "Point", "coordinates": [1.250691, 44.966875]}}, {"type": "Feature", "properties": {"nom": null, "categorie": "local", "nature": "aerodrome", "usage": "Civil", "code_icao": null, "code_iata": null, "surface_ha": 1.8, "peb": false, "peb_arrete": null}, "geometry": {"type": "Point", "coordinates": [3.033763, 43.399338]}}, {"type": "Feature", "properties": {"nom": "Altisurface de Mens", "categorie": "local", "nature": "altiport", "usage": "Civil", "code_icao": null, "code_iata": null, "surface_ha": 1.8, "peb": false, "peb_arrete": null}, "geometry": {"type": "Point", "coordinates": [5.755106, 44.805125]}}, {"type": "Feature", "properties": {"nom": "Aérodrome de Malaussanne", "categorie": "local", "nature": "aerodrome", "usage": "Privé", "code_icao": null, "code_iata": null, "surface_ha": 1.6, "peb": false, "peb_arrete": null}, "geometry": {"type": "Point", "coordinates": [-0.47602, 43.568733]}}, {"type": "Feature", "properties": {"nom": "Base U.L.M. d'Avernes", "categorie": "local", "nature": "aerodrome", "usage": "Civil", "code_icao": null, "code_iata": null, "surface_ha": 1.6, "peb": false, "peb_arrete": null}, "geometry": {"type": "Point", "coordinates": [1.879148, 49.105721]}}, {"type": "Feature", "properties": {"nom": "Hélistation de Narbonne", "categorie": "local", "nature": "heliport", "usage": "Civil", "code_icao": null, "code_iata": null, "surface_ha": 1.5, "peb": false, "peb_arrete": null}, "geometry": {"type": "Point", "coordinates": [2.993295, 43.173099]}}, {"type": "Feature", "properties": {"nom": "Altisurface du Col de Belledonne", "categorie": "local", "nature": "altiport", "usage": "Civil", "code_icao": null, "code_iata": null, "surface_ha": 1.3, "peb": false, "peb_arrete": null}, "geometry": {"type": "Point", "coordinates": [5.981803, 45.164682]}}, {"type": "Feature", "properties": {"nom": "Centre Ulm les Noyers", "categorie": "local", "nature": "aerodrome", "usage": "Privé", "code_icao": null, "code_iata": null, "surface_ha": 1.1, "peb": false, "peb_arrete": null}, "geometry": {"type": "Point", "coordinates": [1.662031, 49.259628]}}, {"type": "Feature", "properties": {"nom": null, "categorie": "local", "nature": "aerodrome", "usage": "Privé", "code_icao": "LFKK", "code_iata": null, "surface_ha": 1.1, "peb": false, "peb_arrete": null}, "geometry": {"type": "Point", "coordinates": [5.764025, 44.793796]}}, {"type": "Feature", "properties": {"nom": "Altisurface de Valberg", "categorie": "local", "nature": "altiport", "usage": "Civil", "code_icao": null, "code_iata": null, "surface_ha": 1.0, "peb": false, "peb_arrete": null}, "geometry": {"type": "Point", "coordinates": [6.939664, 44.106579]}}, {"type": "Feature", "properties": {"nom": null, "categorie": "local", "nature": "heliport", "usage": "Militaire", "code_icao": null, "code_iata": null, "surface_ha": 0.9, "peb": false, "peb_arrete": null}, "geometry": {"type": "Point", "coordinates": [4.365115, 49.130264]}}, {"type": "Feature", "properties": {"nom": "Altisurface du Col de Sarenne", "categorie": "local", "nature": "altiport", "usage": "Civil", "code_icao": null, "code_iata": null, "surface_ha": 0.9, "peb": false, "peb_arrete": null}, "geometry": {"type": "Point", "coordinates": [6.144462, 45.084343]}}, {"type": "Feature", "properties": {"nom": null, "categorie": "local", "nature": "aerodrome", "usage": "Privé", "code_icao": null, "code_iata": null, "surface_ha": 0.8, "peb": false, "peb_arrete": null}, "geometry": {"type": "Point", "coordinates": [0.580869, 48.300683]}}, {"type": "Feature", "properties": {"nom": "Altisurface le Grand Terrus", "categorie": "local", "nature": "altiport", "usage": "Civil", "code_icao": null, "code_iata": null, "surface_ha": 0.8, "peb": false, "peb_arrete": null}, "geometry": {"type": "Point", "coordinates": [5.643374, 44.421911]}}, {"type": "Feature", "properties": {"nom": "Héliport de Lyon-Saint-Exupéry", "categorie": "local", "nature": "heliport", "usage": "Civil", "code_icao": null, "code_iata": null, "surface_ha": 0.7, "peb": false, "peb_arrete": null}, "geometry": {"type": "Point", "coordinates": [5.081948, 45.726889]}}, {"type": "Feature", "properties": {"nom": "Altisurface de Cipières Alpes d'Azur", "categorie": "local", "nature": "altiport", "usage": "Civil", "code_icao": null, "code_iata": null, "surface_ha": 0.7, "peb": false, "peb_arrete": null}, "geometry": {"type": "Point", "coordinates": [6.865112, 43.779405]}}, {"type": "Feature", "properties": {"nom": "Altisurface de Castillon de la Laquette", "categorie": "local", "nature": "altiport", "usage": "Civil", "code_icao": null, "code_iata": null, "surface_ha": 0.6, "peb": false, "peb_arrete": null}, "geometry": {"type": "Point", "coordinates": [0.101124, 42.896304]}}, {"type": "Feature", "properties": {"nom": null, "categorie": "local", "nature": "heliport", "usage": "Militaire", "code_icao": null, "code_iata": null, "surface_ha": 0.6, "peb": false, "peb_arrete": null}, "geometry": {"type": "Point", "coordinates": [8.763744, 41.923311]}}, {"type": "Feature", "properties": {"nom": "Aérodrome Militaire (Gendarmerie Héliportée)", "categorie": "national", "nature": "aerodrome", "usage": "Militaire", "code_icao": null, "code_iata": null, "surface_ha": 0.6, "peb": false, "peb_arrete": null}, "geometry": {"type": "Point", "coordinates": [2.07092, 45.42035]}}, {"type": "Feature", "properties": {"nom": "Altisurface de Faucon", "categorie": "local", "nature": "altiport", "usage": "Civil", "code_icao": null, "code_iata": null, "surface_ha": 0.6, "peb": false, "peb_arrete": null}, "geometry": {"type": "Point", "coordinates": [5.308712, 44.537277]}}, {"type": "Feature", "properties": {"nom": null, "categorie": "local", "nature": "altiport", "usage": "Civil", "code_icao": null, "code_iata": null, "surface_ha": 0.5, "peb": false, "peb_arrete": null}, "geometry": {"type": "Point", "coordinates": [6.542555, 47.959316]}}, {"type": "Feature", "properties": {"nom": "Altisurface Isola 2000", "categorie": "local", "nature": "altiport", "usage": "Civil", "code_icao": null, "code_iata": null, "surface_ha": 0.5, "peb": false, "peb_arrete": null}, "geometry": {"type": "Point", "coordinates": [7.162663, 44.173447]}}, {"type": "Feature", "properties": {"nom": null, "categorie": "local", "nature": "heliport", "usage": "Civil", "code_icao": null, "code_iata": null, "surface_ha": 0.5, "peb": false, "peb_arrete": null}, "geometry": {"type": "Point", "coordinates": [6.58582, 48.009864]}}, {"type": "Feature", "properties": {"nom": "Guéret Centre Hospitalier", "categorie": "local", "nature": "heliport", "usage": "Civil", "code_icao": null, "code_iata": null, "surface_ha": 0.5, "peb": false, "peb_arrete": null}, "geometry": {"type": "Point", "coordinates": [1.868716, 46.161148]}}, {"type": "Feature", "properties": {"nom": null, "categorie": "local", "nature": "heliport", "usage": "Civil", "code_icao": null, "code_iata": null, "surface_ha": 0.4, "peb": false, "peb_arrete": null}, "geometry": {"type": "Point", "coordinates": [5.936812, 44.198847]}}, {"type": "Feature", "properties": {"nom": "Monaco Hélistation", "categorie": "local", "nature": "heliport", "usage": "Civil", "code_icao": null, "code_iata": null, "surface_ha": 0.4, "peb": false, "peb_arrete": null}, "geometry": {"type": "Point", "coordinates": [7.419921, 43.725986]}}, {"type": "Feature", "properties": {"nom": null, "categorie": "local", "nature": "heliport", "usage": "Civil", "code_icao": null, "code_iata": null, "surface_ha": 0.3, "peb": false, "peb_arrete": null}, "geometry": {"type": "Point", "coordinates": [4.018074, 49.21765]}}, {"type": "Feature", "properties": {"nom": null, "categorie": "local", "nature": "heliport", "usage": "Civil", "code_icao": null, "code_iata": null, "surface_ha": 0.2, "peb": false, "peb_arrete": null}, "geometry": {"type": "Point", "coordinates": [-0.55954, 42.820774]}}, {"type": "Feature", "properties": {"nom": null, "categorie": "local", "nature": "heliport", "usage": "Civil", "code_icao": null, "code_iata": null, "surface_ha": 0.2, "peb": false, "peb_arrete": null}, "geometry": {"type": "Point", "coordinates": [-1.732058, 48.064718]}}, {"type": "Feature", "properties": {"nom": null, "categorie": "local", "nature": "heliport", "usage": "Civil", "code_icao": null, "code_iata": null, "surface_ha": 0.2, "peb": false, "peb_arrete": null}, "geometry": {"type": "Point", "coordinates": [8.771382, 41.94506]}}, {"type": "Feature", "properties": {"nom": "Héliport des Deux Alpes", "categorie": "local", "nature": "heliport", "usage": "Civil", "code_icao": null, "code_iata": null, "surface_ha": 0.2, "peb": false, "peb_arrete": null}, "geometry": {"type": "Point", "coordinates": [6.121094, 45.024734]}}, {"type": "Feature", "properties": {"nom": "Hélistation de Pau - Centre Hospitalier", "categorie": "local", "nature": "heliport", "usage": "Civil", "code_icao": null, "code_iata": null, "surface_ha": 0.2, "peb": false, "peb_arrete": null}, "geometry": {"type": "Point", "coordinates": [-0.350708, 43.327952]}}, {"type": "Feature", "properties": {"nom": "Altisurface d'Artigues", "categorie": "local", "nature": "altiport", "usage": "Civil", "code_icao": null, "code_iata": null, "surface_ha": 0.2, "peb": false, "peb_arrete": null}, "geometry": {"type": "Point", "coordinates": [-0.002889, 43.072671]}}, {"type": "Feature", "properties": {"nom": "Héliport du Centre Hospitalier de Besançon", "categorie": "local", "nature": "heliport", "usage": "Civil", "code_icao": null, "code_iata": null, "surface_ha": 0.2, "peb": false, "peb_arrete": null}, "geometry": {"type": "Point", "coordinates": [5.964059, 47.225687]}}, {"type": "Feature", "properties": {"nom": "Héliport de Bordeaux Robert Picqué Hopital Militaire", "categorie": "local", "nature": "heliport", "usage": "Civil", "code_icao": null, "code_iata": null, "surface_ha": 0.2, "peb": false, "peb_arrete": null}, "geometry": {"type": "Point", "coordinates": [-0.574541, 44.799946]}}, {"type": "Feature", "properties": {"nom": null, "categorie": "local", "nature": "aerodrome", "usage": "Civil", "code_icao": null, "code_iata": null, "surface_ha": 0.2, "peb": false, "peb_arrete": null}, "geometry": {"type": "Point", "coordinates": [4.535663, 44.765213]}}, {"type": "Feature", "properties": {"nom": "Héliport du Centre Hospitalier", "categorie": "local", "nature": "heliport", "usage": "Civil", "code_icao": null, "code_iata": null, "surface_ha": 0.2, "peb": false, "peb_arrete": null}, "geometry": {"type": "Point", "coordinates": [3.091851, 45.757087]}}, {"type": "Feature", "properties": {"nom": null, "categorie": "local", "nature": "heliport", "usage": "Civil", "code_icao": null, "code_iata": null, "surface_ha": 0.2, "peb": false, "peb_arrete": null}, "geometry": {"type": "Point", "coordinates": [2.065357, 48.815279]}}, {"type": "Feature", "properties": {"nom": "Héliport du Centre de Surveillance Maritime", "categorie": "local", "nature": "heliport", "usage": "Civil", "code_icao": null, "code_iata": null, "surface_ha": 0.2, "peb": false, "peb_arrete": null}, "geometry": {"type": "Point", "coordinates": [-1.909735, 49.684772]}}, {"type": "Feature", "properties": {"nom": null, "categorie": "local", "nature": "heliport", "usage": "Civil", "code_icao": null, "code_iata": null, "surface_ha": 0.1, "peb": false, "peb_arrete": null}, "geometry": {"type": "Point", "coordinates": [7.21448, 43.651169]}}, {"type": "Feature", "properties": {"nom": null, "categorie": "local", "nature": "heliport", "usage": "Civil", "code_icao": null, "code_iata": null, "surface_ha": 0.1, "peb": false, "peb_arrete": null}, "geometry": {"type": "Point", "coordinates": [7.155549, 44.187539]}}, {"type": "Feature", "properties": {"nom": null, "categorie": "local", "nature": "heliport", "usage": "Civil", "code_icao": null, "code_iata": null, "surface_ha": 0.1, "peb": false, "peb_arrete": null}, "geometry": {"type": "Point", "coordinates": [4.787322, 44.571135]}}, {"type": "Feature", "properties": {"nom": null, "categorie": "local", "nature": "heliport", "usage": "Civil", "code_icao": null, "code_iata": null, "surface_ha": 0.1, "peb": false, "peb_arrete": null}, "geometry": {"type": "Point", "coordinates": [3.709241, 43.930745]}}, {"type": "Feature", "properties": {"nom": null, "categorie": "local", "nature": "heliport", "usage": "Civil", "code_icao": null, "code_iata": null, "surface_ha": 0.1, "peb": false, "peb_arrete": null}, "geometry": {"type": "Point", "coordinates": [2.882431, 42.707637]}}, {"type": "Feature", "properties": {"nom": null, "categorie": "local", "nature": "heliport", "usage": "Civil", "code_icao": null, "code_iata": null, "surface_ha": 0.1, "peb": false, "peb_arrete": null}, "geometry": {"type": "Point", "coordinates": [3.45376, 46.821566]}}, {"type": "Feature", "properties": {"nom": null, "categorie": "local", "nature": "heliport", "usage": "Civil", "code_icao": null, "code_iata": null, "surface_ha": 0.1, "peb": false, "peb_arrete": null}, "geometry": {"type": "Point", "coordinates": [3.655321, 43.400457]}}, {"type": "Feature", "properties": {"nom": null, "categorie": "local", "nature": "heliport", "usage": "Militaire", "code_icao": null, "code_iata": null, "surface_ha": 0.1, "peb": false, "peb_arrete": null}, "geometry": {"type": "Point", "coordinates": [6.187969, 49.113227]}}, {"type": "Feature", "properties": {"nom": null, "categorie": "local", "nature": "heliport", "usage": "Civil", "code_icao": null, "code_iata": null, "surface_ha": 0.1, "peb": false, "peb_arrete": null}, "geometry": {"type": "Point", "coordinates": [4.892254, 45.740563]}}, {"type": "Feature", "properties": {"nom": null, "categorie": "local", "nature": "heliport", "usage": "Civil", "code_icao": null, "code_iata": null, "surface_ha": 0.1, "peb": false, "peb_arrete": null}, "geometry": {"type": "Point", "coordinates": [3.306963, 48.545728]}}, {"type": "Feature", "properties": {"nom": null, "categorie": "local", "nature": "heliport", "usage": "Civil", "code_icao": null, "code_iata": null, "surface_ha": 0.1, "peb": false, "peb_arrete": null}, "geometry": {"type": "Point", "coordinates": [6.226408, 49.418497]}}, {"type": "Feature", "properties": {"nom": null, "categorie": "local", "nature": "heliport", "usage": "Militaire", "code_icao": null, "code_iata": null, "surface_ha": 0.1, "peb": false, "peb_arrete": null}, "geometry": {"type": "Point", "coordinates": [4.755605, 49.272188]}}, {"type": "Feature", "properties": {"nom": null, "categorie": "local", "nature": "heliport", "usage": "Civil", "code_icao": null, "code_iata": null, "surface_ha": 0.1, "peb": false, "peb_arrete": null}, "geometry": {"type": "Point", "coordinates": [2.76005, 50.297001]}}, {"type": "Feature", "properties": {"nom": null, "categorie": "local", "nature": "heliport", "usage": "Civil", "code_icao": null, "code_iata": null, "surface_ha": 0.1, "peb": false, "peb_arrete": null}, "geometry": {"type": "Point", "coordinates": [3.545397, 43.320711]}}, {"type": "Feature", "properties": {"nom": null, "categorie": "local", "nature": "heliport", "usage": "Privé", "code_icao": null, "code_iata": null, "surface_ha": 0.1, "peb": false, "peb_arrete": null}, "geometry": {"type": "Point", "coordinates": [3.293208, 44.564438]}}, {"type": "Feature", "properties": {"nom": null, "categorie": "local", "nature": "heliport", "usage": "Privé", "code_icao": null, "code_iata": null, "surface_ha": 0.1, "peb": false, "peb_arrete": null}, "geometry": {"type": "Point", "coordinates": [1.340496, 47.617283]}}, {"type": "Feature", "properties": {"nom": null, "categorie": "local", "nature": "heliport", "usage": "Civil", "code_icao": null, "code_iata": null, "surface_ha": 0.1, "peb": false, "peb_arrete": null}, "geometry": {"type": "Point", "coordinates": [3.153269, 45.780034]}}, {"type": "Feature", "properties": {"nom": null, "categorie": "local", "nature": "heliport", "usage": "Civil", "code_icao": null, "code_iata": null, "surface_ha": 0.1, "peb": false, "peb_arrete": null}, "geometry": {"type": "Point", "coordinates": [1.6871, 42.790869]}}, {"type": "Feature", "properties": {"nom": null, "categorie": "local", "nature": "heliport", "usage": "Civil", "code_icao": null, "code_iata": null, "surface_ha": 0.1, "peb": false, "peb_arrete": null}, "geometry": {"type": "Point", "coordinates": [2.356258, 48.809565]}}, {"type": "Feature", "properties": {"nom": null, "categorie": "local", "nature": "heliport", "usage": "Civil", "code_icao": null, "code_iata": null, "surface_ha": 0.1, "peb": false, "peb_arrete": null}, "geometry": {"type": "Point", "coordinates": [0.014406, 47.093063]}}, {"type": "Feature", "properties": {"nom": "Hélistation de Beauvoir-sur-Mer", "categorie": "local", "nature": "heliport", "usage": "Civil", "code_icao": null, "code_iata": null, "surface_ha": 0.1, "peb": false, "peb_arrete": null}, "geometry": {"type": "Point", "coordinates": [-2.08819, 46.890146]}}, {"type": "Feature", "properties": {"nom": null, "categorie": "local", "nature": "heliport", "usage": "Civil", "code_icao": null, "code_iata": null, "surface_ha": 0.1, "peb": false, "peb_arrete": null}, "geometry": {"type": "Point", "coordinates": [2.780745, 48.741448]}}, {"type": "Feature", "properties": {"nom": null, "categorie": "local", "nature": "heliport", "usage": "Militaire", "code_icao": null, "code_iata": null, "surface_ha": 0.1, "peb": false, "peb_arrete": null}, "geometry": {"type": "Point", "coordinates": [9.53709, 42.181645]}}, {"type": "Feature", "properties": {"nom": null, "categorie": "local", "nature": "heliport", "usage": "Privé", "code_icao": null, "code_iata": null, "surface_ha": 0.1, "peb": false, "peb_arrete": null}, "geometry": {"type": "Point", "coordinates": [2.842129, 50.523432]}}, {"type": "Feature", "properties": {"nom": "Hélisurface de Die", "categorie": "local", "nature": "heliport", "usage": "Civil", "code_icao": null, "code_iata": null, "surface_ha": 0.1, "peb": false, "peb_arrete": null}, "geometry": {"type": "Point", "coordinates": [5.352753, 44.766085]}}, {"type": "Feature", "properties": {"nom": "Hélistation Hôpital Nord", "categorie": "local", "nature": "heliport", "usage": "Civil", "code_icao": null, "code_iata": null, "surface_ha": 0.1, "peb": false, "peb_arrete": null}, "geometry": {"type": "Point", "coordinates": [4.362053, 45.482866]}}, {"type": "Feature", "properties": {"nom": null, "categorie": "local", "nature": "heliport", "usage": "Civil", "code_icao": null, "code_iata": null, "surface_ha": 0.1, "peb": false, "peb_arrete": null}, "geometry": {"type": "Point", "coordinates": [3.96828, 43.576202]}}, {"type": "Feature", "properties": {"nom": null, "categorie": "local", "nature": "heliport", "usage": "Civil", "code_icao": null, "code_iata": null, "surface_ha": 0.1, "peb": false, "peb_arrete": null}, "geometry": {"type": "Point", "coordinates": [2.068464, 49.449351]}}, {"type": "Feature", "properties": {"nom": null, "categorie": "local", "nature": "heliport", "usage": "Civil", "code_icao": null, "code_iata": null, "surface_ha": 0.1, "peb": false, "peb_arrete": null}, "geometry": {"type": "Point", "coordinates": [-4.529436, 48.403299]}}, {"type": "Feature", "properties": {"nom": null, "categorie": "local", "nature": "heliport", "usage": "Privé", "code_icao": null, "code_iata": null, "surface_ha": 0.1, "peb": false, "peb_arrete": null}, "geometry": {"type": "Point", "coordinates": [-0.263228, 47.779182]}}, {"type": "Feature", "properties": {"nom": "Vienne Reventin", "categorie": "local", "nature": "heliport", "usage": "Civil", "code_icao": "LFHH", "code_iata": null, "surface_ha": 0.1, "peb": true, "peb_arrete": "http://piece-jointe-carto.developpement-durable.gouv.fr/NAT003/PEB/PEB_LFHH_15_11_2010.pdf"}, "geometry": {"type": "Point", "coordinates": [4.87861, 45.532853]}}, {"type": "Feature", "properties": {"nom": "Hélistation de l'Hôpital d'Avranches", "categorie": "local", "nature": "heliport", "usage": "Civil", "code_icao": null, "code_iata": null, "surface_ha": 0.1, "peb": false, "peb_arrete": null}, "geometry": {"type": "Point", "coordinates": [-1.350949, 48.694635]}}, {"type": "Feature", "properties": {"nom": null, "categorie": "local", "nature": "heliport", "usage": "Civil", "code_icao": null, "code_iata": null, "surface_ha": 0.1, "peb": false, "peb_arrete": null}, "geometry": {"type": "Point", "coordinates": [4.875547, 45.794661]}}, {"type": "Feature", "properties": {"nom": null, "categorie": "local", "nature": "heliport", "usage": "Civil", "code_icao": null, "code_iata": null, "surface_ha": 0.1, "peb": false, "peb_arrete": null}, "geometry": {"type": "Point", "coordinates": [2.791462, 49.386739]}}, {"type": "Feature", "properties": {"nom": null, "categorie": "local", "nature": "heliport", "usage": "Civil", "code_icao": null, "code_iata": null, "surface_ha": 0.1, "peb": false, "peb_arrete": null}, "geometry": {"type": "Point", "coordinates": [2.769892, 48.84864]}}, {"type": "Feature", "properties": {"nom": null, "categorie": "local", "nature": "heliport", "usage": "Civil", "code_icao": null, "code_iata": null, "surface_ha": 0.1, "peb": false, "peb_arrete": null}, "geometry": {"type": "Point", "coordinates": [2.203671, 51.026854]}}, {"type": "Feature", "properties": {"nom": "Hélistation Strasbourg Nouvel Hôpital Civil", "categorie": "local", "nature": "heliport", "usage": "Civil", "code_icao": null, "code_iata": null, "surface_ha": 0.1, "peb": false, "peb_arrete": null}, "geometry": {"type": "Point", "coordinates": [7.7406, 48.57575]}}, {"type": "Feature", "properties": {"nom": "Manosque Centre Hospitalier", "categorie": "local", "nature": "heliport", "usage": "Civil", "code_icao": null, "code_iata": null, "surface_ha": 0.1, "peb": false, "peb_arrete": null}, "geometry": {"type": "Point", "coordinates": [5.80602, 43.828108]}}, {"type": "Feature", "properties": {"nom": null, "categorie": "local", "nature": "heliport", "usage": "Civil", "code_icao": null, "code_iata": null, "surface_ha": 0.1, "peb": false, "peb_arrete": null}, "geometry": {"type": "Point", "coordinates": [7.410104, 43.729368]}}, {"type": "Feature", "properties": {"nom": null, "categorie": "local", "nature": "heliport", "usage": "Civil", "code_icao": null, "code_iata": null, "surface_ha": 0.1, "peb": false, "peb_arrete": null}, "geometry": {"type": "Point", "coordinates": [8.765709, 42.548822]}}, {"type": "Feature", "properties": {"nom": null, "categorie": "local", "nature": "heliport", "usage": "Civil", "code_icao": null, "code_iata": null, "surface_ha": 0.1, "peb": false, "peb_arrete": null}, "geometry": {"type": "Point", "coordinates": [2.746773, 48.009414]}}, {"type": "Feature", "properties": {"nom": null, "categorie": "local", "nature": "heliport", "usage": "Militaire", "code_icao": null, "code_iata": null, "surface_ha": 0.1, "peb": false, "peb_arrete": null}, "geometry": {"type": "Point", "coordinates": [-0.989982, 45.933054]}}, {"type": "Feature", "properties": {"nom": "Hélistation de l'Hôpital de Verneuil-sur-Avre", "categorie": "local", "nature": "heliport", "usage": "Civil", "code_icao": null, "code_iata": null, "surface_ha": 0.1, "peb": false, "peb_arrete": null}, "geometry": {"type": "Point", "coordinates": [0.892328, 48.744899]}}, {"type": "Feature", "properties": {"nom": "Hélistation de Challans", "categorie": "local", "nature": "heliport", "usage": "Civil", "code_icao": null, "code_iata": null, "surface_ha": 0.1, "peb": false, "peb_arrete": null}, "geometry": {"type": "Point", "coordinates": [-1.830613, 46.853407]}}, {"type": "Feature", "properties": {"nom": "Héliport Nancy Hôpital Central", "categorie": "local", "nature": "heliport", "usage": "Civil", "code_icao": null, "code_iata": null, "surface_ha": 0.1, "peb": false, "peb_arrete": null}, "geometry": {"type": "Point", "coordinates": [6.192474, 48.685423]}}, {"type": "Feature", "properties": {"nom": "Héliport du Centre Hospitalier Émile Durkheim", "categorie": "local", "nature": "heliport", "usage": "Civil", "code_icao": null, "code_iata": null, "surface_ha": 0.1, "peb": false, "peb_arrete": null}, "geometry": {"type": "Point", "coordinates": [6.454466, 48.181076]}}, {"type": "Feature", "properties": {"nom": "Saintes Centre Hospitalier", "categorie": "local", "nature": "heliport", "usage": "Civil", "code_icao": null, "code_iata": null, "surface_ha": 0.1, "peb": false, "peb_arrete": null}, "geometry": {"type": "Point", "coordinates": [-0.654908, 45.747772]}}, {"type": "Feature", "properties": {"nom": "Chartres Centre Hospitalier", "categorie": "local", "nature": "heliport", "usage": "Civil", "code_icao": null, "code_iata": null, "surface_ha": 0.1, "peb": false, "peb_arrete": null}, "geometry": {"type": "Point", "coordinates": [1.50467, 48.420112]}}, {"type": "Feature", "properties": {"nom": null, "categorie": "local", "nature": "heliport", "usage": "Civil", "code_icao": null, "code_iata": null, "surface_ha": 0.1, "peb": false, "peb_arrete": null}, "geometry": {"type": "Point", "coordinates": [9.42836, 42.682338]}}, {"type": "Feature", "properties": {"nom": null, "categorie": "local", "nature": "heliport", "usage": "Civil", "code_icao": null, "code_iata": null, "surface_ha": 0.1, "peb": false, "peb_arrete": null}, "geometry": {"type": "Point", "coordinates": [2.774425, 47.996723]}}, {"type": "Feature", "properties": {"nom": "Rochefort Centre Hospitalier", "categorie": "local", "nature": "heliport", "usage": "Civil", "code_icao": null, "code_iata": null, "surface_ha": 0.1, "peb": false, "peb_arrete": null}, "geometry": {"type": "Point", "coordinates": [-0.963859, 45.967936]}}, {"type": "Feature", "properties": {"nom": "Hélistation du Cham", "categorie": "local", "nature": "heliport", "usage": "Civil", "code_icao": null, "code_iata": null, "surface_ha": 0.1, "peb": false, "peb_arrete": null}, "geometry": {"type": "Point", "coordinates": [1.662955, 50.41451]}}, {"type": "Feature", "properties": {"nom": null, "categorie": "local", "nature": "heliport", "usage": "Civil", "code_icao": null, "code_iata": null, "surface_ha": 0.1, "peb": false, "peb_arrete": null}, "geometry": {"type": "Point", "coordinates": [6.967407, 45.457553]}}, {"type": "Feature", "properties": {"nom": null, "categorie": "local", "nature": "heliport", "usage": "Civil", "code_icao": null, "code_iata": null, "surface_ha": 0.1, "peb": false, "peb_arrete": null}, "geometry": {"type": "Point", "coordinates": [6.897956, 45.287514]}}, {"type": "Feature", "properties": {"nom": null, "categorie": "local", "nature": "heliport", "usage": "Civil", "code_icao": null, "code_iata": null, "surface_ha": 0.1, "peb": false, "peb_arrete": null}, "geometry": {"type": "Point", "coordinates": [3.317704, 46.317972]}}, {"type": "Feature", "properties": {"nom": null, "categorie": "local", "nature": "heliport", "usage": "Civil", "code_icao": null, "code_iata": null, "surface_ha": 0.1, "peb": false, "peb_arrete": null}, "geometry": {"type": "Point", "coordinates": [1.564288, 50.41846]}}, {"type": "Feature", "properties": {"nom": "Héliport Auch Centre Hospitalier", "categorie": "local", "nature": "heliport", "usage": "Civil", "code_icao": null, "code_iata": null, "surface_ha": 0.1, "peb": false, "peb_arrete": null}, "geometry": {"type": "Point", "coordinates": [0.573382, 43.631433]}}, {"type": "Feature", "properties": {"nom": "Saint-Avold Centre Hospitalier", "categorie": "local", "nature": "heliport", "usage": "Civil", "code_icao": null, "code_iata": null, "surface_ha": 0.1, "peb": false, "peb_arrete": null}, "geometry": {"type": "Point", "coordinates": [6.721781, 49.112121]}}, {"type": "Feature", "properties": {"nom": "Héliport de l'Hôpital Militaire", "categorie": "local", "nature": "heliport", "usage": "Militaire", "code_icao": null, "code_iata": null, "surface_ha": 0.1, "peb": false, "peb_arrete": null}, "geometry": {"type": "Point", "coordinates": [5.930223, 43.133422]}}, {"type": "Feature", "properties": {"nom": null, "categorie": "local", "nature": "heliport", "usage": "Civil", "code_icao": null, "code_iata": null, "surface_ha": 0.1, "peb": false, "peb_arrete": null}, "geometry": {"type": "Point", "coordinates": [4.018452, 49.22583]}}, {"type": "Feature", "properties": {"nom": null, "categorie": "local", "nature": "heliport", "usage": "Civil", "code_icao": null, "code_iata": null, "surface_ha": 0.1, "peb": false, "peb_arrete": null}, "geometry": {"type": "Point", "coordinates": [4.812294, 46.314449]}}, {"type": "Feature", "properties": {"nom": null, "categorie": "local", "nature": "heliport", "usage": "Civil", "code_icao": null, "code_iata": null, "surface_ha": 0.1, "peb": false, "peb_arrete": null}, "geometry": {"type": "Point", "coordinates": [2.254981, 50.703421]}}, {"type": "Feature", "properties": {"nom": null, "categorie": "local", "nature": "heliport", "usage": "Civil", "code_icao": null, "code_iata": null, "surface_ha": 0.1, "peb": false, "peb_arrete": null}, "geometry": {"type": "Point", "coordinates": [4.333874, 46.649907]}}, {"type": "Feature", "properties": {"nom": null, "categorie": "local", "nature": "heliport", "usage": "Civil", "code_icao": null, "code_iata": null, "surface_ha": 0.1, "peb": false, "peb_arrete": null}, "geometry": {"type": "Point", "coordinates": [6.171837, 44.071114]}}, {"type": "Feature", "properties": {"nom": null, "categorie": "local", "nature": "heliport", "usage": "Civil", "code_icao": null, "code_iata": null, "surface_ha": 0.1, "peb": false, "peb_arrete": null}, "geometry": {"type": "Point", "coordinates": [0.68794, 43.635429]}}, {"type": "Feature", "properties": {"nom": "Hélistation de Saint-Jean-de-Monts", "categorie": "local", "nature": "heliport", "usage": "Civil", "code_icao": null, "code_iata": null, "surface_ha": 0.1, "peb": false, "peb_arrete": null}, "geometry": {"type": "Point", "coordinates": [-2.128402, 46.813498]}}, {"type": "Feature", "properties": {"nom": null, "categorie": "local", "nature": "heliport", "usage": "Civil et militaire", "code_icao": null, "code_iata": null, "surface_ha": 0.1, "peb": false, "peb_arrete": null}, "geometry": {"type": "Point", "coordinates": [-1.695573, 48.126387]}}, {"type": "Feature", "properties": {"nom": "Aérodrome Militaire du Camp de Souge", "categorie": "local", "nature": "heliport", "usage": "Militaire", "code_icao": null, "code_iata": null, "surface_ha": 0.1, "peb": false, "peb_arrete": null}, "geometry": {"type": "Point", "coordinates": [-0.804137, 44.851438]}}, {"type": "Feature", "properties": {"nom": "Héliport de Bordeaux-Mérignac", "categorie": "local", "nature": "heliport", "usage": "Civil", "code_icao": null, "code_iata": null, "surface_ha": 0.1, "peb": false, "peb_arrete": null}, "geometry": {"type": "Point", "coordinates": [-0.69646, 44.83835]}}, {"type": "Feature", "properties": {"nom": null, "categorie": "local", "nature": "heliport", "usage": "Civil", "code_icao": null, "code_iata": null, "surface_ha": 0.1, "peb": false, "peb_arrete": null}, "geometry": {"type": "Point", "coordinates": [-0.661232, 44.784805]}}, {"type": "Feature", "properties": {"nom": "Dax - Centre Hospitalier", "categorie": "local", "nature": "heliport", "usage": "Civil", "code_icao": null, "code_iata": null, "surface_ha": 0.1, "peb": false, "peb_arrete": null}, "geometry": {"type": "Point", "coordinates": [-1.041621, 43.711228]}}, {"type": "Feature", "properties": {"nom": null, "categorie": "local", "nature": "heliport", "usage": "Privé", "code_icao": null, "code_iata": null, "surface_ha": 0.1, "peb": false, "peb_arrete": null}, "geometry": {"type": "Point", "coordinates": [-1.84054, 47.526603]}}, {"type": "Feature", "properties": {"nom": null, "categorie": "local", "nature": "heliport", "usage": "Civil", "code_icao": null, "code_iata": null, "surface_ha": 0.0, "peb": false, "peb_arrete": null}, "geometry": {"type": "Point", "coordinates": [7.052213, 48.728836]}}, {"type": "Feature", "properties": {"nom": null, "categorie": "local", "nature": "heliport", "usage": "Civil", "code_icao": null, "code_iata": null, "surface_ha": 0.0, "peb": false, "peb_arrete": null}, "geometry": {"type": "Point", "coordinates": [3.121229, 45.906869]}}, {"type": "Feature", "properties": {"nom": null, "categorie": "local", "nature": "heliport", "usage": "Privé", "code_icao": null, "code_iata": null, "surface_ha": 0.0, "peb": false, "peb_arrete": null}, "geometry": {"type": "Point", "coordinates": [1.408624, 49.097351]}}, {"type": "Feature", "properties": {"nom": null, "categorie": "local", "nature": "heliport", "usage": "Civil", "code_icao": null, "code_iata": null, "surface_ha": 0.0, "peb": false, "peb_arrete": null}, "geometry": {"type": "Point", "coordinates": [1.953126, 50.957737]}}, {"type": "Feature", "properties": {"nom": null, "categorie": "local", "nature": "heliport", "usage": "Civil", "code_icao": null, "code_iata": null, "surface_ha": 0.0, "peb": false, "peb_arrete": null}, "geometry": {"type": "Point", "coordinates": [2.040842, 49.099712]}}, {"type": "Feature", "properties": {"nom": null, "categorie": "local", "nature": "heliport", "usage": "Civil", "code_icao": null, "code_iata": null, "surface_ha": 0.0, "peb": false, "peb_arrete": null}, "geometry": {"type": "Point", "coordinates": [2.840944, 48.883807]}}, {"type": "Feature", "properties": {"nom": null, "categorie": "national", "nature": "heliport", "usage": "Privé", "code_icao": null, "code_iata": null, "surface_ha": 0.0, "peb": false, "peb_arrete": null}, "geometry": {"type": "Point", "coordinates": [1.834798, 50.133831]}}, {"type": "Feature", "properties": {"nom": null, "categorie": "local", "nature": "heliport", "usage": "Civil", "code_icao": null, "code_iata": null, "surface_ha": 0.0, "peb": false, "peb_arrete": null}, "geometry": {"type": "Point", "coordinates": [7.932475, 49.042387]}}, {"type": "Feature", "properties": {"nom": null, "categorie": "local", "nature": "heliport", "usage": "Civil", "code_icao": null, "code_iata": null, "surface_ha": 0.0, "peb": false, "peb_arrete": null}, "geometry": {"type": "Point", "coordinates": [3.513219, 50.37431]}}, {"type": "Feature", "properties": {"nom": null, "categorie": "local", "nature": "heliport", "usage": "Civil", "code_icao": null, "code_iata": null, "surface_ha": 0.0, "peb": false, "peb_arrete": null}, "geometry": {"type": "Point", "coordinates": [2.784477, 48.86122]}}, {"type": "Feature", "properties": {"nom": null, "categorie": "national", "nature": "heliport", "usage": "Civil", "code_icao": null, "code_iata": null, "surface_ha": 0.0, "peb": false, "peb_arrete": null}, "geometry": {"type": "Point", "coordinates": [0.696662, 46.978276]}}, {"type": "Feature", "properties": {"nom": null, "categorie": "national", "nature": "heliport", "usage": "Civil et militaire", "code_icao": null, "code_iata": null, "surface_ha": 0.0, "peb": false, "peb_arrete": null}, "geometry": {"type": "Point", "coordinates": [7.311684, 44.011659]}}, {"type": "Feature", "properties": {"nom": null, "categorie": "local", "nature": "heliport", "usage": "Privé", "code_icao": null, "code_iata": null, "surface_ha": 0.0, "peb": false, "peb_arrete": null}, "geometry": {"type": "Point", "coordinates": [6.045838, 46.234926]}}, {"type": "Feature", "properties": {"nom": null, "categorie": "local", "nature": "heliport", "usage": "Civil", "code_icao": null, "code_iata": null, "surface_ha": 0.0, "peb": false, "peb_arrete": null}, "geometry": {"type": "Point", "coordinates": [2.703839, 48.262287]}}, {"type": "Feature", "properties": {"nom": null, "categorie": "local", "nature": "heliport", "usage": "Civil", "code_icao": null, "code_iata": null, "surface_ha": 0.0, "peb": false, "peb_arrete": null}, "geometry": {"type": "Point", "coordinates": [3.094605, 48.826018]}}, {"type": "Feature", "properties": {"nom": null, "categorie": "local", "nature": "heliport", "usage": "Civil", "code_icao": null, "code_iata": null, "surface_ha": 0.0, "peb": false, "peb_arrete": null}, "geometry": {"type": "Point", "coordinates": [3.960184, 43.573945]}}, {"type": "Feature", "properties": {"nom": null, "categorie": "national", "nature": "heliport", "usage": "Civil", "code_icao": null, "code_iata": null, "surface_ha": 0.0, "peb": false, "peb_arrete": null}, "geometry": {"type": "Point", "coordinates": [1.453733, 50.108967]}}, {"type": "Feature", "properties": {"nom": null, "categorie": "local", "nature": "heliport", "usage": "Civil et militaire", "code_icao": null, "code_iata": null, "surface_ha": 0.0, "peb": false, "peb_arrete": null}, "geometry": {"type": "Point", "coordinates": [7.048883, 49.048543]}}, {"type": "Feature", "properties": {"nom": null, "categorie": "local", "nature": "heliport", "usage": "Civil", "code_icao": null, "code_iata": null, "surface_ha": 0.0, "peb": false, "peb_arrete": null}, "geometry": {"type": "Point", "coordinates": [2.948227, 50.435237]}}, {"type": "Feature", "properties": {"nom": null, "categorie": "local", "nature": "heliport", "usage": "Civil", "code_icao": null, "code_iata": null, "surface_ha": 0.0, "peb": false, "peb_arrete": null}, "geometry": {"type": "Point", "coordinates": [-0.938045, 45.30272]}}, {"type": "Feature", "properties": {"nom": null, "categorie": "local", "nature": "heliport", "usage": "Privé", "code_icao": null, "code_iata": null, "surface_ha": 0.0, "peb": false, "peb_arrete": null}, "geometry": {"type": "Point", "coordinates": [2.451536, 48.992067]}}, {"type": "Feature", "properties": {"nom": null, "categorie": "local", "nature": "heliport", "usage": "Civil", "code_icao": null, "code_iata": null, "surface_ha": 0.0, "peb": false, "peb_arrete": null}, "geometry": {"type": "Point", "coordinates": [-2.75089, 48.490928]}}, {"type": "Feature", "properties": {"nom": "Hélisurface de Châtillon-en-Diois", "categorie": "local", "nature": "heliport", "usage": "Civil", "code_icao": null, "code_iata": null, "surface_ha": 0.0, "peb": false, "peb_arrete": null}, "geometry": {"type": "Point", "coordinates": [5.478275, 44.691776]}}, {"type": "Feature", "properties": {"nom": null, "categorie": "local", "nature": "heliport", "usage": "Civil", "code_icao": null, "code_iata": null, "surface_ha": 0.0, "peb": false, "peb_arrete": null}, "geometry": {"type": "Point", "coordinates": [6.930147, 45.46756]}}, {"type": "Feature", "properties": {"nom": null, "categorie": "local", "nature": "heliport", "usage": "Militaire", "code_icao": null, "code_iata": null, "surface_ha": 0.0, "peb": false, "peb_arrete": null}, "geometry": {"type": "Point", "coordinates": [4.344808, 49.14054]}}, {"type": "Feature", "properties": {"nom": "Hélisurface de Coise-Saint-Jean-Pied-Gauthie", "categorie": "local", "nature": "heliport", "usage": "Privé", "code_icao": null, "code_iata": null, "surface_ha": 0.0, "peb": false, "peb_arrete": null}, "geometry": {"type": "Point", "coordinates": [6.153055, 45.532896]}}, {"type": "Feature", "properties": {"nom": null, "categorie": "local", "nature": "heliport", "usage": "Civil", "code_icao": null, "code_iata": null, "surface_ha": 0.0, "peb": false, "peb_arrete": null}, "geometry": {"type": "Point", "coordinates": [3.10229, 45.803433]}}, {"type": "Feature", "properties": {"nom": null, "categorie": "local", "nature": "heliport", "usage": "Civil", "code_icao": null, "code_iata": null, "surface_ha": 0.0, "peb": false, "peb_arrete": null}, "geometry": {"type": "Point", "coordinates": [-1.151116, 45.485356]}}, {"type": "Feature", "properties": {"nom": null, "categorie": "local", "nature": "heliport", "usage": "Civil", "code_icao": null, "code_iata": null, "surface_ha": 0.0, "peb": false, "peb_arrete": null}, "geometry": {"type": "Point", "coordinates": [-1.13148, 44.753229]}}, {"type": "Feature", "properties": {"nom": null, "categorie": "local", "nature": "heliport", "usage": "Civil", "code_icao": null, "code_iata": null, "surface_ha": 0.0, "peb": false, "peb_arrete": null}, "geometry": {"type": "Point", "coordinates": [2.436726, 48.295122]}}, {"type": "Feature", "properties": {"nom": null, "categorie": "local", "nature": "heliport", "usage": "Privé", "code_icao": null, "code_iata": null, "surface_ha": 0.0, "peb": false, "peb_arrete": null}, "geometry": {"type": "Point", "coordinates": [2.769351, 48.863934]}}, {"type": "Feature", "properties": {"nom": null, "categorie": "local", "nature": "heliport", "usage": "Privé", "code_icao": null, "code_iata": null, "surface_ha": 0.0, "peb": false, "peb_arrete": null}, "geometry": {"type": "Point", "coordinates": [2.784932, 48.864649]}}, {"type": "Feature", "properties": {"nom": null, "categorie": "local", "nature": "heliport", "usage": "Privé", "code_icao": null, "code_iata": null, "surface_ha": 0.0, "peb": false, "peb_arrete": null}, "geometry": {"type": "Point", "coordinates": [2.785244, 48.864409]}}, {"type": "Feature", "properties": {"nom": null, "categorie": "local", "nature": "heliport", "usage": "Civil", "code_icao": null, "code_iata": null, "surface_ha": 0.0, "peb": false, "peb_arrete": null}, "geometry": {"type": "Point", "coordinates": [7.046294, 43.62854]}}, {"type": "Feature", "properties": {"nom": null, "categorie": "local", "nature": "heliport", "usage": "Privé", "code_icao": null, "code_iata": null, "surface_ha": 0.0, "peb": false, "peb_arrete": null}, "geometry": {"type": "Point", "coordinates": [2.938477, 48.973751]}}, {"type": "Feature", "properties": {"nom": null, "categorie": "local", "nature": "heliport", "usage": "Civil", "code_icao": null, "code_iata": null, "surface_ha": 0.0, "peb": false, "peb_arrete": null}, "geometry": {"type": "Point", "coordinates": [2.633009, 48.553113]}}, {"type": "Feature", "properties": {"nom": "Nevers Centre Hospitalier", "categorie": "local", "nature": "heliport", "usage": "Civil", "code_icao": null, "code_iata": null, "surface_ha": 0.0, "peb": false, "peb_arrete": null}, "geometry": {"type": "Point", "coordinates": [3.122249, 46.981532]}}, {"type": "Feature", "properties": {"nom": null, "categorie": "local", "nature": "heliport", "usage": "Privé", "code_icao": null, "code_iata": null, "surface_ha": 0.0, "peb": false, "peb_arrete": null}, "geometry": {"type": "Point", "coordinates": [5.256825, 43.929275]}}, {"type": "Feature", "properties": {"nom": null, "categorie": "local", "nature": "heliport", "usage": "Civil", "code_icao": null, "code_iata": null, "surface_ha": 0.0, "peb": false, "peb_arrete": null}, "geometry": {"type": "Point", "coordinates": [6.940233, 45.967737]}}, {"type": "Feature", "properties": {"nom": null, "categorie": "local", "nature": "heliport", "usage": "Civil", "code_icao": null, "code_iata": null, "surface_ha": 0.0, "peb": false, "peb_arrete": null}, "geometry": {"type": "Point", "coordinates": [6.632204, 46.030454]}}, {"type": "Feature", "properties": {"nom": null, "categorie": "local", "nature": "heliport", "usage": "Civil", "code_icao": null, "code_iata": null, "surface_ha": 0.0, "peb": false, "peb_arrete": null}, "geometry": {"type": "Point", "coordinates": [3.293518, 48.555048]}}, {"type": "Feature", "properties": {"nom": null, "categorie": "local", "nature": "heliport", "usage": "Civil", "code_icao": null, "code_iata": null, "surface_ha": 0.0, "peb": false, "peb_arrete": null}, "geometry": {"type": "Point", "coordinates": [6.948465, 46.05087]}}, {"type": "Feature", "properties": {"nom": "Héliport Chs Robert Pax", "categorie": "local", "nature": "heliport", "usage": "Civil", "code_icao": null, "code_iata": null, "surface_ha": 0.0, "peb": false, "peb_arrete": null}, "geometry": {"type": "Point", "coordinates": [7.0849, 49.100399]}}, {"type": "Feature", "properties": {"nom": null, "categorie": "local", "nature": "heliport", "usage": "Civil", "code_icao": null, "code_iata": null, "surface_ha": 0.0, "peb": false, "peb_arrete": null}, "geometry": {"type": "Point", "coordinates": [6.709365, 46.166569]}}, {"type": "Feature", "properties": {"nom": null, "categorie": "local", "nature": "heliport", "usage": "Privé", "code_icao": null, "code_iata": null, "surface_ha": 0.0, "peb": false, "peb_arrete": null}, "geometry": {"type": "Point", "coordinates": [5.324566, 46.55094]}}, {"type": "Feature", "properties": {"nom": null, "categorie": "local", "nature": "heliport", "usage": "Civil", "code_icao": null, "code_iata": null, "surface_ha": 0.0, "peb": false, "peb_arrete": null}, "geometry": {"type": "Point", "coordinates": [2.890853, 48.603597]}}, {"type": "Feature", "properties": {"nom": null, "categorie": "local", "nature": "heliport", "usage": "Civil", "code_icao": null, "code_iata": null, "surface_ha": 0.0, "peb": false, "peb_arrete": null}, "geometry": {"type": "Point", "coordinates": [4.934945, 44.684637]}}, {"type": "Feature", "properties": {"nom": "Melun Santépôle", "categorie": "local", "nature": "heliport", "usage": "Civil", "code_icao": null, "code_iata": null, "surface_ha": 0.0, "peb": false, "peb_arrete": null}, "geometry": {"type": "Point", "coordinates": [2.641669, 48.557613]}}, {"type": "Feature", "properties": {"nom": null, "categorie": "local", "nature": "heliport", "usage": "Civil", "code_icao": null, "code_iata": null, "surface_ha": 0.0, "peb": false, "peb_arrete": null}, "geometry": {"type": "Point", "coordinates": [5.770947, 46.384887]}}, {"type": "Feature", "properties": {"nom": null, "categorie": "local", "nature": "heliport", "usage": "Civil", "code_icao": null, "code_iata": null, "surface_ha": 0.0, "peb": false, "peb_arrete": null}, "geometry": {"type": "Point", "coordinates": [0.747866, 44.406991]}}, {"type": "Feature", "properties": {"nom": null, "categorie": "local", "nature": "heliport", "usage": "Civil", "code_icao": null, "code_iata": null, "surface_ha": 0.0, "peb": false, "peb_arrete": null}, "geometry": {"type": "Point", "coordinates": [6.127419, 49.071357]}}, {"type": "Feature", "properties": {"nom": null, "categorie": "local", "nature": "heliport", "usage": "Civil", "code_icao": null, "code_iata": null, "surface_ha": 0.0, "peb": false, "peb_arrete": null}, "geometry": {"type": "Point", "coordinates": [5.472659, 47.083212]}}, {"type": "Feature", "properties": {"nom": "Bale Mulhouse", "categorie": "local", "nature": "heliport", "usage": "Civil", "code_icao": null, "code_iata": null, "surface_ha": 0.0, "peb": false, "peb_arrete": null}, "geometry": {"type": "Point", "coordinates": [7.522947, 47.605513]}}, {"type": "Feature", "properties": {"nom": null, "categorie": "local", "nature": "heliport", "usage": "Civil", "code_icao": null, "code_iata": null, "surface_ha": 0.0, "peb": false, "peb_arrete": null}, "geometry": {"type": "Point", "coordinates": [3.140501, 43.597256]}}, {"type": "Feature", "properties": {"nom": "Fontainebleau Centre Hospitalier", "categorie": "local", "nature": "heliport", "usage": "Civil", "code_icao": null, "code_iata": null, "surface_ha": 0.0, "peb": false, "peb_arrete": null}, "geometry": {"type": "Point", "coordinates": [2.695834, 48.410792]}}, {"type": "Feature", "properties": {"nom": "Rennes Pontchaillou Chu", "categorie": "local", "nature": "heliport", "usage": "Civil", "code_icao": null, "code_iata": null, "surface_ha": 0.0, "peb": false, "peb_arrete": null}, "geometry": {"type": "Point", "coordinates": [-1.697788, 48.123286]}}, {"type": "Feature", "properties": {"nom": "Héliport de Bordeaux Pellegrin Centre Hospitalier Universitaire", "categorie": "local", "nature": "heliport", "usage": "Civil", "code_icao": null, "code_iata": null, "surface_ha": 0.0, "peb": false, "peb_arrete": null}, "geometry": {"type": "Point", "coordinates": [-0.60461, 44.827462]}}, {"type": "Feature", "properties": {"nom": "Héliport de Lyon Bron", "categorie": "local", "nature": "heliport", "usage": "Civil", "code_icao": null, "code_iata": null, "surface_ha": 0.0, "peb": false, "peb_arrete": null}, "geometry": {"type": "Point", "coordinates": [4.942142, 45.724394]}}, {"type": "Feature", "properties": {"nom": null, "categorie": "local", "nature": "heliport", "usage": "Civil", "code_icao": null, "code_iata": null, "surface_ha": 0.0, "peb": false, "peb_arrete": null}, "geometry": {"type": "Point", "coordinates": [0.082474, 48.424209]}}, {"type": "Feature", "properties": {"nom": null, "categorie": "national", "nature": "heliport", "usage": "Militaire", "code_icao": null, "code_iata": null, "surface_ha": 0.0, "peb": false, "peb_arrete": null}, "geometry": {"type": "Point", "coordinates": [2.245168, 49.916368]}}, {"type": "Feature", "properties": {"nom": "Hélistation de l'Hôpital du Gier", "categorie": "local", "nature": "heliport", "usage": "Civil", "code_icao": null, "code_iata": null, "surface_ha": 0.0, "peb": false, "peb_arrete": null}, "geometry": {"type": "Point", "coordinates": [4.515612, 45.476046]}}, {"type": "Feature", "properties": {"nom": null, "categorie": "local", "nature": "heliport", "usage": "Civil", "code_icao": null, "code_iata": null, "surface_ha": 0.0, "peb": false, "peb_arrete": null}, "geometry": {"type": "Point", "coordinates": [1.376679, 44.028144]}}, {"type": "Feature", "properties": {"nom": null, "categorie": "local", "nature": "heliport", "usage": "Civil", "code_icao": null, "code_iata": null, "surface_ha": 0.0, "peb": false, "peb_arrete": null}, "geometry": {"type": "Point", "coordinates": [7.046151, 43.628222]}}, {"type": "Feature", "properties": {"nom": null, "categorie": "local", "nature": "heliport", "usage": "Civil", "code_icao": null, "code_iata": null, "surface_ha": 0.0, "peb": false, "peb_arrete": null}, "geometry": {"type": "Point", "coordinates": [7.046625, 43.628455]}}, {"type": "Feature", "properties": {"nom": null, "categorie": "local", "nature": "heliport", "usage": "Civil", "code_icao": null, "code_iata": null, "surface_ha": 0.0, "peb": false, "peb_arrete": null}, "geometry": {"type": "Point", "coordinates": [-0.079381, 42.999926]}}, {"type": "Feature", "properties": {"nom": null, "categorie": "local", "nature": "heliport", "usage": "Civil", "code_icao": null, "code_iata": null, "surface_ha": 0.0, "peb": false, "peb_arrete": null}, "geometry": {"type": "Point", "coordinates": [2.011124, 42.44714]}}, {"type": "Feature", "properties": {"nom": null, "categorie": "local", "nature": "heliport", "usage": "Civil", "code_icao": null, "code_iata": null, "surface_ha": 0.0, "peb": false, "peb_arrete": null}, "geometry": {"type": "Point", "coordinates": [2.4381, 44.926497]}}, {"type": "Feature", "properties": {"nom": null, "categorie": "local", "nature": "heliport", "usage": "Civil", "code_icao": null, "code_iata": null, "surface_ha": 0.0, "peb": false, "peb_arrete": null}, "geometry": {"type": "Point", "coordinates": [4.109658, 46.465014]}}, {"type": "Feature", "properties": {"nom": null, "categorie": "local", "nature": "heliport", "usage": "Privé", "code_icao": null, "code_iata": null, "surface_ha": 0.0, "peb": false, "peb_arrete": null}, "geometry": {"type": "Point", "coordinates": [1.344771, 47.251249]}}, {"type": "Feature", "properties": {"nom": "Hélistation de l'Île d'Yeu Port Joinville", "categorie": "local", "nature": "heliport", "usage": "Civil", "code_icao": null, "code_iata": null, "surface_ha": 0.0, "peb": false, "peb_arrete": null}, "geometry": {"type": "Point", "coordinates": [-2.3512, 46.728473]}}, {"type": "Feature", "properties": {"nom": null, "categorie": "local", "nature": "heliport", "usage": "Civil", "code_icao": null, "code_iata": null, "surface_ha": 0.0, "peb": false, "peb_arrete": null}, "geometry": {"type": "Point", "coordinates": [0.556634, 46.832633]}}, {"type": "Feature", "properties": {"nom": "Héliport du Centre Hospitalier Sud Francilien", "categorie": "local", "nature": "heliport", "usage": "Civil", "code_icao": null, "code_iata": null, "surface_ha": 0.0, "peb": false, "peb_arrete": null}, "geometry": {"type": "Point", "coordinates": [2.457112, 48.620268]}}, {"type": "Feature", "properties": {"nom": null, "categorie": "local", "nature": "heliport", "usage": "Civil", "code_icao": null, "code_iata": null, "surface_ha": 0.0, "peb": false, "peb_arrete": null}, "geometry": {"type": "Point", "coordinates": [3.741434, 45.553826]}}, {"type": "Feature", "properties": {"nom": null, "categorie": "local", "nature": "heliport", "usage": "Civil", "code_icao": null, "code_iata": null, "surface_ha": 0.0, "peb": false, "peb_arrete": null}, "geometry": {"type": "Point", "coordinates": [2.453481, 48.798758]}}, {"type": "Feature", "properties": {"nom": "Héliport de Bordeaux Haut Lévêque Centre Hospitalier", "categorie": "local", "nature": "heliport", "usage": "Civil", "code_icao": null, "code_iata": null, "surface_ha": 0.0, "peb": false, "peb_arrete": null}, "geometry": {"type": "Point", "coordinates": [-0.6609, 44.785335]}}, {"type": "Feature", "properties": {"nom": null, "categorie": "local", "nature": "heliport", "usage": "Civil", "code_icao": null, "code_iata": null, "surface_ha": 0.0, "peb": false, "peb_arrete": null}, "geometry": {"type": "Point", "coordinates": [-1.064667, 45.570433]}}, {"type": "Feature", "properties": {"nom": null, "categorie": "local", "nature": "heliport", "usage": "Civil", "code_icao": null, "code_iata": null, "surface_ha": 0.0, "peb": false, "peb_arrete": null}, "geometry": {"type": "Point", "coordinates": [4.883009, 45.743864]}}, {"type": "Feature", "properties": {"nom": null, "categorie": "local", "nature": "heliport", "usage": "Civil", "code_icao": null, "code_iata": null, "surface_ha": 0.0, "peb": false, "peb_arrete": null}, "geometry": {"type": "Point", "coordinates": [6.144162, 49.360346]}}, {"type": "Feature", "properties": {"nom": "Héliport de l'Hôpital Jean Marcel", "categorie": "local", "nature": "heliport", "usage": "Civil", "code_icao": null, "code_iata": null, "surface_ha": 0.0, "peb": false, "peb_arrete": null}, "geometry": {"type": "Point", "coordinates": [6.06631, 43.40305]}}, {"type": "Feature", "properties": {"nom": "Hélistation du Centre Hospitalier de Carpentras", "categorie": "local", "nature": "heliport", "usage": "Civil", "code_icao": null, "code_iata": null, "surface_ha": 0.0, "peb": false, "peb_arrete": null}, "geometry": {"type": "Point", "coordinates": [5.025721, 44.046669]}}, {"type": "Feature", "properties": {"nom": "Héli-Inter", "categorie": "local", "nature": "heliport", "usage": "Civil", "code_icao": null, "code_iata": null, "surface_ha": 0.0, "peb": false, "peb_arrete": null}, "geometry": {"type": "Point", "coordinates": [2.144881, 49.057794]}}, {"type": "Feature", "properties": {"nom": "Héliport de Langon Centre Hospitalier", "categorie": "local", "nature": "heliport", "usage": "Civil", "code_icao": null, "code_iata": null, "surface_ha": 0.0, "peb": false, "peb_arrete": null}, "geometry": {"type": "Point", "coordinates": [-0.243721, 44.544797]}}, {"type": "Feature", "properties": {"nom": "Hélistation du Centre Hospitalier", "categorie": "local", "nature": "heliport", "usage": "Civil", "code_icao": null, "code_iata": null, "surface_ha": 0.0, "peb": false, "peb_arrete": null}, "geometry": {"type": "Point", "coordinates": [2.888548, 42.726175]}}, {"type": "Feature", "properties": {"nom": null, "categorie": "local", "nature": "heliport", "usage": "Civil", "code_icao": null, "code_iata": null, "surface_ha": 0.0, "peb": false, "peb_arrete": null}, "geometry": {"type": "Point", "coordinates": [-1.141069, 45.070944]}}, {"type": "Feature", "properties": {"nom": null, "categorie": "local", "nature": "heliport", "usage": "Civil", "code_icao": null, "code_iata": null, "surface_ha": 0.0, "peb": false, "peb_arrete": null}, "geometry": {"type": "Point", "coordinates": [2.526076, 48.468362]}}, {"type": "Feature", "properties": {"nom": null, "categorie": "local", "nature": "heliport", "usage": "Civil", "code_icao": null, "code_iata": null, "surface_ha": 0.0, "peb": false, "peb_arrete": null}, "geometry": {"type": "Point", "coordinates": [3.12411, 48.67033]}}, {"type": "Feature", "properties": {"nom": null, "categorie": "local", "nature": "heliport", "usage": "Civil", "code_icao": null, "code_iata": null, "surface_ha": 0.0, "peb": false, "peb_arrete": null}, "geometry": {"type": "Point", "coordinates": [6.127166, 46.955355]}}, {"type": "Feature", "properties": {"nom": null, "categorie": "local", "nature": "heliport", "usage": "Civil", "code_icao": null, "code_iata": null, "surface_ha": 0.0, "peb": false, "peb_arrete": null}, "geometry": {"type": "Point", "coordinates": [0.657284, 46.444738]}}, {"type": "Feature", "properties": {"nom": null, "categorie": "local", "nature": "heliport", "usage": "Civil", "code_icao": null, "code_iata": null, "surface_ha": 0.0, "peb": false, "peb_arrete": null}, "geometry": {"type": "Point", "coordinates": [6.586983, 46.06309]}}, {"type": "Feature", "properties": {"nom": null, "categorie": "local", "nature": "heliport", "usage": "Civil", "code_icao": null, "code_iata": null, "surface_ha": 0.0, "peb": false, "peb_arrete": null}, "geometry": {"type": "Point", "coordinates": [2.626709, 48.838434]}}, {"type": "Feature", "properties": {"nom": null, "categorie": "local", "nature": "heliport", "usage": "Civil et militaire", "code_icao": null, "code_iata": null, "surface_ha": 0.0, "peb": false, "peb_arrete": null}, "geometry": {"type": "Point", "coordinates": [3.01924, 48.37767]}}, {"type": "Feature", "properties": {"nom": null, "categorie": "local", "nature": "heliport", "usage": "Privé", "code_icao": null, "code_iata": null, "surface_ha": 0.0, "peb": false, "peb_arrete": null}, "geometry": {"type": "Point", "coordinates": [6.559779, 47.156272]}}, {"type": "Feature", "properties": {"nom": null, "categorie": "local", "nature": "heliport", "usage": "Civil", "code_icao": null, "code_iata": null, "surface_ha": 0.0, "peb": false, "peb_arrete": null}, "geometry": {"type": "Point", "coordinates": [2.807517, 48.62842]}}, {"type": "Feature", "properties": {"nom": null, "categorie": "local", "nature": "heliport", "usage": "Civil", "code_icao": null, "code_iata": null, "surface_ha": 0.0, "peb": false, "peb_arrete": null}, "geometry": {"type": "Point", "coordinates": [-0.935096, 46.884165]}}, {"type": "Feature", "properties": {"nom": null, "categorie": "local", "nature": "heliport", "usage": "Civil", "code_icao": null, "code_iata": null, "surface_ha": 0.0, "peb": false, "peb_arrete": null}, "geometry": {"type": "Point", "coordinates": [2.957513, 48.28051]}}, {"type": "Feature", "properties": {"nom": null, "categorie": "local", "nature": "heliport", "usage": "Civil", "code_icao": null, "code_iata": null, "surface_ha": 0.0, "peb": false, "peb_arrete": null}, "geometry": {"type": "Point", "coordinates": [2.693711, 48.142608]}}, {"type": "Feature", "properties": {"nom": null, "categorie": "local", "nature": "heliport", "usage": "Civil et militaire", "code_icao": null, "code_iata": null, "surface_ha": 0.0, "peb": false, "peb_arrete": null}, "geometry": {"type": "Point", "coordinates": [2.789629, 48.50742]}}, {"type": "Feature", "properties": {"nom": null, "categorie": "local", "nature": "heliport", "usage": "Civil et militaire", "code_icao": null, "code_iata": null, "surface_ha": 0.0, "peb": false, "peb_arrete": null}, "geometry": {"type": "Point", "coordinates": [2.853576, 48.713059]}}, {"type": "Feature", "properties": {"nom": null, "categorie": "local", "nature": "heliport", "usage": "Civil", "code_icao": null, "code_iata": null, "surface_ha": 0.0, "peb": false, "peb_arrete": null}, "geometry": {"type": "Point", "coordinates": [2.969428, 48.683954]}}, {"type": "Feature", "properties": {"nom": null, "categorie": "local", "nature": "heliport", "usage": "Civil", "code_icao": null, "code_iata": null, "surface_ha": 0.0, "peb": false, "peb_arrete": null}, "geometry": {"type": "Point", "coordinates": [2.57818, 48.604837]}}, {"type": "Feature", "properties": {"nom": null, "categorie": "local", "nature": "heliport", "usage": "Civil et militaire", "code_icao": null, "code_iata": null, "surface_ha": 0.0, "peb": false, "peb_arrete": null}, "geometry": {"type": "Point", "coordinates": [3.302859, 48.788174]}}, {"type": "Feature", "properties": {"nom": null, "categorie": "local", "nature": "heliport", "usage": "Civil", "code_icao": null, "code_iata": null, "surface_ha": 0.0, "peb": false, "peb_arrete": null}, "geometry": {"type": "Point", "coordinates": [-2.047842, 48.444617]}}, {"type": "Feature", "properties": {"nom": "Hélistation Lieutenant Collard", "categorie": "local", "nature": "heliport", "usage": "Militaire", "code_icao": null, "code_iata": null, "surface_ha": 0.0, "peb": false, "peb_arrete": null}, "geometry": {"type": "Point", "coordinates": [6.168233, 44.070648]}}, {"type": "Feature", "properties": {"nom": null, "categorie": "local", "nature": "heliport", "usage": "Civil", "code_icao": null, "code_iata": null, "surface_ha": 0.0, "peb": false, "peb_arrete": null}, "geometry": {"type": "Point", "coordinates": [4.841757, 46.777371]}}, {"type": "Feature", "properties": {"nom": null, "categorie": "local", "nature": "heliport", "usage": "Civil", "code_icao": null, "code_iata": null, "surface_ha": 0.0, "peb": false, "peb_arrete": null}, "geometry": {"type": "Point", "coordinates": [4.449023, 46.804994]}}, {"type": "Feature", "properties": {"nom": "Héliport du Pôle de Santé d'Arcachon", "categorie": "local", "nature": "heliport", "usage": "Civil", "code_icao": null, "code_iata": null, "surface_ha": 0.0, "peb": false, "peb_arrete": null}, "geometry": {"type": "Point", "coordinates": [-1.114029, 44.612462]}}, {"type": "Feature", "properties": {"nom": null, "categorie": "local", "nature": "heliport", "usage": "Civil", "code_icao": null, "code_iata": null, "surface_ha": 0.0, "peb": false, "peb_arrete": null}, "geometry": {"type": "Point", "coordinates": [4.965018, 48.654891]}}, {"type": "Feature", "properties": {"nom": null, "categorie": "local", "nature": "heliport", "usage": "Civil", "code_icao": null, "code_iata": null, "surface_ha": 0.0, "peb": false, "peb_arrete": null}, "geometry": {"type": "Point", "coordinates": [9.276952, 41.579903]}}, {"type": "Feature", "properties": {"nom": null, "categorie": "local", "nature": "heliport", "usage": "Civil", "code_icao": null, "code_iata": null, "surface_ha": 0.0, "peb": false, "peb_arrete": null}, "geometry": {"type": "Point", "coordinates": [4.902621, 45.747873]}}, {"type": "Feature", "properties": {"nom": null, "categorie": "local", "nature": "heliport", "usage": "Civil", "code_icao": null, "code_iata": null, "surface_ha": 0.0, "peb": false, "peb_arrete": null}, "geometry": {"type": "Point", "coordinates": [3.08713, 45.034152]}}, {"type": "Feature", "properties": {"nom": null, "categorie": "local", "nature": "heliport", "usage": "Civil", "code_icao": null, "code_iata": null, "surface_ha": 0.0, "peb": false, "peb_arrete": null}, "geometry": {"type": "Point", "coordinates": [3.25568, 43.34101]}}, {"type": "Feature", "properties": {"nom": null, "categorie": "local", "nature": "heliport", "usage": "Civil", "code_icao": null, "code_iata": null, "surface_ha": 0.0, "peb": false, "peb_arrete": null}, "geometry": {"type": "Point", "coordinates": [4.079903, 46.042601]}}, {"type": "Feature", "properties": {"nom": "Héliport de Lyon la Sauvegarde", "categorie": "local", "nature": "heliport", "usage": "Civil", "code_icao": null, "code_iata": null, "surface_ha": 0.0, "peb": false, "peb_arrete": null}, "geometry": {"type": "Point", "coordinates": [4.78678, 45.788928]}}, {"type": "Feature", "properties": {"nom": "Héliport du Centre Hospitalier", "categorie": "local", "nature": "heliport", "usage": "Civil", "code_icao": null, "code_iata": null, "surface_ha": 0.0, "peb": false, "peb_arrete": null}, "geometry": {"type": "Point", "coordinates": [4.615788, 44.15844]}}, {"type": "Feature", "properties": {"nom": "Mont-de-Marsan Centre Hospitalier", "categorie": "local", "nature": "heliport", "usage": "Civil", "code_icao": null, "code_iata": null, "surface_ha": 0.0, "peb": false, "peb_arrete": null}, "geometry": {"type": "Point", "coordinates": [-0.486091, 43.893251]}}, {"type": "Feature", "properties": {"nom": "Hélistation d'Oloron-Sainte-Marie - Centre Hospitalier", "categorie": "local", "nature": "heliport", "usage": "Civil", "code_icao": null, "code_iata": null, "surface_ha": 0.0, "peb": false, "peb_arrete": null}, "geometry": {"type": "Point", "coordinates": [-0.617966, 43.195655]}}, {"type": "Feature", "properties": {"nom": null, "categorie": "local", "nature": "heliport", "usage": "Civil", "code_icao": null, "code_iata": null, "surface_ha": 0.0, "peb": false, "peb_arrete": null}, "geometry": {"type": "Point", "coordinates": [-0.828488, 46.464417]}}, {"type": "Feature", "properties": {"nom": null, "categorie": "local", "nature": "heliport", "usage": "Privé", "code_icao": null, "code_iata": null, "surface_ha": 0.0, "peb": false, "peb_arrete": null}, "geometry": {"type": "Point", "coordinates": [7.0284, 43.622747]}}, {"type": "Feature", "properties": {"nom": null, "categorie": "local", "nature": "heliport", "usage": "Civil", "code_icao": null, "code_iata": null, "surface_ha": 0.0, "peb": false, "peb_arrete": null}, "geometry": {"type": "Point", "coordinates": [7.376937, 43.792074]}}, {"type": "Feature", "properties": {"nom": null, "categorie": "local", "nature": "heliport", "usage": "Militaire", "code_icao": null, "code_iata": null, "surface_ha": 0.0, "peb": false, "peb_arrete": null}, "geometry": {"type": "Point", "coordinates": [6.95086, 43.612156]}}, {"type": "Feature", "properties": {"nom": null, "categorie": "local", "nature": "heliport", "usage": "Civil", "code_icao": null, "code_iata": null, "surface_ha": 0.0, "peb": false, "peb_arrete": null}, "geometry": {"type": "Point", "coordinates": [7.307788, 43.972947]}}, {"type": "Feature", "properties": {"nom": null, "categorie": "local", "nature": "heliport", "usage": "Privé", "code_icao": null, "code_iata": null, "surface_ha": 0.0, "peb": false, "peb_arrete": null}, "geometry": {"type": "Point", "coordinates": [-0.358533, 47.819885]}}, {"type": "Feature", "properties": {"nom": "Dijon Bourgogne H2 Centre Hospitalier Universitaire", "categorie": "local", "nature": "heliport", "usage": "Civil", "code_icao": null, "code_iata": null, "surface_ha": 0.0, "peb": false, "peb_arrete": null}, "geometry": {"type": "Point", "coordinates": [5.068623, 47.321256]}}, {"type": "Feature", "properties": {"nom": "Dijon Bocage Centre Hospitalier Universitaire", "categorie": "local", "nature": "heliport", "usage": "Civil", "code_icao": null, "code_iata": null, "surface_ha": 0.0, "peb": false, "peb_arrete": null}, "geometry": {"type": "Point", "coordinates": [5.069, 47.321249]}}, {"type": "Feature", "properties": {"nom": "Altisurface du Plateau de Monhaillat", "categorie": "local", "nature": "altiport", "usage": "Civil", "code_icao": null, "code_iata": null, "surface_ha": 0.0, "peb": false, "peb_arrete": null}, "geometry": {"type": "Point", "coordinates": [0.127946, 42.911541]}}, {"type": "Feature", "properties": {"nom": null, "categorie": "local", "nature": "heliport", "usage": "Civil", "code_icao": null, "code_iata": null, "surface_ha": 0.0, "peb": false, "peb_arrete": null}, "geometry": {"type": "Point", "coordinates": [-3.14583, 48.568888]}}, {"type": "Feature", "properties": {"nom": null, "categorie": "local", "nature": "heliport", "usage": "Civil", "code_icao": null, "code_iata": null, "surface_ha": 0.0, "peb": false, "peb_arrete": null}, "geometry": {"type": "Point", "coordinates": [-1.640237, 47.236778]}}, {"type": "Feature", "properties": {"nom": null, "categorie": "local", "nature": "heliport", "usage": "Civil", "code_icao": null, "code_iata": null, "surface_ha": 0.0, "peb": false, "peb_arrete": null}, "geometry": {"type": "Point", "coordinates": [2.802093, 48.832512]}}]}