{"type": "FeatureCollection", "features": [{"type": "Feature", "properties": {"nom": "Philarmonie de Paris", "code_insee": "75102", "commune": "Paris 2e Arrondissement", "categorie": "scene", "label": "Etablissement public national", "poids": 10.0, "visiteurs": null, "jauge": null}, "geometry": {"type": "Point", "coordinates": [2.39149, 48.891539]}}, {"type": "Feature", "properties": {"nom": "Opéra comique", "code_insee": "75102", "commune": "Paris 2e Arrondissement", "categorie": "scene", "label": "Théâtre national", "poids": 10.0, "visiteurs": null, "jauge": null}, "geometry": {"type": "Point", "coordinates": [2.338128, 48.871045]}}, {"type": "Feature", "properties": {"nom": "Théâtre National de Chaillot", "code_insee": "75116", "commune": "Paris 16e Arrondissement", "categorie": "scene", "label": "Théâtre national", "poids": 10.0, "visiteurs": null, "jauge": 1590}, "geometry": {"type": "Point", "coordinates": [2.289395, 48.863049]}}, {"type": "Feature", "properties": {"nom": "Centre national de la danse", "code_insee": "93055", "commune": "Pantin", "categorie": "scene", "label": "Etablissement public national", "poids": 10.0, "visiteurs": null, "jauge": null}, "geometry": {"type": "Point", "coordinates": [2.402002, 48.895571]}}, {"type": "Feature", "properties": {"nom": "Opéra national de Paris, Palais Garnier et Opéra Bastille", "code_insee": "75112", "commune": "Paris 12e Arrondissement", "categorie": "scene", "label": "Etablissement public national", "poids": 10.0, "visiteurs": null, "jauge": null}, "geometry": {"type": "Point", "coordinates": [2.370418, 48.85222]}}, {"type": "Feature", "properties": {"nom": "Comédie-Française-Théâtre du Vieux-Colombier", "code_insee": "75106", "commune": "Paris 6e Arrondissement", "categorie": "scene", "label": "Théâtre national", "poids": 10.0, "visiteurs": null, "jauge": 300}, "geometry": {"type": "Point", "coordinates": [2.330275, 48.851775]}}, {"type": "Feature", "properties": {"nom": "Théâtre National de Strasbourg-Studio", "code_insee": "67482", "commune": "Strasbourg", "categorie": "scene", "label": "Théâtre national", "poids": 10.0, "visiteurs": null, "jauge": 370}, "geometry": {"type": "Point", "coordinates": [7.755326, 48.553133]}}, {"type": "Feature", "properties": {"nom": "Opéra Garnier", "code_insee": "75112", "commune": "Paris 12e Arrondissement", "categorie": "scene", "label": "Opéra national", "poids": 10.0, "visiteurs": null, "jauge": null}, "geometry": {"type": "Point", "coordinates": [2.332675, 48.871015]}}, {"type": "Feature", "properties": {"nom": "Comédie-Française", "code_insee": "75101", "commune": "Paris 1er Arrondissement", "categorie": "scene", "label": "Théâtre national", "poids": 10.0, "visiteurs": null, "jauge": 862}, "geometry": {"type": "Point", "coordinates": [2.336163, 48.863528]}}, {"type": "Feature", "properties": {"nom": "Comédie-Française-Studio-Théâtre", "code_insee": "75101", "commune": "Paris 1er Arrondissement", "categorie": "scene", "label": "Théâtre national", "poids": 10.0, "visiteurs": null, "jauge": 136}, "geometry": {"type": "Point", "coordinates": [2.333986, 48.861023]}}, {"type": "Feature", "properties": {"nom": "Théâtre National de la Colline", "code_insee": "75120", "commune": "Paris 20e Arrondissement", "categorie": "scene", "label": "Théâtre national", "poids": 10.0, "visiteurs": null, "jauge": 851}, "geometry": {"type": "Point", "coordinates": [2.397321, 48.864419]}}, {"type": "Feature", "properties": {"nom": "Théâtre national de l'Odéon-Théâtre de l'Europe", "code_insee": "75106", "commune": "Paris 6e Arrondissement", "categorie": "scene", "label": "Théâtre national", "poids": 10.0, "visiteurs": null, "jauge": 800}, "geometry": {"type": "Point", "coordinates": [2.338952, 48.849507]}}, {"type": "Feature", "properties": {"nom": "Théâtre National de Strasbourg", "code_insee": "67482", "commune": "Strasbourg", "categorie": "scene", "label": "Théâtre national", "poids": 10.0, "visiteurs": null, "jauge": 800}, "geometry": {"type": "Point", "coordinates": [7.749156, 48.558389]}}, {"type": "Feature", "properties": {"nom": "Orchestre national Avignon-Provence", "code_insee": "84007", "commune": "Avignon", "categorie": "scene", "label": "Orchestre national en région", "poids": 8.0, "visiteurs": null, "jauge": null}, "geometry": {"type": "Point", "coordinates": [4.778525, 43.933515]}}, {"type": "Feature", "properties": {"nom": "Orchestre national philharmonique de Strasbourg", "code_insee": "67482", "commune": "Strasbourg", "categorie": "scene", "label": "Orchestre national en région", "poids": 8.0, "visiteurs": null, "jauge": null}, "geometry": {"type": "Point", "coordinates": [7.758093, 48.594415]}}, {"type": "Feature", "properties": {"nom": "Orchestre national de Metz Grand Est", "code_insee": "57463", "commune": "Metz", "categorie": "scene", "label": "Orchestre national en région", "poids": 8.0, "visiteurs": null, "jauge": null}, "geometry": {"type": "Point", "coordinates": [6.208725, 49.109649]}}, {"type": "Feature", "properties": {"nom": "Orchestre symphonique de Mulhouse", "code_insee": "68224", "commune": "Mulhouse", "categorie": "scene", "label": "Orchestre national en région", "poids": 8.0, "visiteurs": null, "jauge": null}, "geometry": {"type": "Point", "coordinates": [7.349449, 47.753552]}}, {"type": "Feature", "properties": {"nom": "Opéra National de Lyon", "code_insee": "69381", "commune": "Lyon 1er Arrondissement", "categorie": "scene", "label": "Opéra national en région", "poids": 8.0, "visiteurs": null, "jauge": null}, "geometry": {"type": "Point", "coordinates": [4.836272, 45.767769]}}, {"type": "Feature", "properties": {"nom": "Opéra Orchestre National de Montpellier", "code_insee": "34172", "commune": "Montpellier", "categorie": "scene", "label": "Opéra national en région", "poids": 8.0, "visiteurs": null, "jauge": null}, "geometry": {"type": "Point", "coordinates": [3.881887, 43.612699]}}, {"type": "Feature", "properties": {"nom": "Orchestre de Picardie", "code_insee": "80021", "commune": "Amiens", "categorie": "scene", "label": "Orchestre national en région", "poids": 8.0, "visiteurs": null, "jauge": null}, "geometry": {"type": "Point", "coordinates": [2.311389, 49.885906]}}, {"type": "Feature", "properties": {"nom": "Orchestre de Cannes", "code_insee": "06029", "commune": "Cannes", "categorie": "scene", "label": "Orchestre national en région", "poids": 8.0, "visiteurs": null, "jauge": null}, "geometry": {"type": "Point", "coordinates": [6.963555, 43.547559]}}, {"type": "Feature", "properties": {"nom": "Orchestre national de Lyon", "code_insee": "69383", "commune": "Lyon 3e Arrondissement", "categorie": "scene", "label": "Orchestre national en région", "poids": 8.0, "visiteurs": null, "jauge": null}, "geometry": {"type": "Point", "coordinates": [4.853701, 45.761717]}}, {"type": "Feature", "properties": {"nom": "Opéra National de Bordeaux", "code_insee": "33063", "commune": "Bordeaux", "categorie": "scene", "label": "Opéra national en région", "poids": 8.0, "visiteurs": null, "jauge": null}, "geometry": {"type": "Point", "coordinates": [-0.574317, 44.842624]}}, {"type": "Feature", "properties": {"nom": "Opéra National de Lorraine", "code_insee": "54395", "commune": "Nancy", "categorie": "scene", "label": "Opéra national en région", "poids": 8.0, "visiteurs": null, "jauge": null}, "geometry": {"type": "Point", "coordinates": [6.184475, 48.694141]}}, {"type": "Feature", "properties": {"nom": "Orchestre national de Lille", "code_insee": "59350", "commune": "Lille", "categorie": "scene", "label": "Orchestre national en région", "poids": 8.0, "visiteurs": null, "jauge": null}, "geometry": {"type": "Point", "coordinates": [3.060255, 50.637192]}}, {"type": "Feature", "properties": {"nom": "Orchestre national des Pays de la Loire", "code_insee": "44109", "commune": "Nantes", "categorie": "scene", "label": "Orchestre national en région", "poids": 8.0, "visiteurs": null, "jauge": null}, "geometry": {"type": "Point", "coordinates": [-1.544271, 47.213243]}}, {"type": "Feature", "properties": {"nom": "Orchestre national des Pays de la Loire", "code_insee": "49007", "commune": "Angers", "categorie": "scene", "label": "Orchestre national en région", "poids": 8.0, "visiteurs": null, "jauge": null}, "geometry": {"type": "Point", "coordinates": [-0.539321, 47.470526]}}, {"type": "Feature", "properties": {"nom": "Opéra National du Rhin", "code_insee": "67482", "commune": "Strasbourg", "categorie": "scene", "label": "Opéra national en région", "poids": 8.0, "visiteurs": null, "jauge": null}, "geometry": {"type": "Point", "coordinates": [7.751955, 48.585751]}}, {"type": "Feature", "properties": {"nom": "Opéra National Capitole Toulouse", "code_insee": "31555", "commune": "Toulouse", "categorie": "scene", "label": "Opéra national en région", "poids": 8.0, "visiteurs": null, "jauge": null}, "geometry": {"type": "Point", "coordinates": [1.443382, 43.604365]}}, {"type": "Feature", "properties": {"nom": "Orchestre national d'Auvergne", "code_insee": "63113", "commune": "Clermont-Ferrand", "categorie": "scene", "label": "Orchestre national en région", "poids": 8.0, "visiteurs": null, "jauge": null}, "geometry": {"type": "Point", "coordinates": [3.082585, 45.777677]}}, {"type": "Feature", "properties": {"nom": "Orchestre national de Montpellier", "code_insee": "34172", "commune": "Montpellier", "categorie": "scene", "label": "Orchestre national en région", "poids": 8.0, "visiteurs": null, "jauge": null}, "geometry": {"type": "Point", "coordinates": [3.879639, 43.608525]}}, {"type": "Feature", "properties": {"nom": "Orchestre symphonique de Bretagne", "code_insee": "35238", "commune": "Rennes", "categorie": "scene", "label": "Orchestre national en région", "poids": 8.0, "visiteurs": null, "jauge": null}, "geometry": {"type": "Point", "coordinates": [-1.675608, 48.114771]}}, {"type": "Feature", "properties": {"nom": "Orchestre national Capitole-Toulouse", "code_insee": "31555", "commune": "Toulouse", "categorie": "scene", "label": "Orchestre national en région", "poids": 8.0, "visiteurs": null, "jauge": null}, "geometry": {"type": "Point", "coordinates": [1.453332, 43.60016]}}, {"type": "Feature", "properties": {"nom": "Le Quai", "code_insee": "49007", "commune": "Angers", "categorie": "scene", "label": "Centre dramatique national", "poids": 6.0, "visiteurs": null, "jauge": null}, "geometry": {"type": "Point", "coordinates": [-0.564579, 47.472473]}}, {"type": "Feature", "properties": {"nom": "Maison des Arts de Créteil", "code_insee": "94028", "commune": "Créteil", "categorie": "scene", "label": "Scène nationale", "poids": 6.0, "visiteurs": null, "jauge": null}, "geometry": {"type": "Point", "coordinates": [2.452183, 48.784819]}}, {"type": "Feature", "properties": {"nom": "MC2 : Grenoble", "code_insee": "38185", "commune": "Grenoble", "categorie": "scene", "label": "Scène nationale", "poids": 6.0, "visiteurs": null, "jauge": null}, "geometry": {"type": "Point", "coordinates": [5.73372, 45.171969]}}, {"type": "Feature", "properties": {"nom": "Théâtre de Gennevilliers (T2G)", "code_insee": "92036", "commune": "Gennevilliers", "categorie": "scene", "label": "Centre dramatique national", "poids": 6.0, "visiteurs": null, "jauge": null}, "geometry": {"type": "Point", "coordinates": [2.299163, 48.915234]}}, {"type": "Feature", "properties": {"nom": "Comédie de Reims", "code_insee": "51454", "commune": "Reims", "categorie": "scene", "label": "Centre dramatique national", "poids": 6.0, "visiteurs": null, "jauge": null}, "geometry": {"type": "Point", "coordinates": [4.020639, 49.249639]}}, {"type": "Feature", "properties": {"nom": "La Comédie de Saint-Etienne", "code_insee": "42218", "commune": "Saint-Étienne", "categorie": "scene", "label": "Centre dramatique national", "poids": 6.0, "visiteurs": null, "jauge": null}, "geometry": {"type": "Point", "coordinates": [4.391398, 45.451397]}}, {"type": "Feature", "properties": {"nom": "Theatre Jeune Public (Tjp)", "code_insee": "67482", "commune": "Strasbourg", "categorie": "scene", "label": "Centre dramatique national", "poids": 6.0, "visiteurs": null, "jauge": null}, "geometry": {"type": "Point", "coordinates": [7.743402, 48.580339]}}, {"type": "Feature", "properties": {"nom": "Théâtre Olympia - Centre Dramatique National de Tours", "code_insee": "37261", "commune": "Tours", "categorie": "scene", "label": "Centre dramatique national", "poids": 6.0, "visiteurs": null, "jauge": null}, "geometry": {"type": "Point", "coordinates": [0.688699, 47.393566]}}, {"type": "Feature", "properties": {"nom": "Théâtre National Populaire (Tnp)", "code_insee": "69266", "commune": "Villeurbanne", "categorie": "scene", "label": "Centre dramatique national", "poids": 6.0, "visiteurs": null, "jauge": null}, "geometry": {"type": "Point", "coordinates": [4.879437, 45.765737]}}, {"type": "Feature", "properties": {"nom": "Scène nationale d'Albi", "code_insee": "81004", "commune": "Albi", "categorie": "scene", "label": "Scène nationale", "poids": 6.0, "visiteurs": null, "jauge": null}, "geometry": {"type": "Point", "coordinates": [2.144422, 43.923858]}}, {"type": "Feature", "properties": {"nom": "Théâtre d'Angoulême", "code_insee": "16015", "commune": "Angoulême", "categorie": "scene", "label": "Scène nationale", "poids": 6.0, "visiteurs": null, "jauge": null}, "geometry": {"type": "Point", "coordinates": [0.154927, 45.647768]}}, {"type": "Feature", "properties": {"nom": "Scène nationale du Sud Aquitain", "code_insee": "64102", "commune": "Bayonne", "categorie": "scene", "label": "Scène nationale", "poids": 6.0, "visiteurs": null, "jauge": null}, "geometry": {"type": "Point", "coordinates": [-1.475415, 43.492972]}}, {"type": "Feature", "properties": {"nom": "Granit", "code_insee": "90010", "commune": "Belfort", "categorie": "scene", "label": "Scène nationale", "poids": 6.0, "visiteurs": null, "jauge": null}, "geometry": {"type": "Point", "coordinates": [6.858196, 47.636792]}}, {"type": "Feature", "properties": {"nom": "2 Scènes - Scène nationale de Besançon", "code_insee": "25056", "commune": "Besançon", "categorie": "scene", "label": "Scène nationale", "poids": 6.0, "visiteurs": null, "jauge": null}, "geometry": {"type": "Point", "coordinates": [5.974141, 47.218523]}}, {"type": "Feature", "properties": {"nom": "Halle aux Grains - Scène nationale de Blois", "code_insee": "41018", "commune": "Blois", "categorie": "scene", "label": "Scène nationale", "poids": 6.0, "visiteurs": null, "jauge": null}, "geometry": {"type": "Point", "coordinates": [1.335534, 47.590196]}}, {"type": "Feature", "properties": {"nom": "Trident - Scène nationale", "code_insee": "50129", "commune": "Cherbourg-en-Cotentin", "categorie": "scene", "label": "Scène nationale", "poids": 6.0, "visiteurs": null, "jauge": null}, "geometry": {"type": "Point", "coordinates": [-1.622832, 49.637816]}}, {"type": "Feature", "properties": {"nom": "Tangram - Évreux-Louviers-Eure", "code_insee": "27229", "commune": "Évreux", "categorie": "scene", "label": "Scène nationale", "poids": 6.0, "visiteurs": null, "jauge": null}, "geometry": {"type": "Point", "coordinates": [1.137771, 49.022605]}}, {"type": "Feature", "properties": {"nom": "Théâtre des Salins", "code_insee": "13056", "commune": "Martigues", "categorie": "scene", "label": "Scène nationale", "poids": 6.0, "visiteurs": null, "jauge": null}, "geometry": {"type": "Point", "coordinates": [5.051707, 43.407265]}}, {"type": "Feature", "properties": {"nom": "MA Scène nationale", "code_insee": "25388", "commune": "Montbéliard", "categorie": "scene", "label": "Scène nationale", "poids": 6.0, "visiteurs": null, "jauge": null}, "geometry": {"type": "Point", "coordinates": [6.79766, 47.511116]}}, {"type": "Feature", "properties": {"nom": "Ferme du Buisson, Scène nationale de Marne-la-Vallée", "code_insee": "77337", "commune": "Noisiel", "categorie": "scene", "label": "Scène nationale", "poids": 6.0, "visiteurs": null, "jauge": null}, "geometry": {"type": "Point", "coordinates": [2.624391, 48.844197]}}, {"type": "Feature", "properties": {"nom": "Manège de Reims - Scène nationale", "code_insee": "51454", "commune": "Reims", "categorie": "scene", "label": "Scène nationale", "poids": 6.0, "visiteurs": null, "jauge": null}, "geometry": {"type": "Point", "coordinates": [4.022331, 49.25457]}}, {"type": "Feature", "properties": {"nom": "Phénix", "code_insee": "59606", "commune": "Valenciennes", "categorie": "scene", "label": "Scène nationale", "poids": 6.0, "visiteurs": null, "jauge": null}, "geometry": {"type": "Point", "coordinates": [3.528843, 50.36455]}}, {"type": "Feature", "properties": {"nom": "Centre Culturel André Malraux", "code_insee": "54547", "commune": "Vandœuvre-lès-Nancy", "categorie": "scene", "label": "Scène nationale", "poids": 6.0, "visiteurs": null, "jauge": null}, "geometry": {"type": "Point", "coordinates": [6.17195, 48.660695]}}, {"type": "Feature", "properties": {"nom": "Théâtre Dijon Bourgogne", "code_insee": "21231", "commune": "Dijon", "categorie": "scene", "label": "Centre dramatique national", "poids": 6.0, "visiteurs": null, "jauge": null}, "geometry": {"type": "Point", "coordinates": [5.039144, 47.328381]}}, {"type": "Feature", "properties": {"nom": "Comédie de Caen - Cdn de Normandie", "code_insee": "14327", "commune": "Hérouville-Saint-Clair", "categorie": "scene", "label": "Centre dramatique national", "poids": 6.0, "visiteurs": null, "jauge": null}, "geometry": {"type": "Point", "coordinates": [-0.332678, 49.203271]}}, {"type": "Feature", "properties": {"nom": "Théâtre des Quartiers D'Ivry – Centre Dramatique National du Val de Marne", "code_insee": "94041", "commune": "Ivry-sur-Seine", "categorie": "scene", "label": "Centre dramatique national", "poids": 6.0, "visiteurs": null, "jauge": null}, "geometry": {"type": "Point", "coordinates": [2.390863, 48.809019]}}, {"type": "Feature", "properties": {"nom": "Théâtre du Nord", "code_insee": "59350", "commune": "Lille", "categorie": "scene", "label": "Centre dramatique national", "poids": 6.0, "visiteurs": null, "jauge": null}, "geometry": {"type": "Point", "coordinates": [3.064056, 50.636212]}}, {"type": "Feature", "properties": {"nom": "Théâtre de L'Union", "code_insee": "87085", "commune": "Limoges", "categorie": "scene", "label": "Centre dramatique national", "poids": 6.0, "visiteurs": null, "jauge": null}, "geometry": {"type": "Point", "coordinates": [1.254569, 45.836489]}}, {"type": "Feature", "properties": {"nom": "Théâtre Sartrouville Et des Yvelines", "code_insee": "78586", "commune": "Sartrouville", "categorie": "scene", "label": "Centre dramatique national", "poids": 6.0, "visiteurs": null, "jauge": null}, "geometry": {"type": "Point", "coordinates": [2.192919, 48.940358]}}, {"type": "Feature", "properties": {"nom": "Théâtre de La Cité", "code_insee": "31555", "commune": "Toulouse", "categorie": "scene", "label": "Centre dramatique national", "poids": 6.0, "visiteurs": null, "jauge": null}, "geometry": {"type": "Point", "coordinates": [1.449092, 43.60416]}}, {"type": "Feature", "properties": {"nom": "Théâtre Nouvelle Génération (Tng)", "code_insee": "69389", "commune": "Lyon 9e Arrondissement", "categorie": "scene", "label": "Centre dramatique national", "poids": 6.0, "visiteurs": null, "jauge": null}, "geometry": {"type": "Point", "coordinates": [4.80336, 45.776961]}}, {"type": "Feature", "properties": {"nom": "Théâtre public de Montreuil", "code_insee": "93048", "commune": "Montreuil", "categorie": "scene", "label": "Centre dramatique national", "poids": 6.0, "visiteurs": null, "jauge": null}, "geometry": {"type": "Point", "coordinates": [2.441657, 48.862591]}}, {"type": "Feature", "properties": {"nom": "Théâtre de La Manufacture", "code_insee": "54395", "commune": "Nancy", "categorie": "scene", "label": "Centre dramatique national", "poids": 6.0, "visiteurs": null, "jauge": null}, "geometry": {"type": "Point", "coordinates": [6.171209, 48.69648]}}, {"type": "Feature", "properties": {"nom": "Centre Dramatique National de Normandie-Rouen", "code_insee": "76540", "commune": "Rouen", "categorie": "scene", "label": "Centre dramatique national", "poids": 6.0, "visiteurs": null, "jauge": null}, "geometry": {"type": "Point", "coordinates": [1.100572, 49.446573]}}, {"type": "Feature", "properties": {"nom": "La Comédie de Valence", "code_insee": "26362", "commune": "Valence", "categorie": "scene", "label": "Centre dramatique national", "poids": 6.0, "visiteurs": null, "jauge": null}, "geometry": {"type": "Point", "coordinates": [4.892025, 44.934659]}}, {"type": "Feature", "properties": {"nom": "Le Préau Centre Dramatique de Normandie - Vire", "code_insee": "14762", "commune": "Vire Normandie", "categorie": "scene", "label": "Centre dramatique national", "poids": 6.0, "visiteurs": null, "jauge": null}, "geometry": {"type": "Point", "coordinates": [-0.893014, 48.838405]}}, {"type": "Feature", "properties": {"nom": "Scène nationale 61", "code_insee": "61001", "commune": "Alençon", "categorie": "scene", "label": "Scène nationale", "poids": 6.0, "visiteurs": null, "jauge": null}, "geometry": {"type": "Point", "coordinates": [0.095433, 48.436275]}}, {"type": "Feature", "properties": {"nom": "Cratère - Scène nationale d'Alès", "code_insee": "30007", "commune": "Alès", "categorie": "scene", "label": "Scène nationale", "poids": 6.0, "visiteurs": null, "jauge": null}, "geometry": {"type": "Point", "coordinates": [4.081064, 44.123978]}}, {"type": "Feature", "properties": {"nom": "Théâtre Bourg-en-Bresse", "code_insee": "01053", "commune": "Bourg-en-Bresse", "categorie": "scene", "label": "Scène nationale", "poids": 6.0, "visiteurs": null, "jauge": null}, "geometry": {"type": "Point", "coordinates": [5.224894, 46.206483]}}, {"type": "Feature", "properties": {"nom": "Quartz,  Scène nationale de Brest", "code_insee": "29019", "commune": "Brest", "categorie": "scene", "label": "Scène nationale", "poids": 6.0, "visiteurs": null, "jauge": null}, "geometry": {"type": "Point", "coordinates": [-4.485966, 48.389493]}}, {"type": "Feature", "properties": {"nom": "Garance - Scène nationale de Cavaillon", "code_insee": "84035", "commune": "Cavaillon", "categorie": "scene", "label": "Scène nationale", "poids": 6.0, "visiteurs": null, "jauge": null}, "geometry": {"type": "Point", "coordinates": [5.042076, 43.832546]}}, {"type": "Feature", "properties": {"nom": "Carré - Scène nationale de Château-Gontier", "code_insee": "53062", "commune": "Château-Gontier-sur-Mayenne", "categorie": "scene", "label": "Scène nationale", "poids": 6.0, "visiteurs": null, "jauge": null}, "geometry": {"type": "Point", "coordinates": [-0.696832, 47.828591]}}, {"type": "Feature", "properties": {"nom": "Estive - Scène nationale de Foix et de l'Ariège", "code_insee": "09122", "commune": "Foix", "categorie": "scene", "label": "Scène nationale", "poids": 6.0, "visiteurs": null, "jauge": null}, "geometry": {"type": "Point", "coordinates": [1.610034, 42.960884]}}, {"type": "Feature", "properties": {"nom": "Théâtre 71", "code_insee": "92046", "commune": "Malakoff", "categorie": "scene", "label": "Scène nationale", "poids": 6.0, "visiteurs": null, "jauge": null}, "geometry": {"type": "Point", "coordinates": [2.30155, 48.821161]}}, {"type": "Feature", "properties": {"nom": "Zef - Scène nationale de Marseille", "code_insee": "13201", "commune": "Marseille 1er Arrondissement", "categorie": "scene", "label": "Scène nationale", "poids": 6.0, "visiteurs": null, "jauge": null}, "geometry": {"type": "Point", "coordinates": [5.399169, 43.333666]}}, {"type": "Feature", "properties": {"nom": "Théâtre de Saint-Quentin-en-Yvelines", "code_insee": "78423", "commune": "Montigny-le-Bretonneux", "categorie": "scene", "label": "Scène nationale", "poids": 6.0, "visiteurs": null, "jauge": null}, "geometry": {"type": "Point", "coordinates": [2.043905, 48.782713]}}, {"type": "Feature", "properties": {"nom": "Théâtre + Cinéma - Scène nationale Grand Narbonne", "code_insee": "11262", "commune": "Narbonne", "categorie": "scene", "label": "Scène nationale", "poids": 6.0, "visiteurs": null, "jauge": null}, "geometry": {"type": "Point", "coordinates": [3.014655, 43.180048]}}, {"type": "Feature", "properties": {"nom": "Scène nationale d'Orléans", "code_insee": "45234", "commune": "Orléans", "categorie": "scene", "label": "Scène nationale", "poids": 6.0, "visiteurs": null, "jauge": null}, "geometry": {"type": "Point", "coordinates": [1.915166, 47.904333]}}, {"type": "Feature", "properties": {"nom": "Le Théâtre", "code_insee": "44184", "commune": "Saint-Nazaire", "categorie": "scene", "label": "Scène nationale", "poids": 6.0, "visiteurs": null, "jauge": null}, "geometry": {"type": "Point", "coordinates": [-2.199303, 47.271044]}}, {"type": "Feature", "properties": {"nom": "Empreinte - Scène nationale Brive-Tulle", "code_insee": "19272", "commune": "Tulle", "categorie": "scene", "label": "Scène nationale", "poids": 6.0, "visiteurs": null, "jauge": null}, "geometry": {"type": "Point", "coordinates": [1.770999, 45.266845]}}, {"type": "Feature", "properties": {"nom": "Centre Dramatique National Besançon Franche-Comté", "code_insee": "25056", "commune": "Besançon", "categorie": "scene", "label": "Centre dramatique national", "poids": 6.0, "visiteurs": null, "jauge": null}, "geometry": {"type": "Point", "coordinates": [6.033864, 47.240477]}}, {"type": "Feature", "properties": {"nom": "Théâtre de Lorient", "code_insee": "56121", "commune": "Lorient", "categorie": "scene", "label": "Centre dramatique national", "poids": 6.0, "visiteurs": null, "jauge": null}, "geometry": {"type": "Point", "coordinates": [-3.36708, 47.748042]}}, {"type": "Feature", "properties": {"nom": "Théâtre des 13 Vents", "code_insee": "34172", "commune": "Montpellier", "categorie": "scene", "label": "Centre dramatique national", "poids": 6.0, "visiteurs": null, "jauge": null}, "geometry": {"type": "Point", "coordinates": [3.930753, 43.616906]}}, {"type": "Feature", "properties": {"nom": "Theatre Nanterre-Amandiers", "code_insee": "92050", "commune": "Nanterre", "categorie": "scene", "label": "Centre dramatique national", "poids": 6.0, "visiteurs": null, "jauge": null}, "geometry": {"type": "Point", "coordinates": [2.214189, 48.893233]}}, {"type": "Feature", "properties": {"nom": "Theatre National de Nice (Tnn)", "code_insee": "06088", "commune": "Nice", "categorie": "scene", "label": "Centre dramatique national", "poids": 6.0, "visiteurs": null, "jauge": null}, "geometry": {"type": "Point", "coordinates": [7.278001, 43.701073]}}, {"type": "Feature", "properties": {"nom": "Théâtre Gérard Philippe", "code_insee": "93066", "commune": "Saint-Denis", "categorie": "scene", "label": "Centre dramatique national", "poids": 6.0, "visiteurs": null, "jauge": null}, "geometry": {"type": "Point", "coordinates": [2.349939, 48.937944]}}, {"type": "Feature", "properties": {"nom": "Nord Est Théâtre (Nest)", "code_insee": "57672", "commune": "Thionville", "categorie": "scene", "label": "Centre dramatique national", "poids": 6.0, "visiteurs": null, "jauge": null}, "geometry": {"type": "Point", "coordinates": [6.177393, 49.363415]}}, {"type": "Feature", "properties": {"nom": "Scène Nationale d'Aubusson - Théâtre Jean Lurçat", "code_insee": "23003", "commune": "Alleyrat", "categorie": "scene", "label": "Scène nationale", "poids": 6.0, "visiteurs": null, "jauge": null}, "geometry": {"type": "Point", "coordinates": [2.153315, 45.988027]}}, {"type": "Feature", "properties": {"nom": "Maison de la Culture de Bourges", "code_insee": "18033", "commune": "Bourges", "categorie": "scene", "label": "Scène nationale", "poids": 6.0, "visiteurs": null, "jauge": null}, "geometry": {"type": "Point", "coordinates": [2.40015, 47.077488]}}, {"type": "Feature", "properties": {"nom": "Channel - Scène nationale de Calais", "code_insee": "62193", "commune": "Calais", "categorie": "scene", "label": "Scène nationale", "poids": 6.0, "visiteurs": null, "jauge": null}, "geometry": {"type": "Point", "coordinates": [1.839457, 50.946054]}}, {"type": "Feature", "properties": {"nom": "Points communs, Nouvelle scène nationale Cergy-Pontoise / Val d'Oise", "code_insee": "95127", "commune": "Cergy", "categorie": "scene", "label": "Scène nationale", "poids": 6.0, "visiteurs": null, "jauge": null}, "geometry": {"type": "Point", "coordinates": [2.081676, 49.033925]}}, {"type": "Feature", "properties": {"nom": "Espace des Arts - Scène nationale", "code_insee": "71076", "commune": "Chalon-sur-Saône", "categorie": "scene", "label": "Scène nationale", "poids": 6.0, "visiteurs": null, "jauge": null}, "geometry": {"type": "Point", "coordinates": [4.849813, 46.778822]}}, {"type": "Feature", "properties": {"nom": "Espace Malraux - Scène nationale de Chambéry et de la Savoie", "code_insee": "73065", "commune": "Chambéry", "categorie": "scene", "label": "Scène nationale", "poids": 6.0, "visiteurs": null, "jauge": null}, "geometry": {"type": "Point", "coordinates": [5.925385, 45.56346]}}, {"type": "Feature", "properties": {"nom": "Equinoxe - Scène nationale de Châteauroux", "code_insee": "36044", "commune": "Châteauroux", "categorie": "scene", "label": "Scène nationale", "poids": 6.0, "visiteurs": null, "jauge": null}, "geometry": {"type": "Point", "coordinates": [1.690959, 46.809051]}}, {"type": "Feature", "properties": {"nom": "Scène nationale de l'Essonne, Agora-desnos", "code_insee": "91228", "commune": "Évry-Courcouronnes", "categorie": "scene", "label": "Scène nationale", "poids": 6.0, "visiteurs": null, "jauge": null}, "geometry": {"type": "Point", "coordinates": [2.429729, 48.629105]}}, {"type": "Feature", "properties": {"nom": "Coursive - Scène nationale de La Rochelle", "code_insee": "17300", "commune": "La Rochelle", "categorie": "scene", "label": "Scène nationale", "poids": 6.0, "visiteurs": null, "jauge": null}, "geometry": {"type": "Point", "coordinates": [-1.154914, 46.156766]}}, {"type": "Feature", "properties": {"nom": "Grand R - Scène nationale de La Roche-sur-Yon", "code_insee": "85191", "commune": "La Roche-sur-Yon", "categorie": "scene", "label": "Scène nationale", "poids": 6.0, "visiteurs": null, "jauge": null}, "geometry": {"type": "Point", "coordinates": [-1.42927, 46.668878]}}, {"type": "Feature", "properties": {"nom": "Quinconces - L'Espal", "code_insee": "72181", "commune": "Le Mans", "categorie": "scene", "label": "Scène nationale", "poids": 6.0, "visiteurs": null, "jauge": null}, "geometry": {"type": "Point", "coordinates": [0.201456, 48.00827]}}, {"type": "Feature", "properties": {"nom": "Scènes du Jura", "code_insee": "39300", "commune": "Lons-le-Saunier", "categorie": "scene", "label": "Scène nationale", "poids": 6.0, "visiteurs": null, "jauge": null}, "geometry": {"type": "Point", "coordinates": [5.563124, 46.677213]}}, {"type": "Feature", "properties": {"nom": "Théâtre - Scène nationale Mâcon Val de Saône", "code_insee": "71270", "commune": "Mâcon", "categorie": "scene", "label": "Scène nationale", "poids": 6.0, "visiteurs": null, "jauge": null}, "geometry": {"type": "Point", "coordinates": [4.837174, 46.315528]}}, {"type": "Feature", "properties": {"nom": "Manège de Maubeuge", "code_insee": "59392", "commune": "Maubeuge", "categorie": "scene", "label": "Scène nationale", "poids": 6.0, "visiteurs": null, "jauge": null}, "geometry": {"type": "Point", "coordinates": [3.975721, 50.276704]}}, {"type": "Feature", "properties": {"nom": "Hexagone - Scène nationale Arts Sciences", "code_insee": "38229", "commune": "Meylan", "categorie": "scene", "label": "Scène nationale", "poids": 6.0, "visiteurs": null, "jauge": null}, "geometry": {"type": "Point", "coordinates": [5.762757, 45.206939]}}, {"type": "Feature", "properties": {"nom": "Lieu Unique", "code_insee": "44109", "commune": "Nantes", "categorie": "scene", "label": "Scène nationale", "poids": 6.0, "visiteurs": null, "jauge": null}, "geometry": {"type": "Point", "coordinates": [-1.544966, 47.2153]}}, {"type": "Feature", "properties": {"nom": "Moulin du Roc", "code_insee": "79191", "commune": "Niort", "categorie": "scene", "label": "Scène nationale", "poids": 6.0, "visiteurs": null, "jauge": null}, "geometry": {"type": "Point", "coordinates": [-0.46761, 46.326599]}}, {"type": "Feature", "properties": {"nom": "Théâtre de l'Archipel", "code_insee": "66136", "commune": "Perpignan", "categorie": "scene", "label": "Scène nationale", "poids": 6.0, "visiteurs": null, "jauge": null}, "geometry": {"type": "Point", "coordinates": [2.888515, 42.701452]}}, {"type": "Feature", "properties": {"nom": "TAP - Théâtre Auditorium de Poitiers", "code_insee": "86194", "commune": "Poitiers", "categorie": "scene", "label": "Scène nationale", "poids": 6.0, "visiteurs": null, "jauge": null}, "geometry": {"type": "Point", "coordinates": [0.336286, 46.582419]}}, {"type": "Feature", "properties": {"nom": "Opéra de Dijon", "code_insee": "21231", "commune": "Dijon", "categorie": "scene", "label": "Théâtre lyrique d'intérêt national", "poids": 6.0, "visiteurs": null, "jauge": null}, "geometry": {"type": "Point", "coordinates": [5.053078, 47.327892]}}, {"type": "Feature", "properties": {"nom": "Opéra de Rennes", "code_insee": "35238", "commune": "Rennes", "categorie": "scene", "label": "Théâtre lyrique d'intérêt national", "poids": 6.0, "visiteurs": null, "jauge": null}, "geometry": {"type": "Point", "coordinates": [-1.679289, 48.110999]}}, {"type": "Feature", "properties": {"nom": "Tréteaux de France", "code_insee": "93001", "commune": "Aubervilliers", "categorie": "scene", "label": "Centre dramatique national", "poids": 6.0, "visiteurs": null, "jauge": null}, "geometry": {"type": "Point", "coordinates": [2.396277, 48.911822]}}, {"type": "Feature", "properties": {"nom": "Theatre de La Commune", "code_insee": "93001", "commune": "Aubervilliers", "categorie": "scene", "label": "Centre dramatique national", "poids": 6.0, "visiteurs": null, "jauge": null}, "geometry": {"type": "Point", "coordinates": [2.383612, 48.910852]}}, {"type": "Feature", "properties": {"nom": "Comédie de Béthune", "code_insee": "62119", "commune": "Béthune", "categorie": "scene", "label": "Centre dramatique national", "poids": 6.0, "visiteurs": null, "jauge": null}, "geometry": {"type": "Point", "coordinates": [2.642826, 50.529744]}}, {"type": "Feature", "properties": {"nom": "Théâtre National de Bordeaux En Aquitaine", "code_insee": "33063", "commune": "Bordeaux", "categorie": "scene", "label": "Centre dramatique national", "poids": 6.0, "visiteurs": null, "jauge": null}, "geometry": {"type": "Point", "coordinates": [-0.562224, 44.831467]}}, {"type": "Feature", "properties": {"nom": "Comédie de Colmar - Centre Dramatique National Grand-Est Alsace", "code_insee": "68066", "commune": "Colmar", "categorie": "scene", "label": "Centre dramatique national", "poids": 6.0, "visiteurs": null, "jauge": null}, "geometry": {"type": "Point", "coordinates": [7.352022, 48.082553]}}, {"type": "Feature", "properties": {"nom": "La Criée - Théâtre National de Marseille", "code_insee": "13207", "commune": "Marseille 7e Arrondissement", "categorie": "scene", "label": "Centre dramatique national", "poids": 6.0, "visiteurs": null, "jauge": null}, "geometry": {"type": "Point", "coordinates": [5.368131, 43.292514]}}, {"type": "Feature", "properties": {"nom": "Théâtre des Ilets", "code_insee": "03185", "commune": "Montluçon", "categorie": "scene", "label": "Centre dramatique national", "poids": 6.0, "visiteurs": null, "jauge": null}, "geometry": {"type": "Point", "coordinates": [2.606708, 46.330512]}}, {"type": "Feature", "properties": {"nom": "Le Méta - Centre Dramatique National Poitiers Nouvelle-Aquitaine", "code_insee": "86194", "commune": "Poitiers", "categorie": "scene", "label": "Centre dramatique national", "poids": 6.0, "visiteurs": null, "jauge": null}, "geometry": {"type": "Point", "coordinates": [0.328893, 46.574945]}}, {"type": "Feature", "properties": {"nom": "Théâtre National de Bretagne (TNB)", "code_insee": "35238", "commune": "Rennes", "categorie": "scene", "label": "Centre dramatique national", "poids": 6.0, "visiteurs": null, "jauge": null}, "geometry": {"type": "Point", "coordinates": [-1.67292, 48.108035]}}, {"type": "Feature", "properties": {"nom": "Action Culturelle du Barrois", "code_insee": "55029", "commune": "Bar-le-Duc", "categorie": "scene", "label": "Scène nationale", "poids": 6.0, "visiteurs": null, "jauge": null}, "geometry": {"type": "Point", "coordinates": [5.164983, 48.773005]}}, {"type": "Feature", "properties": {"nom": "Comédie de Clermont-Ferrand", "code_insee": "63113", "commune": "Clermont-Ferrand", "categorie": "scene", "label": "Scène nationale", "poids": 6.0, "visiteurs": null, "jauge": null}, "geometry": {"type": "Point", "coordinates": [3.08492, 45.771549]}}, {"type": "Feature", "properties": {"nom": "Dieppe Scène nationale", "code_insee": "76217", "commune": "Dieppe", "categorie": "scene", "label": "Scène nationale", "poids": 6.0, "visiteurs": null, "jauge": null}, "geometry": {"type": "Point", "coordinates": [1.081345, 49.922982]}}, {"type": "Feature", "properties": {"nom": "Bateau feu", "code_insee": "59183", "commune": "Dunkerque", "categorie": "scene", "label": "Scène nationale", "poids": 6.0, "visiteurs": null, "jauge": null}, "geometry": {"type": "Point", "coordinates": [2.380785, 51.035841]}}, {"type": "Feature", "properties": {"nom": "Carreau - Scène nationale de Forbach et de l'Est Mosellan", "code_insee": "57227", "commune": "Forbach", "categorie": "scene", "label": "Scène nationale", "poids": 6.0, "visiteurs": null, "jauge": null}, "geometry": {"type": "Point", "coordinates": [6.893835, 49.185202]}}, {"type": "Feature", "properties": {"nom": "Théâtre la Passerelle - Scène nationale de Gap Alpes du Sud", "code_insee": "05061", "commune": "Gap", "categorie": "scene", "label": "Scène nationale", "poids": 6.0, "visiteurs": null, "jauge": null}, "geometry": {"type": "Point", "coordinates": [6.078106, 44.555317]}}, {"type": "Feature", "properties": {"nom": "Parvis - Scène nationale Tarbes Pyrénées", "code_insee": "65226", "commune": "Ibos", "categorie": "scene", "label": "Scène nationale", "poids": 6.0, "visiteurs": null, "jauge": null}, "geometry": {"type": "Point", "coordinates": [-0.005686, 43.242508]}}, {"type": "Feature", "properties": {"nom": "Théâtre-Sénart", "code_insee": "77251", "commune": "Lieusaint", "categorie": "scene", "label": "Scène nationale", "poids": 6.0, "visiteurs": null, "jauge": null}, "geometry": {"type": "Point", "coordinates": [2.539491, 48.615316]}}, {"type": "Feature", "properties": {"nom": "Gémeaux - Scène nationale", "code_insee": "92071", "commune": "Sceaux", "categorie": "scene", "label": "Scène nationale", "poids": 6.0, "visiteurs": null, "jauge": null}, "geometry": {"type": "Point", "coordinates": [2.306195, 48.783956]}}, {"type": "Feature", "properties": {"nom": "Théâtre Molière - Sète Scène nationale Archipel de Thau", "code_insee": "34301", "commune": "Sète", "categorie": "scene", "label": "Scène nationale", "poids": 6.0, "visiteurs": null, "jauge": null}, "geometry": {"type": "Point", "coordinates": [3.69793, 43.408902]}}, {"type": "Feature", "properties": {"nom": "Liberté - Scène nationale", "code_insee": "83137", "commune": "Toulon", "categorie": "scene", "label": "Scène nationale", "poids": 6.0, "visiteurs": null, "jauge": null}, "geometry": {"type": "Point", "coordinates": [5.930661, 43.126497]}}, {"type": "Feature", "properties": {"nom": "Lux - Scène nationale de Valence", "code_insee": "26362", "commune": "Valence", "categorie": "scene", "label": "Scène nationale", "poids": 6.0, "visiteurs": null, "jauge": null}, "geometry": {"type": "Point", "coordinates": [4.893946, 44.930191]}}, {"type": "Feature", "properties": {"nom": "Rose des Vents - Scène nationale Lille Métropole Villeneuve d'Ascq", "code_insee": "59009", "commune": "Villeneuve-d'Ascq", "categorie": "scene", "label": "Scène nationale", "poids": 6.0, "visiteurs": null, "jauge": null}, "geometry": {"type": "Point", "coordinates": [3.131693, 50.622215]}}, {"type": "Feature", "properties": {"nom": "Opéra de Limoges", "code_insee": "87085", "commune": "Limoges", "categorie": "scene", "label": "Théâtre lyrique d'intérêt national", "poids": 6.0, "visiteurs": null, "jauge": null}, "geometry": {"type": "Point", "coordinates": [1.258448, 45.832688]}}, {"type": "Feature", "properties": {"nom": "Opera de Rouen-Normandie", "code_insee": "76540", "commune": "Rouen", "categorie": "scene", "label": "Théâtre lyrique d'intérêt national", "poids": 6.0, "visiteurs": null, "jauge": null}, "geometry": {"type": "Point", "coordinates": [1.089626, 49.439057]}}, {"type": "Feature", "properties": {"nom": "Grand Theatre de Tours", "code_insee": "37261", "commune": "Tours", "categorie": "scene", "label": "Théâtre lyrique d'intérêt national", "poids": 6.0, "visiteurs": null, "jauge": null}, "geometry": {"type": "Point", "coordinates": [0.689971, 47.394422]}}, {"type": "Feature", "properties": {"nom": "Maison de la Culture d'Amiens - Pôle européen de création et de production", "code_insee": "80021", "commune": "Amiens", "categorie": "scene", "label": "Scène nationale", "poids": 6.0, "visiteurs": null, "jauge": null}, "geometry": {"type": "Point", "coordinates": [2.292881, 49.893711]}}, {"type": "Feature", "properties": {"nom": "Bonlieu Scène nationale", "code_insee": "74010", "commune": "Annecy", "categorie": "scene", "label": "Scène nationale", "poids": 6.0, "visiteurs": null, "jauge": null}, "geometry": {"type": "Point", "coordinates": [6.128472, 45.902197]}}, {"type": "Feature", "properties": {"nom": "Théâtre du Beauvaisis", "code_insee": "60057", "commune": "Beauvais", "categorie": "scene", "label": "Scène nationale", "poids": 6.0, "visiteurs": null, "jauge": null}, "geometry": {"type": "Point", "coordinates": [2.102248, 49.416257]}}, {"type": "Feature", "properties": {"nom": "MC93 - Maison de la Culture de Seine-Saint denis Bobigny", "code_insee": "93008", "commune": "Bobigny", "categorie": "scene", "label": "Scène nationale", "poids": 6.0, "visiteurs": null, "jauge": null}, "geometry": {"type": "Point", "coordinates": [2.442695, 48.906757]}}, {"type": "Feature", "properties": {"nom": "Comète", "code_insee": "51108", "commune": "Châlons-en-Champagne", "categorie": "scene", "label": "Scène nationale", "poids": 6.0, "visiteurs": null, "jauge": null}, "geometry": {"type": "Point", "coordinates": [4.363217, 48.956534]}}, {"type": "Feature", "properties": {"nom": "Théâtre de la Durance", "code_insee": "04049", "commune": "Château-Arnoux-Saint-Auban", "categorie": "scene", "label": "Scène nationale", "poids": 6.0, "visiteurs": null, "jauge": null}, "geometry": {"type": "Point", "coordinates": [6.002908, 44.083902]}}, {"type": "Feature", "properties": {"nom": "TANDEM Douai-Arras", "code_insee": "59178", "commune": "Douai", "categorie": "scene", "label": "Scène nationale", "poids": 6.0, "visiteurs": null, "jauge": null}, "geometry": {"type": "Point", "coordinates": [3.083422, 50.364188]}}, {"type": "Feature", "properties": {"nom": "Arc", "code_insee": "71153", "commune": "Le Creusot", "categorie": "scene", "label": "Scène nationale", "poids": 6.0, "visiteurs": null, "jauge": null}, "geometry": {"type": "Point", "coordinates": [4.42929, 46.806137]}}, {"type": "Feature", "properties": {"nom": "Volcan - Scène nationale du Havre", "code_insee": "76351", "commune": "Le Havre", "categorie": "scene", "label": "Scène nationale", "poids": 6.0, "visiteurs": null, "jauge": null}, "geometry": {"type": "Point", "coordinates": [0.106613, 49.490494]}}, {"type": "Feature", "properties": {"nom": "Culture Commune - Scène nationale du Bassin minier du Pas-de-Calais", "code_insee": "62528", "commune": "Loos-en-Gohelle", "categorie": "scene", "label": "Scène nationale", "poids": 6.0, "visiteurs": null, "jauge": null}, "geometry": {"type": "Point", "coordinates": [2.789108, 50.442727]}}, {"type": "Feature", "properties": {"nom": "Théâtre de Cornouaille", "code_insee": "29232", "commune": "Quimper", "categorie": "scene", "label": "Scène nationale", "poids": 6.0, "visiteurs": null, "jauge": null}, "geometry": {"type": "Point", "coordinates": [-4.11025, 47.995466]}}, {"type": "Feature", "properties": {"nom": "Passerelle - Scène nationale de Saint-Brieuc", "code_insee": "22278", "commune": "Saint-Brieuc", "categorie": "scene", "label": "Scène nationale", "poids": 6.0, "visiteurs": null, "jauge": null}, "geometry": {"type": "Point", "coordinates": [-2.761457, 48.51294]}}, {"type": "Feature", "properties": {"nom": "Scène Nationale Carré-Colonnes", "code_insee": "33449", "commune": "Saint-Médard-en-Jalles", "categorie": "scene", "label": "Scène nationale", "poids": 6.0, "visiteurs": null, "jauge": null}, "geometry": {"type": "Point", "coordinates": [-0.715079, 44.894042]}}, {"type": "Feature", "properties": {"nom": "Opéra de Lille", "code_insee": "59350", "commune": "Lille", "categorie": "scene", "label": "Théâtre lyrique d'intérêt national", "poids": 6.0, "visiteurs": null, "jauge": null}, "geometry": {"type": "Point", "coordinates": [3.06549, 50.637931]}}, {"type": "Feature", "properties": {"nom": "Ccn - Biarritz : Malandain Ballet Biarritz", "code_insee": "64122", "commune": "Biarritz", "categorie": "scene", "label": "Centre chorégraphique national", "poids": 5.0, "visiteurs": null, "jauge": null}, "geometry": {"type": "Point", "coordinates": [-1.558442, 43.479027]}}, {"type": "Feature", "properties": {"nom": "Ccn - La Rochelle", "code_insee": "17300", "commune": "La Rochelle", "categorie": "scene", "label": "Centre chorégraphique national", "poids": 5.0, "visiteurs": null, "jauge": null}, "geometry": {"type": "Point", "coordinates": [-1.150008, 46.163348]}}, {"type": "Feature", "properties": {"nom": "Ccn -  Havre : Normandie", "code_insee": "76351", "commune": "Le Havre", "categorie": "scene", "label": "Centre chorégraphique national", "poids": 5.0, "visiteurs": null, "jauge": null}, "geometry": {"type": "Point", "coordinates": [0.135126, 49.492361]}}, {"type": "Feature", "properties": {"nom": "Ccn - Rennes Et Bretagne - Faire", "code_insee": "35238", "commune": "Rennes", "categorie": "scene", "label": "Centre chorégraphique national", "poids": 5.0, "visiteurs": null, "jauge": null}, "geometry": {"type": "Point", "coordinates": [-1.675832, 48.114768]}}, {"type": "Feature", "properties": {"nom": "Ccn - Nantes", "code_insee": "44109", "commune": "Nantes", "categorie": "scene", "label": "Centre chorégraphique national", "poids": 5.0, "visiteurs": null, "jauge": null}, "geometry": {"type": "Point", "coordinates": [-1.56235, 47.226331]}}, {"type": "Feature", "properties": {"nom": "Ccn - Rillieux-La-Pape", "code_insee": "69286", "commune": "Rillieux-la-Pape", "categorie": "scene", "label": "Centre chorégraphique national", "poids": 5.0, "visiteurs": null, "jauge": null}, "geometry": {"type": "Point", "coordinates": [4.90325, 45.814349]}}, {"type": "Feature", "properties": {"nom": "Ccn - Roubaix : Ballet du Nord", "code_insee": "59512", "commune": "Roubaix", "categorie": "scene", "label": "Centre chorégraphique national", "poids": 5.0, "visiteurs": null, "jauge": null}, "geometry": {"type": "Point", "coordinates": [3.162651, 50.690966]}}, {"type": "Feature", "properties": {"nom": "Ccn - Marseille : Ballet National de Marseille", "code_insee": "13201", "commune": "Marseille 1er Arrondissement", "categorie": "scene", "label": "Centre chorégraphique national", "poids": 5.0, "visiteurs": null, "jauge": null}, "geometry": {"type": "Point", "coordinates": [5.384917, 43.263833]}}, {"type": "Feature", "properties": {"nom": "Ccn - Tours", "code_insee": "37261", "commune": "Tours", "categorie": "scene", "label": "Centre chorégraphique national", "poids": 5.0, "visiteurs": null, "jauge": null}, "geometry": {"type": "Point", "coordinates": [0.67513, 47.377702]}}, {"type": "Feature", "properties": {"nom": "Ccn - Aix-En-Provence : Ballet Preljocaj", "code_insee": "13001", "commune": "Aix-en-Provence", "categorie": "scene", "label": "Centre chorégraphique national", "poids": 5.0, "visiteurs": null, "jauge": null}, "geometry": {"type": "Point", "coordinates": [5.440162, 43.525424]}}, {"type": "Feature", "properties": {"nom": "Ccn - Belfort : Viadanse", "code_insee": "90010", "commune": "Belfort", "categorie": "scene", "label": "Centre chorégraphique national", "poids": 5.0, "visiteurs": null, "jauge": null}, "geometry": {"type": "Point", "coordinates": [6.862539, 47.641507]}}, {"type": "Feature", "properties": {"nom": "Ccn - Caen", "code_insee": "14118", "commune": "Caen", "categorie": "scene", "label": "Centre chorégraphique national", "poids": 5.0, "visiteurs": null, "jauge": null}, "geometry": {"type": "Point", "coordinates": [-0.373895, 49.17932]}}, {"type": "Feature", "properties": {"nom": "Ccn - Montpellier : Ici", "code_insee": "34172", "commune": "Montpellier", "categorie": "scene", "label": "Centre chorégraphique national", "poids": 5.0, "visiteurs": null, "jauge": null}, "geometry": {"type": "Point", "coordinates": [3.878566, 43.614815]}}, {"type": "Feature", "properties": {"nom": "Ccn - Mulhouse : Ballet de L'opéra National du Rhin", "code_insee": "68224", "commune": "Mulhouse", "categorie": "scene", "label": "Centre chorégraphique national", "poids": 5.0, "visiteurs": null, "jauge": null}, "geometry": {"type": "Point", "coordinates": [7.33905, 47.745506]}}, {"type": "Feature", "properties": {"nom": "Ccn - Nancy : Ballet de Lorraine", "code_insee": "54395", "commune": "Nancy", "categorie": "scene", "label": "Centre chorégraphique national", "poids": 5.0, "visiteurs": null, "jauge": null}, "geometry": {"type": "Point", "coordinates": [6.190407, 48.696147]}}, {"type": "Feature", "properties": {"nom": "Ccn - Orléans", "code_insee": "45234", "commune": "Orléans", "categorie": "scene", "label": "Centre chorégraphique national", "poids": 5.0, "visiteurs": null, "jauge": null}, "geometry": {"type": "Point", "coordinates": [1.912838, 47.902252]}}, {"type": "Feature", "properties": {"nom": "Cac - Centre Rhénan D'art Contemporain", "code_insee": "68004", "commune": "Altkirch", "categorie": "musee", "label": "Centre d’art contemporain d’intérêt national", "poids": 4.0, "visiteurs": null, "jauge": null}, "geometry": {"type": "Point", "coordinates": [7.239009, 47.625234]}}, {"type": "Feature", "properties": {"nom": "Cac - Le Vent des Forêts", "code_insee": "55197", "commune": "Fresnes-au-Mont", "categorie": "musee", "label": "Centre d’art contemporain d’intérêt national", "poids": 4.0, "visiteurs": null, "jauge": null}, "geometry": {"type": "Point", "coordinates": [5.439959, 48.896479]}}, {"type": "Feature", "properties": {"nom": "Cac- Centre d'art et de Photographie de Lectoure", "code_insee": "32208", "commune": "Lectoure", "categorie": "musee", "label": "Centre d’art contemporain d’intérêt national", "poids": 4.0, "visiteurs": null, "jauge": null}, "geometry": {"type": "Point", "coordinates": [0.626935, 43.933244]}}, {"type": "Feature", "properties": {"nom": "CAC - Triangle-Astérides", "code_insee": "13203", "commune": "Marseille 3e Arrondissement", "categorie": "musee", "label": "Centre d’art contemporain d’intérêt national", "poids": 4.0, "visiteurs": null, "jauge": null}, "geometry": {"type": "Point", "coordinates": [5.390705, 43.309731]}}, {"type": "Feature", "properties": {"nom": "Cac - Abbaye Saint-André", "code_insee": "19136", "commune": "Meymac", "categorie": "musee", "label": "Centre d’art contemporain d’intérêt national", "poids": 4.0, "visiteurs": null, "jauge": null}, "geometry": {"type": "Point", "coordinates": [2.147297, 45.5346]}}, {"type": "Feature", "properties": {"nom": "Cac - La Galerie, Centre D'art Contemporain", "code_insee": "93053", "commune": "Noisy-le-Sec", "categorie": "musee", "label": "Centre d’art contemporain d’intérêt national", "poids": 4.0, "visiteurs": null, "jauge": null}, "geometry": {"type": "Point", "coordinates": [2.452975, 48.890371]}}, {"type": "Feature", "properties": {"nom": "Cac - Centre Photographique D'île-de-France", "code_insee": "77373", "commune": "Pontault-Combault", "categorie": "musee", "label": "Centre d’art contemporain d’intérêt national", "poids": 4.0, "visiteurs": null, "jauge": null}, "geometry": {"type": "Point", "coordinates": [2.607677, 48.800464]}}, {"type": "Feature", "properties": {"nom": "Cac - 40m Cube, Rennes", "code_insee": "35238", "commune": "Rennes", "categorie": "musee", "label": "Centre d’art contemporain d’intérêt national", "poids": 4.0, "visiteurs": null, "jauge": null}, "geometry": {"type": "Point", "coordinates": [-1.666459, 48.109811]}}, {"type": "Feature", "properties": {"nom": "Cac - La Criée", "code_insee": "35238", "commune": "Rennes", "categorie": "musee", "label": "Centre d’art contemporain d’intérêt national", "poids": 4.0, "visiteurs": null, "jauge": null}, "geometry": {"type": "Point", "coordinates": [-1.679102, 48.108085]}}, {"type": "Feature", "properties": {"nom": "Le Moloco", "code_insee": "25031", "commune": "Audincourt", "categorie": "scene", "label": "Scène de musiques actuelles", "poids": 4.0, "visiteurs": null, "jauge": null}, "geometry": {"type": "Point", "coordinates": [6.843085, 47.478931]}}, {"type": "Feature", "properties": {"nom": "Le Silex/ Jazz Club D'auxerre", "code_insee": "89024", "commune": "Auxerre", "categorie": "scene", "label": "Scène de musiques actuelles", "poids": 4.0, "visiteurs": null, "jauge": null}, "geometry": {"type": "Point", "coordinates": [3.58031, 47.795498]}}, {"type": "Feature", "properties": {"nom": "L'ouvre- Boîte", "code_insee": "60057", "commune": "Beauvais", "categorie": "scene", "label": "Scène de musiques actuelles", "poids": 4.0, "visiteurs": null, "jauge": null}, "geometry": {"type": "Point", "coordinates": [2.099627, 49.437982]}}, {"type": "Feature", "properties": {"nom": "L'ampli", "code_insee": "64129", "commune": "Billère", "categorie": "scene", "label": "Scène de musiques actuelles", "poids": 4.0, "visiteurs": null, "jauge": null}, "geometry": {"type": "Point", "coordinates": [-0.398722, 43.302477]}}, {"type": "Feature", "properties": {"nom": "Les Abattoirs", "code_insee": "38053", "commune": "Bourgoin-Jallieu", "categorie": "scene", "label": "Scène de musiques actuelles", "poids": 4.0, "visiteurs": null, "jauge": null}, "geometry": {"type": "Point", "coordinates": [5.258669, 45.603981]}}, {"type": "Feature", "properties": {"nom": "Le Moulin de Brainans", "code_insee": "39073", "commune": "Brainans", "categorie": "scene", "label": "Scène de musiques actuelles", "poids": 4.0, "visiteurs": null, "jauge": null}, "geometry": {"type": "Point", "coordinates": [5.627502, 46.865208]}}, {"type": "Feature", "properties": {"nom": "Plages Magnétiques", "code_insee": "29019", "commune": "Brest", "categorie": "scene", "label": "Scène de musiques actuelles", "poids": 4.0, "visiteurs": null, "jauge": null}, "geometry": {"type": "Point", "coordinates": [-4.484998, 48.385758]}}, {"type": "Feature", "properties": {"nom": "Le Cargo", "code_insee": "14118", "commune": "Caen", "categorie": "scene", "label": "Scène de musiques actuelles", "poids": 4.0, "visiteurs": null, "jauge": null}, "geometry": {"type": "Point", "coordinates": [-0.340337, 49.180456]}}, {"type": "Feature", "properties": {"nom": "La Grange À Musique", "code_insee": "60175", "commune": "Creil", "categorie": "scene", "label": "Scène de musiques actuelles", "poids": 4.0, "visiteurs": null, "jauge": null}, "geometry": {"type": "Point", "coordinates": [2.480769, 49.252291]}}, {"type": "Feature", "properties": {"nom": "La Belle Electrique", "code_insee": "38185", "commune": "Grenoble", "categorie": "scene", "label": "Scène de musiques actuelles", "poids": 4.0, "visiteurs": null, "jauge": null}, "geometry": {"type": "Point", "coordinates": [5.704587, 45.187082]}}, {"type": "Feature", "properties": {"nom": "Le Temps Machine", "code_insee": "37122", "commune": "Joué-lès-Tours", "categorie": "scene", "label": "Scène de musiques actuelles", "poids": 4.0, "visiteurs": null, "jauge": null}, "geometry": {"type": "Point", "coordinates": [0.664771, 47.351993]}}, {"type": "Feature", "properties": {"nom": "La Sirène", "code_insee": "17300", "commune": "La Rochelle", "categorie": "scene", "label": "Scène de musiques actuelles", "poids": 4.0, "visiteurs": null, "jauge": null}, "geometry": {"type": "Point", "coordinates": [-1.215758, 46.160256]}}, {"type": "Feature", "properties": {"nom": "Le Triton", "code_insee": "93045", "commune": "Les Lilas", "categorie": "scene", "label": "Scène de musiques actuelles", "poids": 4.0, "visiteurs": null, "jauge": null}, "geometry": {"type": "Point", "coordinates": [2.414935, 48.878545]}}, {"type": "Feature", "properties": {"nom": "Le Marché Gare", "code_insee": "69383", "commune": "Lyon 3e Arrondissement", "categorie": "scene", "label": "Scène de musiques actuelles", "poids": 4.0, "visiteurs": null, "jauge": null}, "geometry": {"type": "Point", "coordinates": [4.8151, 45.742889]}}, {"type": "Feature", "properties": {"nom": "Krakatoa", "code_insee": "33281", "commune": "Mérignac", "categorie": "scene", "label": "Scène de musiques actuelles", "poids": 4.0, "visiteurs": null, "jauge": null}, "geometry": {"type": "Point", "coordinates": [-0.624569, 44.823684]}}, {"type": "Feature", "properties": {"nom": "Le 109", "code_insee": "03185", "commune": "Montluçon", "categorie": "scene", "label": "Scène de musiques actuelles", "poids": 4.0, "visiteurs": null, "jauge": null}, "geometry": {"type": "Point", "coordinates": [2.621617, 46.321356]}}, {"type": "Feature", "properties": {"nom": "Le Noumatrouff", "code_insee": "68224", "commune": "Mulhouse", "categorie": "scene", "label": "Scène de musiques actuelles", "poids": 4.0, "visiteurs": null, "jauge": null}, "geometry": {"type": "Point", "coordinates": [7.333102, 47.761475]}}, {"type": "Feature", "properties": {"nom": "Bonjour Minuit", "code_insee": "22278", "commune": "Saint-Brieuc", "categorie": "scene", "label": "Scène de musiques actuelles", "poids": 4.0, "visiteurs": null, "jauge": null}, "geometry": {"type": "Point", "coordinates": [-2.785172, 48.519549]}}, {"type": "Feature", "properties": {"nom": "Le Fil", "code_insee": "42218", "commune": "Saint-Étienne", "categorie": "scene", "label": "Scène de musiques actuelles", "poids": 4.0, "visiteurs": null, "jauge": null}, "geometry": {"type": "Point", "coordinates": [4.375785, 45.442808]}}, {"type": "Feature", "properties": {"nom": "Victoire 2", "code_insee": "34270", "commune": "Saint-Jean-de-Védas", "categorie": "scene", "label": "Scène de musiques actuelles", "poids": 4.0, "visiteurs": null, "jauge": null}, "geometry": {"type": "Point", "coordinates": [3.853334, 43.573559]}}, {"type": "Feature", "properties": {"nom": "Le Normandy", "code_insee": "50502", "commune": "Saint-Lô", "categorie": "scene", "label": "Scène de musiques actuelles", "poids": 4.0, "visiteurs": null, "jauge": null}, "geometry": {"type": "Point", "coordinates": [-1.086428, 49.117579]}}, {"type": "Feature", "properties": {"nom": "Le Petit Faucheux", "code_insee": "37261", "commune": "Tours", "categorie": "scene", "label": "Scène de musiques actuelles", "poids": 4.0, "visiteurs": null, "jauge": null}, "geometry": {"type": "Point", "coordinates": [0.68318, 47.390942]}}, {"type": "Feature", "properties": {"nom": "Bords² Scènes - L'Orange Bleue", "code_insee": "51649", "commune": "Vitry-le-François", "categorie": "scene", "label": "Scène de musiques actuelles", "poids": 4.0, "visiteurs": null, "jauge": null}, "geometry": {"type": "Point", "coordinates": [4.579579, 48.726469]}}, {"type": "Feature", "properties": {"nom": "Frac Poitou-Charentes - Linazay", "code_insee": "16015", "commune": "Angoulême", "categorie": "musee", "label": "Fonds régional d'art contemporain", "poids": 4.0, "visiteurs": null, "jauge": null}, "geometry": {"type": "Point", "coordinates": [0.174037, 46.173046]}}, {"type": "Feature", "properties": {"nom": "Frac - Paris", "code_insee": "75119", "commune": "Paris 19e Arrondissement", "categorie": "musee", "label": "Fonds régional d'art contemporain", "poids": 4.0, "visiteurs": null, "jauge": null}, "geometry": {"type": "Point", "coordinates": [2.385302, 48.878402]}}, {"type": "Feature", "properties": {"nom": "Frac - Reims", "code_insee": "51454", "commune": "Reims", "categorie": "musee", "label": "Fonds régional d'art contemporain", "poids": 4.0, "visiteurs": null, "jauge": null}, "geometry": {"type": "Point", "coordinates": [4.040157, 49.246456]}}, {"type": "Feature", "properties": {"nom": "Frac - Villeurbanne - Institut D'art Contemporain", "code_insee": "69266", "commune": "Villeurbanne", "categorie": "musee", "label": "Fonds régional d'art contemporain", "poids": 4.0, "visiteurs": null, "jauge": null}, "geometry": {"type": "Point", "coordinates": [4.872741, 45.762628]}}, {"type": "Feature", "properties": {"nom": "CAC - Le Signe - Centre national du graphisme", "code_insee": "52121", "commune": "Chaumont", "categorie": "musee", "label": "Centre d’art contemporain d’intérêt national", "poids": 4.0, "visiteurs": null, "jauge": null}, "geometry": {"type": "Point", "coordinates": [5.135234, 48.110756]}}, {"type": "Feature", "properties": {"nom": "Cac - Maison des Arts Georges Pompidou", "code_insee": "46045", "commune": "Cajarc", "categorie": "musee", "label": "Centre d’art contemporain d’intérêt national", "poids": 4.0, "visiteurs": null, "jauge": null}, "geometry": {"type": "Point", "coordinates": [1.844838, 44.487527]}}, {"type": "Feature", "properties": {"nom": "Cac - Le Point du Jour", "code_insee": "50129", "commune": "Cherbourg-en-Cotentin", "categorie": "musee", "label": "Centre d’art contemporain d’intérêt national", "poids": 4.0, "visiteurs": null, "jauge": null}, "geometry": {"type": "Point", "coordinates": [-1.616475, 49.632204]}}, {"type": "Feature", "properties": {"nom": "Gwin Zegal, Guingamp", "code_insee": "22070", "commune": "Guingamp", "categorie": "musee", "label": "Centre d’art contemporain d’intérêt national", "poids": 4.0, "visiteurs": null, "jauge": null}, "geometry": {"type": "Point", "coordinates": [-3.147622, 48.562033]}}, {"type": "Feature", "properties": {"nom": "CAC - Le Parvis", "code_insee": "65226", "commune": "Ibos", "categorie": "musee", "label": "Centre d’art contemporain d’intérêt national", "poids": 4.0, "visiteurs": null, "jauge": null}, "geometry": {"type": "Point", "coordinates": [0.015783, 43.23996]}}, {"type": "Feature", "properties": {"nom": "Cac - Le 19", "code_insee": "25388", "commune": "Montbéliard", "categorie": "musee", "label": "Centre d’art contemporain d’intérêt national", "poids": 4.0, "visiteurs": null, "jauge": null}, "geometry": {"type": "Point", "coordinates": [6.800371, 47.510522]}}, {"type": "Feature", "properties": {"nom": "Cac - La Ferme du Buisson", "code_insee": "77337", "commune": "Noisiel", "categorie": "musee", "label": "Centre d’art contemporain d’intérêt national", "poids": 4.0, "visiteurs": null, "jauge": null}, "geometry": {"type": "Point", "coordinates": [2.624391, 48.844197]}}, {"type": "Feature", "properties": {"nom": "Cac - La Chapelle Jeanne D'arc", "code_insee": "79329", "commune": "Thouars", "categorie": "musee", "label": "Centre d’art contemporain d’intérêt national", "poids": 4.0, "visiteurs": null, "jauge": null}, "geometry": {"type": "Point", "coordinates": [-0.214887, 46.976935]}}, {"type": "Feature", "properties": {"nom": "Frac - Besançon", "code_insee": "25056", "commune": "Besançon", "categorie": "musee", "label": "Fonds régional d'art contemporain", "poids": 4.0, "visiteurs": null, "jauge": null}, "geometry": {"type": "Point", "coordinates": [6.033522, 47.23639]}}, {"type": "Feature", "properties": {"nom": "Frac - Dijon", "code_insee": "21231", "commune": "Dijon", "categorie": "musee", "label": "Fonds régional d'art contemporain", "poids": 4.0, "visiteurs": null, "jauge": null}, "geometry": {"type": "Point", "coordinates": [5.040338, 47.323619]}}, {"type": "Feature", "properties": {"nom": "Frac - dunkerque - Grand Large", "code_insee": "59183", "commune": "Dunkerque", "categorie": "musee", "label": "Fonds régional d'art contemporain", "poids": 4.0, "visiteurs": null, "jauge": null}, "geometry": {"type": "Point", "coordinates": [2.375451, 51.047877]}}, {"type": "Feature", "properties": {"nom": "Frac - Corte", "code_insee": "2B096", "commune": "Corte", "categorie": "musee", "label": "Fonds régional d'art contemporain", "poids": 4.0, "visiteurs": null, "jauge": null}, "geometry": {"type": "Point", "coordinates": [9.146811, 42.309565]}}, {"type": "Feature", "properties": {"nom": "Frac - Franche-Comté  La Villa (antenne)", "code_insee": "70026", "commune": "Arc-lès-Gray", "categorie": "musee", "label": "Fonds régional d'art contemporain", "poids": 4.0, "visiteurs": null, "jauge": null}, "geometry": {"type": "Point", "coordinates": [5.580251, 47.455167]}}, {"type": "Feature", "properties": {"nom": "Frac - Sélestat", "code_insee": "67462", "commune": "Sélestat", "categorie": "musee", "label": "Fonds régional d'art contemporain", "poids": 4.0, "visiteurs": null, "jauge": null}, "geometry": {"type": "Point", "coordinates": [7.456678, 48.256065]}}, {"type": "Feature", "properties": {"nom": "Frac - Toulouse - Les Abattoirs", "code_insee": "31555", "commune": "Toulouse", "categorie": "musee", "label": "Fonds régional d'art contemporain", "poids": 4.0, "visiteurs": null, "jauge": null}, "geometry": {"type": "Point", "coordinates": [1.429686, 43.60095]}}, {"type": "Feature", "properties": {"nom": "CAC - Collection Lambert - musée d'art contemporain", "code_insee": "84007", "commune": "Avignon", "categorie": "musee", "label": "Centre d’art contemporain d’intérêt national", "poids": 4.0, "visiteurs": null, "jauge": null}, "geometry": {"type": "Point", "coordinates": [4.8043, 43.944744]}}, {"type": "Feature", "properties": {"nom": "Cac - Centre International D' Art Et du Paysage de Vassiviere", "code_insee": "87009", "commune": "Beaumont-du-Lac", "categorie": "musee", "label": "Centre d’art contemporain d’intérêt national", "poids": 4.0, "visiteurs": null, "jauge": null}, "geometry": {"type": "Point", "coordinates": [1.865913, 45.802593]}}, {"type": "Feature", "properties": {"nom": "Cac - Diaphane", "code_insee": "60157", "commune": "Clermont", "categorie": "musee", "label": "Centre d’art contemporain d’intérêt national", "poids": 4.0, "visiteurs": null, "jauge": null}, "geometry": {"type": "Point", "coordinates": [2.414208, 49.374656]}}, {"type": "Feature", "properties": {"nom": "Cac - AMBULO", "code_insee": "04070", "commune": "Digne-les-Bains", "categorie": "musee", "label": "Centre d’art contemporain d’intérêt national", "poids": 4.0, "visiteurs": null, "jauge": null}, "geometry": {"type": "Point", "coordinates": [6.238832, 44.093567]}}, {"type": "Feature", "properties": {"nom": "Cac - Centre National D'arts Et de Cultures - Le Magasin des Horizons", "code_insee": "38185", "commune": "Grenoble", "categorie": "musee", "label": "Centre d’art contemporain d’intérêt national", "poids": 4.0, "visiteurs": null, "jauge": null}, "geometry": {"type": "Point", "coordinates": [5.704902, 45.187503]}}, {"type": "Feature", "properties": {"nom": "Cac - La Villa Noailles - F.I.A.M.H.", "code_insee": "83069", "commune": "Hyères", "categorie": "musee", "label": "Centre d’art contemporain d’intérêt national", "poids": 4.0, "visiteurs": null, "jauge": null}, "geometry": {"type": "Point", "coordinates": [6.129278, 43.124611]}}, {"type": "Feature", "properties": {"nom": "Cac - Le Credac", "code_insee": "94041", "commune": "Ivry-sur-Seine", "categorie": "musee", "label": "Centre d’art contemporain d’intérêt national", "poids": 4.0, "visiteurs": null, "jauge": null}, "geometry": {"type": "Point", "coordinates": [2.391044, 48.809571]}}, {"type": "Feature", "properties": {"nom": "Cac - La Kunsthalle", "code_insee": "68224", "commune": "Mulhouse", "categorie": "musee", "label": "Centre d’art contemporain d’intérêt national", "poids": 4.0, "visiteurs": null, "jauge": null}, "geometry": {"type": "Point", "coordinates": [7.331823, 47.739083]}}, {"type": "Feature", "properties": {"nom": "Bétonsalon, Paris", "code_insee": "75113", "commune": "Paris 13e Arrondissement", "categorie": "musee", "label": "Centre d’art contemporain d’intérêt national", "poids": 4.0, "visiteurs": null, "jauge": null}, "geometry": {"type": "Point", "coordinates": [2.381826, 48.829462]}}, {"type": "Feature", "properties": {"nom": "CAC - Centre photographique Rouen Normandie", "code_insee": "76540", "commune": "Rouen", "categorie": "musee", "label": "Centre d’art contemporain d’intérêt national", "poids": 4.0, "visiteurs": null, "jauge": null}, "geometry": {"type": "Point", "coordinates": [1.096992, 49.441792]}}, {"type": "Feature", "properties": {"nom": "Cac - La Chapelle Saint Jacques", "code_insee": "31483", "commune": "Saint-Gaudens", "categorie": "musee", "label": "Centre d’art contemporain d’intérêt national", "poids": 4.0, "visiteurs": null, "jauge": null}, "geometry": {"type": "Point", "coordinates": [0.716081, 43.105439]}}, {"type": "Feature", "properties": {"nom": "CAC - Centre européen d'actions artistiques contemporaines", "code_insee": "67482", "commune": "Strasbourg", "categorie": "musee", "label": "Centre d’art contemporain d’intérêt national", "poids": 4.0, "visiteurs": null, "jauge": null}, "geometry": {"type": "Point", "coordinates": [7.760044, 48.578956]}}, {"type": "Feature", "properties": {"nom": "Cac - Le Creux de L'enfer", "code_insee": "63430", "commune": "Thiers", "categorie": "musee", "label": "Centre d’art contemporain d’intérêt national", "poids": 4.0, "visiteurs": null, "jauge": null}, "geometry": {"type": "Point", "coordinates": [3.549121, 45.850106]}}, {"type": "Feature", "properties": {"nom": "Cac - Centre de Création Contemporaine Olivier-debré", "code_insee": "37261", "commune": "Tours", "categorie": "musee", "label": "Centre d’art contemporain d’intérêt national", "poids": 4.0, "visiteurs": null, "jauge": null}, "geometry": {"type": "Point", "coordinates": [0.68427, 47.395743]}}, {"type": "Feature", "properties": {"nom": "CAC - L'H du Siège", "code_insee": "59606", "commune": "Valenciennes", "categorie": "musee", "label": "Centre d’art contemporain d’intérêt national", "poids": 4.0, "visiteurs": null, "jauge": null}, "geometry": {"type": "Point", "coordinates": [3.520612, 50.352224]}}, {"type": "Feature", "properties": {"nom": "Le Brise Glace", "code_insee": "74010", "commune": "Annecy", "categorie": "scene", "label": "Scène de musiques actuelles", "poids": 4.0, "visiteurs": null, "jauge": null}, "geometry": {"type": "Point", "coordinates": [6.135765, 45.893103]}}, {"type": "Feature", "properties": {"nom": "La Rodia", "code_insee": "25056", "commune": "Besançon", "categorie": "scene", "label": "Scène de musiques actuelles", "poids": 4.0, "visiteurs": null, "jauge": null}, "geometry": {"type": "Point", "coordinates": [6.03784, 47.2331]}}, {"type": "Feature", "properties": {"nom": "L’atabal", "code_insee": "64122", "commune": "Biarritz", "categorie": "scene", "label": "Scène de musiques actuelles", "poids": 4.0, "visiteurs": null, "jauge": null}, "geometry": {"type": "Point", "coordinates": [-1.538246, 43.461789]}}, {"type": "Feature", "properties": {"nom": "Le Chato D'o", "code_insee": "41018", "commune": "Blois", "categorie": "scene", "label": "Scène de musiques actuelles", "poids": 4.0, "visiteurs": null, "jauge": null}, "geometry": {"type": "Point", "coordinates": [1.313914, 47.605619]}}, {"type": "Feature", "properties": {"nom": "Théatre Barbey", "code_insee": "33063", "commune": "Bordeaux", "categorie": "scene", "label": "Scène de musiques actuelles", "poids": 4.0, "visiteurs": null, "jauge": null}, "geometry": {"type": "Point", "coordinates": [-0.563245, 44.827164]}}, {"type": "Feature", "properties": {"nom": "Les Docks", "code_insee": "46042", "commune": "Cahors", "categorie": "scene", "label": "Scène de musiques actuelles", "poids": 4.0, "visiteurs": null, "jauge": null}, "geometry": {"type": "Point", "coordinates": [1.433007, 44.444665]}}, {"type": "Feature", "properties": {"nom": "Le Rocher de Palmer", "code_insee": "33119", "commune": "Cenon", "categorie": "scene", "label": "Scène de musiques actuelles", "poids": 4.0, "visiteurs": null, "jauge": null}, "geometry": {"type": "Point", "coordinates": [-0.524003, 44.862146]}}, {"type": "Feature", "properties": {"nom": "Les Passagers du Zinc", "code_insee": "13027", "commune": "Châteaurenard", "categorie": "scene", "label": "Scène de musiques actuelles", "poids": 4.0, "visiteurs": null, "jauge": null}, "geometry": {"type": "Point", "coordinates": [4.856338, 43.884562]}}, {"type": "Feature", "properties": {"nom": "La Coopérative de Mai", "code_insee": "63113", "commune": "Clermont-Ferrand", "categorie": "scene", "label": "Scène de musiques actuelles", "poids": 4.0, "visiteurs": null, "jauge": null}, "geometry": {"type": "Point", "coordinates": [3.099417, 45.78812]}}, {"type": "Feature", "properties": {"nom": "L’epicerie Moderne", "code_insee": "69276", "commune": "Feyzin", "categorie": "scene", "label": "Scène de musiques actuelles", "poids": 4.0, "visiteurs": null, "jauge": null}, "geometry": {"type": "Point", "coordinates": [4.858436, 45.673711]}}, {"type": "Feature", "properties": {"nom": "Le Big Band Café", "code_insee": "14327", "commune": "Hérouville-Saint-Clair", "categorie": "scene", "label": "Scène de musiques actuelles", "poids": 4.0, "visiteurs": null, "jauge": null}, "geometry": {"type": "Point", "coordinates": [-0.336034, 49.210836]}}, {"type": "Feature", "properties": {"nom": "Le Tétris", "code_insee": "76351", "commune": "Le Havre", "categorie": "scene", "label": "Scène de musiques actuelles", "poids": 4.0, "visiteurs": null, "jauge": null}, "geometry": {"type": "Point", "coordinates": [0.122056, 49.503604]}}, {"type": "Feature", "properties": {"nom": "Le Périscope", "code_insee": "69383", "commune": "Lyon 3e Arrondissement", "categorie": "scene", "label": "Scène de musiques actuelles", "poids": 4.0, "visiteurs": null, "jauge": null}, "geometry": {"type": "Point", "coordinates": [4.827272, 45.746756]}}, {"type": "Feature", "properties": {"nom": "File 7", "code_insee": "77268", "commune": "Magny-le-Hongre", "categorie": "scene", "label": "Scène de musiques actuelles", "poids": 4.0, "visiteurs": null, "jauge": null}, "geometry": {"type": "Point", "coordinates": [2.813228, 48.86433]}}, {"type": "Feature", "properties": {"nom": "La Gare", "code_insee": "84071", "commune": "Maubec", "categorie": "scene", "label": "Scène de musiques actuelles", "poids": 4.0, "visiteurs": null, "jauge": null}, "geometry": {"type": "Point", "coordinates": [5.143731, 43.866933]}}, {"type": "Feature", "properties": {"nom": "Paloma", "code_insee": "30189", "commune": "Nîmes", "categorie": "scene", "label": "Scène de musiques actuelles", "poids": 4.0, "visiteurs": null, "jauge": null}, "geometry": {"type": "Point", "coordinates": [4.405287, 43.855201]}}, {"type": "Feature", "properties": {"nom": "Nage Libre", "code_insee": "86194", "commune": "Poitiers", "categorie": "scene", "label": "Scène de musiques actuelles", "poids": 4.0, "visiteurs": null, "jauge": null}, "geometry": {"type": "Point", "coordinates": [0.360201, 46.573375]}}, {"type": "Feature", "properties": {"nom": "L'usine À Chapeau", "code_insee": "78517", "commune": "Rambouillet", "categorie": "scene", "label": "Scène de musiques actuelles", "poids": 4.0, "visiteurs": null, "jauge": null}, "geometry": {"type": "Point", "coordinates": [1.827539, 48.64667]}}, {"type": "Feature", "properties": {"nom": "Atm", "code_insee": "35238", "commune": "Rennes", "categorie": "scene", "label": "Scène de musiques actuelles", "poids": 4.0, "visiteurs": null, "jauge": null}, "geometry": {"type": "Point", "coordinates": [-1.6952, 48.10653]}}, {"type": "Feature", "properties": {"nom": "La Clef", "code_insee": "78551", "commune": "Saint-Germain-en-Laye", "categorie": "scene", "label": "Scène de musiques actuelles", "poids": 4.0, "visiteurs": null, "jauge": null}, "geometry": {"type": "Point", "coordinates": [2.088303, 48.894269]}}, {"type": "Feature", "properties": {"nom": "Le Vip", "code_insee": "44184", "commune": "Saint-Nazaire", "categorie": "scene", "label": "Scène de musiques actuelles", "poids": 4.0, "visiteurs": null, "jauge": null}, "geometry": {"type": "Point", "coordinates": [-2.211064, 47.274652]}}, {"type": "Feature", "properties": {"nom": "L'empreinte", "code_insee": "77445", "commune": "Savigny-le-Temple", "categorie": "scene", "label": "Scène de musiques actuelles", "poids": 4.0, "visiteurs": null, "jauge": null}, "geometry": {"type": "Point", "coordinates": [2.585209, 48.595243]}}, {"type": "Feature", "properties": {"nom": "Zénith de Nancy", "code_insee": "54357", "commune": "Maxéville", "categorie": "scene", "label": "Zénith", "poids": 4.0, "visiteurs": null, "jauge": null}, "geometry": {"type": "Point", "coordinates": [6.170983, 48.713191]}}, {"type": "Feature", "properties": {"nom": "Zénith de Toulouse Métropole", "code_insee": "31555", "commune": "Toulouse", "categorie": "scene", "label": "Zénith", "poids": 4.0, "visiteurs": null, "jauge": null}, "geometry": {"type": "Point", "coordinates": [1.407764, 43.598277]}}, {"type": "Feature", "properties": {"nom": "Cac - 3 Bisf", "code_insee": "13001", "commune": "Aix-en-Provence", "categorie": "musee", "label": "Centre d’art contemporain d’intérêt national", "poids": 4.0, "visiteurs": null, "jauge": null}, "geometry": {"type": "Point", "coordinates": [5.43951, 43.523014]}}, {"type": "Feature", "properties": {"nom": "Cac - La Villa du Parc", "code_insee": "74012", "commune": "Annemasse", "categorie": "musee", "label": "Centre d’art contemporain d’intérêt national", "poids": 4.0, "visiteurs": null, "jauge": null}, "geometry": {"type": "Point", "coordinates": [6.231276, 46.192796]}}, {"type": "Feature", "properties": {"nom": "Capc - Musée D'art Contemporain de Bordeaux", "code_insee": "33063", "commune": "Bordeaux", "categorie": "musee", "label": "Centre d’art contemporain d’intérêt national", "poids": 4.0, "visiteurs": null, "jauge": null}, "geometry": {"type": "Point", "coordinates": [-0.57191, 44.848474]}}, {"type": "Feature", "properties": {"nom": "Cac Brétigny-Sur-Orge", "code_insee": "91103", "commune": "Brétigny-sur-Orge", "categorie": "musee", "label": "Centre d’art contemporain d’intérêt national", "poids": 4.0, "visiteurs": null, "jauge": null}, "geometry": {"type": "Point", "coordinates": [2.31176, 48.609965]}}, {"type": "Feature", "properties": {"nom": "Cac - La Synagogue de delme", "code_insee": "57171", "commune": "Delme", "categorie": "musee", "label": "Centre d’art contemporain d’intérêt national", "poids": 4.0, "visiteurs": null, "jauge": null}, "geometry": {"type": "Point", "coordinates": [6.389974, 48.889036]}}, {"type": "Feature", "properties": {"nom": "Cac - Espace de L'art Concret", "code_insee": "06084", "commune": "Mouans-Sartoux", "categorie": "musee", "label": "Centre d’art contemporain d’intérêt national", "poids": 4.0, "visiteurs": null, "jauge": null}, "geometry": {"type": "Point", "coordinates": [6.969354, 43.620818]}}, {"type": "Feature", "properties": {"nom": "Cac - Centre D'art Contemporain Photographique - Villa Perochon", "code_insee": "79191", "commune": "Niort", "categorie": "musee", "label": "Centre d’art contemporain d’intérêt national", "poids": 4.0, "visiteurs": null, "jauge": null}, "geometry": {"type": "Point", "coordinates": [-0.454545, 46.322201]}}, {"type": "Feature", "properties": {"nom": "CAC - Le Grand Café", "code_insee": "44184", "commune": "Saint-Nazaire", "categorie": "musee", "label": "Centre d’art contemporain d’intérêt national", "poids": 4.0, "visiteurs": null, "jauge": null}, "geometry": {"type": "Point", "coordinates": [-2.206193, 47.273174]}}, {"type": "Feature", "properties": {"nom": "Frac - Caen", "code_insee": "14118", "commune": "Caen", "categorie": "musee", "label": "Fonds régional d'art contemporain", "poids": 4.0, "visiteurs": null, "jauge": null}, "geometry": {"type": "Point", "coordinates": [-0.346755, 49.187853]}}, {"type": "Feature", "properties": {"nom": "Frac - Carquefou", "code_insee": "44026", "commune": "Carquefou", "categorie": "musee", "label": "Fonds régional d'art contemporain", "poids": 4.0, "visiteurs": null, "jauge": null}, "geometry": {"type": "Point", "coordinates": [-1.505211, 47.299887]}}, {"type": "Feature", "properties": {"nom": "Frac - Limoges", "code_insee": "87085", "commune": "Limoges", "categorie": "musee", "label": "Fonds régional d'art contemporain", "poids": 4.0, "visiteurs": null, "jauge": null}, "geometry": {"type": "Point", "coordinates": [1.254873, 45.836825]}}, {"type": "Feature", "properties": {"nom": "Frac - Metz", "code_insee": "57463", "commune": "Metz", "categorie": "musee", "label": "Fonds régional d'art contemporain", "poids": 4.0, "visiteurs": null, "jauge": null}, "geometry": {"type": "Point", "coordinates": [6.179333, 49.120816]}}, {"type": "Feature", "properties": {"nom": "4Ecluses", "code_insee": "59183", "commune": "Dunkerque", "categorie": "scene", "label": "Scène de musiques actuelles", "poids": 4.0, "visiteurs": null, "jauge": null}, "geometry": {"type": "Point", "coordinates": [2.383336, 51.031161]}}, {"type": "Feature", "properties": {"nom": "Le Chabada", "code_insee": "49007", "commune": "Angers", "categorie": "scene", "label": "Scène de musiques actuelles", "poids": 4.0, "visiteurs": null, "jauge": null}, "geometry": {"type": "Point", "coordinates": [-0.538025, 47.488631]}}, {"type": "Feature", "properties": {"nom": "Lo Bolegason", "code_insee": "81065", "commune": "Castres", "categorie": "scene", "label": "Scène de musiques actuelles", "poids": 4.0, "visiteurs": null, "jauge": null}, "geometry": {"type": "Point", "coordinates": [2.246512, 43.601722]}}, {"type": "Feature", "properties": {"nom": "Run Ar Puns", "code_insee": "29026", "commune": "Châteaulin", "categorie": "scene", "label": "Scène de musiques actuelles", "poids": 4.0, "visiteurs": null, "jauge": null}, "geometry": {"type": "Point", "coordinates": [-4.07304, 48.206141]}}, {"type": "Feature", "properties": {"nom": "La Vapeur", "code_insee": "21231", "commune": "Dijon", "categorie": "scene", "label": "Scène de musiques actuelles", "poids": 4.0, "visiteurs": null, "jauge": null}, "geometry": {"type": "Point", "coordinates": [5.060228, 47.346748]}}, {"type": "Feature", "properties": {"nom": "Le Club Rodez", "code_insee": "12090", "commune": "Druelle Balsac", "categorie": "scene", "label": "Scène de musiques actuelles", "poids": 4.0, "visiteurs": null, "jauge": null}, "geometry": {"type": "Point", "coordinates": [2.580592, 44.356818]}}, {"type": "Feature", "properties": {"nom": "Quai M", "code_insee": "85191", "commune": "La Roche-sur-Yon", "categorie": "scene", "label": "Scène de musiques actuelles", "poids": 4.0, "visiteurs": null, "jauge": null}, "geometry": {"type": "Point", "coordinates": [-1.437362, 46.672758]}}, {"type": "Feature", "properties": {"nom": "Le 6 Par 4", "code_insee": "53130", "commune": "Laval", "categorie": "scene", "label": "Scène de musiques actuelles", "poids": 4.0, "visiteurs": null, "jauge": null}, "geometry": {"type": "Point", "coordinates": [-0.771645, 48.078913]}}, {"type": "Feature", "properties": {"nom": "L 'aéronef", "code_insee": "59350", "commune": "Lille", "categorie": "scene", "label": "Scène de musiques actuelles", "poids": 4.0, "visiteurs": null, "jauge": null}, "geometry": {"type": "Point", "coordinates": [3.073546, 50.636888]}}, {"type": "Feature", "properties": {"nom": "Stéreolux", "code_insee": "44109", "commune": "Nantes", "categorie": "scene", "label": "Scène de musiques actuelles", "poids": 4.0, "visiteurs": null, "jauge": null}, "geometry": {"type": "Point", "coordinates": [-1.563345, 47.204885]}}, {"type": "Feature", "properties": {"nom": "Le 106", "code_insee": "76540", "commune": "Rouen", "categorie": "scene", "label": "Scène de musiques actuelles", "poids": 4.0, "visiteurs": null, "jauge": null}, "geometry": {"type": "Point", "coordinates": [1.072743, 49.437468]}}, {"type": "Feature", "properties": {"nom": "Echo System", "code_insee": "70482", "commune": "Scey-sur-Saône-et-Saint-Albin", "categorie": "scene", "label": "Scène de musiques actuelles", "poids": 4.0, "visiteurs": null, "jauge": null}, "geometry": {"type": "Point", "coordinates": [5.972906, 47.667701]}}, {"type": "Feature", "properties": {"nom": "La Gespe", "code_insee": "65440", "commune": "Tarbes", "categorie": "scene", "label": "Scène de musiques actuelles", "poids": 4.0, "visiteurs": null, "jauge": null}, "geometry": {"type": "Point", "coordinates": [0.058277, 43.22591]}}, {"type": "Feature", "properties": {"nom": "LE METRONUM", "code_insee": "31555", "commune": "Toulouse", "categorie": "scene", "label": "Scène de musiques actuelles", "poids": 4.0, "visiteurs": null, "jauge": null}, "geometry": {"type": "Point", "coordinates": [1.449975, 43.641163]}}, {"type": "Feature", "properties": {"nom": "Zénith D’auvergne", "code_insee": "63124", "commune": "Cournon-d'Auvergne", "categorie": "scene", "label": "Zénith", "poids": 4.0, "visiteurs": null, "jauge": null}, "geometry": {"type": "Point", "coordinates": [3.161012, 45.741176]}}, {"type": "Feature", "properties": {"nom": "Zenith Strasbourg Europe", "code_insee": "67118", "commune": "Eckbolsheim", "categorie": "scene", "label": "Zénith", "poids": 4.0, "visiteurs": null, "jauge": null}, "geometry": {"type": "Point", "coordinates": [7.686874, 48.592851]}}, {"type": "Feature", "properties": {"nom": "Bordeaux Métropole", "code_insee": "33167", "commune": "Floirac", "categorie": "scene", "label": "Zénith", "poids": 4.0, "visiteurs": null, "jauge": null}, "geometry": {"type": "Point", "coordinates": [-0.530598, 44.824699]}}, {"type": "Feature", "properties": {"nom": "Zénith de Pau", "code_insee": "64445", "commune": "Pau", "categorie": "scene", "label": "Zénith", "poids": 4.0, "visiteurs": null, "jauge": null}, "geometry": {"type": "Point", "coordinates": [-0.363535, 43.333291]}}, {"type": "Feature", "properties": {"nom": "Zénith de Nantes Métropole", "code_insee": "44162", "commune": "Saint-Herblain", "categorie": "scene", "label": "Zénith", "poids": 4.0, "visiteurs": null, "jauge": null}, "geometry": {"type": "Point", "coordinates": [-1.628086, 47.233725]}}, {"type": "Feature", "properties": {"nom": "Zénith Oméga de Toulon", "code_insee": "83137", "commune": "Toulon", "categorie": "scene", "label": "Zénith", "poids": 4.0, "visiteurs": null, "jauge": null}, "geometry": {"type": "Point", "coordinates": [5.926467, 43.12997]}}, {"type": "Feature", "properties": {"nom": "Cac - Le Lait", "code_insee": "81004", "commune": "Albi", "categorie": "musee", "label": "Centre d’art contemporain d’intérêt national", "poids": 4.0, "visiteurs": null, "jauge": null}, "geometry": {"type": "Point", "coordinates": [2.132315, 43.922925]}}, {"type": "Feature", "properties": {"nom": "CAC - Les Tanneries", "code_insee": "45004", "commune": "Amilly", "categorie": "musee", "label": "Centre d’art contemporain d’intérêt national", "poids": 4.0, "visiteurs": null, "jauge": null}, "geometry": {"type": "Point", "coordinates": [2.770208, 47.967516]}}, {"type": "Feature", "properties": {"nom": "Cac - Passerelle", "code_insee": "29019", "commune": "Brest", "categorie": "musee", "label": "Centre d’art contemporain d’intérêt national", "poids": 4.0, "visiteurs": null, "jauge": null}, "geometry": {"type": "Point", "coordinates": [-4.479237, 48.397678]}}, {"type": "Feature", "properties": {"nom": "CAC - Le Carré Chapelle du Genêteil", "code_insee": "53062", "commune": "Château-Gontier-sur-Mayenne", "categorie": "musee", "label": "Centre d’art contemporain d’intérêt national", "poids": 4.0, "visiteurs": null, "jauge": null}, "geometry": {"type": "Point", "coordinates": [-0.69762, 47.828314]}}, {"type": "Feature", "properties": {"nom": "Crp -  Centre régional de La Photographie", "code_insee": "59179", "commune": "Douchy-les-Mines", "categorie": "musee", "label": "Centre d’art contemporain d’intérêt national", "poids": 4.0, "visiteurs": null, "jauge": null}, "geometry": {"type": "Point", "coordinates": [3.386191, 50.301089]}}, {"type": "Feature", "properties": {"nom": "Le Confort Moderne", "code_insee": "86194", "commune": "Poitiers", "categorie": "musee", "label": "Centre d’art contemporain d’intérêt national", "poids": 4.0, "visiteurs": null, "jauge": null}, "geometry": {"type": "Point", "coordinates": [0.360201, 46.573375]}}, {"type": "Feature", "properties": {"nom": "Cac - Galerie Marcel duchamp", "code_insee": "76758", "commune": "Yvetot", "categorie": "musee", "label": "Centre d’art contemporain d’intérêt national", "poids": 4.0, "visiteurs": null, "jauge": null}, "geometry": {"type": "Point", "coordinates": [0.755244, 49.617953]}}, {"type": "Feature", "properties": {"nom": "Frac - Amiens - des Mondes dessinés", "code_insee": "80021", "commune": "Amiens", "categorie": "musee", "label": "Fonds régional d'art contemporain", "poids": 4.0, "visiteurs": null, "jauge": null}, "geometry": {"type": "Point", "coordinates": [2.311389, 49.885906]}}, {"type": "Feature", "properties": {"nom": "Frac - Angoulême", "code_insee": "16015", "commune": "Angoulême", "categorie": "musee", "label": "Fonds régional d'art contemporain", "poids": 4.0, "visiteurs": null, "jauge": null}, "geometry": {"type": "Point", "coordinates": [0.158512, 45.654291]}}, {"type": "Feature", "properties": {"nom": "Frac - Bordeaux", "code_insee": "33063", "commune": "Bordeaux", "categorie": "musee", "label": "Fonds régional d'art contemporain", "poids": 4.0, "visiteurs": null, "jauge": null}, "geometry": {"type": "Point", "coordinates": [-0.551621, 44.828369]}}, {"type": "Feature", "properties": {"nom": "Frac - Clermont-Ferrand", "code_insee": "63113", "commune": "Clermont-Ferrand", "categorie": "musee", "label": "Fonds régional d'art contemporain", "poids": 4.0, "visiteurs": null, "jauge": null}, "geometry": {"type": "Point", "coordinates": [3.086863, 45.778332]}}, {"type": "Feature", "properties": {"nom": "Frac - Marseille", "code_insee": "13201", "commune": "Marseille 1er Arrondissement", "categorie": "musee", "label": "Fonds régional d'art contemporain", "poids": 4.0, "visiteurs": null, "jauge": null}, "geometry": {"type": "Point", "coordinates": [5.367523, 43.305987]}}, {"type": "Feature", "properties": {"nom": "Frac - Montpellier", "code_insee": "34172", "commune": "Montpellier", "categorie": "musee", "label": "Fonds régional d'art contemporain", "poids": 4.0, "visiteurs": null, "jauge": null}, "geometry": {"type": "Point", "coordinates": [3.869519, 43.606269]}}, {"type": "Feature", "properties": {"nom": "Frac -Orleans", "code_insee": "45234", "commune": "Orléans", "categorie": "musee", "label": "Fonds régional d'art contemporain", "poids": 4.0, "visiteurs": null, "jauge": null}, "geometry": {"type": "Point", "coordinates": [1.896747, 47.904041]}}, {"type": "Feature", "properties": {"nom": "Frac - Rennes", "code_insee": "35238", "commune": "Rennes", "categorie": "musee", "label": "Fonds régional d'art contemporain", "poids": 4.0, "visiteurs": null, "jauge": null}, "geometry": {"type": "Point", "coordinates": [-1.695846, 48.130859]}}, {"type": "Feature", "properties": {"nom": "Frac Île-de-France - Les Réserves", "code_insee": "93063", "commune": "Romainville", "categorie": "musee", "label": "Fonds régional d'art contemporain", "poids": 4.0, "visiteurs": null, "jauge": null}, "geometry": {"type": "Point", "coordinates": [2.433086, 48.895277]}}, {"type": "Feature", "properties": {"nom": "Frac - Rouen", "code_insee": "76681", "commune": "Sotteville-lès-Rouen", "categorie": "musee", "label": "Fonds régional d'art contemporain", "poids": 4.0, "visiteurs": null, "jauge": null}, "geometry": {"type": "Point", "coordinates": [1.078669, 49.419351]}}, {"type": "Feature", "properties": {"nom": "Le Florida", "code_insee": "47001", "commune": "Agen", "categorie": "scene", "label": "Scène de musiques actuelles", "poids": 4.0, "visiteurs": null, "jauge": null}, "geometry": {"type": "Point", "coordinates": [0.620404, 44.202971]}}, {"type": "Feature", "properties": {"nom": "La Luciole", "code_insee": "61001", "commune": "Alençon", "categorie": "scene", "label": "Scène de musiques actuelles", "poids": 4.0, "visiteurs": null, "jauge": null}, "geometry": {"type": "Point", "coordinates": [0.066733, 48.432203]}}, {"type": "Feature", "properties": {"nom": "La Lune des Pirates", "code_insee": "80021", "commune": "Amiens", "categorie": "scene", "label": "Scène de musiques actuelles", "poids": 4.0, "visiteurs": null, "jauge": null}, "geometry": {"type": "Point", "coordinates": [2.304958, 49.896546]}}, {"type": "Feature", "properties": {"nom": "Smac Ardèche (La Presqu'ïle/Cavajazz)", "code_insee": "07010", "commune": "Annonay", "categorie": "scene", "label": "Scène de musiques actuelles", "poids": 4.0, "visiteurs": null, "jauge": null}, "geometry": {"type": "Point", "coordinates": [4.672851, 45.237584]}}, {"type": "Feature", "properties": {"nom": "La Tannerie", "code_insee": "01053", "commune": "Bourg-en-Bresse", "categorie": "scene", "label": "Scène de musiques actuelles", "poids": 4.0, "visiteurs": null, "jauge": null}, "geometry": {"type": "Point", "coordinates": [5.225572, 46.199158]}}, {"type": "Feature", "properties": {"nom": "La Carène", "code_insee": "29019", "commune": "Brest", "categorie": "scene", "label": "Scène de musiques actuelles", "poids": 4.0, "visiteurs": null, "jauge": null}, "geometry": {"type": "Point", "coordinates": [-4.481927, 48.384597]}}, {"type": "Feature", "properties": {"nom": "Superforma", "code_insee": "72181", "commune": "Le Mans", "categorie": "scene", "label": "Scène de musiques actuelles", "poids": 4.0, "visiteurs": null, "jauge": null}, "geometry": {"type": "Point", "coordinates": [0.206013, 48.007893]}}, {"type": "Feature", "properties": {"nom": "Les Bains Douches", "code_insee": "18127", "commune": "Lignières", "categorie": "scene", "label": "Scène de musiques actuelles", "poids": 4.0, "visiteurs": null, "jauge": null}, "geometry": {"type": "Point", "coordinates": [2.176628, 46.750567]}}, {"type": "Feature", "properties": {"nom": "Hydrophone", "code_insee": "56121", "commune": "Lorient", "categorie": "scene", "label": "Scène de musiques actuelles", "poids": 4.0, "visiteurs": null, "jauge": null}, "geometry": {"type": "Point", "coordinates": [-3.368429, 47.746144]}}, {"type": "Feature", "properties": {"nom": "Le Cabaret Aléatoire", "code_insee": "13201", "commune": "Marseille 1er Arrondissement", "categorie": "scene", "label": "Scène de musiques actuelles", "poids": 4.0, "visiteurs": null, "jauge": null}, "geometry": {"type": "Point", "coordinates": [5.390705, 43.309731]}}, {"type": "Feature", "properties": {"nom": "Cc Paul Bailliart", "code_insee": "91377", "commune": "Massy", "categorie": "scene", "label": "Scène de musiques actuelles", "poids": 4.0, "visiteurs": null, "jauge": null}, "geometry": {"type": "Point", "coordinates": [2.283107, 48.730435]}}, {"type": "Feature", "properties": {"nom": "Le Rio Grande", "code_insee": "82121", "commune": "Montauban", "categorie": "scene", "label": "Scène de musiques actuelles", "poids": 4.0, "visiteurs": null, "jauge": null}, "geometry": {"type": "Point", "coordinates": [1.345565, 44.015544]}}, {"type": "Feature", "properties": {"nom": "Le Pannonica", "code_insee": "44109", "commune": "Nantes", "categorie": "scene", "label": "Scène de musiques actuelles", "poids": 4.0, "visiteurs": null, "jauge": null}, "geometry": {"type": "Point", "coordinates": [-1.558413, 47.220827]}}, {"type": "Feature", "properties": {"nom": "Le Sans Réserve", "code_insee": "24322", "commune": "Périgueux", "categorie": "scene", "label": "Scène de musiques actuelles", "poids": 4.0, "visiteurs": null, "jauge": null}, "geometry": {"type": "Point", "coordinates": [0.697925, 45.200325]}}, {"type": "Feature", "properties": {"nom": "Antipode", "code_insee": "35238", "commune": "Rennes", "categorie": "scene", "label": "Scène de musiques actuelles", "poids": 4.0, "visiteurs": null, "jauge": null}, "geometry": {"type": "Point", "coordinates": [-1.709129, 48.100767]}}, {"type": "Feature", "properties": {"nom": "L’echonova", "code_insee": "56206", "commune": "Saint-Avé", "categorie": "scene", "label": "Scène de musiques actuelles", "poids": 4.0, "visiteurs": null, "jauge": null}, "geometry": {"type": "Point", "coordinates": [-2.743069, 47.674266]}}, {"type": "Feature", "properties": {"nom": "Espace Michel Berger (Emb)", "code_insee": "95582", "commune": "Sannois", "categorie": "scene", "label": "Scène de musiques actuelles", "poids": 4.0, "visiteurs": null, "jauge": null}, "geometry": {"type": "Point", "coordinates": [2.264626, 48.973034]}}, {"type": "Feature", "properties": {"nom": "L'inconnue", "code_insee": "33522", "commune": "Talence", "categorie": "scene", "label": "Scène de musiques actuelles", "poids": 4.0, "visiteurs": null, "jauge": null}, "geometry": {"type": "Point", "coordinates": [-0.586354, 44.792837]}}, {"type": "Feature", "properties": {"nom": "Tandem", "code_insee": "83137", "commune": "Toulon", "categorie": "scene", "label": "Scène de musiques actuelles", "poids": 4.0, "visiteurs": null, "jauge": null}, "geometry": {"type": "Point", "coordinates": [5.934163, 43.12312]}}, {"type": "Feature", "properties": {"nom": "Le Grand Mix", "code_insee": "59599", "commune": "Tourcoing", "categorie": "scene", "label": "Scène de musiques actuelles", "poids": 4.0, "visiteurs": null, "jauge": null}, "geometry": {"type": "Point", "coordinates": [3.155037, 50.725715]}}, {"type": "Feature", "properties": {"nom": "des Lendemains Qui Chantent", "code_insee": "19272", "commune": "Tulle", "categorie": "scene", "label": "Scène de musiques actuelles", "poids": 4.0, "visiteurs": null, "jauge": null}, "geometry": {"type": "Point", "coordinates": [1.786088, 45.280697]}}, {"type": "Feature", "properties": {"nom": "Zénith D’amiens", "code_insee": "80021", "commune": "Amiens", "categorie": "scene", "label": "Zénith", "poids": 4.0, "visiteurs": null, "jauge": null}, "geometry": {"type": "Point", "coordinates": [2.270919, 49.897202]}}, {"type": "Feature", "properties": {"nom": "Zénith de Caen", "code_insee": "14118", "commune": "Caen", "categorie": "scene", "label": "Zénith", "poids": 4.0, "visiteurs": null, "jauge": null}, "geometry": {"type": "Point", "coordinates": [-0.383187, 49.170596]}}, {"type": "Feature", "properties": {"nom": "Zénith de Dijon", "code_insee": "21231", "commune": "Dijon", "categorie": "scene", "label": "Zénith", "poids": 4.0, "visiteurs": null, "jauge": null}, "geometry": {"type": "Point", "coordinates": [5.058187, 47.354661]}}, {"type": "Feature", "properties": {"nom": "Zénith de Lille", "code_insee": "59350", "commune": "Lille", "categorie": "scene", "label": "Zénith", "poids": 4.0, "visiteurs": null, "jauge": null}, "geometry": {"type": "Point", "coordinates": [3.078037, 50.632649]}}, {"type": "Feature", "properties": {"nom": "Zénith Sud", "code_insee": "34172", "commune": "Montpellier", "categorie": "scene", "label": "Zénith", "poids": 4.0, "visiteurs": null, "jauge": null}, "geometry": {"type": "Point", "coordinates": [3.93009, 43.613883]}}, {"type": "Feature", "properties": {"nom": "Zénith D’orléans", "code_insee": "45234", "commune": "Orléans", "categorie": "scene", "label": "Zénith", "poids": 4.0, "visiteurs": null, "jauge": null}, "geometry": {"type": "Point", "coordinates": [1.912807, 47.871637]}}, {"type": "Feature", "properties": {"nom": "Café Music", "code_insee": "40192", "commune": "Mont-de-Marsan", "categorie": "scene", "label": "Scène de musiques actuelles", "poids": 4.0, "visiteurs": null, "jauge": null}, "geometry": {"type": "Point", "coordinates": [-0.504542, 43.88979]}}, {"type": "Feature", "properties": {"nom": "La Nef", "code_insee": "16015", "commune": "Angoulême", "categorie": "scene", "label": "Scène de musiques actuelles", "poids": 4.0, "visiteurs": null, "jauge": null}, "geometry": {"type": "Point", "coordinates": [0.131628, 45.641177]}}, {"type": "Feature", "properties": {"nom": "Cri'Art / IMAJ'", "code_insee": "32013", "commune": "Auch", "categorie": "scene", "label": "Scène de musiques actuelles", "poids": 4.0, "visiteurs": null, "jauge": null}, "geometry": {"type": "Point", "coordinates": [0.591941, 43.647177]}}, {"type": "Feature", "properties": {"nom": "La Manutention", "code_insee": "84007", "commune": "Avignon", "categorie": "scene", "label": "Scène de musiques actuelles", "poids": 4.0, "visiteurs": null, "jauge": null}, "geometry": {"type": "Point", "coordinates": [4.808588, 43.951408]}}, {"type": "Feature", "properties": {"nom": "MJC Contre-Courant", "code_insee": "55043", "commune": "Belleville-sur-Meuse", "categorie": "scene", "label": "Scène de musiques actuelles", "poids": 4.0, "visiteurs": null, "jauge": null}, "geometry": {"type": "Point", "coordinates": [5.379454, 49.175341]}}, {"type": "Feature", "properties": {"nom": "La Souris Verte", "code_insee": "88160", "commune": "Épinal", "categorie": "scene", "label": "Scène de musiques actuelles", "poids": 4.0, "visiteurs": null, "jauge": null}, "geometry": {"type": "Point", "coordinates": [6.443958, 48.175866]}}, {"type": "Feature", "properties": {"nom": "La Cave À Musique", "code_insee": "71270", "commune": "Mâcon", "categorie": "scene", "label": "Scène de musiques actuelles", "poids": 4.0, "visiteurs": null, "jauge": null}, "geometry": {"type": "Point", "coordinates": [4.825069, 46.300762]}}, {"type": "Feature", "properties": {"nom": "L'autre Canal", "code_insee": "54395", "commune": "Nancy", "categorie": "scene", "label": "Scène de musiques actuelles", "poids": 4.0, "visiteurs": null, "jauge": null}, "geometry": {"type": "Point", "coordinates": [6.198774, 48.694385]}}, {"type": "Feature", "properties": {"nom": "Le Gueulard +", "code_insee": "57508", "commune": "Nilvange", "categorie": "scene", "label": "Scène de musiques actuelles", "poids": 4.0, "visiteurs": null, "jauge": null}, "geometry": {"type": "Point", "coordinates": [6.051174, 49.341002]}}, {"type": "Feature", "properties": {"nom": "Camji", "code_insee": "79191", "commune": "Niort", "categorie": "scene", "label": "Scène de musiques actuelles", "poids": 4.0, "visiteurs": null, "jauge": null}, "geometry": {"type": "Point", "coordinates": [-0.450238, 46.321564]}}, {"type": "Feature", "properties": {"nom": "L'astrolabe", "code_insee": "45234", "commune": "Orléans", "categorie": "scene", "label": "Scène de musiques actuelles", "poids": 4.0, "visiteurs": null, "jauge": null}, "geometry": {"type": "Point", "coordinates": [1.892433, 47.90322]}}, {"type": "Feature", "properties": {"nom": "La Cartonnerie", "code_insee": "51454", "commune": "Reims", "categorie": "scene", "label": "Scène de musiques actuelles", "poids": 4.0, "visiteurs": null, "jauge": null}, "geometry": {"type": "Point", "coordinates": [4.035786, 49.268342]}}, {"type": "Feature", "properties": {"nom": "Le Plan", "code_insee": "91521", "commune": "Ris-Orangis", "categorie": "scene", "label": "Scène de musiques actuelles", "poids": 4.0, "visiteurs": null, "jauge": null}, "geometry": {"type": "Point", "coordinates": [2.404553, 48.638582]}}, {"type": "Feature", "properties": {"nom": "La Cordonnerie", "code_insee": "26281", "commune": "Romans-sur-Isère", "categorie": "scene", "label": "Scène de musiques actuelles", "poids": 4.0, "visiteurs": null, "jauge": null}, "geometry": {"type": "Point", "coordinates": [5.043904, 45.043501]}}, {"type": "Feature", "properties": {"nom": "Art’cade", "code_insee": "09257", "commune": "Sainte-Croix-Volvestre", "categorie": "scene", "label": "Scène de musiques actuelles", "poids": 4.0, "visiteurs": null, "jauge": null}, "geometry": {"type": "Point", "coordinates": [1.175606, 43.124877]}}, {"type": "Feature", "properties": {"nom": "Jazzdor", "code_insee": "67482", "commune": "Strasbourg", "categorie": "scene", "label": "Scène de musiques actuelles", "poids": 4.0, "visiteurs": null, "jauge": null}, "geometry": {"type": "Point", "coordinates": [7.753113, 48.582962]}}, {"type": "Feature", "properties": {"nom": "Le Forum", "code_insee": "95637", "commune": "Vauréal", "categorie": "scene", "label": "Scène de musiques actuelles", "poids": 4.0, "visiteurs": null, "jauge": null}, "geometry": {"type": "Point", "coordinates": [2.022705, 49.029008]}}, {"type": "Feature", "properties": {"nom": "Zénith de Rouen", "code_insee": "76322", "commune": "Le Grand-Quevilly", "categorie": "scene", "label": "Zénith", "poids": 4.0, "visiteurs": null, "jauge": null}, "geometry": {"type": "Point", "coordinates": [1.059779, 49.39739]}}, {"type": "Feature", "properties": {"nom": "Zénith de Limoges", "code_insee": "87085", "commune": "Limoges", "categorie": "scene", "label": "Zénith", "poids": 4.0, "visiteurs": null, "jauge": null}, "geometry": {"type": "Point", "coordinates": [1.276968, 45.86228]}}, {"type": "Feature", "properties": {"nom": "Zénith de Saint-Etienne", "code_insee": "42218", "commune": "Saint-Étienne", "categorie": "scene", "label": "Zénith", "poids": 4.0, "visiteurs": null, "jauge": null}, "geometry": {"type": "Point", "coordinates": [4.415664, 45.438609]}}, {"type": "Feature", "properties": {"nom": "musée national des châteaux de Versailles et de Trianon", "code_insee": "78646", "commune": "Versailles", "categorie": "musee", "label": "Musée de France", "poids": 3.91, "visiteurs": 8177695, "jauge": null}, "geometry": {"type": "Point", "coordinates": [2.126979, 48.797008]}}, {"type": "Feature", "properties": {"nom": "musée d'Orsay", "code_insee": "75107", "commune": "Paris 7e Arrondissement", "categorie": "musee", "label": "Musée de France", "poids": 3.56, "visiteurs": 3651616, "jauge": null}, "geometry": {"type": "Point", "coordinates": [2.325632, 48.859798]}}, {"type": "Feature", "properties": {"nom": "musée national d'art moderne (centre national d'art et de culture Georges Pompidou)", "code_insee": "75104", "commune": "Paris 4e Arrondissement", "categorie": "musee", "label": "Musée de France", "poids": 3.52, "visiteurs": 3311534, "jauge": null}, "geometry": {"type": "Point", "coordinates": [2.352161, 48.860648]}}, {"type": "Feature", "properties": {"nom": "muséum national d'histoire naturelle", "code_insee": "75105", "commune": "Paris 5e Arrondissement", "categorie": "musee", "label": "Musée de France", "poids": 3.22, "visiteurs": 1655410, "jauge": null}, "geometry": {"type": "Point", "coordinates": [2.359933, 48.842168]}}, {"type": "Feature", "properties": {"nom": "musée du Quai Branly - Jacques Chirac", "code_insee": "75107", "commune": "Paris 7e Arrondissement", "categorie": "musee", "label": "Musée de France", "poids": 3.1, "visiteurs": 1261817, "jauge": null}, "geometry": {"type": "Point", "coordinates": [2.297744, 48.8615]}}, {"type": "Feature", "properties": {"nom": "musée de l'armée", "code_insee": "75107", "commune": "Paris 7e Arrondissement", "categorie": "musee", "label": "Musée de France", "poids": 3.08, "visiteurs": 1214913, "jauge": null}, "geometry": {"type": "Point", "coordinates": [2.315164, 48.857885]}}, {"type": "Feature", "properties": {"nom": "Petit Palais, musée des beaux-arts de la ville de Paris", "code_insee": "75108", "commune": "Paris 8e Arrondissement", "categorie": "musee", "label": "Musée de France", "poids": 3.07, "visiteurs": 1187863, "jauge": null}, "geometry": {"type": "Point", "coordinates": [2.31376, 48.866077]}}, {"type": "Feature", "properties": {"nom": "musée de l'Orangerie des Tuileries", "code_insee": "75101", "commune": "Paris 1er Arrondissement", "categorie": "musee", "label": "Musée de France", "poids": 3.01, "visiteurs": 1029925, "jauge": null}, "geometry": {"type": "Point", "coordinates": [2.331966, 48.861489]}}, {"type": "Feature", "properties": {"nom": "Cdcn : Art Danse Le Dancing", "code_insee": "21231", "commune": "Dijon", "categorie": "scene", "label": "Centre de développement chorégraphique national", "poids": 3.0, "visiteurs": null, "jauge": null}, "geometry": {"type": "Point", "coordinates": [5.059866, 47.333858]}}, {"type": "Feature", "properties": {"nom": "Le Sax", "code_insee": "78005", "commune": "Achères", "categorie": "scene", "label": "Scène conventionnée d’intérêt national", "poids": 3.0, "visiteurs": null, "jauge": null}, "geometry": {"type": "Point", "coordinates": [2.066011, 48.958888]}}, {"type": "Feature", "properties": {"nom": "Théâtre d'Auxerre", "code_insee": "89024", "commune": "Auxerre", "categorie": "scene", "label": "Scène conventionnée d’intérêt national", "poids": 3.0, "visiteurs": null, "jauge": null}, "geometry": {"type": "Point", "coordinates": [3.573237, 47.795015]}}, {"type": "Feature", "properties": {"nom": "La Grainerie", "code_insee": "31044", "commune": "Balma", "categorie": "scene", "label": "Scène conventionnée d’intérêt national", "poids": 3.0, "visiteurs": null, "jauge": null}, "geometry": {"type": "Point", "coordinates": [1.48641, 43.62287]}}, {"type": "Feature", "properties": {"nom": "Scènes de Pays dans les Mauges-Centre culturel La Loge", "code_insee": "49023", "commune": "Beaupréau-en-Mauges", "categorie": "scene", "label": "Scène conventionnée d’intérêt national", "poids": 3.0, "visiteurs": null, "jauge": null}, "geometry": {"type": "Point", "coordinates": [-0.981475, 47.208937]}}, {"type": "Feature", "properties": {"nom": "Côté-Cour", "code_insee": "25056", "commune": "Besançon", "categorie": "scene", "label": "Scène conventionnée d’intérêt national", "poids": 3.0, "visiteurs": null, "jauge": null}, "geometry": {"type": "Point", "coordinates": [6.020591, 47.258609]}}, {"type": "Feature", "properties": {"nom": "Scènes Vosges - CA Epinal Golbey", "code_insee": "88160", "commune": "Épinal", "categorie": "scene", "label": "Scène conventionnée d’intérêt national", "poids": 3.0, "visiteurs": null, "jauge": null}, "geometry": {"type": "Point", "coordinates": [6.450021, 48.17384]}}, {"type": "Feature", "properties": {"nom": "Théâtre du Château", "code_insee": "76255", "commune": "Eu", "categorie": "scene", "label": "Scène conventionnée d’intérêt national", "poids": 3.0, "visiteurs": null, "jauge": null}, "geometry": {"type": "Point", "coordinates": [1.418129, 50.049128]}}, {"type": "Feature", "properties": {"nom": "La Guéretoise de Spectacle", "code_insee": "23096", "commune": "Guéret", "categorie": "scene", "label": "Scène conventionnée d’intérêt national", "poids": 3.0, "visiteurs": null, "jauge": null}, "geometry": {"type": "Point", "coordinates": [1.87299, 46.171569]}}, {"type": "Feature", "properties": {"nom": "Espace 110", "code_insee": "68154", "commune": "Illzach", "categorie": "scene", "label": "Scène conventionnée d’intérêt national", "poids": 3.0, "visiteurs": null, "jauge": null}, "geometry": {"type": "Point", "coordinates": [7.353887, 47.777826]}}, {"type": "Feature", "properties": {"nom": "La Grande Boutique", "code_insee": "56100", "commune": "Langonnet", "categorie": "scene", "label": "Scène conventionnée d’intérêt national", "poids": 3.0, "visiteurs": null, "jauge": null}, "geometry": {"type": "Point", "coordinates": [-3.494013, 48.104891]}}, {"type": "Feature", "properties": {"nom": "Pôle artistique du Val Briard - L'Envolée", "code_insee": "77091", "commune": "Les Chapelles-Bourbon", "categorie": "scene", "label": "Scène conventionnée d’intérêt national", "poids": 3.0, "visiteurs": null, "jauge": null}, "geometry": {"type": "Point", "coordinates": [2.844054, 48.735507]}}, {"type": "Feature", "properties": {"nom": "Les Scènes Croisées", "code_insee": "48095", "commune": "Mende", "categorie": "scene", "label": "Scène conventionnée d’intérêt national", "poids": 3.0, "visiteurs": null, "jauge": null}, "geometry": {"type": "Point", "coordinates": [3.503384, 44.517669]}}, {"type": "Feature", "properties": {"nom": "Espace Bernard-Marie Koltès", "code_insee": "57463", "commune": "Metz", "categorie": "scene", "label": "Scène conventionnée d’intérêt national", "poids": 3.0, "visiteurs": null, "jauge": null}, "geometry": {"type": "Point", "coordinates": [6.226535, 49.108878]}}, {"type": "Feature", "properties": {"nom": "Théâtre de la Maison du Peuple", "code_insee": "12145", "commune": "Millau", "categorie": "scene", "label": "Scène conventionnée d’intérêt national", "poids": 3.0, "visiteurs": null, "jauge": null}, "geometry": {"type": "Point", "coordinates": [3.081448, 44.0976]}}, {"type": "Feature", "properties": {"nom": "Théâtre la Vignette", "code_insee": "34172", "commune": "Montpellier", "categorie": "scene", "label": "Scène conventionnée d’intérêt national", "poids": 3.0, "visiteurs": null, "jauge": null}, "geometry": {"type": "Point", "coordinates": [3.871602, 43.632356]}}, {"type": "Feature", "properties": {"nom": "Grand T", "code_insee": "44109", "commune": "Nantes", "categorie": "scene", "label": "Scène conventionnée d’intérêt national", "poids": 3.0, "visiteurs": null, "jauge": null}, "geometry": {"type": "Point", "coordinates": [-1.542721, 47.231454]}}, {"type": "Feature", "properties": {"nom": "Théâtre de Nîmes", "code_insee": "30189", "commune": "Nîmes", "categorie": "scene", "label": "Scène conventionnée d’intérêt national", "poids": 3.0, "visiteurs": null, "jauge": null}, "geometry": {"type": "Point", "coordinates": [4.357611, 43.837626]}}, {"type": "Feature", "properties": {"nom": "La Mégisserie", "code_insee": "87154", "commune": "Saint-Junien", "categorie": "scene", "label": "Scène conventionnée d’intérêt national", "poids": 3.0, "visiteurs": null, "jauge": null}, "geometry": {"type": "Point", "coordinates": [0.893849, 45.889001]}}, {"type": "Feature", "properties": {"nom": "Théâtre de Gascogne", "code_insee": "40281", "commune": "Saint-Pierre-du-Mont", "categorie": "scene", "label": "Scène conventionnée d’intérêt national", "poids": 3.0, "visiteurs": null, "jauge": null}, "geometry": {"type": "Point", "coordinates": [-0.52481, 43.880882]}}, {"type": "Feature", "properties": {"nom": "Trianon Transatlantique", "code_insee": "76681", "commune": "Sotteville-lès-Rouen", "categorie": "scene", "label": "Scène conventionnée d’intérêt national", "poids": 3.0, "visiteurs": null, "jauge": null}, "geometry": {"type": "Point", "coordinates": [1.089254, 49.40828]}}, {"type": "Feature", "properties": {"nom": "Théâtre Edwige Feuillière", "code_insee": "70550", "commune": "Vesoul", "categorie": "scene", "label": "Scène conventionnée d’intérêt national", "poids": 3.0, "visiteurs": null, "jauge": null}, "geometry": {"type": "Point", "coordinates": [6.160081, 47.621018]}}, {"type": "Feature", "properties": {"nom": "Théâtre de Villefranche", "code_insee": "69264", "commune": "Villefranche-sur-Saône", "categorie": "scene", "label": "Scène conventionnée d’intérêt national", "poids": 3.0, "visiteurs": null, "jauge": null}, "geometry": {"type": "Point", "coordinates": [4.71738, 45.988255]}}, {"type": "Feature", "properties": {"nom": "La Coloc de la culture", "code_insee": "63124", "commune": "Cournon-d'Auvergne", "categorie": "scene", "label": "Scène conventionnée d’intérêt national", "poids": 3.0, "visiteurs": null, "jauge": null}, "geometry": {"type": "Point", "coordinates": [3.190886, 45.730459]}}, {"type": "Feature", "properties": {"nom": "Le Citron Jaune/ Ilotopie", "code_insee": "13078", "commune": "Port-Saint-Louis-du-Rhône", "categorie": "scene", "label": "Centre national des arts de la rue et de l’espace public", "poids": 3.0, "visiteurs": null, "jauge": null}, "geometry": {"type": "Point", "coordinates": [4.813237, 43.391381]}}, {"type": "Feature", "properties": {"nom": "Groupe de Musique Experimentale D’albi - Gmea", "code_insee": "81004", "commune": "Albi", "categorie": "scene", "label": "Centre national de création musicale", "poids": 3.0, "visiteurs": null, "jauge": null}, "geometry": {"type": "Point", "coordinates": [2.145734, 43.929362]}}, {"type": "Feature", "properties": {"nom": "Théâtre Firmin Gémier / La Piscine", "code_insee": "92019", "commune": "Châtenay-Malabry", "categorie": "scene", "label": "Pôle national du cirque", "poids": 3.0, "visiteurs": null, "jauge": null}, "geometry": {"type": "Point", "coordinates": [2.267375, 48.764602]}}, {"type": "Feature", "properties": {"nom": "Théâtre des Quatre Saisons", "code_insee": "33192", "commune": "Gradignan", "categorie": "scene", "label": "Scène conventionnée d’intérêt national", "poids": 3.0, "visiteurs": null, "jauge": null}, "geometry": {"type": "Point", "coordinates": [-0.604467, 44.760406]}}, {"type": "Feature", "properties": {"nom": "Maison de la Musique de Nanterre", "code_insee": "92050", "commune": "Nanterre", "categorie": "scene", "label": "Scène conventionnée d’intérêt national", "poids": 3.0, "visiteurs": null, "jauge": null}, "geometry": {"type": "Point", "coordinates": [2.197982, 48.891337]}}, {"type": "Feature", "properties": {"nom": "Cirque Jules Verne – Pôle National Cirque Et Arts de La Rue", "code_insee": "80021", "commune": "Amiens", "categorie": "scene", "label": "Pôle national du cirque", "poids": 3.0, "visiteurs": null, "jauge": null}, "geometry": {"type": "Point", "coordinates": [2.295585, 49.88769]}}, {"type": "Feature", "properties": {"nom": "Le Sirque_x000D_\npôle National Cirque de Nexon Nouvelle Aquitaine", "code_insee": "87106", "commune": "Nexon", "categorie": "scene", "label": "Pôle national du cirque", "poids": 3.0, "visiteurs": null, "jauge": null}, "geometry": {"type": "Point", "coordinates": [1.188441, 45.675942]}}, {"type": "Feature", "properties": {"nom": "Cité internationale des arts du Cirque de Vénissieux", "code_insee": "69259", "commune": "Vénissieux", "categorie": "scene", "label": "Pôle national du cirque", "poids": 3.0, "visiteurs": null, "jauge": null}, "geometry": {"type": "Point", "coordinates": [4.89, 45.7]}}, {"type": "Feature", "properties": {"nom": "Cdcn : Les Hivernales", "code_insee": "84007", "commune": "Avignon", "categorie": "scene", "label": "Centre de développement chorégraphique national", "poids": 3.0, "visiteurs": null, "jauge": null}, "geometry": {"type": "Point", "coordinates": [4.814264, 43.949592]}}, {"type": "Feature", "properties": {"nom": "Cdcn : La Manufacture", "code_insee": "33063", "commune": "Bordeaux", "categorie": "scene", "label": "Centre de développement chorégraphique national", "poids": 3.0, "visiteurs": null, "jauge": null}, "geometry": {"type": "Point", "coordinates": [-0.558188, 44.813035]}}, {"type": "Feature", "properties": {"nom": "Cdcn : L'atelier de Paris", "code_insee": "75112", "commune": "Paris 12e Arrondissement", "categorie": "scene", "label": "Centre de développement chorégraphique national", "poids": 3.0, "visiteurs": null, "jauge": null}, "geometry": {"type": "Point", "coordinates": [2.44894, 48.834733]}}, {"type": "Feature", "properties": {"nom": "Cdcn : Le Gymnase", "code_insee": "59512", "commune": "Roubaix", "categorie": "scene", "label": "Centre de développement chorégraphique national", "poids": 3.0, "visiteurs": null, "jauge": null}, "geometry": {"type": "Point", "coordinates": [3.174126, 50.686456]}}, {"type": "Feature", "properties": {"nom": "Cdcn : La Briqueterie", "code_insee": "94081", "commune": "Vitry-sur-Seine", "categorie": "scene", "label": "Centre de développement chorégraphique national", "poids": 3.0, "visiteurs": null, "jauge": null}, "geometry": {"type": "Point", "coordinates": [2.374813, 48.805479]}}, {"type": "Feature", "properties": {"nom": "Théâtre à la coque", "code_insee": "56083", "commune": "Hennebont", "categorie": "scene", "label": "Centre national de la marionnette", "poids": 3.0, "visiteurs": null, "jauge": null}, "geometry": {"type": "Point", "coordinates": [-3.280204, 47.805547]}}, {"type": "Feature", "properties": {"nom": "Le Tas de sable - Ches panses vertes", "code_insee": "80674", "commune": "Rivery", "categorie": "scene", "label": "Centre national de la marionnette", "poids": 3.0, "visiteurs": null, "jauge": null}, "geometry": {"type": "Point", "coordinates": [2.333119, 49.924147]}}, {"type": "Feature", "properties": {"nom": "Association Eclat - Le Parapluie", "code_insee": "15014", "commune": "Aurillac", "categorie": "scene", "label": "Centre national des arts de la rue et de l’espace public", "poids": 3.0, "visiteurs": null, "jauge": null}, "geometry": {"type": "Point", "coordinates": [2.444304, 44.931179]}}, {"type": "Feature", "properties": {"nom": "Cesare", "code_insee": "51054", "commune": "Bétheniville", "categorie": "scene", "label": "Centre national de création musicale", "poids": 3.0, "visiteurs": null, "jauge": null}, "geometry": {"type": "Point", "coordinates": [4.369525, 49.290662]}}, {"type": "Feature", "properties": {"nom": "La Verrerie d’Alès – Pôle National Cirque Occitanie", "code_insee": "30007", "commune": "Alès", "categorie": "scene", "label": "Pôle national du cirque", "poids": 3.0, "visiteurs": null, "jauge": null}, "geometry": {"type": "Point", "coordinates": [4.065894, 44.128773]}}, {"type": "Feature", "properties": {"nom": "Furies (Pôle National Cirque En Préfiguration) - Châlons-En-Champagne Région Grand Est", "code_insee": "51108", "commune": "Châlons-en-Champagne", "categorie": "scene", "label": "Pôle national du cirque", "poids": 3.0, "visiteurs": null, "jauge": null}, "geometry": {"type": "Point", "coordinates": [4.363495, 48.953475]}}, {"type": "Feature", "properties": {"nom": "Le Plongeoir Pôle national du cirque", "code_insee": "72181", "commune": "Le Mans", "categorie": "scene", "label": "Pôle national du cirque", "poids": 3.0, "visiteurs": null, "jauge": null}, "geometry": {"type": "Point", "coordinates": [0.212203, 47.986713]}}, {"type": "Feature", "properties": {"nom": "Le Sablier", "code_insee": "14341", "commune": "Ifs", "categorie": "scene", "label": "Centre national de la marionnette", "poids": 3.0, "visiteurs": null, "jauge": null}, "geometry": {"type": "Point", "coordinates": [-0.34844, 49.150814]}}, {"type": "Feature", "properties": {"nom": "Le Mouffetard - Théâtre des arts de la marionnette", "code_insee": "75105", "commune": "Paris 5e Arrondissement", "categorie": "scene", "label": "Centre national de la marionnette", "poids": 3.0, "visiteurs": null, "jauge": null}, "geometry": {"type": "Point", "coordinates": [2.350008, 48.842214]}}, {"type": "Feature", "properties": {"nom": "Quelques p'Arts", "code_insee": "07041", "commune": "Boulieu-lès-Annonay", "categorie": "scene", "label": "Centre national des arts de la rue et de l’espace public", "poids": 3.0, "visiteurs": null, "jauge": null}, "geometry": {"type": "Point", "coordinates": [4.657835, 45.269324]}}, {"type": "Feature", "properties": {"nom": "Les Pronomade(S)", "code_insee": "31167", "commune": "Encausse-les-Thermes", "categorie": "scene", "label": "Centre national des arts de la rue et de l’espace public", "poids": 3.0, "visiteurs": null, "jauge": null}, "geometry": {"type": "Point", "coordinates": [0.742621, 43.049783]}}, {"type": "Feature", "properties": {"nom": "Le Boulon", "code_insee": "59616", "commune": "Vieux-Condé", "categorie": "scene", "label": "Centre national des arts de la rue et de l’espace public", "poids": 3.0, "visiteurs": null, "jauge": null}, "geometry": {"type": "Point", "coordinates": [3.573266, 50.479746]}}, {"type": "Feature", "properties": {"nom": "Cdcn: Chorege", "code_insee": "14258", "commune": "Falaise", "categorie": "scene", "label": "Centre de développement chorégraphique national", "poids": 3.0, "visiteurs": null, "jauge": null}, "geometry": {"type": "Point", "coordinates": [-0.195755, 48.894661]}}, {"type": "Feature", "properties": {"nom": "Cdcn : Pôle Sud", "code_insee": "67482", "commune": "Strasbourg", "categorie": "scene", "label": "Centre de développement chorégraphique national", "poids": 3.0, "visiteurs": null, "jauge": null}, "geometry": {"type": "Point", "coordinates": [7.750006, 48.548725]}}, {"type": "Feature", "properties": {"nom": "Théâtre d'Aurillac", "code_insee": "15014", "commune": "Aurillac", "categorie": "scene", "label": "Scène conventionnée d’intérêt national", "poids": 3.0, "visiteurs": null, "jauge": null}, "geometry": {"type": "Point", "coordinates": [2.445996, 44.93082]}}, {"type": "Feature", "properties": {"nom": "Barbacane", "code_insee": "78062", "commune": "Beynes", "categorie": "scene", "label": "Scène conventionnée d’intérêt national", "poids": 3.0, "visiteurs": null, "jauge": null}, "geometry": {"type": "Point", "coordinates": [1.876014, 48.855715]}}, {"type": "Feature", "properties": {"nom": "Le Sémaphore", "code_insee": "63063", "commune": "Cébazat", "categorie": "scene", "label": "Scène conventionnée d’intérêt national", "poids": 3.0, "visiteurs": null, "jauge": null}, "geometry": {"type": "Point", "coordinates": [3.094808, 45.832839]}}, {"type": "Feature", "properties": {"nom": "Nouveau Relax", "code_insee": "52121", "commune": "Chaumont", "categorie": "scene", "label": "Scène conventionnée d’intérêt national", "poids": 3.0, "visiteurs": null, "jauge": null}, "geometry": {"type": "Point", "coordinates": [5.136225, 48.1072]}}, {"type": "Feature", "properties": {"nom": "Théâtre Municipal de Coutances-Théâtre municipal", "code_insee": "50147", "commune": "Coutances", "categorie": "scene", "label": "Scène conventionnée d’intérêt national", "poids": 3.0, "visiteurs": null, "jauge": null}, "geometry": {"type": "Point", "coordinates": [-1.442154, 49.04793]}}, {"type": "Feature", "properties": {"nom": "Théâtre de Die - Les Aires", "code_insee": "26113", "commune": "Die", "categorie": "scene", "label": "Scène conventionnée d’intérêt national", "poids": 3.0, "visiteurs": null, "jauge": null}, "geometry": {"type": "Point", "coordinates": [5.367895, 44.755262]}}, {"type": "Feature", "properties": {"nom": "Pivo Théâtre en territoire", "code_insee": "95203", "commune": "Eaubonne", "categorie": "scene", "label": "Scène conventionnée d’intérêt national", "poids": 3.0, "visiteurs": null, "jauge": null}, "geometry": {"type": "Point", "coordinates": [2.276154, 48.991435]}}, {"type": "Feature", "properties": {"nom": "Maison de la culture et des Loisirs", "code_insee": "02340", "commune": "Gauchy", "categorie": "scene", "label": "Scène conventionnée d’intérêt national", "poids": 3.0, "visiteurs": null, "jauge": null}, "geometry": {"type": "Point", "coordinates": [3.282372, 49.828765]}}, {"type": "Feature", "properties": {"nom": "Le Sonambule", "code_insee": "34114", "commune": "Gignac", "categorie": "scene", "label": "Scène conventionnée d’intérêt national", "poids": 3.0, "visiteurs": null, "jauge": null}, "geometry": {"type": "Point", "coordinates": [3.544416, 43.657855]}}, {"type": "Feature", "properties": {"nom": "Archipel", "code_insee": "50218", "commune": "Granville", "categorie": "scene", "label": "Scène conventionnée d’intérêt national", "poids": 3.0, "visiteurs": null, "jauge": null}, "geometry": {"type": "Point", "coordinates": [-1.598951, 48.839107]}}, {"type": "Feature", "properties": {"nom": "Le train Théâtre", "code_insee": "26252", "commune": "Portes-lès-Valence", "categorie": "scene", "label": "Scène conventionnée d’intérêt national", "poids": 3.0, "visiteurs": null, "jauge": null}, "geometry": {"type": "Point", "coordinates": [4.883418, 44.87462]}}, {"type": "Feature", "properties": {"nom": "Théâtre de Privas", "code_insee": "07186", "commune": "Privas", "categorie": "scene", "label": "Scène conventionnée d’intérêt national", "poids": 3.0, "visiteurs": null, "jauge": null}, "geometry": {"type": "Point", "coordinates": [4.595919, 44.732187]}}, {"type": "Feature", "properties": {"nom": "Lillico", "code_insee": "35238", "commune": "Rennes", "categorie": "scene", "label": "Scène conventionnée d’intérêt national", "poids": 3.0, "visiteurs": null, "jauge": null}, "geometry": {"type": "Point", "coordinates": [-1.656246, 48.129564]}}, {"type": "Feature", "properties": {"nom": "Le Triangle", "code_insee": "35238", "commune": "Rennes", "categorie": "scene", "label": "Scène conventionnée d’intérêt national", "poids": 3.0, "visiteurs": null, "jauge": null}, "geometry": {"type": "Point", "coordinates": [-1.658096, 48.088229]}}, {"type": "Feature", "properties": {"nom": "Soufflerie", "code_insee": "44143", "commune": "Rezé", "categorie": "scene", "label": "Scène conventionnée d’intérêt national", "poids": 3.0, "visiteurs": null, "jauge": null}, "geometry": {"type": "Point", "coordinates": [-1.554624, 47.185661]}}, {"type": "Feature", "properties": {"nom": "Théâtre et cinéma Georges Simenon", "code_insee": "93064", "commune": "Rosny-sous-Bois", "categorie": "scene", "label": "Scène conventionnée d’intérêt national", "poids": 3.0, "visiteurs": null, "jauge": null}, "geometry": {"type": "Point", "coordinates": [2.482728, 48.873327]}}, {"type": "Feature", "properties": {"nom": "Théâtre de l’Hôtel de Ville", "code_insee": "49267", "commune": "Saint-Barthélemy-d'Anjou", "categorie": "scene", "label": "Scène conventionnée d’intérêt national", "poids": 3.0, "visiteurs": null, "jauge": null}, "geometry": {"type": "Point", "coordinates": [-0.495179, 47.468831]}}, {"type": "Feature", "properties": {"nom": "Rive Gauche", "code_insee": "76575", "commune": "Saint-Étienne-du-Rouvray", "categorie": "scene", "label": "Scène conventionnée d’intérêt national", "poids": 3.0, "visiteurs": null, "jauge": null}, "geometry": {"type": "Point", "coordinates": [1.101046, 49.38018]}}, {"type": "Feature", "properties": {"nom": "Le centre des Arts du Récit", "code_insee": "38421", "commune": "Saint-Martin-d'Hères", "categorie": "scene", "label": "Scène conventionnée d’intérêt national", "poids": 3.0, "visiteurs": null, "jauge": null}, "geometry": {"type": "Point", "coordinates": [5.752753, 45.180178]}}, {"type": "Feature", "properties": {"nom": "Rayon Vert", "code_insee": "76655", "commune": "Saint-Valery-en-Caux", "categorie": "scene", "label": "Scène conventionnée d’intérêt national", "poids": 3.0, "visiteurs": null, "jauge": null}, "geometry": {"type": "Point", "coordinates": [0.710041, 49.863674]}}, {"type": "Feature", "properties": {"nom": "Théâtre de la Tête noire", "code_insee": "45302", "commune": "Saran", "categorie": "scene", "label": "Scène conventionnée d’intérêt national", "poids": 3.0, "visiteurs": null, "jauge": null}, "geometry": {"type": "Point", "coordinates": [1.894392, 47.933383]}}, {"type": "Feature", "properties": {"nom": "La Cigalière", "code_insee": "34299", "commune": "Sérignan", "categorie": "scene", "label": "Scène conventionnée d’intérêt national", "poids": 3.0, "visiteurs": null, "jauge": null}, "geometry": {"type": "Point", "coordinates": [3.280318, 43.284612]}}, {"type": "Feature", "properties": {"nom": "Théâtre de Thouars", "code_insee": "79329", "commune": "Thouars", "categorie": "scene", "label": "Scène conventionnée d’intérêt national", "poids": 3.0, "visiteurs": null, "jauge": null}, "geometry": {"type": "Point", "coordinates": [-0.21642, 46.979914]}}, {"type": "Feature", "properties": {"nom": "Marionnettissimo", "code_insee": "31557", "commune": "Tournefeuille", "categorie": "scene", "label": "Scène conventionnée d’intérêt national", "poids": 3.0, "visiteurs": null, "jauge": null}, "geometry": {"type": "Point", "coordinates": [1.314047, 43.592307]}}, {"type": "Feature", "properties": {"nom": "Théâtre de l'Arsenal", "code_insee": "27701", "commune": "Val-de-Reuil", "categorie": "scene", "label": "Scène conventionnée d’intérêt national", "poids": 3.0, "visiteurs": null, "jauge": null}, "geometry": {"type": "Point", "coordinates": [1.218542, 49.271804]}}, {"type": "Feature", "properties": {"nom": "Centre Dramatique des Villages", "code_insee": "84138", "commune": "Valréas", "categorie": "scene", "label": "Scène conventionnée d’intérêt national", "poids": 3.0, "visiteurs": null, "jauge": null}, "geometry": {"type": "Point", "coordinates": [4.988807, 44.385542]}}, {"type": "Feature", "properties": {"nom": "Le Théâtre de Chatillon", "code_insee": "92020", "commune": "Châtillon", "categorie": "scene", "label": "Scène conventionnée d’intérêt national", "poids": 3.0, "visiteurs": null, "jauge": null}, "geometry": {"type": "Point", "coordinates": [2.288145, 48.799915]}}, {"type": "Feature", "properties": {"nom": "Scènes et ciné", "code_insee": "13047", "commune": "Istres", "categorie": "scene", "label": "Scène conventionnée d’intérêt national", "poids": 3.0, "visiteurs": null, "jauge": null}, "geometry": {"type": "Point", "coordinates": [4.988076, 43.515071]}}, {"type": "Feature", "properties": {"nom": "Agora Centre Culturel Pnc Boulazac Nouvelle Aquitaine", "code_insee": "24053", "commune": "Boulazac Isle Manoire", "categorie": "scene", "label": "Pôle national du cirque", "poids": 3.0, "visiteurs": null, "jauge": null}, "geometry": {"type": "Point", "coordinates": [0.762663, 45.182708]}}, {"type": "Feature", "properties": {"nom": "La Cascade – Pôle National Cirque Ardèche-Auvergne-Rhône-Alpes", "code_insee": "07042", "commune": "Bourg-Saint-Andéol", "categorie": "scene", "label": "Pôle national du cirque", "poids": 3.0, "visiteurs": null, "jauge": null}, "geometry": {"type": "Point", "coordinates": [4.643412, 44.36862]}}, {"type": "Feature", "properties": {"nom": "Archaos - Pôle National Cirque Méditerranée", "code_insee": "13201", "commune": "Marseille 1er Arrondissement", "categorie": "scene", "label": "Pôle national du cirque", "poids": 3.0, "visiteurs": null, "jauge": null}, "geometry": {"type": "Point", "coordinates": [5.362906, 43.333391]}}, {"type": "Feature", "properties": {"nom": "Cdcn : L'echangeur", "code_insee": "02168", "commune": "Château-Thierry", "categorie": "scene", "label": "Centre de développement chorégraphique national", "poids": 3.0, "visiteurs": null, "jauge": null}, "geometry": {"type": "Point", "coordinates": [3.399677, 49.041147]}}, {"type": "Feature", "properties": {"nom": "Cdcn : Danse à tous les étages", "code_insee": "35238", "commune": "Rennes", "categorie": "scene", "label": "Centre de développement chorégraphique national", "poids": 3.0, "visiteurs": null, "jauge": null}, "geometry": {"type": "Point", "coordinates": [-1.695458, 48.106905]}}, {"type": "Feature", "properties": {"nom": "Cdcn : La Place de La Danse", "code_insee": "31555", "commune": "Toulouse", "categorie": "scene", "label": "Centre de développement chorégraphique national", "poids": 3.0, "visiteurs": null, "jauge": null}, "geometry": {"type": "Point", "coordinates": [1.429387, 43.597214]}}, {"type": "Feature", "properties": {"nom": "Le Sablier", "code_insee": "14225", "commune": "Dives-sur-Mer", "categorie": "scene", "label": "Centre national de la marionnette", "poids": 3.0, "visiteurs": null, "jauge": null}, "geometry": {"type": "Point", "coordinates": [-0.104758, 49.285276]}}, {"type": "Feature", "properties": {"nom": "Théâtre de Laval", "code_insee": "53130", "commune": "Laval", "categorie": "scene", "label": "Centre national de la marionnette", "poids": 3.0, "visiteurs": null, "jauge": null}, "geometry": {"type": "Point", "coordinates": [-0.767512, 48.070778]}}, {"type": "Feature", "properties": {"nom": "Espace Jéliote", "code_insee": "64422", "commune": "Oloron-Sainte-Marie", "categorie": "scene", "label": "Centre national de la marionnette", "poids": 3.0, "visiteurs": null, "jauge": null}, "geometry": {"type": "Point", "coordinates": [-0.611046, 43.190442]}}, {"type": "Feature", "properties": {"nom": "L'Hectare - Territoires Vendômois", "code_insee": "41269", "commune": "Vendôme", "categorie": "scene", "label": "Centre national de la marionnette", "poids": 3.0, "visiteurs": null, "jauge": null}, "geometry": {"type": "Point", "coordinates": [1.071661, 47.792148]}}, {"type": "Feature", "properties": {"nom": "L’Usine", "code_insee": "31557", "commune": "Tournefeuille", "categorie": "scene", "label": "Centre national des arts de la rue et de l’espace public", "poids": 3.0, "visiteurs": null, "jauge": null}, "geometry": {"type": "Point", "coordinates": [1.308086, 43.590251]}}, {"type": "Feature", "properties": {"nom": "La Muse En Circuit", "code_insee": "94002", "commune": "Alfortville", "categorie": "scene", "label": "Centre national de création musicale", "poids": 3.0, "visiteurs": null, "jauge": null}, "geometry": {"type": "Point", "coordinates": [2.412578, 48.813297]}}, {"type": "Feature", "properties": {"nom": "Ici l'Onde", "code_insee": "21231", "commune": "Dijon", "categorie": "scene", "label": "Centre national de création musicale", "poids": 3.0, "visiteurs": null, "jauge": null}, "geometry": {"type": "Point", "coordinates": [5.050703, 47.313439]}}, {"type": "Feature", "properties": {"nom": "Groupe de Recherche Et de Réalisation  En Musique Électronique - Grame", "code_insee": "69383", "commune": "Lyon 3e Arrondissement", "categorie": "scene", "label": "Centre national de création musicale", "poids": 3.0, "visiteurs": null, "jauge": null}, "geometry": {"type": "Point", "coordinates": [4.825174, 45.75066]}}, {"type": "Feature", "properties": {"nom": "Gmem - Cncm - Marseille", "code_insee": "13201", "commune": "Marseille 1er Arrondissement", "categorie": "scene", "label": "Centre national de création musicale", "poids": 3.0, "visiteurs": null, "jauge": null}, "geometry": {"type": "Point", "coordinates": [5.389191, 43.279663]}}, {"type": "Feature", "properties": {"nom": "Centre de Creation Musicale Voce", "code_insee": "2B231", "commune": "Pigna", "categorie": "scene", "label": "Centre national de création musicale", "poids": 3.0, "visiteurs": null, "jauge": null}, "geometry": {"type": "Point", "coordinates": [8.902725, 42.599181]}}, {"type": "Feature", "properties": {"nom": "Athenor", "code_insee": "44184", "commune": "Saint-Nazaire", "categorie": "scene", "label": "Centre national de création musicale", "poids": 3.0, "visiteurs": null, "jauge": null}, "geometry": {"type": "Point", "coordinates": [-2.215862, 47.27591]}}, {"type": "Feature", "properties": {"nom": "Circa, Pôle National des Arts du Cirque", "code_insee": "32013", "commune": "Auch", "categorie": "scene", "label": "Pôle national du cirque", "poids": 3.0, "visiteurs": null, "jauge": null}, "geometry": {"type": "Point", "coordinates": [0.593709, 43.651366]}}, {"type": "Feature", "properties": {"nom": "Carré Magique Pôle National des Arts du Cirque En Bretagne", "code_insee": "22113", "commune": "Lannion", "categorie": "scene", "label": "Pôle national du cirque", "poids": 3.0, "visiteurs": null, "jauge": null}, "geometry": {"type": "Point", "coordinates": [-3.454425, 48.731642]}}, {"type": "Feature", "properties": {"nom": "Le Prato_x000D_\nthéâtre International de Quartier _x000D_\npôle National Cirque - Lille", "code_insee": "59350", "commune": "Lille", "categorie": "scene", "label": "Pôle national du cirque", "poids": 3.0, "visiteurs": null, "jauge": null}, "geometry": {"type": "Point", "coordinates": [3.071125, 50.619109]}}, {"type": "Feature", "properties": {"nom": "Théâtre du Jeu de Paume", "code_insee": "13001", "commune": "Aix-en-Provence", "categorie": "scene", "label": "Scène conventionnée d’intérêt national", "poids": 3.0, "visiteurs": null, "jauge": null}, "geometry": {"type": "Point", "coordinates": [5.454019, 43.527394]}}, {"type": "Feature", "properties": {"nom": "Le Safran", "code_insee": "80021", "commune": "Amiens", "categorie": "scene", "label": "Scène conventionnée d’intérêt national", "poids": 3.0, "visiteurs": null, "jauge": null}, "geometry": {"type": "Point", "coordinates": [2.300204, 49.911818]}}, {"type": "Feature", "properties": {"nom": "Le Théâtre du Parc", "code_insee": "42005", "commune": "Andrézieux-Bouthéon", "categorie": "scene", "label": "Scène conventionnée d’intérêt national", "poids": 3.0, "visiteurs": null, "jauge": null}, "geometry": {"type": "Point", "coordinates": [4.257664, 45.524629]}}, {"type": "Feature", "properties": {"nom": "Le Vivat", "code_insee": "59017", "commune": "Armentières", "categorie": "scene", "label": "Scène conventionnée d’intérêt national", "poids": 3.0, "visiteurs": null, "jauge": null}, "geometry": {"type": "Point", "coordinates": [2.883865, 50.686609]}}, {"type": "Feature", "properties": {"nom": "Le Point Fort d'Aubervilliers", "code_insee": "93001", "commune": "Aubervilliers", "categorie": "scene", "label": "Scène conventionnée d’intérêt national", "poids": 3.0, "visiteurs": null, "jauge": null}, "geometry": {"type": "Point", "coordinates": [2.4058, 48.914292]}}, {"type": "Feature", "properties": {"nom": "Théâtre du Champ Exquis", "code_insee": "14076", "commune": "Blainville-sur-Orne", "categorie": "scene", "label": "Scène conventionnée d’intérêt national", "poids": 3.0, "visiteurs": null, "jauge": null}, "geometry": {"type": "Point", "coordinates": [-0.303397, 49.227594]}}, {"type": "Feature", "properties": {"nom": "Glob Théâtre", "code_insee": "33063", "commune": "Bordeaux", "categorie": "scene", "label": "Scène conventionnée d’intérêt national", "poids": 3.0, "visiteurs": null, "jauge": null}, "geometry": {"type": "Point", "coordinates": [-0.561899, 44.860438]}}, {"type": "Feature", "properties": {"nom": "Rack'Am", "code_insee": "91103", "commune": "Brétigny-sur-Orge", "categorie": "scene", "label": "Scène conventionnée d’intérêt national", "poids": 3.0, "visiteurs": null, "jauge": null}, "geometry": {"type": "Point", "coordinates": [2.310073, 48.621741]}}, {"type": "Feature", "properties": {"nom": "Derrière le Hublot", "code_insee": "12052", "commune": "Capdenac-Gare", "categorie": "scene", "label": "Scène conventionnée d’intérêt national", "poids": 3.0, "visiteurs": null, "jauge": null}, "geometry": {"type": "Point", "coordinates": [2.080194, 44.570793]}}, {"type": "Feature", "properties": {"nom": "La Faîencerie -Théâtre de Creil", "code_insee": "60175", "commune": "Creil", "categorie": "scene", "label": "Scène conventionnée d’intérêt national", "poids": 3.0, "visiteurs": null, "jauge": null}, "geometry": {"type": "Point", "coordinates": [2.472665, 49.259542]}}, {"type": "Feature", "properties": {"nom": "Théâtre de Cusset", "code_insee": "03095", "commune": "Cusset", "categorie": "scene", "label": "Scène conventionnée d’intérêt national", "poids": 3.0, "visiteurs": null, "jauge": null}, "geometry": {"type": "Point", "coordinates": [3.456011, 46.132017]}}, {"type": "Feature", "properties": {"nom": "Minoterie", "code_insee": "21231", "commune": "Dijon", "categorie": "scene", "label": "Scène conventionnée d’intérêt national", "poids": 3.0, "visiteurs": null, "jauge": null}, "geometry": {"type": "Point", "coordinates": [5.027311, 47.30982]}}, {"type": "Feature", "properties": {"nom": "Théâtre en Dracénie", "code_insee": "83050", "commune": "Draguignan", "categorie": "scene", "label": "Scène conventionnée d’intérêt national", "poids": 3.0, "visiteurs": null, "jauge": null}, "geometry": {"type": "Point", "coordinates": [6.463811, 43.536797]}}, {"type": "Feature", "properties": {"nom": "Rampe - La Ponatière", "code_insee": "38151", "commune": "Échirolles", "categorie": "scene", "label": "Scène conventionnée d’intérêt national", "poids": 3.0, "visiteurs": null, "jauge": null}, "geometry": {"type": "Point", "coordinates": [5.718444, 45.148108]}}, {"type": "Feature", "properties": {"nom": "Centre des Arts", "code_insee": "95210", "commune": "Enghien-les-Bains", "categorie": "scene", "label": "Scène conventionnée d’intérêt national", "poids": 3.0, "visiteurs": null, "jauge": null}, "geometry": {"type": "Point", "coordinates": [2.30525, 48.972335]}}, {"type": "Feature", "properties": {"nom": "Théâtre le Passage", "code_insee": "76259", "commune": "Fécamp", "categorie": "scene", "label": "Scène conventionnée d’intérêt national", "poids": 3.0, "visiteurs": null, "jauge": null}, "geometry": {"type": "Point", "coordinates": [0.372307, 49.757392]}}, {"type": "Feature", "properties": {"nom": "Théâtre de Grasse", "code_insee": "06069", "commune": "Grasse", "categorie": "scene", "label": "Scène conventionnée d’intérêt national", "poids": 3.0, "visiteurs": null, "jauge": null}, "geometry": {"type": "Point", "coordinates": [6.922706, 43.660151]}}, {"type": "Feature", "properties": {"nom": "Théâtre de la maison d'Elsa", "code_insee": "54273", "commune": "Jarny", "categorie": "scene", "label": "Scène conventionnée d’intérêt national", "poids": 3.0, "visiteurs": null, "jauge": null}, "geometry": {"type": "Point", "coordinates": [5.874077, 49.160789]}}, {"type": "Feature", "properties": {"nom": "Les bords de Seine", "code_insee": "91326", "commune": "Juvisy-sur-Orge", "categorie": "scene", "label": "Scène conventionnée d’intérêt national", "poids": 3.0, "visiteurs": null, "jauge": null}, "geometry": {"type": "Point", "coordinates": [2.375475, 48.691259]}}, {"type": "Feature", "properties": {"nom": "Le Carroi", "code_insee": "72154", "commune": "La Flèche", "categorie": "scene", "label": "Scène conventionnée d’intérêt national", "poids": 3.0, "visiteurs": null, "jauge": null}, "geometry": {"type": "Point", "coordinates": [-0.073351, 47.698612]}}, {"type": "Feature", "properties": {"nom": "Le Pôle", "code_insee": "83103", "commune": "Le Revest-les-Eaux", "categorie": "scene", "label": "Scène conventionnée d’intérêt national", "poids": 3.0, "visiteurs": null, "jauge": null}, "geometry": {"type": "Point", "coordinates": [5.926005, 43.177642]}}, {"type": "Feature", "properties": {"nom": "Théâtre Massalia", "code_insee": "13055", "commune": "Marseille", "categorie": "scene", "label": "Scène conventionnée d’intérêt national", "poids": 3.0, "visiteurs": null, "jauge": null}, "geometry": {"type": "Point", "coordinates": [5.390368, 43.311493]}}, {"type": "Feature", "properties": {"nom": "Scène 55", "code_insee": "06085", "commune": "Mougins", "categorie": "scene", "label": "Scène conventionnée d’intérêt national", "poids": 3.0, "visiteurs": null, "jauge": null}, "geometry": {"type": "Point", "coordinates": [6.998114, 43.5847]}}, {"type": "Feature", "properties": {"nom": "Théâtre Universitaire de Nantes", "code_insee": "44109", "commune": "Nantes", "categorie": "scene", "label": "Scène conventionnée d’intérêt national", "poids": 3.0, "visiteurs": null, "jauge": null}, "geometry": {"type": "Point", "coordinates": [-1.553627, 47.243222]}}, {"type": "Feature", "properties": {"nom": "Espace pluriel", "code_insee": "64445", "commune": "Pau", "categorie": "scene", "label": "Scène conventionnée d’intérêt national", "poids": 3.0, "visiteurs": null, "jauge": null}, "geometry": {"type": "Point", "coordinates": [-0.361188, 43.30792]}}, {"type": "Feature", "properties": {"nom": "Odyssée", "code_insee": "24322", "commune": "Périgueux", "categorie": "scene", "label": "Scène conventionnée d’intérêt national", "poids": 3.0, "visiteurs": null, "jauge": null}, "geometry": {"type": "Point", "coordinates": [0.716936, 45.184705]}}, {"type": "Feature", "properties": {"nom": "Canal Théâtre intercommunal du Pays de Redon", "code_insee": "35236", "commune": "Redon", "categorie": "scene", "label": "Scène conventionnée d’intérêt national", "poids": 3.0, "visiteurs": null, "jauge": null}, "geometry": {"type": "Point", "coordinates": [-2.08509, 47.650867]}}, {"type": "Feature", "properties": {"nom": "La Poudrerie", "code_insee": "93071", "commune": "Sevran", "categorie": "scene", "label": "Scène conventionnée d’intérêt national", "poids": 3.0, "visiteurs": null, "jauge": null}, "geometry": {"type": "Point", "coordinates": [2.5317, 48.93783]}}, {"type": "Feature", "properties": {"nom": "Centre culturel Aragon", "code_insee": "93073", "commune": "Tremblay-en-France", "categorie": "scene", "label": "Scène conventionnée d’intérêt national", "poids": 3.0, "visiteurs": null, "jauge": null}, "geometry": {"type": "Point", "coordinates": [2.572507, 48.950683]}}, {"type": "Feature", "properties": {"nom": "Théâtre de Vanves", "code_insee": "92075", "commune": "Vanves", "categorie": "scene", "label": "Scène conventionnée d’intérêt national", "poids": 3.0, "visiteurs": null, "jauge": null}, "geometry": {"type": "Point", "coordinates": [2.289839, 48.822758]}}, {"type": "Feature", "properties": {"nom": "Transversales", "code_insee": "55545", "commune": "Verdun", "categorie": "scene", "label": "Scène conventionnée d’intérêt national", "poids": 3.0, "visiteurs": null, "jauge": null}, "geometry": {"type": "Point", "coordinates": [5.384016, 49.159232]}}, {"type": "Feature", "properties": {"nom": "Atelier à spectacles", "code_insee": "28404", "commune": "Vernouillet", "categorie": "scene", "label": "Scène conventionnée d’intérêt national", "poids": 3.0, "visiteurs": null, "jauge": null}, "geometry": {"type": "Point", "coordinates": [1.363028, 48.723052]}}, {"type": "Feature", "properties": {"nom": "Le Théâtre du Vellein", "code_insee": "38553", "commune": "Villefontaine", "categorie": "scene", "label": "Scène conventionnée d’intérêt national", "poids": 3.0, "visiteurs": null, "jauge": null}, "geometry": {"type": "Point", "coordinates": [5.146023, 45.616726]}}, {"type": "Feature", "properties": {"nom": "Cdcn Boom'Structur", "code_insee": "63113", "commune": "Clermont-Ferrand", "categorie": "scene", "label": "Centre de développement chorégraphique national", "poids": 3.0, "visiteurs": null, "jauge": null}, "geometry": {"type": "Point", "coordinates": [3.126589, 45.760126]}}, {"type": "Feature", "properties": {"nom": "Cdcn : Le Pacifique", "code_insee": "38185", "commune": "Grenoble", "categorie": "scene", "label": "Centre de développement chorégraphique national", "poids": 3.0, "visiteurs": null, "jauge": null}, "geometry": {"type": "Point", "coordinates": [5.720004, 45.17178]}}, {"type": "Feature", "properties": {"nom": "Cdcn : La Maison danse", "code_insee": "30334", "commune": "Uzès", "categorie": "scene", "label": "Centre de développement chorégraphique national", "poids": 3.0, "visiteurs": null, "jauge": null}, "geometry": {"type": "Point", "coordinates": [4.418485, 44.012248]}}, {"type": "Feature", "properties": {"nom": "Le Fourneau", "code_insee": "29019", "commune": "Brest", "categorie": "scene", "label": "Centre national des arts de la rue et de l’espace public", "poids": 3.0, "visiteurs": null, "jauge": null}, "geometry": {"type": "Point", "coordinates": [-4.487224, 48.382125]}}, {"type": "Feature", "properties": {"nom": "L'Abattoir / Chalon dans la rue", "code_insee": "71076", "commune": "Chalon-sur-Saône", "categorie": "scene", "label": "Centre national des arts de la rue et de l’espace public", "poids": 3.0, "visiteurs": null, "jauge": null}, "geometry": {"type": "Point", "coordinates": [4.845087, 46.774935]}}, {"type": "Feature", "properties": {"nom": "Compagnie Oposito – Le Moulin Fondu", "code_insee": "95268", "commune": "Garges-lès-Gonesse", "categorie": "scene", "label": "Centre national des arts de la rue et de l’espace public", "poids": 3.0, "visiteurs": null, "jauge": null}, "geometry": {"type": "Point", "coordinates": [2.416458, 48.970395]}}, {"type": "Feature", "properties": {"nom": "Sur Le Pont", "code_insee": "17300", "commune": "La Rochelle", "categorie": "scene", "label": "Centre national des arts de la rue et de l’espace public", "poids": 3.0, "visiteurs": null, "jauge": null}, "geometry": {"type": "Point", "coordinates": [-1.156531, 46.152907]}}, {"type": "Feature", "properties": {"nom": "Lieux Publics", "code_insee": "13201", "commune": "Marseille 1er Arrondissement", "categorie": "scene", "label": "Centre national des arts de la rue et de l’espace public", "poids": 3.0, "visiteurs": null, "jauge": null}, "geometry": {"type": "Point", "coordinates": [5.365185, 43.35123]}}, {"type": "Feature", "properties": {"nom": "L'Atelier 231", "code_insee": "76681", "commune": "Sotteville-lès-Rouen", "categorie": "scene", "label": "Centre national des arts de la rue et de l’espace public", "poids": 3.0, "visiteurs": null, "jauge": null}, "geometry": {"type": "Point", "coordinates": [1.098298, 49.418465]}}, {"type": "Feature", "properties": {"nom": "Les Ateliers Frappaz", "code_insee": "69266", "commune": "Villeurbanne", "categorie": "scene", "label": "Centre national des arts de la rue et de l’espace public", "poids": 3.0, "visiteurs": null, "jauge": null}, "geometry": {"type": "Point", "coordinates": [4.894369, 45.761498]}}, {"type": "Feature", "properties": {"nom": "La Brèche, Pôle National Cirque de Normandie / Cherbourg-En-Cotentin", "code_insee": "50129", "commune": "Cherbourg-en-Cotentin", "categorie": "scene", "label": "Pôle national du cirque", "poids": 3.0, "visiteurs": null, "jauge": null}, "geometry": {"type": "Point", "coordinates": [-1.601962, 49.631693]}}, {"type": "Feature", "properties": {"nom": "Cirque–théâtre D’elbeuf Pôle National Cirque Normandie", "code_insee": "76231", "commune": "Elbeuf", "categorie": "scene", "label": "Pôle national du cirque", "poids": 3.0, "visiteurs": null, "jauge": null}, "geometry": {"type": "Point", "coordinates": [1.011039, 49.290709]}}, {"type": "Feature", "properties": {"nom": "3 T - Scène conventionnée de Châtellerault", "code_insee": "86007", "commune": "Antran", "categorie": "scene", "label": "Scène conventionnée d’intérêt national", "poids": 3.0, "visiteurs": null, "jauge": null}, "geometry": {"type": "Point", "coordinates": [0.543095, 46.85252]}}, {"type": "Feature", "properties": {"nom": "Théâtre Olympia d’Arcachon", "code_insee": "33009", "commune": "Arcachon", "categorie": "scene", "label": "Scène conventionnée d’intérêt national", "poids": 3.0, "visiteurs": null, "jauge": null}, "geometry": {"type": "Point", "coordinates": [-1.16526, 44.661012]}}, {"type": "Feature", "properties": {"nom": "TOTEM/ass d'éveil artistique", "code_insee": "84007", "commune": "Avignon", "categorie": "scene", "label": "Scène conventionnée d’intérêt national", "poids": 3.0, "visiteurs": null, "jauge": null}, "geometry": {"type": "Point", "coordinates": [4.805664, 43.938992]}}, {"type": "Feature", "properties": {"nom": "Odyssud", "code_insee": "31069", "commune": "Blagnac", "categorie": "scene", "label": "Scène conventionnée d’intérêt national", "poids": 3.0, "visiteurs": null, "jauge": null}, "geometry": {"type": "Point", "coordinates": [1.387084, 43.634799]}}, {"type": "Feature", "properties": {"nom": "Scènes de territoire", "code_insee": "79049", "commune": "Bressuire", "categorie": "scene", "label": "Scène conventionnée d’intérêt national", "poids": 3.0, "visiteurs": null, "jauge": null}, "geometry": {"type": "Point", "coordinates": [-0.491925, 46.836627]}}, {"type": "Feature", "properties": {"nom": "Théâtre de Brétigny", "code_insee": "91103", "commune": "Brétigny-sur-Orge", "categorie": "scene", "label": "Scène conventionnée d’intérêt national", "poids": 3.0, "visiteurs": null, "jauge": null}, "geometry": {"type": "Point", "coordinates": [2.312579, 48.608957]}}, {"type": "Feature", "properties": {"nom": "Théâtre de Caen", "code_insee": "14118", "commune": "Caen", "categorie": "scene", "label": "Scène conventionnée d’intérêt national", "poids": 3.0, "visiteurs": null, "jauge": null}, "geometry": {"type": "Point", "coordinates": [-0.362104, 49.180369]}}, {"type": "Feature", "properties": {"nom": "Théâtre Le Sillon", "code_insee": "34079", "commune": "Clermont-l'Hérault", "categorie": "scene", "label": "Scène conventionnée d’intérêt national", "poids": 3.0, "visiteurs": null, "jauge": null}, "geometry": {"type": "Point", "coordinates": [3.436563, 43.626496]}}, {"type": "Feature", "properties": {"nom": "Espace Jean Legendre - Théâtres de Compiègne", "code_insee": "60159", "commune": "Compiègne", "categorie": "scene", "label": "Scène conventionnée d’intérêt national", "poids": 3.0, "visiteurs": null, "jauge": null}, "geometry": {"type": "Point", "coordinates": [2.808546, 49.406988]}}, {"type": "Feature", "properties": {"nom": "Théâtre du Champ au Roy", "code_insee": "22070", "commune": "Guingamp", "categorie": "scene", "label": "Scène conventionnée d’intérêt national", "poids": 3.0, "visiteurs": null, "jauge": null}, "geometry": {"type": "Point", "coordinates": [-3.149335, 48.5618]}}, {"type": "Feature", "properties": {"nom": "L'Ateline", "code_insee": "34123", "commune": "Juvignac", "categorie": "scene", "label": "Scène conventionnée d’intérêt national", "poids": 3.0, "visiteurs": null, "jauge": null}, "geometry": {"type": "Point", "coordinates": [3.808101, 43.615287]}}, {"type": "Feature", "properties": {"nom": "Centre culturel de la Ricamarie", "code_insee": "42183", "commune": "La Ricamarie", "categorie": "scene", "label": "Scène conventionnée d’intérêt national", "poids": 3.0, "visiteurs": null, "jauge": null}, "geometry": {"type": "Point", "coordinates": [4.366159, 45.405257]}}, {"type": "Feature", "properties": {"nom": "Le Cadhame", "code_insee": "57456", "commune": "Meisenthal", "categorie": "scene", "label": "Scène conventionnée d’intérêt national", "poids": 3.0, "visiteurs": null, "jauge": null}, "geometry": {"type": "Point", "coordinates": [7.352515, 48.965089]}}, {"type": "Feature", "properties": {"nom": "Tarn-et-Garonne Arts et culture - Agence culturelle départementale", "code_insee": "82121", "commune": "Montauban", "categorie": "scene", "label": "Scène conventionnée d’intérêt national", "poids": 3.0, "visiteurs": null, "jauge": null}, "geometry": {"type": "Point", "coordinates": [1.359565, 44.008448]}}, {"type": "Feature", "properties": {"nom": "La Maison _x000D_\n(de la culture de Nevers Agglomération)", "code_insee": "58194", "commune": "Nevers", "categorie": "scene", "label": "Scène conventionnée d’intérêt national", "poids": 3.0, "visiteurs": null, "jauge": null}, "geometry": {"type": "Point", "coordinates": [3.160299, 46.986107]}}, {"type": "Feature", "properties": {"nom": "L’Éclat", "code_insee": "27467", "commune": "Pont-Audemer", "categorie": "scene", "label": "Scène conventionnée d’intérêt national", "poids": 3.0, "visiteurs": null, "jauge": null}, "geometry": {"type": "Point", "coordinates": [0.516917, 49.354996]}}, {"type": "Feature", "properties": {"nom": "Très Tôt Théâtre", "code_insee": "29232", "commune": "Quimper", "categorie": "scene", "label": "Scène conventionnée d’intérêt national", "poids": 3.0, "visiteurs": null, "jauge": null}, "geometry": {"type": "Point", "coordinates": [-4.0979, 47.99484]}}, {"type": "Feature", "properties": {"nom": "Le Carré Ste Maxime", "code_insee": "83115", "commune": "Sainte-Maxime", "categorie": "scene", "label": "Scène conventionnée d’intérêt national", "poids": 3.0, "visiteurs": null, "jauge": null}, "geometry": {"type": "Point", "coordinates": [6.624814, 43.325958]}}, {"type": "Feature", "properties": {"nom": "Théâtre de Suresnes Jean Vilar", "code_insee": "92073", "commune": "Suresnes", "categorie": "scene", "label": "Scène conventionnée d’intérêt national", "poids": 3.0, "visiteurs": null, "jauge": null}, "geometry": {"type": "Point", "coordinates": [2.201906, 48.86334]}}, {"type": "Feature", "properties": {"nom": "L'été de Vaour", "code_insee": "81309", "commune": "Vaour", "categorie": "scene", "label": "Scène conventionnée d’intérêt national", "poids": 3.0, "visiteurs": null, "jauge": null}, "geometry": {"type": "Point", "coordinates": [1.802085, 44.072848]}}, {"type": "Feature", "properties": {"nom": "Onde", "code_insee": "78640", "commune": "Vélizy-Villacoublay", "categorie": "scene", "label": "Scène conventionnée d’intérêt national", "poids": 3.0, "visiteurs": null, "jauge": null}, "geometry": {"type": "Point", "coordinates": [2.180646, 48.78166]}}, {"type": "Feature", "properties": {"nom": "Le Dôme Théâtre", "code_insee": "73011", "commune": "Albertville", "categorie": "scene", "label": "Scène conventionnée d’intérêt national", "poids": 3.0, "visiteurs": null, "jauge": null}, "geometry": {"type": "Point", "coordinates": [6.392433, 45.676229]}}, {"type": "Feature", "properties": {"nom": "Maison des arts du Léman", "code_insee": "74005", "commune": "Allinges", "categorie": "scene", "label": "Scène conventionnée d’intérêt national", "poids": 3.0, "visiteurs": null, "jauge": null}, "geometry": {"type": "Point", "coordinates": [6.48295, 46.375183]}}, {"type": "Feature", "properties": {"nom": "Château Rouge", "code_insee": "74012", "commune": "Annemasse", "categorie": "scene", "label": "Scène conventionnée d’intérêt national", "poids": 3.0, "visiteurs": null, "jauge": null}, "geometry": {"type": "Point", "coordinates": [6.23568, 46.188737]}}, {"type": "Feature", "properties": {"nom": "Barcarole", "code_insee": "62040", "commune": "Arques", "categorie": "scene", "label": "Scène conventionnée d’intérêt national", "poids": 3.0, "visiteurs": null, "jauge": null}, "geometry": {"type": "Point", "coordinates": [2.296268, 50.732219]}}, {"type": "Feature", "properties": {"nom": "Théâtre du Cloître", "code_insee": "87011", "commune": "Bellac", "categorie": "scene", "label": "Scène conventionnée d’intérêt national", "poids": 3.0, "visiteurs": null, "jauge": null}, "geometry": {"type": "Point", "coordinates": [1.045709, 46.120294]}}, {"type": "Feature", "properties": {"nom": "La Licorne", "code_insee": "06029", "commune": "Cannes", "categorie": "scene", "label": "Scène conventionnée d’intérêt national", "poids": 3.0, "visiteurs": null, "jauge": null}, "geometry": {"type": "Point", "coordinates": [6.981222, 43.549219]}}, {"type": "Feature", "properties": {"nom": "Forum Jacques Prévert", "code_insee": "06033", "commune": "Carros", "categorie": "scene", "label": "Scène conventionnée d’intérêt national", "poids": 3.0, "visiteurs": null, "jauge": null}, "geometry": {"type": "Point", "coordinates": [7.19041, 43.771764]}}, {"type": "Feature", "properties": {"nom": "Cuizines", "code_insee": "77108", "commune": "Chelles", "categorie": "scene", "label": "Scène conventionnée d’intérêt national", "poids": 3.0, "visiteurs": null, "jauge": null}, "geometry": {"type": "Point", "coordinates": [2.613398, 48.88664]}}, {"type": "Feature", "properties": {"nom": "Avant-Scène Cognac", "code_insee": "16102", "commune": "Cognac", "categorie": "scene", "label": "Scène conventionnée d’intérêt national", "poids": 3.0, "visiteurs": null, "jauge": null}, "geometry": {"type": "Point", "coordinates": [-0.32676, 45.699091]}}, {"type": "Feature", "properties": {"nom": "La Gare à Coulisse - Express-Circuss", "code_insee": "26125", "commune": "Eurre", "categorie": "scene", "label": "Scène conventionnée d’intérêt national", "poids": 3.0, "visiteurs": null, "jauge": null}, "geometry": {"type": "Point", "coordinates": [4.978555, 44.73681]}}, {"type": "Feature", "properties": {"nom": "Espace 600", "code_insee": "38185", "commune": "Grenoble", "categorie": "scene", "label": "Scène conventionnée d’intérêt national", "poids": 3.0, "visiteurs": null, "jauge": null}, "geometry": {"type": "Point", "coordinates": [5.733326, 45.164213]}}, {"type": "Feature", "properties": {"nom": "Labeaume en Musiques", "code_insee": "07115", "commune": "Labeaume", "categorie": "scene", "label": "Scène conventionnée d’intérêt national", "poids": 3.0, "visiteurs": null, "jauge": null}, "geometry": {"type": "Point", "coordinates": [4.304505, 44.450379]}}, {"type": "Feature", "properties": {"nom": "Grand Bleu", "code_insee": "59350", "commune": "Lille", "categorie": "scene", "label": "Scène conventionnée d’intérêt national", "poids": 3.0, "visiteurs": null, "jauge": null}, "geometry": {"type": "Point", "coordinates": [3.035525, 50.63568]}}, {"type": "Feature", "properties": {"nom": "L'Astrada", "code_insee": "32233", "commune": "Marciac", "categorie": "scene", "label": "Scène conventionnée d’intérêt national", "poids": 3.0, "visiteurs": null, "jauge": null}, "geometry": {"type": "Point", "coordinates": [0.16233, 43.526204]}}, {"type": "Feature", "properties": {"nom": "Théâtre Joliette", "code_insee": "13202", "commune": "Marseille 2e Arrondissement", "categorie": "scene", "label": "Scène conventionnée d’intérêt national", "poids": 3.0, "visiteurs": null, "jauge": null}, "geometry": {"type": "Point", "coordinates": [5.367537, 43.309247]}}, {"type": "Feature", "properties": {"nom": "Renaissance", "code_insee": "69149", "commune": "Oullins", "categorie": "scene", "label": "Scène conventionnée d’intérêt national", "poids": 3.0, "visiteurs": null, "jauge": null}, "geometry": {"type": "Point", "coordinates": [4.8107, 45.716431]}}, {"type": "Feature", "properties": {"nom": "Étoile du Nord", "code_insee": "75118", "commune": "Paris 18e Arrondissement", "categorie": "scene", "label": "Scène conventionnée d’intérêt national", "poids": 3.0, "visiteurs": null, "jauge": null}, "geometry": {"type": "Point", "coordinates": [2.33294, 48.895551]}}, {"type": "Feature", "properties": {"nom": "Théâtre Louis Jouvet - Scène conventionnée des Ardennes", "code_insee": "08362", "commune": "Rethel", "categorie": "scene", "label": "Scène conventionnée d’intérêt national", "poids": 3.0, "visiteurs": null, "jauge": null}, "geometry": {"type": "Point", "coordinates": [4.367786, 49.510085]}}, {"type": "Feature", "properties": {"nom": "Cave aux poètes", "code_insee": "59512", "commune": "Roubaix", "categorie": "scene", "label": "Scène conventionnée d’intérêt national", "poids": 3.0, "visiteurs": null, "jauge": null}, "geometry": {"type": "Point", "coordinates": [3.168783, 50.691402]}}, {"type": "Feature", "properties": {"nom": "Entracte", "code_insee": "72264", "commune": "Sablé-sur-Sarthe", "categorie": "scene", "label": "Scène conventionnée d’intérêt national", "poids": 3.0, "visiteurs": null, "jauge": null}, "geometry": {"type": "Point", "coordinates": [-0.339164, 47.838827]}}, {"type": "Feature", "properties": {"nom": "ScénOgraph", "code_insee": "46251", "commune": "Saint-Céré", "categorie": "scene", "label": "Scène conventionnée d’intérêt national", "poids": 3.0, "visiteurs": null, "jauge": null}, "geometry": {"type": "Point", "coordinates": [1.889131, 44.86223]}}, {"type": "Feature", "properties": {"nom": "Gallia Théâtre Cinéma", "code_insee": "17415", "commune": "Saintes", "categorie": "scene", "label": "Scène conventionnée d’intérêt national", "poids": 3.0, "visiteurs": null, "jauge": null}, "geometry": {"type": "Point", "coordinates": [-0.634564, 45.746919]}}, {"type": "Feature", "properties": {"nom": "Onyx - Théâtre de Saint-Herblain", "code_insee": "44162", "commune": "Saint-Herblain", "categorie": "scene", "label": "Scène conventionnée d’intérêt national", "poids": 3.0, "visiteurs": null, "jauge": null}, "geometry": {"type": "Point", "coordinates": [-1.629054, 47.223961]}}, {"type": "Feature", "properties": {"nom": "Espace culturel de Chaillol", "code_insee": "05153", "commune": "Saint-Michel-de-Chaillol", "categorie": "scene", "label": "Scène conventionnée d’intérêt national", "poids": 3.0, "visiteurs": null, "jauge": null}, "geometry": {"type": "Point", "coordinates": [6.161741, 44.689231]}}, {"type": "Feature", "properties": {"nom": "Espace 1789", "code_insee": "93070", "commune": "Saint-Ouen-sur-Seine", "categorie": "scene", "label": "Scène conventionnée d’intérêt national", "poids": 3.0, "visiteurs": null, "jauge": null}, "geometry": {"type": "Point", "coordinates": [2.333427, 48.908156]}}, {"type": "Feature", "properties": {"nom": "Espace Django", "code_insee": "67482", "commune": "Strasbourg", "categorie": "scene", "label": "Scène conventionnée d’intérêt national", "poids": 3.0, "visiteurs": null, "jauge": null}, "geometry": {"type": "Point", "coordinates": [7.76772, 48.546227]}}, {"type": "Feature", "properties": {"nom": "Théâtre Populaire d'aujourd'hui - Théâtre Sorano", "code_insee": "31555", "commune": "Toulouse", "categorie": "scene", "label": "Scène conventionnée d’intérêt national", "poids": 3.0, "visiteurs": null, "jauge": null}, "geometry": {"type": "Point", "coordinates": [1.44895, 43.594181]}}, {"type": "Feature", "properties": {"nom": "Théâtre de la Madeleine", "code_insee": "10387", "commune": "Troyes", "categorie": "scene", "label": "Scène conventionnée d’intérêt national", "poids": 3.0, "visiteurs": null, "jauge": null}, "geometry": {"type": "Point", "coordinates": [4.071049, 48.298181]}}, {"type": "Feature", "properties": {"nom": "Scènes du Golfe - Théâtre Arradon - Vannes", "code_insee": "56260", "commune": "Vannes", "categorie": "scene", "label": "Scène conventionnée d’intérêt national", "poids": 3.0, "visiteurs": null, "jauge": null}, "geometry": {"type": "Point", "coordinates": [-2.760708, 47.662328]}}, {"type": "Feature", "properties": {"nom": "Machinerie-Bizarre !", "code_insee": "69259", "commune": "Vénissieux", "categorie": "scene", "label": "Scène conventionnée d’intérêt national", "poids": 3.0, "visiteurs": null, "jauge": null}, "geometry": {"type": "Point", "coordinates": [4.878977, 45.713304]}}, {"type": "Feature", "properties": {"nom": "muséum d'histoire naturelle", "code_insee": "69382", "commune": "Lyon 2e Arrondissement", "categorie": "musee", "label": "Musée de France", "poids": 2.83, "visiteurs": 671597, "jauge": null}, "geometry": {"type": "Point", "coordinates": [4.818042, 45.73319]}}, {"type": "Feature", "properties": {"nom": "musée des arts décoratifs - MAD", "code_insee": "75101", "commune": "Paris 1er Arrondissement", "categorie": "musee", "label": "Musée de France", "poids": 2.78, "visiteurs": 596204, "jauge": null}, "geometry": {"type": "Point", "coordinates": [2.33346, 48.863027]}}, {"type": "Feature", "properties": {"nom": "musée Carnavalet - histoire de Paris", "code_insee": "75103", "commune": "Paris 3e Arrondissement", "categorie": "musee", "label": "Musée de France", "poids": 2.78, "visiteurs": 607730, "jauge": null}, "geometry": {"type": "Point", "coordinates": [2.36285, 48.857057]}}, {"type": "Feature", "properties": {"nom": "musée Picasso", "code_insee": "75103", "commune": "Paris 3e Arrondissement", "categorie": "musee", "label": "Musée de France", "poids": 2.75, "visiteurs": 558907, "jauge": null}, "geometry": {"type": "Point", "coordinates": [2.362644, 48.8597]}}, {"type": "Feature", "properties": {"nom": "musée d'art moderne de la ville de Paris", "code_insee": "75116", "commune": "Paris 16e Arrondissement", "categorie": "musee", "label": "Musée de France", "poids": 2.73, "visiteurs": 537084, "jauge": null}, "geometry": {"type": "Point", "coordinates": [2.298432, 48.864603]}}, {"type": "Feature", "properties": {"nom": "musée national de l'histoire et des cultures de l'immigration", "code_insee": "75112", "commune": "Paris 12e Arrondissement", "categorie": "musee", "label": "Musée de France", "poids": 2.72, "visiteurs": 525594, "jauge": null}, "geometry": {"type": "Point", "coordinates": [2.409586, 48.834638]}}, {"type": "Feature", "properties": {"nom": "musée Rodin", "code_insee": "75107", "commune": "Paris 7e Arrondissement", "categorie": "musee", "label": "Musée de France", "poids": 2.71, "visiteurs": 516088, "jauge": null}, "geometry": {"type": "Point", "coordinates": [2.315993, 48.855866]}}, {"type": "Feature", "properties": {"nom": "musée des civilisations de l'Europe et de la méditerranée", "code_insee": "13202", "commune": "Marseille 2e Arrondissement", "categorie": "musee", "label": "Musée de France", "poids": 2.66, "visiteurs": 456681, "jauge": null}, "geometry": {"type": "Point", "coordinates": [5.361072, 43.296905]}}, {"type": "Feature", "properties": {"nom": "musée Condé", "code_insee": "60141", "commune": "Chantilly", "categorie": "musee", "label": "Musée de France", "poids": 2.66, "visiteurs": 462000, "jauge": null}, "geometry": {"type": "Point", "coordinates": [2.485375, 49.193841]}}, {"type": "Feature", "properties": {"nom": "Tapisserie de Bayeux - MAHB musée d'art et d'histoire Baron Gérard", "code_insee": "14047", "commune": "Bayeux", "categorie": "musee", "label": "Musée de France", "poids": 2.65, "visiteurs": 445589, "jauge": null}, "geometry": {"type": "Point", "coordinates": [-0.703656, 49.276126]}}, {"type": "Feature", "properties": {"nom": "musée national du château de Fontainebleau", "code_insee": "77186", "commune": "Fontainebleau", "categorie": "musee", "label": "Musée de France", "poids": 2.6, "visiteurs": 398843, "jauge": null}, "geometry": {"type": "Point", "coordinates": [2.702061, 48.403181]}}, {"type": "Feature", "properties": {"nom": "mémorial de Caen, un musée pour la paix", "code_insee": "14118", "commune": "Caen", "categorie": "musee", "label": "Musée de France", "poids": 2.59, "visiteurs": 389438, "jauge": null}, "geometry": {"type": "Point", "coordinates": [-0.383395, 49.197169]}}, {"type": "Feature", "properties": {"nom": "Cité de l'architecture et du patrimoine (CAPA) - Centre d'archives d'architecture contemporaine", "code_insee": "75118", "commune": "Paris 18e Arrondissement", "categorie": "musee", "label": "Musée de France", "poids": 2.56, "visiteurs": 366347, "jauge": null}, "geometry": {"type": "Point", "coordinates": [2.36936, 48.898416]}}, {"type": "Feature", "properties": {"nom": "Musée du Luxembourg", "code_insee": "75106", "commune": "Paris 6e Arrondissement", "categorie": "musee", "label": "Musée de France", "poids": 2.56, "visiteurs": 366347, "jauge": null}, "geometry": {"type": "Point", "coordinates": [2.330894, 48.847297]}}, {"type": "Feature", "properties": {"nom": "musée des beaux-arts", "code_insee": "59350", "commune": "Lille", "categorie": "musee", "label": "Musée de France", "poids": 2.53, "visiteurs": 341083, "jauge": null}, "geometry": {"type": "Point", "coordinates": [3.015157, 50.628918]}}, {"type": "Feature", "properties": {"nom": "château musées", "code_insee": "41018", "commune": "Blois", "categorie": "musee", "label": "Musée de France", "poids": 2.52, "visiteurs": 332525, "jauge": null}, "geometry": {"type": "Point", "coordinates": [1.331372, 47.585833]}}, {"type": "Feature", "properties": {"nom": "musée du château des ducs de Bretagne", "code_insee": "44109", "commune": "Nantes", "categorie": "musee", "label": "Musée de France", "poids": 2.52, "visiteurs": 327397, "jauge": null}, "geometry": {"type": "Point", "coordinates": [-1.5493, 47.216319]}}, {"type": "Feature", "properties": {"nom": "musée de l'institut du monde arabe", "code_insee": "75105", "commune": "Paris 5e Arrondissement", "categorie": "musee", "label": "Musée de France", "poids": 2.51, "visiteurs": 326167, "jauge": null}, "geometry": {"type": "Point", "coordinates": [2.356898, 48.84877]}}, {"type": "Feature", "properties": {"nom": "muséum d'histoire naturelle", "code_insee": "31555", "commune": "Toulouse", "categorie": "musee", "label": "Musée de France", "poids": 2.49, "visiteurs": 310367, "jauge": null}, "geometry": {"type": "Point", "coordinates": [1.449645, 43.594048]}}, {"type": "Feature", "properties": {"nom": "musées des beaux-arts", "code_insee": "44109", "commune": "Nantes", "categorie": "musee", "label": "Musée de France", "poids": 2.48, "visiteurs": 305049, "jauge": null}, "geometry": {"type": "Point", "coordinates": [-1.547096, 47.219276]}}, {"type": "Feature", "properties": {"nom": "musée des beaux-arts", "code_insee": "69381", "commune": "Lyon 1er Arrondissement", "categorie": "musee", "label": "Musée de France", "poids": 2.48, "visiteurs": 300230, "jauge": null}, "geometry": {"type": "Point", "coordinates": [4.833607, 45.766826]}}, {"type": "Feature", "properties": {"nom": "musée du Débarquement", "code_insee": "14021", "commune": "Arromanches-les-Bains", "categorie": "musee", "label": "Musée de France", "poids": 2.48, "visiteurs": 299601, "jauge": null}, "geometry": {"type": "Point", "coordinates": [-0.620431, 49.340265]}}, {"type": "Feature", "properties": {"nom": "musée de la musique", "code_insee": "75119", "commune": "Paris 19e Arrondissement", "categorie": "musee", "label": "Musée de France", "poids": 2.46, "visiteurs": 285986, "jauge": null}, "geometry": {"type": "Point", "coordinates": [2.39149, 48.891539]}}, {"type": "Feature", "properties": {"nom": "La Piscine - musée d'art et d'industrie André Diligent de Roubaix", "code_insee": "59512", "commune": "Roubaix", "categorie": "musee", "label": "Musée de France", "poids": 2.45, "visiteurs": 280484, "jauge": null}, "geometry": {"type": "Point", "coordinates": [3.167691, 50.693067]}}, {"type": "Feature", "properties": {"nom": "musée des beaux-arts", "code_insee": "56260", "commune": "Vannes", "categorie": "musee", "label": "Musée de France", "poids": 2.45, "visiteurs": 283250, "jauge": null}, "geometry": {"type": "Point", "coordinates": [-2.757419, 47.65755]}}, {"type": "Feature", "properties": {"nom": "musée des monuments français - CAPA", "code_insee": "75116", "commune": "Paris 16e Arrondissement", "categorie": "musee", "label": "Musée de France", "poids": 2.44, "visiteurs": 275657, "jauge": null}, "geometry": {"type": "Point", "coordinates": [2.289395, 48.863049]}}, {"type": "Feature", "properties": {"nom": "musée des beaux-arts", "code_insee": "21231", "commune": "Dijon", "categorie": "musee", "label": "Musée de France", "poids": 2.42, "visiteurs": 263644, "jauge": null}, "geometry": {"type": "Point", "coordinates": [5.042397, 47.321425]}}, {"type": "Feature", "properties": {"nom": "Palais Galliera, musée de la mode et de la ville de Paris", "code_insee": "75116", "commune": "Paris 16e Arrondissement", "categorie": "musee", "label": "Musée de France", "poids": 2.41, "visiteurs": 254734, "jauge": null}, "geometry": {"type": "Point", "coordinates": [2.296361, 48.865846]}}, {"type": "Feature", "properties": {"nom": "musée des arts asiatiques Guimet", "code_insee": "75116", "commune": "Paris 16e Arrondissement", "categorie": "musee", "label": "Musée de France", "poids": 2.4, "visiteurs": 253223, "jauge": null}, "geometry": {"type": "Point", "coordinates": [2.293702, 48.865019]}}, {"type": "Feature", "properties": {"nom": "musée du Moyen Âge - thermes et hôtel de Cluny", "code_insee": "75105", "commune": "Paris 5e Arrondissement", "categorie": "musee", "label": "Musée de France", "poids": 2.35, "visiteurs": 224833, "jauge": null}, "geometry": {"type": "Point", "coordinates": [2.343921, 48.850325]}}, {"type": "Feature", "properties": {"nom": "musée de l'air et de l'espace", "code_insee": "93013", "commune": "Le Bourget", "categorie": "musee", "label": "Musée de France", "poids": 2.35, "visiteurs": 222368, "jauge": null}, "geometry": {"type": "Point", "coordinates": [2.432786, 48.944426]}}, {"type": "Feature", "properties": {"nom": "musée Fabre", "code_insee": "34172", "commune": "Montpellier", "categorie": "musee", "label": "Musée de France", "poids": 2.35, "visiteurs": 225649, "jauge": null}, "geometry": {"type": "Point", "coordinates": [3.880176, 43.611402]}}, {"type": "Feature", "properties": {"nom": "maison de Victor Hugo", "code_insee": "75104", "commune": "Paris 4e Arrondissement", "categorie": "musee", "label": "Musée de France", "poids": 2.34, "visiteurs": 219577, "jauge": null}, "geometry": {"type": "Point", "coordinates": [2.366191, 48.854844]}}, {"type": "Feature", "properties": {"nom": "musée des arts et métiers", "code_insee": "75103", "commune": "Paris 3e Arrondissement", "categorie": "musee", "label": "Musée de France", "poids": 2.34, "visiteurs": 220377, "jauge": null}, "geometry": {"type": "Point", "coordinates": [2.354634, 48.866961]}}, {"type": "Feature", "properties": {"nom": "musée national de l'automobile - collection Schlumpf", "code_insee": "68224", "commune": "Mulhouse", "categorie": "musee", "label": "Musée de France", "poids": 2.33, "visiteurs": 216033, "jauge": null}, "geometry": {"type": "Point", "coordinates": [7.328513, 47.76104]}}, {"type": "Feature", "properties": {"nom": "musée de Grenoble", "code_insee": "38185", "commune": "Grenoble", "categorie": "musee", "label": "Musée de France", "poids": 2.31, "visiteurs": 205113, "jauge": null}, "geometry": {"type": "Point", "coordinates": [5.732887, 45.195337]}}, {"type": "Feature", "properties": {"nom": "musée d'archéologie méditerranéenne", "code_insee": "13202", "commune": "Marseille 2e Arrondissement", "categorie": "musee", "label": "Musée de France", "poids": 2.31, "visiteurs": 206281, "jauge": null}, "geometry": {"type": "Point", "coordinates": [5.367841, 43.300317]}}, {"type": "Feature", "properties": {"nom": "muséum d'histoire naturelle", "code_insee": "25056", "commune": "Besançon", "categorie": "musee", "label": "Musée de France", "poids": 2.27, "visiteurs": 187034, "jauge": null}, "geometry": {"type": "Point", "coordinates": [6.022092, 47.23669]}}, {"type": "Feature", "properties": {"nom": "écomusée d'Alsace", "code_insee": "68343", "commune": "Ungersheim", "categorie": "musee", "label": "Musée de France", "poids": 2.27, "visiteurs": 188036, "jauge": null}, "geometry": {"type": "Point", "coordinates": [7.285608, 47.852685]}}, {"type": "Feature", "properties": {"nom": "musée national Message biblique Marc Chagall", "code_insee": "06088", "commune": "Nice", "categorie": "musee", "label": "Musée de France", "poids": 2.25, "visiteurs": 178425, "jauge": null}, "geometry": {"type": "Point", "coordinates": [7.269266, 43.709141]}}, {"type": "Feature", "properties": {"nom": "musée des beaux-arts", "code_insee": "76540", "commune": "Rouen", "categorie": "musee", "label": "Musée de France", "poids": 2.25, "visiteurs": 176463, "jauge": null}, "geometry": {"type": "Point", "coordinates": [1.094714, 49.445277]}}, {"type": "Feature", "properties": {"nom": "musée Granet", "code_insee": "13001", "commune": "Aix-en-Provence", "categorie": "musee", "label": "Musée de France", "poids": 2.24, "visiteurs": 175096, "jauge": null}, "geometry": {"type": "Point", "coordinates": [5.42482, 43.504694]}}, {"type": "Feature", "properties": {"nom": "musée de la vie romantique", "code_insee": "75109", "commune": "Paris 9e Arrondissement", "categorie": "musee", "label": "Musée de France", "poids": 2.23, "visiteurs": 168422, "jauge": null}, "geometry": {"type": "Point", "coordinates": [2.333289, 48.880901]}}, {"type": "Feature", "properties": {"nom": "musée d'Unterlinden", "code_insee": "68066", "commune": "Colmar", "categorie": "musee", "label": "Musée de France", "poids": 2.23, "visiteurs": 171547, "jauge": null}, "geometry": {"type": "Point", "coordinates": [7.35503, 48.079839]}}, {"type": "Feature", "properties": {"nom": "centre historique minier, musée de la mine, centre d'archives, centre de culture scientifique de l'énergie", "code_insee": "59345", "commune": "Lewarde", "categorie": "musee", "label": "Musée de France", "poids": 2.21, "visiteurs": 161109, "jauge": null}, "geometry": {"type": "Point", "coordinates": [3.17227, 50.329852]}}, {"type": "Feature", "properties": {"nom": "musée Matisse", "code_insee": "06088", "commune": "Nice", "categorie": "musee", "label": "Musée de France", "poids": 2.2, "visiteurs": 159072, "jauge": null}, "geometry": {"type": "Point", "coordinates": [7.276881, 43.720047]}}, {"type": "Feature", "properties": {"nom": "musée de l'hospice Comtesse", "code_insee": "59350", "commune": "Lille", "categorie": "musee", "label": "Musée de France", "poids": 2.2, "visiteurs": 160011, "jauge": null}, "geometry": {"type": "Point", "coordinates": [3.06294, 50.641054]}}, {"type": "Feature", "properties": {"nom": "musée Picasso", "code_insee": "06004", "commune": "Antibes", "categorie": "musee", "label": "Musée de France", "poids": 2.2, "visiteurs": 157361, "jauge": null}, "geometry": {"type": "Point", "coordinates": [7.127686, 43.580677]}}, {"type": "Feature", "properties": {"nom": "musée d'art moderne et contemporain de Strasbourg", "code_insee": "67482", "commune": "Strasbourg", "categorie": "musee", "label": "Musée de France", "poids": 2.19, "visiteurs": 155419, "jauge": null}, "geometry": {"type": "Point", "coordinates": [7.736543, 48.580043]}}, {"type": "Feature", "properties": {"nom": "muséum d'histoire naturelle", "code_insee": "44109", "commune": "Nantes", "categorie": "musee", "label": "Musée de France", "poids": 2.19, "visiteurs": 155560, "jauge": null}, "geometry": {"type": "Point", "coordinates": [-1.564938, 47.212779]}}, {"type": "Feature", "properties": {"nom": "musée Yves Saint Laurent Paris", "code_insee": "75116", "commune": "Paris 16e Arrondissement", "categorie": "musee", "label": "Musée de France", "poids": 2.19, "visiteurs": 154217, "jauge": null}, "geometry": {"type": "Point", "coordinates": [2.29952, 48.865621]}}, {"type": "Feature", "properties": {"nom": "musée des beaux-arts", "code_insee": "35238", "commune": "Rennes", "categorie": "musee", "label": "Musée de France", "poids": 2.18, "visiteurs": 152796, "jauge": null}, "geometry": {"type": "Point", "coordinates": [-1.674979, 48.109782]}}, {"type": "Feature", "properties": {"nom": "musée de la Romanité", "code_insee": "30189", "commune": "Nîmes", "categorie": "musee", "label": "Musée de France", "poids": 2.17, "visiteurs": 148812, "jauge": null}, "geometry": {"type": "Point", "coordinates": [4.362375, 43.837541]}}, {"type": "Feature", "properties": {"nom": "muséum d'histoire naturelle", "code_insee": "33063", "commune": "Bordeaux", "categorie": "musee", "label": "Musée de France", "poids": 2.17, "visiteurs": 149393, "jauge": null}, "geometry": {"type": "Point", "coordinates": [-0.580165, 44.848378]}}, {"type": "Feature", "properties": {"nom": "musée-château", "code_insee": "74010", "commune": "Annecy", "categorie": "musee", "label": "Musée de France", "poids": 2.17, "visiteurs": 147782, "jauge": null}, "geometry": {"type": "Point", "coordinates": [6.125434, 45.897379]}}, {"type": "Feature", "properties": {"nom": "Lugdunum, musée et théâtres romains", "code_insee": "69385", "commune": "Lyon 5e Arrondissement", "categorie": "musee", "label": "Musée de France", "poids": 2.15, "visiteurs": 141259, "jauge": null}, "geometry": {"type": "Point", "coordinates": [4.819985, 45.760524]}}, {"type": "Feature", "properties": {"nom": "musée départemental Albert-Kahn", "code_insee": "92012", "commune": "Boulogne-Billancourt", "categorie": "musee", "label": "Musée de France", "poids": 2.15, "visiteurs": 140442, "jauge": null}, "geometry": {"type": "Point", "coordinates": [2.227873, 48.841312]}}, {"type": "Feature", "properties": {"nom": "cité de préhistoire", "code_insee": "07168", "commune": "Orgnac-l'Aven", "categorie": "musee", "label": "Musée de France", "poids": 2.15, "visiteurs": 140145, "jauge": null}, "geometry": {"type": "Point", "coordinates": [4.413648, 44.318676]}}, {"type": "Feature", "properties": {"nom": "muséum-aquarium de Nancy", "code_insee": "54395", "commune": "Nancy", "categorie": "musee", "label": "Musée de France", "poids": 2.14, "visiteurs": 137194, "jauge": null}, "geometry": {"type": "Point", "coordinates": [6.188534, 48.695033]}}, {"type": "Feature", "properties": {"nom": "LaM - Lille Métropole Musée d'art moderne, d'art contemporain et d'art brut", "code_insee": "59009", "commune": "Villeneuve-d'Ascq", "categorie": "musee", "label": "Musée de France", "poids": 2.14, "visiteurs": 136635, "jauge": null}, "geometry": {"type": "Point", "coordinates": [3.148587, 50.637497]}}, {"type": "Feature", "properties": {"nom": "musée d'Aquitaine", "code_insee": "33063", "commune": "Bordeaux", "categorie": "musee", "label": "Musée de France", "poids": 2.13, "visiteurs": 135301, "jauge": null}, "geometry": {"type": "Point", "coordinates": [-0.574703, 44.835677]}}, {"type": "Feature", "properties": {"nom": "musée d'art moderne et d'art contemporain", "code_insee": "06088", "commune": "Nice", "categorie": "musee", "label": "Musée de France", "poids": 2.13, "visiteurs": 134201, "jauge": null}, "geometry": {"type": "Point", "coordinates": [7.278001, 43.701073]}}, {"type": "Feature", "properties": {"nom": "musée départemental du château", "code_insee": "26146", "commune": "Grignan", "categorie": "musee", "label": "Musée de France", "poids": 2.13, "visiteurs": 135834, "jauge": null}, "geometry": {"type": "Point", "coordinates": [4.908899, 44.418733]}}, {"type": "Feature", "properties": {"nom": "musée des beaux-arts", "code_insee": "54395", "commune": "Nancy", "categorie": "musee", "label": "Musée de France", "poids": 2.13, "visiteurs": 134115, "jauge": null}, "geometry": {"type": "Point", "coordinates": [6.182059, 48.693489]}}, {"type": "Feature", "properties": {"nom": "muséum d'histoire naturelle", "code_insee": "21231", "commune": "Dijon", "categorie": "musee", "label": "Musée de France", "poids": 2.12, "visiteurs": 131925, "jauge": null}, "geometry": {"type": "Point", "coordinates": [5.025971, 47.320367]}}, {"type": "Feature", "properties": {"nom": "musée Toulouse-Lautrec", "code_insee": "81004", "commune": "Albi", "categorie": "musee", "label": "Musée de France", "poids": 2.12, "visiteurs": 132431, "jauge": null}, "geometry": {"type": "Point", "coordinates": [2.143153, 43.929192]}}, {"type": "Feature", "properties": {"nom": "musée des monnaies et médailles", "code_insee": "75106", "commune": "Paris 6e Arrondissement", "categorie": "musee", "label": "Musée de France", "poids": 2.12, "visiteurs": 132000, "jauge": null}, "geometry": {"type": "Point", "coordinates": [2.338942, 48.85656]}}, {"type": "Feature", "properties": {"nom": "muséum d'histoire naturelle", "code_insee": "13204", "commune": "Marseille 4e Arrondissement", "categorie": "musee", "label": "Musée de France", "poids": 2.11, "visiteurs": 127662, "jauge": null}, "geometry": {"type": "Point", "coordinates": [5.395952, 43.304974]}}, {"type": "Feature", "properties": {"nom": "musée Soulages", "code_insee": "12202", "commune": "Rodez", "categorie": "musee", "label": "Musée de France", "poids": 2.11, "visiteurs": 127498, "jauge": null}, "geometry": {"type": "Point", "coordinates": [2.573945, 44.350496]}}, {"type": "Feature", "properties": {"nom": "musée des beaux-arts et galerie David-d'Angers", "code_insee": "49007", "commune": "Angers", "categorie": "musee", "label": "Musée de France", "poids": 2.1, "visiteurs": 126596, "jauge": null}, "geometry": {"type": "Point", "coordinates": [-0.554326, 47.4691]}}, {"type": "Feature", "properties": {"nom": "CAPC - musée d'art contemporain", "code_insee": "33063", "commune": "Bordeaux", "categorie": "musee", "label": "Musée de France", "poids": 2.1, "visiteurs": 124564, "jauge": null}, "geometry": {"type": "Point", "coordinates": [-0.57221, 44.848561]}}, {"type": "Feature", "properties": {"nom": "musée de Bretagne", "code_insee": "35238", "commune": "Rennes", "categorie": "musee", "label": "Musée de France", "poids": 2.1, "visiteurs": 125000, "jauge": null}, "geometry": {"type": "Point", "coordinates": [-1.675005, 48.105096]}}, {"type": "Feature", "properties": {"nom": "musée international de la parfumerie", "code_insee": "06069", "commune": "Grasse", "categorie": "musee", "label": "Musée de France", "poids": 2.09, "visiteurs": 122045, "jauge": null}, "geometry": {"type": "Point", "coordinates": [6.922026, 43.658302]}}, {"type": "Feature", "properties": {"nom": "musée d'histoire naturelle et de géologie", "code_insee": "59350", "commune": "Lille", "categorie": "musee", "label": "Musée de France", "poids": 2.09, "visiteurs": 122297, "jauge": null}, "geometry": {"type": "Point", "coordinates": [3.066546, 50.626639]}}, {"type": "Feature", "properties": {"nom": "musée Narbo Via", "code_insee": "11262", "commune": "Narbonne", "categorie": "musee", "label": "Musée de France", "poids": 2.08, "visiteurs": 121199, "jauge": null}, "geometry": {"type": "Point", "coordinates": [3.019631, 43.179302]}}, {"type": "Feature", "properties": {"nom": "château-musée de Saumur", "code_insee": "49328", "commune": "Saumur", "categorie": "musee", "label": "Musée de France", "poids": 2.06, "visiteurs": 113995, "jauge": null}, "geometry": {"type": "Point", "coordinates": [-0.075703, 47.26021]}}, {"type": "Feature", "properties": {"nom": "musée de Montmartre", "code_insee": "75118", "commune": "Paris 18e Arrondissement", "categorie": "musee", "label": "Musée de France", "poids": 2.05, "visiteurs": 111885, "jauge": null}, "geometry": {"type": "Point", "coordinates": [2.340634, 48.888067]}}, {"type": "Feature", "properties": {"nom": "musée de l'Arles antique", "code_insee": "13004", "commune": "Arles", "categorie": "musee", "label": "Musée de France", "poids": 2.05, "visiteurs": 112706, "jauge": null}, "geometry": {"type": "Point", "coordinates": [4.634273, 43.675858]}}, {"type": "Feature", "properties": {"nom": "musée français du chemin de fer", "code_insee": "68224", "commune": "Mulhouse", "categorie": "musee", "label": "Musée de France", "poids": 2.05, "visiteurs": 111588, "jauge": null}, "geometry": {"type": "Point", "coordinates": [7.293676, 47.751091]}}, {"type": "Feature", "properties": {"nom": "musée Rude", "code_insee": "21231", "commune": "Dijon", "categorie": "musee", "label": "Musée de France", "poids": 2.04, "visiteurs": 110382, "jauge": null}, "geometry": {"type": "Point", "coordinates": [5.04407, 47.321353]}}, {"type": "Feature", "properties": {"nom": "musée Bourdelle", "code_insee": "75115", "commune": "Paris 15e Arrondissement", "categorie": "musee", "label": "Musée de France", "poids": 2.04, "visiteurs": 109657, "jauge": null}, "geometry": {"type": "Point", "coordinates": [2.318355, 48.84309]}}, {"type": "Feature", "properties": {"nom": "musée", "code_insee": "29217", "commune": "Pont-Aven", "categorie": "musee", "label": "Musée de France", "poids": 2.04, "visiteurs": 109383, "jauge": null}, "geometry": {"type": "Point", "coordinates": [-3.746777, 47.855238]}}, {"type": "Feature", "properties": {"nom": "musée des beaux-arts", "code_insee": "33063", "commune": "Bordeaux", "categorie": "musee", "label": "Musée de France", "poids": 2.04, "visiteurs": 110393, "jauge": null}, "geometry": {"type": "Point", "coordinates": [-0.580119, 44.837849]}}, {"type": "Feature", "properties": {"nom": "musée d'art et d'histoire du judaïsme", "code_insee": "75103", "commune": "Paris 3e Arrondissement", "categorie": "musee", "label": "Musée de France", "poids": 2.04, "visiteurs": 110477, "jauge": null}, "geometry": {"type": "Point", "coordinates": [2.355259, 48.861374]}}, {"type": "Feature", "properties": {"nom": "musée de la chasse et de la nature", "code_insee": "75103", "commune": "Paris 3e Arrondissement", "categorie": "musee", "label": "Musée de France", "poids": 2.04, "visiteurs": 108524, "jauge": null}, "geometry": {"type": "Point", "coordinates": [2.358848, 48.861416]}}, {"type": "Feature", "properties": {"nom": "maison de la magie", "code_insee": "41018", "commune": "Blois", "categorie": "musee", "label": "Musée de France", "poids": 2.02, "visiteurs": 104446, "jauge": null}, "geometry": {"type": "Point", "coordinates": [1.332929, 47.586566]}}, {"type": "Feature", "properties": {"nom": "musée Malraux", "code_insee": "76351", "commune": "Le Havre", "categorie": "musee", "label": "Musée de France", "poids": 2.0, "visiteurs": 100897, "jauge": null}, "geometry": {"type": "Point", "coordinates": [0.099315, 49.488942]}}, {"type": "Feature", "properties": {"nom": "musée d'art contemporain", "code_insee": "69386", "commune": "Lyon 6e Arrondissement", "categorie": "musee", "label": "Musée de France", "poids": 2.0, "visiteurs": 100722, "jauge": null}, "geometry": {"type": "Point", "coordinates": [4.852585, 45.784064]}}, {"type": "Feature", "properties": {"nom": "musée national du château de Compiègne", "code_insee": "60159", "commune": "Compiègne", "categorie": "musee", "label": "Musée de France", "poids": 2.0, "visiteurs": 99161, "jauge": null}, "geometry": {"type": "Point", "coordinates": [2.831205, 49.419235]}}, {"type": "Feature", "properties": {"nom": "musée d'histoire et d'archéologie des Baux-de-Provence", "code_insee": "13011", "commune": "Les Baux-de-Provence", "categorie": "musee", "label": "Musée de France", "poids": 2.0, "visiteurs": 100000, "jauge": null}, "geometry": {"type": "Point", "coordinates": [4.795658, 43.745037]}}, {"type": "Feature", "properties": {"nom": "musée d'archéologie nationale (des origines à l'an mille) - château de Saint-Germain-en-Laye", "code_insee": "78551", "commune": "Saint-Germain-en-Laye", "categorie": "musee", "label": "Musée de France", "poids": 2.0, "visiteurs": 100409, "jauge": null}, "geometry": {"type": "Point", "coordinates": [2.094475, 48.89755]}}, {"type": "Feature", "properties": {"nom": "musée de Brou", "code_insee": "01053", "commune": "Bourg-en-Bresse", "categorie": "musee", "label": "Musée de France", "poids": 1.99, "visiteurs": 97481, "jauge": null}, "geometry": {"type": "Point", "coordinates": [5.236825, 46.196585]}}, {"type": "Feature", "properties": {"nom": "musée Cernuschi, musée des arts de l'Asie de la ville de Paris", "code_insee": "75108", "commune": "Paris 8e Arrondissement", "categorie": "musee", "label": "Musée de France", "poids": 1.97, "visiteurs": 93498, "jauge": null}, "geometry": {"type": "Point", "coordinates": [2.312194, 48.879693]}}, {"type": "Feature", "properties": {"nom": "musée historique lorrain", "code_insee": "54395", "commune": "Nancy", "categorie": "musee", "label": "Musée de France", "poids": 1.97, "visiteurs": 93896, "jauge": null}, "geometry": {"type": "Point", "coordinates": [6.179234, 48.6973]}}, {"type": "Feature", "properties": {"nom": "musée d'art moderne de Fontevraud - collection Martine et Léon Cligman", "code_insee": "49140", "commune": "Fontevraud-l'Abbaye", "categorie": "musee", "label": "Musée de France", "poids": 1.96, "visiteurs": 91198, "jauge": null}, "geometry": {"type": "Point", "coordinates": [0.050073, 47.181382]}}, {"type": "Feature", "properties": {"nom": "musée national de la maison Bonaparte", "code_insee": "2A004", "commune": "Ajaccio", "categorie": "musee", "label": "Musée de France", "poids": 1.96, "visiteurs": 91519, "jauge": null}, "geometry": {"type": "Point", "coordinates": [8.736995, 41.917276]}}, {"type": "Feature", "properties": {"nom": "musée départemental de l'Ariège", "code_insee": "09122", "commune": "Foix", "categorie": "musee", "label": "Musée de France", "poids": 1.96, "visiteurs": 90955, "jauge": null}, "geometry": {"type": "Point", "coordinates": [1.605752, 42.966375]}}, {"type": "Feature", "properties": {"nom": "centre national du costume de scène et de la scénographie", "code_insee": "03190", "commune": "Moulins", "categorie": "musee", "label": "Musée de France", "poids": 1.96, "visiteurs": 90863, "jauge": null}, "geometry": {"type": "Point", "coordinates": [3.316328, 46.565303]}}, {"type": "Feature", "properties": {"nom": "musée de la Grande Guerre", "code_insee": "77284", "commune": "Meaux", "categorie": "musee", "label": "Musée de France", "poids": 1.95, "visiteurs": 88686, "jauge": null}, "geometry": {"type": "Point", "coordinates": [2.92965, 48.956004]}}, {"type": "Feature", "properties": {"nom": "musée Edmond Rostand", "code_insee": "64160", "commune": "Cambo-les-Bains", "categorie": "musee", "label": "Musée de France", "poids": 1.94, "visiteurs": 86601, "jauge": null}, "geometry": {"type": "Point", "coordinates": [-1.414937, 43.366502]}}, {"type": "Feature", "properties": {"nom": "musée de Picardie", "code_insee": "80021", "commune": "Amiens", "categorie": "musee", "label": "Musée de France", "poids": 1.94, "visiteurs": 87764, "jauge": null}, "geometry": {"type": "Point", "coordinates": [2.295968, 49.890413]}}, {"type": "Feature", "properties": {"nom": "musée national du château de Pau", "code_insee": "64445", "commune": "Pau", "categorie": "musee", "label": "Musée de France", "poids": 1.93, "visiteurs": 84749, "jauge": null}, "geometry": {"type": "Point", "coordinates": [-0.374378, 43.294699]}}, {"type": "Feature", "properties": {"nom": "musée Alésia - centre d'interprétation", "code_insee": "21008", "commune": "Alise-Sainte-Reine", "categorie": "musee", "label": "Musée de France", "poids": 1.92, "visiteurs": 83141, "jauge": null}, "geometry": {"type": "Point", "coordinates": [4.469718, 47.535934]}}, {"type": "Feature", "properties": {"nom": "musée Masséna", "code_insee": "06088", "commune": "Nice", "categorie": "musee", "label": "Musée de France", "poids": 1.92, "visiteurs": 82406, "jauge": null}, "geometry": {"type": "Point", "coordinates": [7.25899, 43.695086]}}, {"type": "Feature", "properties": {"nom": "musée du château-fort", "code_insee": "08409", "commune": "Sedan", "categorie": "musee", "label": "Musée de France", "poids": 1.92, "visiteurs": 84009, "jauge": null}, "geometry": {"type": "Point", "coordinates": [4.949317, 49.701851]}}, {"type": "Feature", "properties": {"nom": "musée du Masque de fer et du Fort Royal", "code_insee": "06029", "commune": "Cannes", "categorie": "musee", "label": "Musée de France", "poids": 1.91, "visiteurs": 81377, "jauge": null}, "geometry": {"type": "Point", "coordinates": [6.983443, 43.550805]}}, {"type": "Feature", "properties": {"nom": "musées de la Cour d'or", "code_insee": "57463", "commune": "Metz", "categorie": "musee", "label": "Musée de France", "poids": 1.91, "visiteurs": 80767, "jauge": null}, "geometry": {"type": "Point", "coordinates": [6.177978, 49.121051]}}, {"type": "Feature", "properties": {"nom": "musée national des châteaux de Malmaison et de Bois Préau", "code_insee": "92063", "commune": "Rueil-Malmaison", "categorie": "musee", "label": "Musée de France", "poids": 1.91, "visiteurs": 81873, "jauge": null}, "geometry": {"type": "Point", "coordinates": [2.169416, 48.871728]}}, {"type": "Feature", "properties": {"nom": "musée des beaux-arts", "code_insee": "14118", "commune": "Caen", "categorie": "musee", "label": "Musée de France", "poids": 1.9, "visiteurs": 80003, "jauge": null}, "geometry": {"type": "Point", "coordinates": [-0.36154, 49.18566]}}, {"type": "Feature", "properties": {"nom": "musée pyrénéen", "code_insee": "65286", "commune": "Lourdes", "categorie": "musee", "label": "Musée de France", "poids": 1.9, "visiteurs": 79342, "jauge": null}, "geometry": {"type": "Point", "coordinates": [-0.048462, 43.096353]}}, {"type": "Feature", "properties": {"nom": "musée des arts décoratifs", "code_insee": "67482", "commune": "Strasbourg", "categorie": "musee", "label": "Musée de France", "poids": 1.9, "visiteurs": 79565, "jauge": null}, "geometry": {"type": "Point", "coordinates": [7.75199, 48.581259]}}, {"type": "Feature", "properties": {"nom": "muséum d'histoire naturelle", "code_insee": "38185", "commune": "Grenoble", "categorie": "musee", "label": "Musée de France", "poids": 1.9, "visiteurs": 79360, "jauge": null}, "geometry": {"type": "Point", "coordinates": [5.735163, 45.188059]}}, {"type": "Feature", "properties": {"nom": "musée d'histoire de Marseille", "code_insee": "13201", "commune": "Marseille 1er Arrondissement", "categorie": "musee", "label": "Musée de France", "poids": 1.89, "visiteurs": 77522, "jauge": null}, "geometry": {"type": "Point", "coordinates": [5.374766, 43.298155]}}, {"type": "Feature", "properties": {"nom": "musée Calvet (et musée lapidaire)", "code_insee": "84007", "commune": "Avignon", "categorie": "musee", "label": "Musée de France", "poids": 1.89, "visiteurs": 77587, "jauge": null}, "geometry": {"type": "Point", "coordinates": [4.803577, 43.94692]}}, {"type": "Feature", "properties": {"nom": "musée de préhistoire Amédée Lémozi", "code_insee": "46040", "commune": "Cabrerets", "categorie": "musee", "label": "Musée de France", "poids": 1.89, "visiteurs": 77700, "jauge": null}, "geometry": {"type": "Point", "coordinates": [1.630751, 44.518363]}}, {"type": "Feature", "properties": {"nom": "musée de la Libération de Paris - musée du général Leclerc - musée Jean Moulin", "code_insee": "75115", "commune": "Paris 15e Arrondissement", "categorie": "musee", "label": "Musée de France", "poids": 1.89, "visiteurs": 77043, "jauge": null}, "geometry": {"type": "Point", "coordinates": [2.319691, 48.840732]}}, {"type": "Feature", "properties": {"nom": "musée de la Compagnie des Indes", "code_insee": "56181", "commune": "Port-Louis", "categorie": "musee", "label": "Musée de France", "poids": 1.89, "visiteurs": 77042, "jauge": null}, "geometry": {"type": "Point", "coordinates": [-3.36372, 47.710635]}}, {"type": "Feature", "properties": {"nom": "musée Eugène Delacroix", "code_insee": "75106", "commune": "Paris 6e Arrondissement", "categorie": "musee", "label": "Musée de France", "poids": 1.87, "visiteurs": 74564, "jauge": null}, "geometry": {"type": "Point", "coordinates": [2.335771, 48.854437]}}, {"type": "Feature", "properties": {"nom": "musée Gadagne", "code_insee": "69385", "commune": "Lyon 5e Arrondissement", "categorie": "musee", "label": "Musée de France", "poids": 1.87, "visiteurs": 74054, "jauge": null}, "geometry": {"type": "Point", "coordinates": [4.827792, 45.763859]}}, {"type": "Feature", "properties": {"nom": "musée de la Grande Saline", "code_insee": "39500", "commune": "Salins-les-Bains", "categorie": "musee", "label": "Musée de France", "poids": 1.87, "visiteurs": 73860, "jauge": null}, "geometry": {"type": "Point", "coordinates": [5.876147, 46.938189]}}, {"type": "Feature", "properties": {"nom": "écomusée de la Grande Lande", "code_insee": "40246", "commune": "Sabres", "categorie": "musee", "label": "Musée de France", "poids": 1.86, "visiteurs": 73056, "jauge": null}, "geometry": {"type": "Point", "coordinates": [-0.745959, 44.148822]}}, {"type": "Feature", "properties": {"nom": "musée archéologique", "code_insee": "69235", "commune": "Saint-Romain-en-Gal", "categorie": "musee", "label": "Musée de France", "poids": 1.86, "visiteurs": 72379, "jauge": null}, "geometry": {"type": "Point", "coordinates": [4.866236, 45.531341]}}, {"type": "Feature", "properties": {"nom": "musée Christian Dior", "code_insee": "50218", "commune": "Granville", "categorie": "musee", "label": "Musée de France", "poids": 1.85, "visiteurs": 70376, "jauge": null}, "geometry": {"type": "Point", "coordinates": [-1.592766, 48.842239]}}, {"type": "Feature", "properties": {"nom": "Palais-musée des Archevêques de Narbonne", "code_insee": "11262", "commune": "Narbonne", "categorie": "musee", "label": "Musée de France", "poids": 1.85, "visiteurs": 70670, "jauge": null}, "geometry": {"type": "Point", "coordinates": [3.00413, 43.183834]}}, {"type": "Feature", "properties": {"nom": "musée national de la marine", "code_insee": "75116", "commune": "Paris 16e Arrondissement", "categorie": "musee", "label": "Musée de France", "poids": 1.85, "visiteurs": 70978, "jauge": null}, "geometry": {"type": "Point", "coordinates": [2.287343, 48.862207]}}, {"type": "Feature", "properties": {"nom": "musée national de préhistoire", "code_insee": "24172", "commune": "Les Eyzies", "categorie": "musee", "label": "Musée de France", "poids": 1.85, "visiteurs": 71312, "jauge": null}, "geometry": {"type": "Point", "coordinates": [1.013622, 44.936093]}}, {"type": "Feature", "properties": {"nom": "écomusée de la Bintinais", "code_insee": "35238", "commune": "Rennes", "categorie": "musee", "label": "Musée de France", "poids": 1.85, "visiteurs": 70040, "jauge": null}, "geometry": {"type": "Point", "coordinates": [-1.67144, 48.094505]}}, {"type": "Feature", "properties": {"nom": "musée maritime de l'île Tatihou", "code_insee": "50562", "commune": "Saint-Vaast-la-Hougue", "categorie": "musee", "label": "Musée de France", "poids": 1.85, "visiteurs": 71564, "jauge": null}, "geometry": {"type": "Point", "coordinates": [-1.246658, 49.590089]}}, {"type": "Feature", "properties": {"nom": "musée alsacien", "code_insee": "67482", "commune": "Strasbourg", "categorie": "musee", "label": "Musée de France", "poids": 1.85, "visiteurs": 71440, "jauge": null}, "geometry": {"type": "Point", "coordinates": [7.774705, 48.56823]}}, {"type": "Feature", "properties": {"nom": "musée maritime et portuaire", "code_insee": "59183", "commune": "Dunkerque", "categorie": "musee", "label": "Musée de France", "poids": 1.84, "visiteurs": 68902, "jauge": null}, "geometry": {"type": "Point", "coordinates": [2.371968, 51.036861]}}, {"type": "Feature", "properties": {"nom": "musée national du sport", "code_insee": "06088", "commune": "Nice", "categorie": "musee", "label": "Musée de France", "poids": 1.84, "visiteurs": 69355, "jauge": null}, "geometry": {"type": "Point", "coordinates": [7.269429, 43.727142]}}, {"type": "Feature", "properties": {"nom": "musée départemental des arts asiatiques", "code_insee": "06088", "commune": "Nice", "categorie": "musee", "label": "Musée de France", "poids": 1.84, "visiteurs": 69913, "jauge": null}, "geometry": {"type": "Point", "coordinates": [7.217769, 43.668667]}}, {"type": "Feature", "properties": {"nom": "musée Saint-Raymond - musée d’archéologie de Toulouse", "code_insee": "31555", "commune": "Toulouse", "categorie": "musee", "label": "Musée de France", "poids": 1.84, "visiteurs": 69676, "jauge": null}, "geometry": {"type": "Point", "coordinates": [1.440957, 43.607764]}}, {"type": "Feature", "properties": {"nom": "musée archéologique Théo Desplans", "code_insee": "84137", "commune": "Vaison-la-Romaine", "categorie": "musee", "label": "Musée de France", "poids": 1.84, "visiteurs": 68628, "jauge": null}, "geometry": {"type": "Point", "coordinates": [5.074117, 44.241662]}}, {"type": "Feature", "properties": {"nom": "musée départemental de la Révolution française", "code_insee": "38562", "commune": "Vizille", "categorie": "musee", "label": "Musée de France", "poids": 1.84, "visiteurs": 68794, "jauge": null}, "geometry": {"type": "Point", "coordinates": [5.773234, 45.08753]}}, {"type": "Feature", "properties": {"nom": "musée des beaux-arts", "code_insee": "29232", "commune": "Quimper", "categorie": "musee", "label": "Musée de France", "poids": 1.83, "visiteurs": 67252, "jauge": null}, "geometry": {"type": "Point", "coordinates": [-4.102397, 47.996208]}}, {"type": "Feature", "properties": {"nom": "musée dauphinois", "code_insee": "38185", "commune": "Grenoble", "categorie": "musee", "label": "Musée de France", "poids": 1.83, "visiteurs": 67071, "jauge": null}, "geometry": {"type": "Point", "coordinates": [5.727094, 45.195383]}}, {"type": "Feature", "properties": {"nom": "musée Cognacq-Jay, musée du XVIIIe siècle de la ville de Paris", "code_insee": "75103", "commune": "Paris 3e Arrondissement", "categorie": "musee", "label": "Musée de France", "poids": 1.83, "visiteurs": 67570, "jauge": null}, "geometry": {"type": "Point", "coordinates": [2.361468, 48.858202]}}, {"type": "Feature", "properties": {"nom": "musée paléontologique", "code_insee": "14754", "commune": "Villers-sur-Mer", "categorie": "musee", "label": "Musée de France", "poids": 1.83, "visiteurs": 67807, "jauge": null}, "geometry": {"type": "Point", "coordinates": [0.013236, 49.327846]}}, {"type": "Feature", "properties": {"nom": "musée de l'atelier de Paul Cézanne", "code_insee": "13001", "commune": "Aix-en-Provence", "categorie": "musee", "label": "Musée de France", "poids": 1.83, "visiteurs": 67376, "jauge": null}, "geometry": {"type": "Point", "coordinates": [5.446031, 43.538207]}}, {"type": "Feature", "properties": {"nom": "musée d'art moderne", "code_insee": "66049", "commune": "Céret", "categorie": "musee", "label": "Musée de France", "poids": 1.81, "visiteurs": 64022, "jauge": null}, "geometry": {"type": "Point", "coordinates": [2.748646, 42.486179]}}, {"type": "Feature", "properties": {"nom": "Familistère de Guise", "code_insee": "02361", "commune": "Guise", "categorie": "musee", "label": "Musée de France", "poids": 1.81, "visiteurs": 65135, "jauge": null}, "geometry": {"type": "Point", "coordinates": [3.625252, 49.904651]}}, {"type": "Feature", "properties": {"nom": "musée des beaux-arts", "code_insee": "13204", "commune": "Marseille 4e Arrondissement", "categorie": "musee", "label": "Musée de France", "poids": 1.81, "visiteurs": 64637, "jauge": null}, "geometry": {"type": "Point", "coordinates": [5.394041, 43.304719]}}, {"type": "Feature", "properties": {"nom": "musée départemental de préhistoire", "code_insee": "04158", "commune": "Quinson", "categorie": "musee", "label": "Musée de France", "poids": 1.81, "visiteurs": 65008, "jauge": null}, "geometry": {"type": "Point", "coordinates": [6.037241, 43.696948]}}, {"type": "Feature", "properties": {"nom": "musée des beaux-arts et d'archéologie", "code_insee": "25056", "commune": "Besançon", "categorie": "musee", "label": "Musée de France", "poids": 1.8, "visiteurs": 63085, "jauge": null}, "geometry": {"type": "Point", "coordinates": [6.02317, 47.240215]}}, {"type": "Feature", "properties": {"nom": "musée des beaux-arts", "code_insee": "37261", "commune": "Tours", "categorie": "musee", "label": "Musée de France", "poids": 1.8, "visiteurs": 62804, "jauge": null}, "geometry": {"type": "Point", "coordinates": [0.694004, 47.394698]}}, {"type": "Feature", "properties": {"nom": "fondation Vasarely", "code_insee": "13001", "commune": "Aix-en-Provence", "categorie": "musee", "label": "Musée de France", "poids": 1.79, "visiteurs": 61730, "jauge": null}, "geometry": {"type": "Point", "coordinates": [5.425079, 43.521079]}}, {"type": "Feature", "properties": {"nom": "musée historique", "code_insee": "67482", "commune": "Strasbourg", "categorie": "musee", "label": "Musée de France", "poids": 1.79, "visiteurs": 61951, "jauge": null}, "geometry": {"type": "Point", "coordinates": [7.749837, 48.579827]}}, {"type": "Feature", "properties": {"nom": "muséum d'histoire naturelle et d'ethnographie", "code_insee": "17300", "commune": "La Rochelle", "categorie": "musee", "label": "Musée de France", "poids": 1.79, "visiteurs": 61187, "jauge": null}, "geometry": {"type": "Point", "coordinates": [-1.151306, 46.164953]}}, {"type": "Feature", "properties": {"nom": "musée historique des tissus", "code_insee": "69382", "commune": "Lyon 2e Arrondissement", "categorie": "musee", "label": "Musée de France", "poids": 1.79, "visiteurs": 61278, "jauge": null}, "geometry": {"type": "Point", "coordinates": [4.83153, 45.75342]}}, {"type": "Feature", "properties": {"nom": "musée d'art et d'histoire Saint-Germain", "code_insee": "89024", "commune": "Auxerre", "categorie": "musee", "label": "Musée de France", "poids": 1.78, "visiteurs": 60416, "jauge": null}, "geometry": {"type": "Point", "coordinates": [3.572213, 47.801334]}}, {"type": "Feature", "properties": {"nom": "Les Pêcheries, musée de Fécamp", "code_insee": "76259", "commune": "Fécamp", "categorie": "musee", "label": "Musée de France", "poids": 1.78, "visiteurs": 60193, "jauge": null}, "geometry": {"type": "Point", "coordinates": [0.368218, 49.761709]}}, {"type": "Feature", "properties": {"nom": "centre d'histoire de la résistance", "code_insee": "69387", "commune": "Lyon 7e Arrondissement", "categorie": "musee", "label": "Musée de France", "poids": 1.78, "visiteurs": 60923, "jauge": null}, "geometry": {"type": "Point", "coordinates": [4.835582, 45.746715]}}, {"type": "Feature", "properties": {"nom": "musée des Augustins", "code_insee": "31555", "commune": "Toulouse", "categorie": "musee", "label": "Musée de France", "poids": 1.78, "visiteurs": 59823, "jauge": null}, "geometry": {"type": "Point", "coordinates": [1.446459, 43.601361]}}, {"type": "Feature", "properties": {"nom": "musée des arts et traditions populaires", "code_insee": "82112", "commune": "Moissac", "categorie": "musee", "label": "Musée de France", "poids": 1.78, "visiteurs": 60678, "jauge": null}, "geometry": {"type": "Point", "coordinates": [1.085476, 44.105687]}}, {"type": "Feature", "properties": {"nom": "Historial de la Vendée", "code_insee": "85129", "commune": "Les Lucs-sur-Boulogne", "categorie": "musee", "label": "Musée de France", "poids": 1.77, "visiteurs": 59232, "jauge": null}, "geometry": {"type": "Point", "coordinates": [-1.481383, 46.846122]}}, {"type": "Feature", "properties": {"nom": "musée de l'Ecole nationale supérieure des beaux-arts", "code_insee": "75106", "commune": "Paris 6e Arrondissement", "categorie": "musee", "label": "Musée de France", "poids": 1.77, "visiteurs": 59113, "jauge": null}, "geometry": {"type": "Point", "coordinates": [2.334499, 48.856491]}}, {"type": "Feature", "properties": {"nom": "musée municipal", "code_insee": "84087", "commune": "Orange", "categorie": "musee", "label": "Musée de France", "poids": 1.77, "visiteurs": 59113, "jauge": null}, "geometry": {"type": "Point", "coordinates": [4.807962, 44.136451]}}, {"type": "Feature", "properties": {"nom": "musée Ingres Bourdelle", "code_insee": "82121", "commune": "Montauban", "categorie": "musee", "label": "Musée de France", "poids": 1.76, "visiteurs": 56942, "jauge": null}, "geometry": {"type": "Point", "coordinates": [1.351892, 44.016961]}}, {"type": "Feature", "properties": {"nom": "musée de la bande dessinée - centre national de la bande dessinée et de l'image", "code_insee": "16015", "commune": "Angoulême", "categorie": "musee", "label": "Musée de France", "poids": 1.76, "visiteurs": 57065, "jauge": null}, "geometry": {"type": "Point", "coordinates": [0.150104, 45.652958]}}, {"type": "Feature", "properties": {"nom": "musée Gustave Moreau", "code_insee": "75109", "commune": "Paris 9e Arrondissement", "categorie": "musee", "label": "Musée de France", "poids": 1.75, "visiteurs": 56511, "jauge": null}, "geometry": {"type": "Point", "coordinates": [2.334416, 48.877912]}}, {"type": "Feature", "properties": {"nom": "cité internationale de la dentelle et de la mode", "code_insee": "62193", "commune": "Calais", "categorie": "musee", "label": "Musée de France", "poids": 1.75, "visiteurs": 55606, "jauge": null}, "geometry": {"type": "Point", "coordinates": [1.859326, 50.950214]}}, {"type": "Feature", "properties": {"nom": "musée des arts décoratifs et du design", "code_insee": "33063", "commune": "Bordeaux", "categorie": "musee", "label": "Musée de France", "poids": 1.75, "visiteurs": 56184, "jauge": null}, "geometry": {"type": "Point", "coordinates": [-0.579699, 44.838958]}}, {"type": "Feature", "properties": {"nom": "muséum d'Orléans pour la biodiversité et l'environnement", "code_insee": "45234", "commune": "Orléans", "categorie": "musee", "label": "Musée de France", "poids": 1.75, "visiteurs": 56516, "jauge": null}, "geometry": {"type": "Point", "coordinates": [1.907907, 47.90807]}}, {"type": "Feature", "properties": {"nom": "musée Savoisien", "code_insee": "73065", "commune": "Chambéry", "categorie": "musee", "label": "Musée de France", "poids": 1.74, "visiteurs": 54977, "jauge": null}, "geometry": {"type": "Point", "coordinates": [5.92299, 45.565533]}}, {"type": "Feature", "properties": {"nom": "musée de la Renaissance - château d'Ecouen", "code_insee": "95205", "commune": "Écouen", "categorie": "musee", "label": "Musée de France", "poids": 1.73, "visiteurs": 53296, "jauge": null}, "geometry": {"type": "Point", "coordinates": [2.378327, 49.017226]}}, {"type": "Feature", "properties": {"nom": "musée du château", "code_insee": "35360", "commune": "Vitré", "categorie": "musee", "label": "Musée de France", "poids": 1.73, "visiteurs": 54000, "jauge": null}, "geometry": {"type": "Point", "coordinates": [-1.214283, 48.12477]}}, {"type": "Feature", "properties": {"nom": "musée de la mine", "code_insee": "42218", "commune": "Saint-Étienne", "categorie": "musee", "label": "Musée de France", "poids": 1.73, "visiteurs": 53147, "jauge": null}, "geometry": {"type": "Point", "coordinates": [4.376225, 45.43827]}}, {"type": "Feature", "properties": {"nom": "musée basque", "code_insee": "64102", "commune": "Bayonne", "categorie": "musee", "label": "Musée de France", "poids": 1.73, "visiteurs": 54280, "jauge": null}, "geometry": {"type": "Point", "coordinates": [-1.473823, 43.491093]}}, {"type": "Feature", "properties": {"nom": "musée du jouet", "code_insee": "39333", "commune": "Moirans-en-Montagne", "categorie": "musee", "label": "Musée de France", "poids": 1.72, "visiteurs": 52017, "jauge": null}, "geometry": {"type": "Point", "coordinates": [5.726395, 46.431291]}}, {"type": "Feature", "properties": {"nom": "musée du palais Lascaris", "code_insee": "06088", "commune": "Nice", "categorie": "musee", "label": "Musée de France", "poids": 1.72, "visiteurs": 52875, "jauge": null}, "geometry": {"type": "Point", "coordinates": [7.277214, 43.697688]}}, {"type": "Feature", "properties": {"nom": "musée palais Fesch", "code_insee": "2A004", "commune": "Ajaccio", "categorie": "musee", "label": "Musée de France", "poids": 1.72, "visiteurs": 52955, "jauge": null}, "geometry": {"type": "Point", "coordinates": [8.738859, 41.921862]}}, {"type": "Feature", "properties": {"nom": "musée Jean Lurcat et de la tapisserie contemporaine", "code_insee": "49007", "commune": "Angers", "categorie": "musee", "label": "Musée de France", "poids": 1.72, "visiteurs": 52807, "jauge": null}, "geometry": {"type": "Point", "coordinates": [-0.557052, 47.477759]}}, {"type": "Feature", "properties": {"nom": "musée-historial de la Grande Guerre", "code_insee": "80620", "commune": "Péronne", "categorie": "musee", "label": "Musée de France", "poids": 1.72, "visiteurs": 52263, "jauge": null}, "geometry": {"type": "Point", "coordinates": [2.931961, 49.929164]}}, {"type": "Feature", "properties": {"nom": "musée Lalique", "code_insee": "67538", "commune": "Wingen-sur-Moder", "categorie": "musee", "label": "Musée de France", "poids": 1.71, "visiteurs": 51635, "jauge": null}, "geometry": {"type": "Point", "coordinates": [7.362559, 48.926894]}}, {"type": "Feature", "properties": {"nom": "musée des beaux-arts", "code_insee": "45234", "commune": "Orléans", "categorie": "musee", "label": "Musée de France", "poids": 1.71, "visiteurs": 50944, "jauge": null}, "geometry": {"type": "Point", "coordinates": [1.908812, 47.901771]}}, {"type": "Feature", "properties": {"nom": "musée d'art contemporain du Val-de-Marne", "code_insee": "94081", "commune": "Vitry-sur-Seine", "categorie": "musee", "label": "Musée de France", "poids": 1.71, "visiteurs": 51439, "jauge": null}, "geometry": {"type": "Point", "coordinates": [2.386762, 48.793059]}}, {"type": "Feature", "properties": {"nom": "musée Réattu", "code_insee": "13004", "commune": "Arles", "categorie": "musee", "label": "Musée de France", "poids": 1.71, "visiteurs": 50769, "jauge": null}, "geometry": {"type": "Point", "coordinates": [4.627586, 43.679259]}}, {"type": "Feature", "properties": {"nom": "musée Paul Valéry", "code_insee": "34301", "commune": "Sète", "categorie": "musee", "label": "Musée de France", "poids": 1.7, "visiteurs": 50288, "jauge": null}, "geometry": {"type": "Point", "coordinates": [3.690835, 43.39546]}}, {"type": "Feature", "properties": {"nom": "musée de l'Œuvre Notre-Dame", "code_insee": "67482", "commune": "Strasbourg", "categorie": "musee", "label": "Musée de France", "poids": 1.7, "visiteurs": 50374, "jauge": null}, "geometry": {"type": "Point", "coordinates": [7.75137, 48.581002]}}, {"type": "Feature", "properties": {"nom": "MUDO - musée de l'Oise", "code_insee": "60057", "commune": "Beauvais", "categorie": "musee", "label": "Musée de France", "poids": 1.7, "visiteurs": 49640, "jauge": null}, "geometry": {"type": "Point", "coordinates": [2.077024, 49.438603]}}, {"type": "Feature", "properties": {"nom": "musée Léon Marès", "code_insee": "74152", "commune": "Lovagny", "categorie": "musee", "label": "Musée de France", "poids": 1.7, "visiteurs": 49960, "jauge": null}, "geometry": {"type": "Point", "coordinates": [6.039112, 45.899136]}}, {"type": "Feature", "properties": {"nom": "musée national de la Légion d'honneur et des ordres de chevalerie", "code_insee": "75107", "commune": "Paris 7e Arrondissement", "categorie": "musee", "label": "Musée de France", "poids": 1.7, "visiteurs": 49649, "jauge": null}, "geometry": {"type": "Point", "coordinates": [2.324889, 48.860433]}}, {"type": "Feature", "properties": {"nom": "musée Tomi Ungerer", "code_insee": "67482", "commune": "Strasbourg", "categorie": "musee", "label": "Musée de France", "poids": 1.7, "visiteurs": 50000, "jauge": null}, "geometry": {"type": "Point", "coordinates": [7.761949, 48.560582]}}, {"type": "Feature", "properties": {"nom": "musée de la résistance et de la déportation", "code_insee": "25056", "commune": "Besançon", "categorie": "musee", "label": "Musée de France", "poids": 1.69, "visiteurs": 48967, "jauge": null}, "geometry": {"type": "Point", "coordinates": [6.034786, 47.229185]}}, {"type": "Feature", "properties": {"nom": "muséum d'histoire naturelle", "code_insee": "83137", "commune": "Toulon", "categorie": "musee", "label": "Musée de France", "poids": 1.69, "visiteurs": 49405, "jauge": null}, "geometry": {"type": "Point", "coordinates": [5.910848, 43.143313]}}, {"type": "Feature", "properties": {"nom": "musée Hébert - d'Uckermann", "code_insee": "38516", "commune": "La Tronche", "categorie": "musee", "label": "Musée de France", "poids": 1.68, "visiteurs": 47338, "jauge": null}, "geometry": {"type": "Point", "coordinates": [5.751215, 45.205729]}}, {"type": "Feature", "properties": {"nom": "musée Gustave Courbet", "code_insee": "25434", "commune": "Ornans", "categorie": "musee", "label": "Musée de France", "poids": 1.68, "visiteurs": 47666, "jauge": null}, "geometry": {"type": "Point", "coordinates": [6.147726, 47.105029]}}, {"type": "Feature", "properties": {"nom": "muséum d'histoire naturelle", "code_insee": "76540", "commune": "Rouen", "categorie": "musee", "label": "Musée de France", "poids": 1.68, "visiteurs": 47718, "jauge": null}, "geometry": {"type": "Point", "coordinates": [1.09935, 49.447172]}}, {"type": "Feature", "properties": {"nom": "musée de l'Ecole de Nancy", "code_insee": "54395", "commune": "Nancy", "categorie": "musee", "label": "Musée de France", "poids": 1.68, "visiteurs": 47559, "jauge": null}, "geometry": {"type": "Point", "coordinates": [6.1657, 48.680214]}}, {"type": "Feature", "properties": {"nom": "musée Nissim de Camondo (Union centrale des arts décoratifs)", "code_insee": "75108", "commune": "Paris 8e Arrondissement", "categorie": "musee", "label": "Musée de France", "poids": 1.68, "visiteurs": 48180, "jauge": null}, "geometry": {"type": "Point", "coordinates": [2.312855, 48.878849]}}, {"type": "Feature", "properties": {"nom": "collection d'histoire naturelle", "code_insee": "86194", "commune": "Poitiers", "categorie": "musee", "label": "Musée de France", "poids": 1.68, "visiteurs": 48364, "jauge": null}, "geometry": {"type": "Point", "coordinates": [0.348113, 46.580584]}}, {"type": "Feature", "properties": {"nom": "musée de Bibracte", "code_insee": "71440", "commune": "Saint-Léger-sous-Beuvray", "categorie": "musee", "label": "Musée de France", "poids": 1.67, "visiteurs": 46444, "jauge": null}, "geometry": {"type": "Point", "coordinates": [4.062979, 46.934539]}}, {"type": "Feature", "properties": {"nom": "musée départemental de la tapisserie", "code_insee": "23008", "commune": "Aubusson", "categorie": "musee", "label": "Musée de France", "poids": 1.66, "visiteurs": 45966, "jauge": null}, "geometry": {"type": "Point", "coordinates": [2.169202, 45.954414]}}, {"type": "Feature", "properties": {"nom": "musée d'art et d'histoire", "code_insee": "06159", "commune": "Villefranche-sur-Mer", "categorie": "musee", "label": "Musée de France", "poids": 1.66, "visiteurs": 45958, "jauge": null}, "geometry": {"type": "Point", "coordinates": [7.311487, 43.703371]}}, {"type": "Feature", "properties": {"nom": "musée départemental breton", "code_insee": "29232", "commune": "Quimper", "categorie": "musee", "label": "Musée de France", "poids": 1.66, "visiteurs": 45430, "jauge": null}, "geometry": {"type": "Point", "coordinates": [-4.102303, 47.995163]}}, {"type": "Feature", "properties": {"nom": "musée Hyacinthe Rigaud", "code_insee": "66136", "commune": "Perpignan", "categorie": "musee", "label": "Musée de France", "poids": 1.65, "visiteurs": 44509, "jauge": null}, "geometry": {"type": "Point", "coordinates": [2.893592, 42.69788]}}, {"type": "Feature", "properties": {"nom": "musée d'art moderne et contemporain de Saint-Etienne Métropole - musée d'art moderne", "code_insee": "42218", "commune": "Saint-Étienne", "categorie": "musee", "label": "Musée de France", "poids": 1.65, "visiteurs": 44687, "jauge": null}, "geometry": {"type": "Point", "coordinates": [4.283905, 45.452149]}}, {"type": "Feature", "properties": {"nom": "musée de Flandre", "code_insee": "59135", "commune": "Cassel", "categorie": "musee", "label": "Musée de France", "poids": 1.65, "visiteurs": 44528, "jauge": null}, "geometry": {"type": "Point", "coordinates": [2.48615, 50.799474]}}, {"type": "Feature", "properties": {"nom": "musée du compagnonnage", "code_insee": "37261", "commune": "Tours", "categorie": "musee", "label": "Musée de France", "poids": 1.65, "visiteurs": 44172, "jauge": null}, "geometry": {"type": "Point", "coordinates": [0.68684, 47.3961]}}, {"type": "Feature", "properties": {"nom": "musée du château", "code_insee": "54329", "commune": "Lunéville", "categorie": "musee", "label": "Musée de France", "poids": 1.65, "visiteurs": 44865, "jauge": null}, "geometry": {"type": "Point", "coordinates": [6.489514, 48.594559]}}, {"type": "Feature", "properties": {"nom": "muséum d'histoire naturelle", "code_insee": "76351", "commune": "Le Havre", "categorie": "musee", "label": "Musée de France", "poids": 1.64, "visiteurs": 43467, "jauge": null}, "geometry": {"type": "Point", "coordinates": [0.108995, 49.487701]}}, {"type": "Feature", "properties": {"nom": "Muba Eugène Leroy Tourcoing / musée des beaux-arts Eugène Leroy de Tourcoing", "code_insee": "59599", "commune": "Tourcoing", "categorie": "musee", "label": "Musée de France", "poids": 1.64, "visiteurs": 43536, "jauge": null}, "geometry": {"type": "Point", "coordinates": [3.161769, 50.723254]}}, {"type": "Feature", "properties": {"nom": "museon Arlaten", "code_insee": "13004", "commune": "Arles", "categorie": "musee", "label": "Musée de France", "poids": 1.64, "visiteurs": 43563, "jauge": null}, "geometry": {"type": "Point", "coordinates": [4.626025, 43.676499]}}, {"type": "Feature", "properties": {"nom": "musée de l'imprimerie et de la communication graphique", "code_insee": "69382", "commune": "Lyon 2e Arrondissement", "categorie": "musee", "label": "Musée de France", "poids": 1.63, "visiteurs": 42654, "jauge": null}, "geometry": {"type": "Point", "coordinates": [4.834752, 45.764219]}}, {"type": "Feature", "properties": {"nom": "musée des beaux-arts de Reims", "code_insee": "51454", "commune": "Reims", "categorie": "musee", "label": "Musée de France", "poids": 1.63, "visiteurs": 42423, "jauge": null}, "geometry": {"type": "Point", "coordinates": [4.030921, 49.253442]}}, {"type": "Feature", "properties": {"nom": "musée de la pêche", "code_insee": "29039", "commune": "Concarneau", "categorie": "musee", "label": "Musée de France", "poids": 1.63, "visiteurs": 42480, "jauge": null}, "geometry": {"type": "Point", "coordinates": [-3.91582, 47.872174]}}, {"type": "Feature", "properties": {"nom": "musée de l'Ardenne", "code_insee": "08105", "commune": "Charleville-Mézières", "categorie": "musee", "label": "Musée de France", "poids": 1.63, "visiteurs": 42860, "jauge": null}, "geometry": {"type": "Point", "coordinates": [4.721456, 49.772981]}}, {"type": "Feature", "properties": {"nom": "musée Crozatier", "code_insee": "43157", "commune": "Le Puy-en-Velay", "categorie": "musee", "label": "Musée de France", "poids": 1.63, "visiteurs": 42559, "jauge": null}, "geometry": {"type": "Point", "coordinates": [3.881972, 45.038204]}}, {"type": "Feature", "properties": {"nom": "musée de plein air des maisons comtoises", "code_insee": "25418", "commune": "Nancray", "categorie": "musee", "label": "Musée de France", "poids": 1.63, "visiteurs": 42990, "jauge": null}, "geometry": {"type": "Point", "coordinates": [6.19016, 47.2435]}}, {"type": "Feature", "properties": {"nom": "musée Renoir", "code_insee": "06027", "commune": "Cagnes-sur-Mer", "categorie": "musee", "label": "Musée de France", "poids": 1.62, "visiteurs": 42146, "jauge": null}, "geometry": {"type": "Point", "coordinates": [7.156363, 43.666988]}}, {"type": "Feature", "properties": {"nom": "musée du vieux château", "code_insee": "53130", "commune": "Laval", "categorie": "musee", "label": "Musée de France", "poids": 1.62, "visiteurs": 42095, "jauge": null}, "geometry": {"type": "Point", "coordinates": [-0.770709, 48.068446]}}, {"type": "Feature", "properties": {"nom": "musée Electropolis", "code_insee": "68224", "commune": "Mulhouse", "categorie": "musee", "label": "Musée de France", "poids": 1.62, "visiteurs": 41598, "jauge": null}, "geometry": {"type": "Point", "coordinates": [7.294829, 47.748821]}}, {"type": "Feature", "properties": {"nom": "musée national de la céramique", "code_insee": "92072", "commune": "Sèvres", "categorie": "musee", "label": "Musée de France", "poids": 1.62, "visiteurs": 42128, "jauge": null}, "geometry": {"type": "Point", "coordinates": [2.223229, 48.828728]}}, {"type": "Feature", "properties": {"nom": "musée de la préhistoire", "code_insee": "09181", "commune": "Le Mas-d'Azil", "categorie": "musee", "label": "Musée de France", "poids": 1.62, "visiteurs": 41751, "jauge": null}, "geometry": {"type": "Point", "coordinates": [1.360033, 43.07985]}}, {"type": "Feature", "properties": {"nom": "musée du château", "code_insee": "85163", "commune": "Noirmoutier-en-l'Île", "categorie": "musee", "label": "Musée de France", "poids": 1.62, "visiteurs": 42000, "jauge": null}, "geometry": {"type": "Point", "coordinates": [-2.243101, 46.999567]}}, {"type": "Feature", "properties": {"nom": "musée des beaux-arts", "code_insee": "16015", "commune": "Angoulême", "categorie": "musee", "label": "Musée de France", "poids": 1.62, "visiteurs": 41912, "jauge": null}, "geometry": {"type": "Point", "coordinates": [0.150985, 45.649471]}}, {"type": "Feature", "properties": {"nom": "musée Fernand Desmoulin", "code_insee": "24064", "commune": "Brantôme en Périgord", "categorie": "musee", "label": "Musée de France", "poids": 1.62, "visiteurs": 41742, "jauge": null}, "geometry": {"type": "Point", "coordinates": [0.64703, 45.364469]}}, {"type": "Feature", "properties": {"nom": "musée du Petit Palais", "code_insee": "84007", "commune": "Avignon", "categorie": "musee", "label": "Musée de France", "poids": 1.62, "visiteurs": 41429, "jauge": null}, "geometry": {"type": "Point", "coordinates": [4.807699, 43.951077]}}, {"type": "Feature", "properties": {"nom": "musée de la mine - carreau Wendel", "code_insee": "57537", "commune": "Petite-Rosselle", "categorie": "musee", "label": "Musée de France", "poids": 1.61, "visiteurs": 40433, "jauge": null}, "geometry": {"type": "Point", "coordinates": [6.867523, 49.204927]}}, {"type": "Feature", "properties": {"nom": "musée Champollion – les Ecritures du monde", "code_insee": "46102", "commune": "Figeac", "categorie": "musee", "label": "Musée de France", "poids": 1.61, "visiteurs": 40666, "jauge": null}, "geometry": {"type": "Point", "coordinates": [2.034324, 44.609652]}}, {"type": "Feature", "properties": {"nom": "port-musée", "code_insee": "29046", "commune": "Douarnenez", "categorie": "musee", "label": "Musée de France", "poids": 1.61, "visiteurs": 40443, "jauge": null}, "geometry": {"type": "Point", "coordinates": [-4.332977, 48.092643]}}, {"type": "Feature", "properties": {"nom": "musée des beaux-arts Jules Chéret", "code_insee": "06088", "commune": "Nice", "categorie": "musee", "label": "Musée de France", "poids": 1.61, "visiteurs": 40458, "jauge": null}, "geometry": {"type": "Point", "coordinates": [7.248959, 43.694507]}}, {"type": "Feature", "properties": {"nom": "musée du temps", "code_insee": "25056", "commune": "Besançon", "categorie": "musee", "label": "Musée de France", "poids": 1.61, "visiteurs": 40407, "jauge": null}, "geometry": {"type": "Point", "coordinates": [6.026874, 47.235916]}}, {"type": "Feature", "properties": {"nom": "musée Saint-Laurent", "code_insee": "38185", "commune": "Grenoble", "categorie": "musee", "label": "Musée de France", "poids": 1.61, "visiteurs": 41203, "jauge": null}, "geometry": {"type": "Point", "coordinates": [5.731835, 45.197708]}}, {"type": "Feature", "properties": {"nom": "musée de préhistoire", "code_insee": "66205", "commune": "Tautavel", "categorie": "musee", "label": "Musée de France", "poids": 1.61, "visiteurs": 41029, "jauge": null}, "geometry": {"type": "Point", "coordinates": [2.749567, 42.814126]}}, {"type": "Feature", "properties": {"nom": "musée Robert Tatin", "code_insee": "53077", "commune": "Cossé-le-Vivien", "categorie": "musee", "label": "Musée de France", "poids": 1.6, "visiteurs": 39909, "jauge": null}, "geometry": {"type": "Point", "coordinates": [-0.896511, 47.93319]}}, {"type": "Feature", "properties": {"nom": "musée Cantini", "code_insee": "13206", "commune": "Marseille 6e Arrondissement", "categorie": "musee", "label": "Musée de France", "poids": 1.6, "visiteurs": 39383, "jauge": null}, "geometry": {"type": "Point", "coordinates": [5.378233, 43.292148]}}, {"type": "Feature", "properties": {"nom": "musée de Tessé", "code_insee": "72181", "commune": "Le Mans", "categorie": "musee", "label": "Musée de France", "poids": 1.6, "visiteurs": 40185, "jauge": null}, "geometry": {"type": "Point", "coordinates": [0.203854, 48.011128]}}, {"type": "Feature", "properties": {"nom": "muséum d'histoire naturelle Gabriel Foucher", "code_insee": "18033", "commune": "Bourges", "categorie": "musee", "label": "Musée de France", "poids": 1.6, "visiteurs": 39616, "jauge": null}, "geometry": {"type": "Point", "coordinates": [2.394053, 47.077992]}}, {"type": "Feature", "properties": {"nom": "musée d'art moderne", "code_insee": "10387", "commune": "Troyes", "categorie": "musee", "label": "Musée de France", "poids": 1.6, "visiteurs": 40140, "jauge": null}, "geometry": {"type": "Point", "coordinates": [4.081511, 48.29986]}}, {"type": "Feature", "properties": {"nom": "musée d'art de Toulon - M.A.T.", "code_insee": "83137", "commune": "Toulon", "categorie": "musee", "label": "Musée de France", "poids": 1.59, "visiteurs": 38487, "jauge": null}, "geometry": {"type": "Point", "coordinates": [5.927397, 43.126033]}}, {"type": "Feature", "properties": {"nom": "musée des beaux-arts", "code_insee": "26362", "commune": "Valence", "categorie": "musee", "label": "Musée de France", "poids": 1.59, "visiteurs": 38986, "jauge": null}, "geometry": {"type": "Point", "coordinates": [4.889914, 44.93091]}}, {"type": "Feature", "properties": {"nom": "musée Bonnard", "code_insee": "06030", "commune": "Le Cannet", "categorie": "musee", "label": "Musée de France", "poids": 1.59, "visiteurs": 39146, "jauge": null}, "geometry": {"type": "Point", "coordinates": [7.01991, 43.576424]}}, {"type": "Feature", "properties": {"nom": "musée zoologique de l'université Louis Pasteur et de la ville de Strasbourg", "code_insee": "67482", "commune": "Strasbourg", "categorie": "musee", "label": "Musée de France", "poids": 1.59, "visiteurs": 38876, "jauge": null}, "geometry": {"type": "Point", "coordinates": [7.76468, 48.582698]}}, {"type": "Feature", "properties": {"nom": "musée gallo-romain de Vésunna", "code_insee": "24322", "commune": "Périgueux", "categorie": "musee", "label": "Musée de France", "poids": 1.58, "visiteurs": 37628, "jauge": null}, "geometry": {"type": "Point", "coordinates": [0.71269, 45.179999]}}, {"type": "Feature", "properties": {"nom": "écomusée de la Bresse bourguignonne", "code_insee": "71351", "commune": "Pierre-de-Bresse", "categorie": "musee", "label": "Musée de France", "poids": 1.58, "visiteurs": 38415, "jauge": null}, "geometry": {"type": "Point", "coordinates": [5.264537, 46.881757]}}, {"type": "Feature", "properties": {"nom": "musée Eugène Boudin", "code_insee": "14333", "commune": "Honfleur", "categorie": "musee", "label": "Musée de France", "poids": 1.58, "visiteurs": 37928, "jauge": null}, "geometry": {"type": "Point", "coordinates": [0.230768, 49.422401]}}, {"type": "Feature", "properties": {"nom": "musée archéologique de Cimiez", "code_insee": "06088", "commune": "Nice", "categorie": "musee", "label": "Musée de France", "poids": 1.58, "visiteurs": 38406, "jauge": null}, "geometry": {"type": "Point", "coordinates": [7.251906, 43.708463]}}, {"type": "Feature", "properties": {"nom": "musée des explorations du monde (MEM)", "code_insee": "06029", "commune": "Cannes", "categorie": "musee", "label": "Musée de France", "poids": 1.57, "visiteurs": 37203, "jauge": null}, "geometry": {"type": "Point", "coordinates": [7.010384, 43.549971]}}, {"type": "Feature", "properties": {"nom": "château-musée", "code_insee": "76217", "commune": "Dieppe", "categorie": "musee", "label": "Musée de France", "poids": 1.57, "visiteurs": 37133, "jauge": null}, "geometry": {"type": "Point", "coordinates": [1.070638, 49.923658]}}, {"type": "Feature", "properties": {"nom": "musée des beaux-arts", "code_insee": "62041", "commune": "Arras", "categorie": "musee", "label": "Musée de France", "poids": 1.57, "visiteurs": 36751, "jauge": null}, "geometry": {"type": "Point", "coordinates": [2.772987, 50.291759]}}, {"type": "Feature", "properties": {"nom": "musée d'art contemporain", "code_insee": "59183", "commune": "Dunkerque", "categorie": "musee", "label": "Musée de France", "poids": 1.57, "visiteurs": 37516, "jauge": null}, "geometry": {"type": "Point", "coordinates": [2.300138, 51.030012]}}, {"type": "Feature", "properties": {"nom": "musée historique", "code_insee": "68224", "commune": "Mulhouse", "categorie": "musee", "label": "Musée de France", "poids": 1.57, "visiteurs": 37006, "jauge": null}, "geometry": {"type": "Point", "coordinates": [7.33852, 47.746753]}}, {"type": "Feature", "properties": {"nom": "musée de la vie bourguignonne", "code_insee": "21231", "commune": "Dijon", "categorie": "musee", "label": "Musée de France", "poids": 1.56, "visiteurs": 36364, "jauge": null}, "geometry": {"type": "Point", "coordinates": [5.038039, 47.317191]}}, {"type": "Feature", "properties": {"nom": "musée Georges Labit", "code_insee": "31555", "commune": "Toulouse", "categorie": "musee", "label": "Musée de France", "poids": 1.56, "visiteurs": 35903, "jauge": null}, "geometry": {"type": "Point", "coordinates": [1.457967, 43.589524]}}, {"type": "Feature", "properties": {"nom": "musée Sainte-Croix", "code_insee": "86194", "commune": "Poitiers", "categorie": "musee", "label": "Musée de France", "poids": 1.56, "visiteurs": 36463, "jauge": null}, "geometry": {"type": "Point", "coordinates": [0.348302, 46.579168]}}, {"type": "Feature", "properties": {"nom": "musée de préhistoire Miln-le-Rouzic", "code_insee": "56034", "commune": "Carnac", "categorie": "musee", "label": "Musée de France", "poids": 1.56, "visiteurs": 36688, "jauge": null}, "geometry": {"type": "Point", "coordinates": [-3.078554, 47.584487]}}, {"type": "Feature", "properties": {"nom": "château de Sceaux, musée départemental", "code_insee": "92071", "commune": "Sceaux", "categorie": "musee", "label": "Musée de France", "poids": 1.56, "visiteurs": 36382, "jauge": null}, "geometry": {"type": "Point", "coordinates": [2.300062, 48.774364]}}, {"type": "Feature", "properties": {"nom": "musée de Boulogne-sur-Mer", "code_insee": "62160", "commune": "Boulogne-sur-Mer", "categorie": "musee", "label": "Musée de France", "poids": 1.55, "visiteurs": 35345, "jauge": null}, "geometry": {"type": "Point", "coordinates": [1.616674, 50.725737]}}, {"type": "Feature", "properties": {"nom": "musée Labenche", "code_insee": "19031", "commune": "Brive-la-Gaillarde", "categorie": "musee", "label": "Musée de France", "poids": 1.55, "visiteurs": 35480, "jauge": null}, "geometry": {"type": "Point", "coordinates": [1.535913, 45.158201]}}, {"type": "Feature", "properties": {"nom": "musée Zadkine", "code_insee": "75106", "commune": "Paris 6e Arrondissement", "categorie": "musee", "label": "Musée de France", "poids": 1.55, "visiteurs": 35811, "jauge": null}, "geometry": {"type": "Point", "coordinates": [2.333896, 48.843018]}}, {"type": "Feature", "properties": {"nom": "musée-parc archéologique du lac de Paladru", "code_insee": "38082", "commune": "Charavines", "categorie": "musee", "label": "Musée de France", "poids": 1.55, "visiteurs": 35255, "jauge": null}, "geometry": {"type": "Point", "coordinates": [5.515911, 45.428783]}}, {"type": "Feature", "properties": {"nom": "musée Henri Matisse", "code_insee": "59136", "commune": "Le Cateau-Cambrésis", "categorie": "musee", "label": "Musée de France", "poids": 1.54, "visiteurs": 34859, "jauge": null}, "geometry": {"type": "Point", "coordinates": [3.540977, 50.106363]}}, {"type": "Feature", "properties": {"nom": "maison de Balzac", "code_insee": "75116", "commune": "Paris 16e Arrondissement", "categorie": "musee", "label": "Musée de France", "poids": 1.54, "visiteurs": 34677, "jauge": null}, "geometry": {"type": "Point", "coordinates": [2.280805, 48.855398]}}, {"type": "Feature", "properties": {"nom": "écomusée", "code_insee": "44184", "commune": "Saint-Nazaire", "categorie": "musee", "label": "Musée de France", "poids": 1.54, "visiteurs": 34642, "jauge": null}, "geometry": {"type": "Point", "coordinates": [-2.198745, 47.273559]}}, {"type": "Feature", "properties": {"nom": "musée Jérôme Carcopino", "code_insee": "2B009", "commune": "Aléria", "categorie": "musee", "label": "Musée de France", "poids": 1.54, "visiteurs": 34290, "jauge": null}, "geometry": {"type": "Point", "coordinates": [9.511907, 42.10439]}}, {"type": "Feature", "properties": {"nom": "musée Le Secq des Tournelles", "code_insee": "76540", "commune": "Rouen", "categorie": "musee", "label": "Musée de France", "poids": 1.54, "visiteurs": 34338, "jauge": null}, "geometry": {"type": "Point", "coordinates": [1.096295, 49.444373]}}, {"type": "Feature", "properties": {"nom": "musée d'ethnographie corse", "code_insee": "2B033", "commune": "Bastia", "categorie": "musee", "label": "Musée de France", "poids": 1.53, "visiteurs": 34195, "jauge": null}, "geometry": {"type": "Point", "coordinates": [9.450803, 42.692672]}}, {"type": "Feature", "properties": {"nom": "musée de la porcelaine Adrien Dubouché", "code_insee": "87085", "commune": "Limoges", "categorie": "musee", "label": "Musée de France", "poids": 1.53, "visiteurs": 34170, "jauge": null}, "geometry": {"type": "Point", "coordinates": [1.252762, 45.832664]}}, {"type": "Feature", "properties": {"nom": "l'Annonciade, musée d'art moderne de Saint-Tropez", "code_insee": "83119", "commune": "Saint-Tropez", "categorie": "musee", "label": "Musée de France", "poids": 1.53, "visiteurs": 33541, "jauge": null}, "geometry": {"type": "Point", "coordinates": [6.637475, 43.270934]}}, {"type": "Feature", "properties": {"nom": "musée du Mont-Blanc", "code_insee": "74056", "commune": "Chamonix-Mont-Blanc", "categorie": "musee", "label": "Musée de France", "poids": 1.52, "visiteurs": 33333, "jauge": null}, "geometry": {"type": "Point", "coordinates": [6.871447, 45.923953]}}, {"type": "Feature", "properties": {"nom": "musée de Lodève - hôtel du cardinal de Fleury", "code_insee": "34142", "commune": "Lodève", "categorie": "musee", "label": "Musée de France", "poids": 1.52, "visiteurs": 32980, "jauge": null}, "geometry": {"type": "Point", "coordinates": [3.319543, 43.731507]}}, {"type": "Feature", "properties": {"nom": "maison du verre et du cristal", "code_insee": "57456", "commune": "Meisenthal", "categorie": "musee", "label": "Musée de France", "poids": 1.52, "visiteurs": 33142, "jauge": null}, "geometry": {"type": "Point", "coordinates": [7.352515, 48.965089]}}, {"type": "Feature", "properties": {"nom": "musée de la résistance et de la déportation", "code_insee": "38185", "commune": "Grenoble", "categorie": "musee", "label": "Musée de France", "poids": 1.52, "visiteurs": 33287, "jauge": null}, "geometry": {"type": "Point", "coordinates": [5.735084, 45.19022]}}, {"type": "Feature", "properties": {"nom": "musée de la Grande Chartreuse", "code_insee": "38442", "commune": "Saint-Pierre-de-Chartreuse", "categorie": "musee", "label": "Musée de France", "poids": 1.52, "visiteurs": 32921, "jauge": null}, "geometry": {"type": "Point", "coordinates": [5.791514, 45.349968]}}, {"type": "Feature", "properties": {"nom": "château de Bourdeilles", "code_insee": "24055", "commune": "Bourdeilles", "categorie": "musee", "label": "Musée de France", "poids": 1.51, "visiteurs": 32644, "jauge": null}, "geometry": {"type": "Point", "coordinates": [0.587518, 45.321975]}}, {"type": "Feature", "properties": {"nom": "musée des arts décoratifs, de la faïence et de la mode", "code_insee": "13208", "commune": "Marseille 8e Arrondissement", "categorie": "musee", "label": "Musée de France", "poids": 1.51, "visiteurs": 32532, "jauge": null}, "geometry": {"type": "Point", "coordinates": [5.382073, 43.256518]}}, {"type": "Feature", "properties": {"nom": "Musée du Fer", "code_insee": "09207", "commune": "Montgailhard", "categorie": "musee", "label": "Musée de France", "poids": 1.51, "visiteurs": 32509, "jauge": null}, "geometry": {"type": "Point", "coordinates": [1.629742, 42.939363]}}, {"type": "Feature", "properties": {"nom": "maison Rouge - musée des vallées cévenoles", "code_insee": "30269", "commune": "Saint-Jean-du-Gard", "categorie": "musee", "label": "Musée de France", "poids": 1.51, "visiteurs": 32457, "jauge": null}, "geometry": {"type": "Point", "coordinates": [3.885374, 44.105025]}}, {"type": "Feature", "properties": {"nom": "Centre Culturel Jacques Tati", "code_insee": "80021", "commune": "Amiens", "categorie": "scene", "label": "Théâtre de ville", "poids": 1.5, "visiteurs": null, "jauge": 201}, "geometry": {"type": "Point", "coordinates": [2.313164, 49.875319]}}, {"type": "Feature", "properties": {"nom": "Anthéa", "code_insee": "06004", "commune": "Antibes", "categorie": "scene", "label": "Théâtre de ville", "poids": 1.5, "visiteurs": null, "jauge": 1400}, "geometry": {"type": "Point", "coordinates": [7.119734, 43.591604]}}, {"type": "Feature", "properties": {"nom": "Théâtre municipal d'Autun", "code_insee": "71014", "commune": "Autun", "categorie": "scene", "label": "Théâtre de ville", "poids": 1.5, "visiteurs": null, "jauge": 440}, "geometry": {"type": "Point", "coordinates": [4.297107, 46.94966]}}, {"type": "Feature", "properties": {"nom": "Service culturel de Bastia - Théâtre municipal de Bastia - Grande Salle", "code_insee": "2B033", "commune": "Bastia", "categorie": "scene", "label": "Théâtre de ville", "poids": 1.5, "visiteurs": null, "jauge": 813}, "geometry": {"type": "Point", "coordinates": [9.439365, 42.681012]}}, {"type": "Feature", "properties": {"nom": "Piano'cktail - Salle de spectacle", "code_insee": "44020", "commune": "Bouguenais", "categorie": "scene", "label": "Théâtre de ville", "poids": 1.5, "visiteurs": null, "jauge": 786}, "geometry": {"type": "Point", "coordinates": [-1.606096, 47.174034]}}, {"type": "Feature", "properties": {"nom": "Théâtres du Val d'Yerres Val de Seine - Salle de spectacle Gérard Philipe", "code_insee": "91097", "commune": "Boussy-Saint-Antoine", "categorie": "scene", "label": "Théâtre de ville", "poids": 1.5, "visiteurs": null, "jauge": 140}, "geometry": {"type": "Point", "coordinates": [2.52984, 48.690029]}}, {"type": "Feature", "properties": {"nom": "Centre culturel Arthémuse", "code_insee": "29020", "commune": "Briec", "categorie": "scene", "label": "Théâtre de ville", "poids": 1.5, "visiteurs": null, "jauge": 560}, "geometry": {"type": "Point", "coordinates": [-3.997973, 48.099078]}}, {"type": "Feature", "properties": {"nom": "Théâtres du Val d'Yerres Val de Seine - Théâtre", "code_insee": "91114", "commune": "Brunoy", "categorie": "scene", "label": "Théâtre de ville", "poids": 1.5, "visiteurs": null, "jauge": 518}, "geometry": {"type": "Point", "coordinates": [2.505482, 48.697991]}}, {"type": "Feature", "properties": {"nom": "Théâtre Jacques Carat", "code_insee": "94016", "commune": "Cachan", "categorie": "scene", "label": "Théâtre de ville", "poids": 1.5, "visiteurs": null, "jauge": 826}, "geometry": {"type": "Point", "coordinates": [2.33605, 48.792724]}}, {"type": "Feature", "properties": {"nom": "Théâtre de Cahors", "code_insee": "46042", "commune": "Cahors", "categorie": "scene", "label": "Théâtre de ville", "poids": 1.5, "visiteurs": null, "jauge": 432}, "geometry": {"type": "Point", "coordinates": [1.440852, 44.445751]}}, {"type": "Feature", "properties": {"nom": "Scènes mitoyennes - Théâtre Cambrai", "code_insee": "59122", "commune": "Cambrai", "categorie": "scene", "label": "Théâtre de ville", "poids": 1.5, "visiteurs": null, "jauge": 700}, "geometry": {"type": "Point", "coordinates": [3.228908, 50.175012]}}, {"type": "Feature", "properties": {"nom": "Théâtre La Fleuriaye", "code_insee": "44026", "commune": "Carquefou", "categorie": "scene", "label": "Théâtre de ville", "poids": 1.5, "visiteurs": null, "jauge": 814}, "geometry": {"type": "Point", "coordinates": [-1.501304, 47.300007]}}, {"type": "Feature", "properties": {"nom": "Service culturel de Champigny-sur-Marne-Centre culturel Jean-Vilar", "code_insee": "94017", "commune": "Champigny-sur-Marne", "categorie": "scene", "label": "Théâtre de ville", "poids": 1.5, "visiteurs": null, "jauge": null}, "geometry": {"type": "Point", "coordinates": [2.489818, 48.817777]}}, {"type": "Feature", "properties": {"nom": "Théâtre des 2 Rives", "code_insee": "94018", "commune": "Charenton-le-Pont", "categorie": "scene", "label": "Théâtre de ville", "poids": 1.5, "visiteurs": null, "jauge": 607}, "geometry": {"type": "Point", "coordinates": [2.410431, 48.823442]}}, {"type": "Feature", "properties": {"nom": "Théâtre de Charleville Mézières", "code_insee": "08105", "commune": "Charleville-Mézières", "categorie": "scene", "label": "Théâtre de ville", "poids": 1.5, "visiteurs": null, "jauge": 660}, "geometry": {"type": "Point", "coordinates": [4.718337, 49.774045]}}, {"type": "Feature", "properties": {"nom": "Théâtre de Chartres-Salle de spectacle Doussineau", "code_insee": "28085", "commune": "Chartres", "categorie": "scene", "label": "Théâtre de ville", "poids": 1.5, "visiteurs": null, "jauge": 112}, "geometry": {"type": "Point", "coordinates": [1.51095, 48.448373]}}, {"type": "Feature", "properties": {"nom": "Théâtre de Chartres", "code_insee": "28085", "commune": "Chartres", "categorie": "scene", "label": "Théâtre de ville", "poids": 1.5, "visiteurs": null, "jauge": 660}, "geometry": {"type": "Point", "coordinates": [1.487518, 48.443185]}}, {"type": "Feature", "properties": {"nom": "Karavan Théâtre", "code_insee": "69271", "commune": "Chassieu", "categorie": "scene", "label": "Théâtre de ville", "poids": 1.5, "visiteurs": null, "jauge": 377}, "geometry": {"type": "Point", "coordinates": [4.972326, 45.742394]}}, {"type": "Feature", "properties": {"nom": "Service culturel de Châteaudun - Espace Malraux", "code_insee": "28088", "commune": "Châteaudun", "categorie": "scene", "label": "Théâtre de ville", "poids": 1.5, "visiteurs": null, "jauge": 981}, "geometry": {"type": "Point", "coordinates": [1.33253, 48.066794]}}, {"type": "Feature", "properties": {"nom": "Centre artistique Jacques Catinat - Salle de spectacle Louis Jouvet", "code_insee": "78146", "commune": "Chatou", "categorie": "scene", "label": "Théâtre de ville", "poids": 1.5, "visiteurs": null, "jauge": 421}, "geometry": {"type": "Point", "coordinates": [2.156656, 48.886804]}}, {"type": "Feature", "properties": {"nom": "Centre culturel municipal - Le Forum", "code_insee": "02173", "commune": "Chauny", "categorie": "scene", "label": "Théâtre de ville", "poids": 1.5, "visiteurs": null, "jauge": 668}, "geometry": {"type": "Point", "coordinates": [3.220456, 49.622785]}}, {"type": "Feature", "properties": {"nom": "Atrium", "code_insee": "92022", "commune": "Chaville", "categorie": "scene", "label": "Théâtre de ville", "poids": 1.5, "visiteurs": null, "jauge": 638}, "geometry": {"type": "Point", "coordinates": [2.192538, 48.812997]}}, {"type": "Feature", "properties": {"nom": "Rutebeuf", "code_insee": "92024", "commune": "Clichy", "categorie": "scene", "label": "Théâtre de ville", "poids": 1.5, "visiteurs": null, "jauge": 620}, "geometry": {"type": "Point", "coordinates": [2.309145, 48.902032]}}, {"type": "Feature", "properties": {"nom": "Théâtre de Corbeil-Essonnes", "code_insee": "91174", "commune": "Corbeil-Essonnes", "categorie": "scene", "label": "Théâtre de ville", "poids": 1.5, "visiteurs": null, "jauge": 667}, "geometry": {"type": "Point", "coordinates": [2.476525, 48.611462]}}, {"type": "Feature", "properties": {"nom": "Espace Carpeaux", "code_insee": "92026", "commune": "Courbevoie", "categorie": "scene", "label": "Théâtre de ville", "poids": 1.5, "visiteurs": null, "jauge": 485}, "geometry": {"type": "Point", "coordinates": [2.258424, 48.900724]}}, {"type": "Feature", "properties": {"nom": "Service culturel de Dammaries-lès-Lys - Espace Pierre Bacheret", "code_insee": "77152", "commune": "Dammarie-les-Lys", "categorie": "scene", "label": "Théâtre de ville", "poids": 1.5, "visiteurs": null, "jauge": 3500}, "geometry": {"type": "Point", "coordinates": [2.625165, 48.518001]}}, {"type": "Feature", "properties": {"nom": "Service culturel de Dammaries-lès-Lys - Espace Nino Ferrer", "code_insee": "77152", "commune": "Dammarie-les-Lys", "categorie": "scene", "label": "Théâtre de ville", "poids": 1.5, "visiteurs": null, "jauge": 246}, "geometry": {"type": "Point", "coordinates": [2.635098, 48.514335]}}, {"type": "Feature", "properties": {"nom": "Espace des Franciscaines-Auditorium", "code_insee": "14220", "commune": "Deauville", "categorie": "scene", "label": "Théâtre de ville", "poids": 1.5, "visiteurs": null, "jauge": null}, "geometry": {"type": "Point", "coordinates": [0.068003, 49.354148]}}, {"type": "Feature", "properties": {"nom": "Théâtre municipal de Denain", "code_insee": "59172", "commune": "Denain", "categorie": "scene", "label": "Théâtre de ville", "poids": 1.5, "visiteurs": null, "jauge": 540}, "geometry": {"type": "Point", "coordinates": [3.396567, 50.327019]}}, {"type": "Feature", "properties": {"nom": "Théâtre des Jacobins", "code_insee": "22050", "commune": "Dinan", "categorie": "scene", "label": "Théâtre de ville", "poids": 1.5, "visiteurs": null, "jauge": 528}, "geometry": {"type": "Point", "coordinates": [-2.042596, 48.45275]}}, {"type": "Feature", "properties": {"nom": "Espace culturel Les Prairiales", "code_insee": "28140", "commune": "Épernon", "categorie": "scene", "label": "Théâtre de ville", "poids": 1.5, "visiteurs": null, "jauge": 552}, "geometry": {"type": "Point", "coordinates": [1.675641, 48.604219]}}, {"type": "Feature", "properties": {"nom": "Maison du Théâtre et de la danse", "code_insee": "93031", "commune": "Épinay-sur-Seine", "categorie": "scene", "label": "Théâtre de ville", "poids": 1.5, "visiteurs": null, "jauge": 208}, "geometry": {"type": "Point", "coordinates": [2.326364, 48.955795]}}, {"type": "Feature", "properties": {"nom": "Astrolabe – Services culturels du Grand-Figeac - Espace Mitterrand", "code_insee": "46102", "commune": "Figeac", "categorie": "scene", "label": "Théâtre de ville", "poids": 1.5, "visiteurs": null, "jauge": 1100}, "geometry": {"type": "Point", "coordinates": [2.035718, 44.612798]}}, {"type": "Feature", "properties": {"nom": "Astrolabe – Services culturels du Grand-Figeac", "code_insee": "46102", "commune": "Figeac", "categorie": "scene", "label": "Théâtre de ville", "poids": 1.5, "visiteurs": null, "jauge": 435}, "geometry": {"type": "Point", "coordinates": [2.025965, 44.608906]}}, {"type": "Feature", "properties": {"nom": "Centre culturel Fougères Agglomération", "code_insee": "35115", "commune": "Fougères", "categorie": "scene", "label": "Théâtre de ville", "poids": 1.5, "visiteurs": null, "jauge": 1100}, "geometry": {"type": "Point", "coordinates": [-1.194498, 48.343488]}}, {"type": "Feature", "properties": {"nom": "Théâtre de Fourmies Jean Ferrat", "code_insee": "59249", "commune": "Fourmies", "categorie": "scene", "label": "Théâtre de ville", "poids": 1.5, "visiteurs": null, "jauge": 452}, "geometry": {"type": "Point", "coordinates": [4.046909, 50.015601]}}, {"type": "Feature", "properties": {"nom": "Service culturel d'Herblay - Théâtre Roger Barat (TRBH)", "code_insee": "95306", "commune": "Herblay-sur-Seine", "categorie": "scene", "label": "Théâtre de ville", "poids": 1.5, "visiteurs": null, "jauge": 496}, "geometry": {"type": "Point", "coordinates": [2.166356, 48.991616]}}, {"type": "Feature", "properties": {"nom": "Centre culturel Espace 110", "code_insee": "68154", "commune": "Illzach", "categorie": "scene", "label": "Théâtre de ville", "poids": 1.5, "visiteurs": null, "jauge": null}, "geometry": {"type": "Point", "coordinates": [7.354467, 47.7782]}}, {"type": "Feature", "properties": {"nom": "Sémaphore", "code_insee": "69100", "commune": "Irigny", "categorie": "scene", "label": "Théâtre de ville", "poids": 1.5, "visiteurs": null, "jauge": 386}, "geometry": {"type": "Point", "coordinates": [4.812554, 45.667045]}}, {"type": "Feature", "properties": {"nom": "Service culturel de Morteau - Théâtre de morteau", "code_insee": "25148", "commune": "La Chenalotte", "categorie": "scene", "label": "Théâtre de ville", "poids": 1.5, "visiteurs": null, "jauge": 342}, "geometry": {"type": "Point", "coordinates": [6.603771, 47.056671]}}, {"type": "Feature", "properties": {"nom": "Cinéma-Théâtre le Rocher - Salle de spectacle", "code_insee": "83062", "commune": "La Garde", "categorie": "scene", "label": "Théâtre de ville", "poids": 1.5, "visiteurs": null, "jauge": 150}, "geometry": {"type": "Point", "coordinates": [6.009199, 43.124317]}}, {"type": "Feature", "properties": {"nom": "Salle Saint-Jean - Salle de spectacle", "code_insee": "73179", "commune": "La Motte-Servolex", "categorie": "scene", "label": "Théâtre de ville", "poids": 1.5, "visiteurs": null, "jauge": 209}, "geometry": {"type": "Point", "coordinates": [5.874033, 45.599448]}}, {"type": "Feature", "properties": {"nom": "Service culturel de La Norville - Salle Pablo Picasso", "code_insee": "91457", "commune": "La Norville", "categorie": "scene", "label": "Théâtre de ville", "poids": 1.5, "visiteurs": null, "jauge": 186}, "geometry": {"type": "Point", "coordinates": [2.26082, 48.585411]}}, {"type": "Feature", "properties": {"nom": "Espace Charles Vanel", "code_insee": "77243", "commune": "Lagny-sur-Marne", "categorie": "scene", "label": "Théâtre de ville", "poids": 1.5, "visiteurs": null, "jauge": 750}, "geometry": {"type": "Point", "coordinates": [2.70676, 48.875988]}}, {"type": "Feature", "properties": {"nom": "Centre culturel Quai des rêves", "code_insee": "22093", "commune": "Lamballe-Armor", "categorie": "scene", "label": "Théâtre de ville", "poids": 1.5, "visiteurs": null, "jauge": 454}, "geometry": {"type": "Point", "coordinates": [-2.500167, 48.477062]}}, {"type": "Feature", "properties": {"nom": "Espace culturel André Malraux", "code_insee": "94043", "commune": "Le Kremlin-Bicêtre", "categorie": "scene", "label": "Théâtre de ville", "poids": 1.5, "visiteurs": null, "jauge": 361}, "geometry": {"type": "Point", "coordinates": [2.360528, 48.808916]}}, {"type": "Feature", "properties": {"nom": "Service culturel de la Communauté d'Agglomération du Puy-en-Velay", "code_insee": "43157", "commune": "Le Puy-en-Velay", "categorie": "scene", "label": "Théâtre de ville", "poids": 1.5, "visiteurs": null, "jauge": 600}, "geometry": {"type": "Point", "coordinates": [3.883837, 45.041711]}}, {"type": "Feature", "properties": {"nom": "Service culturel de Lespinasse - Centre culturel", "code_insee": "31293", "commune": "Lespinasse", "categorie": "scene", "label": "Théâtre de ville", "poids": 1.5, "visiteurs": null, "jauge": 100}, "geometry": {"type": "Point", "coordinates": [1.386281, 43.7068]}}, {"type": "Feature", "properties": {"nom": "Espace Culturel Dispan de Floran", "code_insee": "94038", "commune": "L'Haÿ-les-Roses", "categorie": "scene", "label": "Théâtre de ville", "poids": 1.5, "visiteurs": null, "jauge": 350}, "geometry": {"type": "Point", "coordinates": [2.336823, 48.779989]}}, {"type": "Feature", "properties": {"nom": "Espace James Chambaud", "code_insee": "64348", "commune": "Lons", "categorie": "scene", "label": "Théâtre de ville", "poids": 1.5, "visiteurs": null, "jauge": null}, "geometry": {"type": "Point", "coordinates": [-0.393478, 43.320402]}}, {"type": "Feature", "properties": {"nom": "Théâtres de Maisons-Alfort - Théâtre Claude Debussy", "code_insee": "94046", "commune": "Maisons-Alfort", "categorie": "scene", "label": "Théâtre de ville", "poids": 1.5, "visiteurs": null, "jauge": 675}, "geometry": {"type": "Point", "coordinates": [2.44063, 48.813493]}}, {"type": "Feature", "properties": {"nom": "Espace Culturel Lucien Jean", "code_insee": "95371", "commune": "Marly-la-Ville", "categorie": "scene", "label": "Théâtre de ville", "poids": 1.5, "visiteurs": null, "jauge": 304}, "geometry": {"type": "Point", "coordinates": [2.505127, 49.08677]}}, {"type": "Feature", "properties": {"nom": "Kiosque", "code_insee": "53147", "commune": "Mayenne", "categorie": "scene", "label": "Théâtre de ville", "poids": 1.5, "visiteurs": null, "jauge": 250}, "geometry": {"type": "Point", "coordinates": [-0.619718, 48.302484]}}, {"type": "Feature", "properties": {"nom": "Kiosque-Salle polyvalente", "code_insee": "53147", "commune": "Mayenne", "categorie": "scene", "label": "Théâtre de ville", "poids": 1.5, "visiteurs": null, "jauge": 300}, "geometry": {"type": "Point", "coordinates": [-0.611163, 48.296884]}}, {"type": "Feature", "properties": {"nom": "Espace Apollo", "code_insee": "81163", "commune": "Mazamet", "categorie": "scene", "label": "Théâtre de ville", "poids": 1.5, "visiteurs": null, "jauge": null}, "geometry": {"type": "Point", "coordinates": [2.375295, 43.493537]}}, {"type": "Feature", "properties": {"nom": "Service du développement culturel de Melun - Espace Saint-Jean", "code_insee": "77288", "commune": "Melun", "categorie": "scene", "label": "Théâtre de ville", "poids": 1.5, "visiteurs": null, "jauge": 185}, "geometry": {"type": "Point", "coordinates": [2.663039, 48.539346]}}, {"type": "Feature", "properties": {"nom": "Espace culturel Robert Hossein", "code_insee": "59400", "commune": "Merville", "categorie": "scene", "label": "Théâtre de ville", "poids": 1.5, "visiteurs": null, "jauge": 298}, "geometry": {"type": "Point", "coordinates": [2.637425, 50.64225]}}, {"type": "Feature", "properties": {"nom": "Service culturel de Meudon - Centre d'art et de culture", "code_insee": "92048", "commune": "Meudon", "categorie": "scene", "label": "Théâtre de ville", "poids": 1.5, "visiteurs": null, "jauge": 495}, "geometry": {"type": "Point", "coordinates": [2.235876, 48.813312]}}, {"type": "Feature", "properties": {"nom": "Service culturel de Meudon - Espace culturel Robert Doisneau", "code_insee": "92048", "commune": "Meudon", "categorie": "scene", "label": "Théâtre de ville", "poids": 1.5, "visiteurs": null, "jauge": 260}, "geometry": {"type": "Point", "coordinates": [2.232541, 48.787434]}}, {"type": "Feature", "properties": {"nom": "Théâtres de Montauban - Eurythmie", "code_insee": "82121", "commune": "Montauban", "categorie": "scene", "label": "Théâtre de ville", "poids": 1.5, "visiteurs": null, "jauge": 1800}, "geometry": {"type": "Point", "coordinates": [1.357775, 44.02473]}}, {"type": "Feature", "properties": {"nom": "Briqueterie - Montmorency", "code_insee": "95428", "commune": "Montmorency", "categorie": "scene", "label": "Théâtre de ville", "poids": 1.5, "visiteurs": null, "jauge": 190}, "geometry": {"type": "Point", "coordinates": [2.319542, 49.002154]}}, {"type": "Feature", "properties": {"nom": "Espace culturel d'Albret", "code_insee": "47195", "commune": "Nérac", "categorie": "scene", "label": "Théâtre de ville", "poids": 1.5, "visiteurs": null, "jauge": 460}, "geometry": {"type": "Point", "coordinates": [0.341962, 44.135402]}}, {"type": "Feature", "properties": {"nom": "Centre culturel Jean L'Hôte", "code_insee": "54397", "commune": "Neuves-Maisons", "categorie": "scene", "label": "Théâtre de ville", "poids": 1.5, "visiteurs": null, "jauge": 630}, "geometry": {"type": "Point", "coordinates": [6.106447, 48.614657]}}, {"type": "Feature", "properties": {"nom": "Théâtre Francis Gag", "code_insee": "06088", "commune": "Nice", "categorie": "scene", "label": "Théâtre de ville", "poids": 1.5, "visiteurs": null, "jauge": 289}, "geometry": {"type": "Point", "coordinates": [7.278009, 43.698043]}}, {"type": "Feature", "properties": {"nom": "Salle Pierre-Mendès-France - Salle de spectacle Pierre Mendes France", "code_insee": "28280", "commune": "Nogent-le-Rotrou", "categorie": "scene", "label": "Théâtre de ville", "poids": 1.5, "visiteurs": null, "jauge": 480}, "geometry": {"type": "Point", "coordinates": [0.820381, 48.317737]}}, {"type": "Feature", "properties": {"nom": "Scènes de Territoire - Services culturels de l'Agglomération du Bocage Bressuirais-Espace Bell-Arrivée", "code_insee": "79195", "commune": "Nueil-les-Aubiers", "categorie": "scene", "label": "Théâtre de ville", "poids": 1.5, "visiteurs": null, "jauge": 720}, "geometry": {"type": "Point", "coordinates": [-0.591607, 46.954698]}}, {"type": "Feature", "properties": {"nom": "Théâtre Douze", "code_insee": "75112", "commune": "Paris 12e Arrondissement", "categorie": "scene", "label": "Théâtre de ville", "poids": 1.5, "visiteurs": null, "jauge": 200}, "geometry": {"type": "Point", "coordinates": [2.411745, 48.841801]}}, {"type": "Feature", "properties": {"nom": "Théâtre de la Ville - Sarah Bernhardt - Le 13ème Art", "code_insee": "75113", "commune": "Paris 13e Arrondissement", "categorie": "scene", "label": "Théâtre de ville", "poids": 1.5, "visiteurs": null, "jauge": 1000}, "geometry": {"type": "Point", "coordinates": [2.357936, 48.824958]}}, {"type": "Feature", "properties": {"nom": "Théâtre du Châtelet", "code_insee": "75101", "commune": "Paris 1er Arrondissement", "categorie": "scene", "label": "Théâtre de ville", "poids": 1.5, "visiteurs": null, "jauge": 2010}, "geometry": {"type": "Point", "coordinates": [2.345636, 48.857845]}}, {"type": "Feature", "properties": {"nom": "Théâtre de Poissy", "code_insee": "78498", "commune": "Poissy", "categorie": "scene", "label": "Théâtre de ville", "poids": 1.5, "visiteurs": null, "jauge": 1000}, "geometry": {"type": "Point", "coordinates": [2.043958, 48.928414]}}, {"type": "Feature", "properties": {"nom": "Passerelles", "code_insee": "77373", "commune": "Pontault-Combault", "categorie": "scene", "label": "Théâtre de ville", "poids": 1.5, "visiteurs": null, "jauge": 365}, "geometry": {"type": "Point", "coordinates": [2.598993, 48.781997]}}, {"type": "Feature", "properties": {"nom": "Théâtres du Val d'Yerres Val de Seine - Salle de spectacle Mère Marie Pia", "code_insee": "91514", "commune": "Quincy-sous-Sénart", "categorie": "scene", "label": "Théâtre de ville", "poids": 1.5, "visiteurs": null, "jauge": 200}, "geometry": {"type": "Point", "coordinates": [2.541306, 48.670558]}}, {"type": "Feature", "properties": {"nom": "Théâtre de la Lanterne", "code_insee": "78517", "commune": "Rambouillet", "categorie": "scene", "label": "Théâtre de ville", "poids": 1.5, "visiteurs": null, "jauge": 900}, "geometry": {"type": "Point", "coordinates": [1.822842, 48.647418]}}, {"type": "Feature", "properties": {"nom": "Espace Jean Vilar", "code_insee": "08363", "commune": "Revin", "categorie": "scene", "label": "Théâtre de ville", "poids": 1.5, "visiteurs": null, "jauge": 388}, "geometry": {"type": "Point", "coordinates": [4.631333, 49.938609]}}, {"type": "Feature", "properties": {"nom": "Passerelle", "code_insee": "68278", "commune": "Rixheim", "categorie": "scene", "label": "Théâtre de ville", "poids": 1.5, "visiteurs": null, "jauge": null}, "geometry": {"type": "Point", "coordinates": [7.412329, 47.74944]}}, {"type": "Feature", "properties": {"nom": "Romans Scènes", "code_insee": "26281", "commune": "Romans-sur-Isère", "categorie": "scene", "label": "Théâtre de ville", "poids": 1.5, "visiteurs": null, "jauge": 500}, "geometry": {"type": "Point", "coordinates": [5.051324, 45.044052]}}, {"type": "Feature", "properties": {"nom": "Centre culturel de Rosporden", "code_insee": "29241", "commune": "Rosporden", "categorie": "scene", "label": "Théâtre de ville", "poids": 1.5, "visiteurs": null, "jauge": 419}, "geometry": {"type": "Point", "coordinates": [-3.826577, 47.956963]}}, {"type": "Feature", "properties": {"nom": "Étincelle - Chapelle Saint-Louis", "code_insee": "76540", "commune": "Rouen", "categorie": "scene", "label": "Théâtre de ville", "poids": 1.5, "visiteurs": null, "jauge": 108}, "geometry": {"type": "Point", "coordinates": [1.09865, 49.445129]}}, {"type": "Feature", "properties": {"nom": "Théâtre de l'Ouest de la Plaine de France Silvia Monfort", "code_insee": "95539", "commune": "Saint-Brice-sous-Forêt", "categorie": "scene", "label": "Théâtre de ville", "poids": 1.5, "visiteurs": null, "jauge": 460}, "geometry": {"type": "Point", "coordinates": [2.359062, 48.999069]}}, {"type": "Feature", "properties": {"nom": "Service culturel Saint-Flour Communauté - Salle de spectacle des Jacobins", "code_insee": "15187", "commune": "Saint-Flour", "categorie": "scene", "label": "Théâtre de ville", "poids": 1.5, "visiteurs": null, "jauge": 200}, "geometry": {"type": "Point", "coordinates": [3.094354, 45.034677]}}, {"type": "Feature", "properties": {"nom": "Service culturel de Saint-Germain-lès-Arpajon - Espace Olympe de Gouges", "code_insee": "91552", "commune": "Saint-Germain-lès-Arpajon", "categorie": "scene", "label": "Théâtre de ville", "poids": 1.5, "visiteurs": null, "jauge": 250}, "geometry": {"type": "Point", "coordinates": [2.259423, 48.594828]}}, {"type": "Feature", "properties": {"nom": "Pôle Culturel Le Roudour", "code_insee": "29254", "commune": "Saint-Martin-des-Champs", "categorie": "scene", "label": "Théâtre de ville", "poids": 1.5, "visiteurs": null, "jauge": 299}, "geometry": {"type": "Point", "coordinates": [-3.847518, 48.572336]}}, {"type": "Feature", "properties": {"nom": "Théâtre Théo Argence", "code_insee": "69290", "commune": "Saint-Priest", "categorie": "scene", "label": "Théâtre de ville", "poids": 1.5, "visiteurs": null, "jauge": 386}, "geometry": {"type": "Point", "coordinates": [4.941332, 45.696603]}}, {"type": "Feature", "properties": {"nom": "Nouvel Espace Culturel", "code_insee": "42275", "commune": "Saint-Priest-en-Jarez", "categorie": "scene", "label": "Théâtre de ville", "poids": 1.5, "visiteurs": null, "jauge": null}, "geometry": {"type": "Point", "coordinates": [4.379123, 45.473533]}}, {"type": "Feature", "properties": {"nom": "Espace Prévert", "code_insee": "77445", "commune": "Savigny-le-Temple", "categorie": "scene", "label": "Théâtre de ville", "poids": 1.5, "visiteurs": null, "jauge": 300}, "geometry": {"type": "Point", "coordinates": [2.56713, 48.60309]}}, {"type": "Feature", "properties": {"nom": "Service culturel - Schiltigheim Culture - La Briqueterie", "code_insee": "67447", "commune": "Schiltigheim", "categorie": "scene", "label": "Théâtre de ville", "poids": 1.5, "visiteurs": null, "jauge": 740}, "geometry": {"type": "Point", "coordinates": [7.729596, 48.610624]}}, {"type": "Feature", "properties": {"nom": "MJC Calonne", "code_insee": "08409", "commune": "Sedan", "categorie": "scene", "label": "Théâtre de ville", "poids": 1.5, "visiteurs": null, "jauge": 210}, "geometry": {"type": "Point", "coordinates": [4.944295, 49.69975]}}, {"type": "Feature", "properties": {"nom": "Grain de Sel", "code_insee": "56243", "commune": "Séné", "categorie": "scene", "label": "Théâtre de ville", "poids": 1.5, "visiteurs": null, "jauge": 256}, "geometry": {"type": "Point", "coordinates": [-2.736511, 47.618573]}}, {"type": "Feature", "properties": {"nom": "Centre culturel L'Ilyade - Le Prisme", "code_insee": "38486", "commune": "Seyssins", "categorie": "scene", "label": "Théâtre de ville", "poids": 1.5, "visiteurs": null, "jauge": 650}, "geometry": {"type": "Point", "coordinates": [5.6895, 45.166091]}}, {"type": "Feature", "properties": {"nom": "Mail - Scène culturelle", "code_insee": "02722", "commune": "Soissons", "categorie": "scene", "label": "Théâtre de ville", "poids": 1.5, "visiteurs": null, "jauge": 652}, "geometry": {"type": "Point", "coordinates": [3.327665, 49.385999]}}, {"type": "Feature", "properties": {"nom": "Théâtre Actuel et Public de Strasbourg - TAPS Laiterie", "code_insee": "67482", "commune": "Strasbourg", "categorie": "scene", "label": "Théâtre de ville", "poids": 1.5, "visiteurs": null, "jauge": 114}, "geometry": {"type": "Point", "coordinates": [7.729287, 48.57667]}}, {"type": "Feature", "properties": {"nom": "Ville de Toulouse - Direction de l'Action Socioculturelle - Le Lido", "code_insee": "31555", "commune": "Toulouse", "categorie": "scene", "label": "Théâtre de ville", "poids": 1.5, "visiteurs": null, "jauge": null}, "geometry": {"type": "Point", "coordinates": [1.47695, 43.62377]}}, {"type": "Feature", "properties": {"nom": "Ville de Toulouse - Direction de l'Action Socioculturelle - Centre culturel Henri-Desbals", "code_insee": "31555", "commune": "Toulouse", "categorie": "scene", "label": "Théâtre de ville", "poids": 1.5, "visiteurs": null, "jauge": null}, "geometry": {"type": "Point", "coordinates": [1.411814, 43.579453]}}, {"type": "Feature", "properties": {"nom": "Ville de Toulouse - Direction de l'Action Socioculturelle - Centre culturel Bellegarde", "code_insee": "31555", "commune": "Toulouse", "categorie": "scene", "label": "Théâtre de ville", "poids": 1.5, "visiteurs": null, "jauge": null}, "geometry": {"type": "Point", "coordinates": [1.444612, 43.608489]}}, {"type": "Feature", "properties": {"nom": "Ville de Toulouse - Direction de l'Action Socioculturelle - Centre culturel Alban-Minville", "code_insee": "31555", "commune": "Toulouse", "categorie": "scene", "label": "Théâtre de ville", "poids": 1.5, "visiteurs": null, "jauge": null}, "geometry": {"type": "Point", "coordinates": [1.398914, 43.564263]}}, {"type": "Feature", "properties": {"nom": "Centre culturel Bleu pluriel", "code_insee": "22360", "commune": "Trégueux", "categorie": "scene", "label": "Théâtre de ville", "poids": 1.5, "visiteurs": null, "jauge": 550}, "geometry": {"type": "Point", "coordinates": [-2.739473, 48.488245]}}, {"type": "Feature", "properties": {"nom": "Théâtres de Lanion Trégor Communauté - Théâtre de l'Arche", "code_insee": "22362", "commune": "Tréguier", "categorie": "scene", "label": "Théâtre de ville", "poids": 1.5, "visiteurs": null, "jauge": 320}, "geometry": {"type": "Point", "coordinates": [-3.234166, 48.786146]}}, {"type": "Feature", "properties": {"nom": "Champilambart", "code_insee": "44212", "commune": "Vallet", "categorie": "scene", "label": "Théâtre de ville", "poids": 1.5, "visiteurs": null, "jauge": 950}, "geometry": {"type": "Point", "coordinates": [-1.265064, 47.166365]}}, {"type": "Feature", "properties": {"nom": "Onde - Théâtre et Centre d'art", "code_insee": "78640", "commune": "Vélizy-Villacoublay", "categorie": "scene", "label": "Théâtre de ville", "poids": 1.5, "visiteurs": null, "jauge": 847}, "geometry": {"type": "Point", "coordinates": [2.17992, 48.782248]}}, {"type": "Feature", "properties": {"nom": "Service culturel de Vichy - Centre culturel Valery Larbaud", "code_insee": "03310", "commune": "Vichy", "categorie": "scene", "label": "Théâtre de ville", "poids": 1.5, "visiteurs": null, "jauge": 450}, "geometry": {"type": "Point", "coordinates": [3.422945, 46.122368]}}, {"type": "Feature", "properties": {"nom": "Espace culturel", "code_insee": "94077", "commune": "Villeneuve-le-Roi", "categorie": "scene", "label": "Théâtre de ville", "poids": 1.5, "visiteurs": null, "jauge": 500}, "geometry": {"type": "Point", "coordinates": [2.416292, 48.735864]}}, {"type": "Feature", "properties": {"nom": "Sud-Est Théâtre", "code_insee": "94078", "commune": "Villeneuve-Saint-Georges", "categorie": "scene", "label": "Théâtre de ville", "poids": 1.5, "visiteurs": null, "jauge": 535}, "geometry": {"type": "Point", "coordinates": [2.449104, 48.733119]}}, {"type": "Feature", "properties": {"nom": "Espace Tonkin", "code_insee": "69266", "commune": "Villeurbanne", "categorie": "scene", "label": "Théâtre de ville", "poids": 1.5, "visiteurs": null, "jauge": 350}, "geometry": {"type": "Point", "coordinates": [4.865442, 45.774552]}}, {"type": "Feature", "properties": {"nom": "Vincennes Culture - Auditorium Jean Pierre Miquel", "code_insee": "94080", "commune": "Vincennes", "categorie": "scene", "label": "Théâtre de ville", "poids": 1.5, "visiteurs": null, "jauge": 300}, "geometry": {"type": "Point", "coordinates": [2.439247, 48.848163]}}, {"type": "Feature", "properties": {"nom": "Service culturel Durance Luberon Verdon Agglomération - Moulin Saint André", "code_insee": "83150", "commune": "Vinon-sur-Verdon", "categorie": "scene", "label": "Théâtre de ville", "poids": 1.5, "visiteurs": null, "jauge": 160}, "geometry": {"type": "Point", "coordinates": [5.812954, 43.728485]}}, {"type": "Feature", "properties": {"nom": "musée Bartholdi", "code_insee": "68066", "commune": "Colmar", "categorie": "musee", "label": "Musée de France", "poids": 1.5, "visiteurs": 31469, "jauge": null}, "geometry": {"type": "Point", "coordinates": [7.357682, 48.07679]}}, {"type": "Feature", "properties": {"nom": "Espace Philippe Auguste", "code_insee": "27681", "commune": "Vernon", "categorie": "scene", "label": "Théâtre de ville", "poids": 1.5, "visiteurs": null, "jauge": 480}, "geometry": {"type": "Point", "coordinates": [1.483398, 49.093562]}}, {"type": "Feature", "properties": {"nom": "musée de la faïence et des techniques faïencières", "code_insee": "57631", "commune": "Sarreguemines", "categorie": "musee", "label": "Musée de France", "poids": 1.5, "visiteurs": 31737, "jauge": null}, "geometry": {"type": "Point", "coordinates": [7.079353, 49.126404]}}, {"type": "Feature", "properties": {"nom": "Théâtre intercommunal d'Etampes - Salle de spectacle", "code_insee": "91001", "commune": "Abbéville-la-Rivière", "categorie": "scene", "label": "Théâtre de ville", "poids": 1.5, "visiteurs": null, "jauge": 250}, "geometry": {"type": "Point", "coordinates": [2.161876, 48.43429]}}, {"type": "Feature", "properties": {"nom": "POC", "code_insee": "94002", "commune": "Alfortville", "categorie": "scene", "label": "Théâtre de ville", "poids": 1.5, "visiteurs": null, "jauge": 410}, "geometry": {"type": "Point", "coordinates": [2.422886, 48.805655]}}, {"type": "Feature", "properties": {"nom": "Halle au Blé", "code_insee": "68004", "commune": "Altkirch", "categorie": "scene", "label": "Théâtre de ville", "poids": 1.5, "visiteurs": null, "jauge": 184}, "geometry": {"type": "Point", "coordinates": [7.236328, 47.621028]}}, {"type": "Feature", "properties": {"nom": "Théâtre Quartier Libre", "code_insee": "44003", "commune": "Ancenis-Saint-Géréon", "categorie": "scene", "label": "Théâtre de ville", "poids": 1.5, "visiteurs": null, "jauge": 490}, "geometry": {"type": "Point", "coordinates": [-1.188465, 47.363561]}}, {"type": "Feature", "properties": {"nom": "Quai des Arts", "code_insee": "61006", "commune": "Argentan", "categorie": "scene", "label": "Théâtre de ville", "poids": 1.5, "visiteurs": null, "jauge": 809}, "geometry": {"type": "Point", "coordinates": [-0.022899, 48.735805]}}, {"type": "Feature", "properties": {"nom": "Centre culturel Le Figuier Blanc - Salle de spectacle", "code_insee": "95018", "commune": "Argenteuil", "categorie": "scene", "label": "Théâtre de ville", "poids": 1.5, "visiteurs": null, "jauge": 510}, "geometry": {"type": "Point", "coordinates": [2.248349, 48.943532]}}, {"type": "Feature", "properties": {"nom": "Avant-Scène", "code_insee": "36006", "commune": "Argenton-sur-Creuse", "categorie": "scene", "label": "Théâtre de ville", "poids": 1.5, "visiteurs": null, "jauge": 164}, "geometry": {"type": "Point", "coordinates": [1.523003, 46.588882]}}, {"type": "Feature", "properties": {"nom": "Service culturel d'Arpajon - Espace Concorde - Salle Cézanne", "code_insee": "91021", "commune": "Arpajon", "categorie": "scene", "label": "Théâtre de ville", "poids": 1.5, "visiteurs": null, "jauge": 700}, "geometry": {"type": "Point", "coordinates": [2.250217, 48.590111]}}, {"type": "Feature", "properties": {"nom": "Théâtre Victor Hugo", "code_insee": "92007", "commune": "Bagneux", "categorie": "scene", "label": "Théâtre de ville", "poids": 1.5, "visiteurs": null, "jauge": 440}, "geometry": {"type": "Point", "coordinates": [2.321579, 48.803952]}}, {"type": "Feature", "properties": {"nom": "Service culturel de Bastia - Centre culturel Alb'Oru", "code_insee": "2B033", "commune": "Bastia", "categorie": "scene", "label": "Théâtre de ville", "poids": 1.5, "visiteurs": null, "jauge": null}, "geometry": {"type": "Point", "coordinates": [9.441718, 42.680016]}}, {"type": "Feature", "properties": {"nom": "Théâtre de Beaune - Salle de spectacle", "code_insee": "21054", "commune": "Beaune", "categorie": "scene", "label": "Théâtre de ville", "poids": 1.5, "visiteurs": null, "jauge": 322}, "geometry": {"type": "Point", "coordinates": [4.839912, 47.02701]}}, {"type": "Feature", "properties": {"nom": "Cité Cirque - Service culturel de Bègles - Espace Jean Vautrin", "code_insee": "33039", "commune": "Bègles", "categorie": "scene", "label": "Théâtre de ville", "poids": 1.5, "visiteurs": null, "jauge": null}, "geometry": {"type": "Point", "coordinates": [-0.561011, 44.792233]}}, {"type": "Feature", "properties": {"nom": "Centre culturel Michel Manet - Auditorium - Espace François Mitterand", "code_insee": "24037", "commune": "Bergerac", "categorie": "scene", "label": "Théâtre de ville", "poids": 1.5, "visiteurs": null, "jauge": 248}, "geometry": {"type": "Point", "coordinates": [0.480013, 44.845023]}}, {"type": "Feature", "properties": {"nom": "Centre Ratel - Salle de spectacle", "code_insee": "91064", "commune": "Bièvres", "categorie": "scene", "label": "Théâtre de ville", "poids": 1.5, "visiteurs": null, "jauge": 200}, "geometry": {"type": "Point", "coordinates": [2.222611, 48.755227]}}, {"type": "Feature", "properties": {"nom": "Centre culturel Le Forum", "code_insee": "94004", "commune": "Boissy-Saint-Léger", "categorie": "scene", "label": "Théâtre de ville", "poids": 1.5, "visiteurs": null, "jauge": null}, "geometry": {"type": "Point", "coordinates": [2.502686, 48.753469]}}, {"type": "Feature", "properties": {"nom": "Théâtre du Grenier", "code_insee": "78092", "commune": "Bougival", "categorie": "scene", "label": "Théâtre de ville", "poids": 1.5, "visiteurs": null, "jauge": 140}, "geometry": {"type": "Point", "coordinates": [2.138772, 48.866356]}}, {"type": "Feature", "properties": {"nom": "Carré Belle-Feuille - Espace Bernard Palissy", "code_insee": "92012", "commune": "Boulogne-Billancourt", "categorie": "scene", "label": "Théâtre de ville", "poids": 1.5, "visiteurs": null, "jauge": 390}, "geometry": {"type": "Point", "coordinates": [2.233707, 48.844847]}}, {"type": "Feature", "properties": {"nom": "Service culturel de Calais - Grand Théâtre", "code_insee": "62193", "commune": "Calais", "categorie": "scene", "label": "Théâtre de ville", "poids": 1.5, "visiteurs": null, "jauge": 1390}, "geometry": {"type": "Point", "coordinates": [1.853385, 50.947013]}}, {"type": "Feature", "properties": {"nom": "Centre Simone Signoret", "code_insee": "33090", "commune": "Canéjan", "categorie": "scene", "label": "Théâtre de ville", "poids": 1.5, "visiteurs": null, "jauge": 365}, "geometry": {"type": "Point", "coordinates": [-0.654322, 44.761134]}}, {"type": "Feature", "properties": {"nom": "Service culturel de Carpentras - Théâtre de la Charité", "code_insee": "84031", "commune": "Carpentras", "categorie": "scene", "label": "Théâtre de ville", "poids": 1.5, "visiteurs": null, "jauge": 100}, "geometry": {"type": "Point", "coordinates": [5.050046, 44.054762]}}, {"type": "Feature", "properties": {"nom": "Théâtre Scène des 3 ponts", "code_insee": "11076", "commune": "Castelnaudary", "categorie": "scene", "label": "Théâtre de ville", "poids": 1.5, "visiteurs": null, "jauge": 270}, "geometry": {"type": "Point", "coordinates": [1.95459, 43.317552]}}, {"type": "Feature", "properties": {"nom": "Salle Jacques Brel - Salle de spectacle", "code_insee": "77083", "commune": "Champs-sur-Marne", "categorie": "scene", "label": "Théâtre de ville", "poids": 1.5, "visiteurs": null, "jauge": 662}, "geometry": {"type": "Point", "coordinates": [2.595921, 48.854206]}}, {"type": "Feature", "properties": {"nom": "Théâtre de Verre", "code_insee": "44036", "commune": "Châteaubriant", "categorie": "scene", "label": "Théâtre de ville", "poids": 1.5, "visiteurs": null, "jauge": 500}, "geometry": {"type": "Point", "coordinates": [-1.373433, 47.718373]}}, {"type": "Feature", "properties": {"nom": "Jardin de Verre", "code_insee": "49099", "commune": "Cholet", "categorie": "scene", "label": "Théâtre de ville", "poids": 1.5, "visiteurs": null, "jauge": 224}, "geometry": {"type": "Point", "coordinates": [-0.881075, 47.062657]}}, {"type": "Feature", "properties": {"nom": "Théâtre Jean Arp", "code_insee": "92023", "commune": "Clamart", "categorie": "scene", "label": "Théâtre de ville", "poids": 1.5, "visiteurs": null, "jauge": 636}, "geometry": {"type": "Point", "coordinates": [2.26412, 48.803151]}}, {"type": "Feature", "properties": {"nom": "Centre culturel La Courée - Salle de spectacle", "code_insee": "77121", "commune": "Collégien", "categorie": "scene", "label": "Théâtre de ville", "poids": 1.5, "visiteurs": null, "jauge": 160}, "geometry": {"type": "Point", "coordinates": [2.670032, 48.8379]}}, {"type": "Feature", "properties": {"nom": "Théâtre Simone Signoret", "code_insee": "78172", "commune": "Conflans-Sainte-Honorine", "categorie": "scene", "label": "Théâtre de ville", "poids": 1.5, "visiteurs": null, "jauge": 800}, "geometry": {"type": "Point", "coordinates": [2.09871, 48.998084]}}, {"type": "Feature", "properties": {"nom": "Salle Jean Genet", "code_insee": "71149", "commune": "Couches", "categorie": "scene", "label": "Théâtre de ville", "poids": 1.5, "visiteurs": null, "jauge": 154}, "geometry": {"type": "Point", "coordinates": [4.579463, 46.865888]}}, {"type": "Feature", "properties": {"nom": "Espace culturel Henri Salvador", "code_insee": "72095", "commune": "Coulaines", "categorie": "scene", "label": "Théâtre de ville", "poids": 1.5, "visiteurs": null, "jauge": 400}, "geometry": {"type": "Point", "coordinates": [0.204638, 48.025392]}}, {"type": "Feature", "properties": {"nom": "Amphithéâtre", "code_insee": "12090", "commune": "Druelle Balsac", "categorie": "scene", "label": "Théâtre de ville", "poids": 1.5, "visiteurs": null, "jauge": 2500}, "geometry": {"type": "Point", "coordinates": [2.568001, 44.35449]}}, {"type": "Feature", "properties": {"nom": "Prisme - Théâtre de la Ferme du Mousseau", "code_insee": "78208", "commune": "Élancourt", "categorie": "scene", "label": "Théâtre de ville", "poids": 1.5, "visiteurs": null, "jauge": 100}, "geometry": {"type": "Point", "coordinates": [1.957699, 48.779348]}}, {"type": "Feature", "properties": {"nom": "Théâtres de la Communauté d'Agglomération d'Épinal - Théâtre municipal d'Épinal", "code_insee": "88160", "commune": "Épinal", "categorie": "scene", "label": "Théâtre de ville", "poids": 1.5, "visiteurs": null, "jauge": 333}, "geometry": {"type": "Point", "coordinates": [6.438696, 48.170623]}}, {"type": "Feature", "properties": {"nom": "Service culturel d'Eysines-Salle du Vigean", "code_insee": "33162", "commune": "Eysines", "categorie": "scene", "label": "Théâtre de ville", "poids": 1.5, "visiteurs": null, "jauge": null}, "geometry": {"type": "Point", "coordinates": [-0.635232, 44.883175]}}, {"type": "Feature", "properties": {"nom": "Service culturel d'Eysines-Théâtre Jean Vilar", "code_insee": "33162", "commune": "Eysines", "categorie": "scene", "label": "Théâtre de ville", "poids": 1.5, "visiteurs": null, "jauge": 490}, "geometry": {"type": "Point", "coordinates": [-0.637732, 44.879107]}}, {"type": "Feature", "properties": {"nom": "Centre culturel Fougères Agglomération - Théâtre Victor Hugo", "code_insee": "35115", "commune": "Fougères", "categorie": "scene", "label": "Théâtre de ville", "poids": 1.5, "visiteurs": null, "jauge": 289}, "geometry": {"type": "Point", "coordinates": [-1.202859, 48.354524]}}, {"type": "Feature", "properties": {"nom": "Ferme de Bel Ébat", "code_insee": "78297", "commune": "Guyancourt", "categorie": "scene", "label": "Théâtre de ville", "poids": 1.5, "visiteurs": null, "jauge": 352}, "geometry": {"type": "Point", "coordinates": [2.069997, 48.770303]}}, {"type": "Feature", "properties": {"nom": "Relais culturel - Théâtre de Hagueneau", "code_insee": "67180", "commune": "Haguenau", "categorie": "scene", "label": "Théâtre de ville", "poids": 1.5, "visiteurs": null, "jauge": 458}, "geometry": {"type": "Point", "coordinates": [7.788708, 48.812928]}}, {"type": "Feature", "properties": {"nom": "Centre André Malraux", "code_insee": "59295", "commune": "Hazebrouck", "categorie": "scene", "label": "Théâtre de ville", "poids": 1.5, "visiteurs": null, "jauge": 1100}, "geometry": {"type": "Point", "coordinates": [2.542248, 50.718901]}}, {"type": "Feature", "properties": {"nom": "Graineterie - Pôle culturel", "code_insee": "78311", "commune": "Houilles", "categorie": "scene", "label": "Théâtre de ville", "poids": 1.5, "visiteurs": null, "jauge": 100}, "geometry": {"type": "Point", "coordinates": [2.186651, 48.923171]}}, {"type": "Feature", "properties": {"nom": "Centre culturel Albert Camus", "code_insee": "36088", "commune": "Issoudun", "categorie": "scene", "label": "Théâtre de ville", "poids": 1.5, "visiteurs": null, "jauge": 1120}, "geometry": {"type": "Point", "coordinates": [1.998072, 46.941056]}}, {"type": "Feature", "properties": {"nom": "Espace Icare", "code_insee": "92040", "commune": "Issy-les-Moulineaux", "categorie": "scene", "label": "Théâtre de ville", "poids": 1.5, "visiteurs": null, "jauge": 140}, "geometry": {"type": "Point", "coordinates": [2.276871, 48.827573]}}, {"type": "Feature", "properties": {"nom": "xml:space=\"preserve\">Centre de Culture et d'Animation - Ville de la Madeleine_x000D_", "code_insee": "59368", "commune": "La Madeleine", "categorie": "scene", "label": "Théâtre de ville", "poids": 1.5, "visiteurs": null, "jauge": 95}, "geometry": {"type": "Point", "coordinates": [3.065866, 50.655772]}}, {"type": "Feature", "properties": {"nom": "Espace culturel Carré Amelot", "code_insee": "17300", "commune": "La Rochelle", "categorie": "scene", "label": "Théâtre de ville", "poids": 1.5, "visiteurs": null, "jauge": 210}, "geometry": {"type": "Point", "coordinates": [-1.149137, 46.160564]}}, {"type": "Feature", "properties": {"nom": "Centre culturel Yves Furet", "code_insee": "23176", "commune": "La Souterraine", "categorie": "scene", "label": "Théâtre de ville", "poids": 1.5, "visiteurs": null, "jauge": 466}, "geometry": {"type": "Point", "coordinates": [1.490077, 46.235601]}}, {"type": "Feature", "properties": {"nom": "Théâtre Marelios", "code_insee": "83144", "commune": "La Valette-du-Var", "categorie": "scene", "label": "Théâtre de ville", "poids": 1.5, "visiteurs": null, "jauge": 198}, "geometry": {"type": "Point", "coordinates": [5.990464, 43.128287]}}, {"type": "Feature", "properties": {"nom": "Théâtre du Blanc-Mesnil", "code_insee": "93007", "commune": "Le Blanc-Mesnil", "categorie": "scene", "label": "Théâtre de ville", "poids": 1.5, "visiteurs": null, "jauge": 736}, "geometry": {"type": "Point", "coordinates": [2.466446, 48.943501]}}, {"type": "Feature", "properties": {"nom": "Entrepôt", "code_insee": "33200", "commune": "Le Haillan", "categorie": "scene", "label": "Théâtre de ville", "poids": 1.5, "visiteurs": null, "jauge": 456}, "geometry": {"type": "Point", "coordinates": [-0.677071, 44.874257]}}, {"type": "Feature", "properties": {"nom": "Théâtre des Trois Chênes - Salle de spectacle", "code_insee": "59481", "commune": "Le Quesnoy", "categorie": "scene", "label": "Théâtre de ville", "poids": 1.5, "visiteurs": null, "jauge": 348}, "geometry": {"type": "Point", "coordinates": [3.634438, 50.246765]}}, {"type": "Feature", "properties": {"nom": "Espace culturel Georges Brassens", "code_insee": "33238", "commune": "Léognan", "categorie": "scene", "label": "Théâtre de ville", "poids": 1.5, "visiteurs": null, "jauge": 343}, "geometry": {"type": "Point", "coordinates": [-0.600061, 44.730206]}}, {"type": "Feature", "properties": {"nom": "Espace des arts", "code_insee": "93057", "commune": "Les Pavillons-sous-Bois", "categorie": "scene", "label": "Théâtre de ville", "poids": 1.5, "visiteurs": null, "jauge": 850}, "geometry": {"type": "Point", "coordinates": [2.507216, 48.902818]}}, {"type": "Feature", "properties": {"nom": "Service culturel de Lespinasse - Espace Canal des 2 mers", "code_insee": "31293", "commune": "Lespinasse", "categorie": "scene", "label": "Théâtre de ville", "poids": 1.5, "visiteurs": null, "jauge": 430}, "geometry": {"type": "Point", "coordinates": [1.391511, 43.708034]}}, {"type": "Feature", "properties": {"nom": "Théâtre Le Liburnia", "code_insee": "33243", "commune": "Libourne", "categorie": "scene", "label": "Théâtre de ville", "poids": 1.5, "visiteurs": null, "jauge": null}, "geometry": {"type": "Point", "coordinates": [-0.240355, 44.921099]}}, {"type": "Feature", "properties": {"nom": "Palais des Congrès et de la Culture", "code_insee": "22136", "commune": "Loudéac", "categorie": "scene", "label": "Théâtre de ville", "poids": 1.5, "visiteurs": null, "jauge": 1000}, "geometry": {"type": "Point", "coordinates": [-2.753466, 48.182783]}}, {"type": "Feature", "properties": {"nom": "MJC Les Rancy", "code_insee": "69383", "commune": "Lyon 3e Arrondissement", "categorie": "scene", "label": "Théâtre de ville", "poids": 1.5, "visiteurs": null, "jauge": null}, "geometry": {"type": "Point", "coordinates": [4.847734, 45.75601]}}, {"type": "Feature", "properties": {"nom": "Célestins - Théâtre de Lyon", "code_insee": "69383", "commune": "Lyon 3e Arrondissement", "categorie": "scene", "label": "Théâtre de ville", "poids": 1.5, "visiteurs": null, "jauge": 1027}, "geometry": {"type": "Point", "coordinates": [4.8313, 45.760182]}}, {"type": "Feature", "properties": {"nom": "Théâtres de Maisons-Alfort - Nouvel Espace Culturel Charentonneau (NECC)", "code_insee": "94046", "commune": "Maisons-Alfort", "categorie": "scene", "label": "Théâtre de ville", "poids": 1.5, "visiteurs": null, "jauge": null}, "geometry": {"type": "Point", "coordinates": [2.445002, 48.809986]}}, {"type": "Feature", "properties": {"nom": "Caravelle - Centre Culturel de Marcheprime", "code_insee": "33555", "commune": "Marcheprime", "categorie": "scene", "label": "Théâtre de ville", "poids": 1.5, "visiteurs": null, "jauge": 490}, "geometry": {"type": "Point", "coordinates": [-0.848364, 44.699375]}}, {"type": "Feature", "properties": {"nom": "Théâtre du Gymnase-Bernardines - Les Bernardines", "code_insee": "13201", "commune": "Marseille 1er Arrondissement", "categorie": "scene", "label": "Théâtre de ville", "poids": 1.5, "visiteurs": null, "jauge": 98}, "geometry": {"type": "Point", "coordinates": [5.38141, 43.296752]}}, {"type": "Feature", "properties": {"nom": "Espace Albert Camus", "code_insee": "78383", "commune": "Maurepas", "categorie": "scene", "label": "Théâtre de ville", "poids": 1.5, "visiteurs": null, "jauge": 400}, "geometry": {"type": "Point", "coordinates": [1.94486, 48.766785]}}, {"type": "Feature", "properties": {"nom": "Théâtre Luxembourg - Le Colisée de Meaux", "code_insee": "77284", "commune": "Meaux", "categorie": "scene", "label": "Théâtre de ville", "poids": 1.5, "visiteurs": null, "jauge": null}, "geometry": {"type": "Point", "coordinates": [2.90012, 48.943278]}}, {"type": "Feature", "properties": {"nom": "Service du développement culturel de Melun - L'Escale", "code_insee": "77288", "commune": "Melun", "categorie": "scene", "label": "Théâtre de ville", "poids": 1.5, "visiteurs": null, "jauge": 1200}, "geometry": {"type": "Point", "coordinates": [2.666659, 48.530044]}}, {"type": "Feature", "properties": {"nom": "Théâtre Le Parnasse", "code_insee": "40184", "commune": "Mimizan", "categorie": "scene", "label": "Théâtre de ville", "poids": 1.5, "visiteurs": null, "jauge": null}, "geometry": {"type": "Point", "coordinates": [-1.228093, 44.201077]}}, {"type": "Feature", "properties": {"nom": "Centre Culturel Léo Malet - Ville de Mireval", "code_insee": "34159", "commune": "Mireval", "categorie": "scene", "label": "Théâtre de ville", "poids": 1.5, "visiteurs": null, "jauge": 305}, "geometry": {"type": "Point", "coordinates": [3.803968, 43.512208]}}, {"type": "Feature", "properties": {"nom": "Centre culturel de Moissac - Hall de Paris", "code_insee": "82112", "commune": "Moissac", "categorie": "scene", "label": "Théâtre de ville", "poids": 1.5, "visiteurs": null, "jauge": 700}, "geometry": {"type": "Point", "coordinates": [1.086255, 44.103659]}}, {"type": "Feature", "properties": {"nom": "Palace - Salle de spectacle", "code_insee": "60414", "commune": "Montataire", "categorie": "scene", "label": "Théâtre de ville", "poids": 1.5, "visiteurs": null, "jauge": null}, "geometry": {"type": "Point", "coordinates": [2.437701, 49.255425]}}, {"type": "Feature", "properties": {"nom": "Auditorium Michel Petrucciani", "code_insee": "26198", "commune": "Montélimar", "categorie": "scene", "label": "Théâtre de ville", "poids": 1.5, "visiteurs": null, "jauge": 434}, "geometry": {"type": "Point", "coordinates": [4.74776, 44.556618]}}, {"type": "Feature", "properties": {"nom": "Espace culturel Jean Cocteau - Salle de spectacle", "code_insee": "37159", "commune": "Monts", "categorie": "scene", "label": "Théâtre de ville", "poids": 1.5, "visiteurs": null, "jauge": null}, "geometry": {"type": "Point", "coordinates": [0.644199, 47.277058]}}, {"type": "Feature", "properties": {"nom": "Théâtre de Moulins", "code_insee": "03190", "commune": "Moulins", "categorie": "scene", "label": "Théâtre de ville", "poids": 1.5, "visiteurs": null, "jauge": 660}, "geometry": {"type": "Point", "coordinates": [3.333973, 46.564663]}}, {"type": "Feature", "properties": {"nom": "Service culturel de la Communauté de Communes de l'Ouest Vosgien", "code_insee": "88321", "commune": "Neufchâteau", "categorie": "scene", "label": "Théâtre de ville", "poids": 1.5, "visiteurs": null, "jauge": 282}, "geometry": {"type": "Point", "coordinates": [5.693437, 48.353782]}}, {"type": "Feature", "properties": {"nom": "Espace Michel-Simon", "code_insee": "93051", "commune": "Noisy-le-Grand", "categorie": "scene", "label": "Théâtre de ville", "poids": 1.5, "visiteurs": null, "jauge": 716}, "geometry": {"type": "Point", "coordinates": [2.553445, 48.846071]}}, {"type": "Feature", "properties": {"nom": "Théâtre des Bergeries", "code_insee": "93053", "commune": "Noisy-le-Sec", "categorie": "scene", "label": "Théâtre de ville", "poids": 1.5, "visiteurs": null, "jauge": 552}, "geometry": {"type": "Point", "coordinates": [2.453872, 48.891493]}}, {"type": "Feature", "properties": {"nom": "Cap Nort - Salle de spectacle", "code_insee": "44110", "commune": "Nort-sur-Erdre", "categorie": "scene", "label": "Théâtre de ville", "poids": 1.5, "visiteurs": null, "jauge": 600}, "geometry": {"type": "Point", "coordinates": [-1.507726, 47.436939]}}, {"type": "Feature", "properties": {"nom": "Centre culturel Aragon Triolet", "code_insee": "94054", "commune": "Orly", "categorie": "scene", "label": "Théâtre de ville", "poids": 1.5, "visiteurs": null, "jauge": 466}, "geometry": {"type": "Point", "coordinates": [2.408091, 48.745166]}}, {"type": "Feature", "properties": {"nom": "Ville de Pantin - Service Culturel - Salle Jacques Brel", "code_insee": "93055", "commune": "Pantin", "categorie": "scene", "label": "Théâtre de ville", "poids": 1.5, "visiteurs": null, "jauge": 230}, "geometry": {"type": "Point", "coordinates": [2.39515, 48.900974]}}, {"type": "Feature", "properties": {"nom": "Ville de Pantin - Service Culturel - Théâtre du Fil de l'eau", "code_insee": "93055", "commune": "Pantin", "categorie": "scene", "label": "Théâtre de ville", "poids": 1.5, "visiteurs": null, "jauge": 230}, "geometry": {"type": "Point", "coordinates": [2.410945, 48.895387]}}, {"type": "Feature", "properties": {"nom": "Théâtre 13 - Théâtre 13 / Jardin", "code_insee": "75113", "commune": "Paris 13e Arrondissement", "categorie": "scene", "label": "Théâtre de ville", "poids": 1.5, "visiteurs": null, "jauge": 240}, "geometry": {"type": "Point", "coordinates": [2.345182, 48.829537]}}, {"type": "Feature", "properties": {"nom": "Ville de Pessac - Service culturel - Le Royal", "code_insee": "33318", "commune": "Pessac", "categorie": "scene", "label": "Théâtre de ville", "poids": 1.5, "visiteurs": null, "jauge": 178}, "geometry": {"type": "Point", "coordinates": [-0.618828, 44.816382]}}, {"type": "Feature", "properties": {"nom": "Ville de Pessac - Service culturel - Le Galet", "code_insee": "33318", "commune": "Pessac", "categorie": "scene", "label": "Théâtre de ville", "poids": 1.5, "visiteurs": null, "jauge": 386}, "geometry": {"type": "Point", "coordinates": [-0.649866, 44.8083]}}, {"type": "Feature", "properties": {"nom": "Espace Avel Vor", "code_insee": "29189", "commune": "Plougastel-Daoulas", "categorie": "scene", "label": "Théâtre de ville", "poids": 1.5, "visiteurs": null, "jauge": 2500}, "geometry": {"type": "Point", "coordinates": [-4.362118, 48.371144]}}, {"type": "Feature", "properties": {"nom": "Strapontin", "code_insee": "56179", "commune": "Pont-Scorff", "categorie": "scene", "label": "Théâtre de ville", "poids": 1.5, "visiteurs": null, "jauge": 199}, "geometry": {"type": "Point", "coordinates": [-3.403954, 47.836137]}}, {"type": "Feature", "properties": {"nom": "Service culturel de Puteaux - Théâtre de Puteaux", "code_insee": "92062", "commune": "Puteaux", "categorie": "scene", "label": "Théâtre de ville", "poids": 1.5, "visiteurs": null, "jauge": 743}, "geometry": {"type": "Point", "coordinates": [2.241197, 48.880363]}}, {"type": "Feature", "properties": {"nom": "Service culturel de Quetigny - Petit Théâtre des Prairies", "code_insee": "21515", "commune": "Quetigny", "categorie": "scene", "label": "Théâtre de ville", "poids": 1.5, "visiteurs": null, "jauge": 80}, "geometry": {"type": "Point", "coordinates": [5.112966, 47.312303]}}, {"type": "Feature", "properties": {"nom": "Théâtre de la Paillette", "code_insee": "35238", "commune": "Rennes", "categorie": "scene", "label": "Théâtre de ville", "poids": 1.5, "visiteurs": null, "jauge": 210}, "geometry": {"type": "Point", "coordinates": [-1.697291, 48.109431]}}, {"type": "Feature", "properties": {"nom": "Colisée", "code_insee": "59512", "commune": "Roubaix", "categorie": "scene", "label": "Théâtre de ville", "poids": 1.5, "visiteurs": null, "jauge": 1700}, "geometry": {"type": "Point", "coordinates": [3.162637, 50.690937]}}, {"type": "Feature", "properties": {"nom": "Théâtre Jean Marais", "code_insee": "69199", "commune": "Saint-Fons", "categorie": "scene", "label": "Théâtre de ville", "poids": 1.5, "visiteurs": null, "jauge": 164}, "geometry": {"type": "Point", "coordinates": [4.860677, 45.708106]}}, {"type": "Feature", "properties": {"nom": "Théâtre La Mouche", "code_insee": "69204", "commune": "Saint-Genis-Laval", "categorie": "scene", "label": "Théâtre de ville", "poids": 1.5, "visiteurs": null, "jauge": 380}, "geometry": {"type": "Point", "coordinates": [4.79484, 45.697492]}}, {"type": "Feature", "properties": {"nom": "Service culturel de Saint-Germain-lès-Arpajon - Centre Socioculturel Berthe Morisot", "code_insee": "91552", "commune": "Saint-Germain-lès-Arpajon", "categorie": "scene", "label": "Théâtre de ville", "poids": 1.5, "visiteurs": null, "jauge": null}, "geometry": {"type": "Point", "coordinates": [2.280599, 48.597774]}}, {"type": "Feature", "properties": {"nom": "Théâtre Jean Marais", "code_insee": "95555", "commune": "Saint-Gratien", "categorie": "scene", "label": "Théâtre de ville", "poids": 1.5, "visiteurs": null, "jauge": 172}, "geometry": {"type": "Point", "coordinates": [2.286525, 48.967764]}}, {"type": "Feature", "properties": {"nom": "A4 - Spectacles Vivants en Vals de Saintonge", "code_insee": "17347", "commune": "Saint-Jean-d'Angély", "categorie": "scene", "label": "Théâtre de ville", "poids": 1.5, "visiteurs": null, "jauge": 400}, "geometry": {"type": "Point", "coordinates": [-0.522846, 45.944033]}}, {"type": "Feature", "properties": {"nom": "Centre de développement culturel", "code_insee": "13097", "commune": "Saint-Martin-de-Crau", "categorie": "scene", "label": "Théâtre de ville", "poids": 1.5, "visiteurs": null, "jauge": 370}, "geometry": {"type": "Point", "coordinates": [4.812094, 43.638591]}}, {"type": "Feature", "properties": {"nom": "Théâtre de Saint-Maur-des Fossés", "code_insee": "94068", "commune": "Saint-Maur-des-Fossés", "categorie": "scene", "label": "Théâtre de ville", "poids": 1.5, "visiteurs": null, "jauge": 780}, "geometry": {"type": "Point", "coordinates": [2.491848, 48.799515]}}, {"type": "Feature", "properties": {"nom": "EMC", "code_insee": "91570", "commune": "Saint-Michel-sur-Orge", "categorie": "scene", "label": "Théâtre de ville", "poids": 1.5, "visiteurs": null, "jauge": 528}, "geometry": {"type": "Point", "coordinates": [2.321783, 48.637337]}}, {"type": "Feature", "properties": {"nom": "Service culturel de Saint-Quentin - Théâtre municipal", "code_insee": "02691", "commune": "Saint-Quentin", "categorie": "scene", "label": "Théâtre de ville", "poids": 1.5, "visiteurs": null, "jauge": null}, "geometry": {"type": "Point", "coordinates": [3.283344, 49.85435]}}, {"type": "Feature", "properties": {"nom": "Embarcadère - L'Embarcadère", "code_insee": "44190", "commune": "Saint-Sébastien-sur-Loire", "categorie": "scene", "label": "Théâtre de ville", "poids": 1.5, "visiteurs": null, "jauge": 494}, "geometry": {"type": "Point", "coordinates": [-1.4869, 47.189868]}}, {"type": "Feature", "properties": {"nom": "Centre culturel Léon Curral", "code_insee": "74256", "commune": "Sallanches", "categorie": "scene", "label": "Théâtre de ville", "poids": 1.5, "visiteurs": null, "jauge": 1100}, "geometry": {"type": "Point", "coordinates": [6.640378, 45.93299]}}, {"type": "Feature", "properties": {"nom": "Office culturel municipal - Salle André Malraux", "code_insee": "95585", "commune": "Sarcelles", "categorie": "scene", "label": "Théâtre de ville", "poids": 1.5, "visiteurs": null, "jauge": 315}, "geometry": {"type": "Point", "coordinates": [2.374809, 48.995344]}}, {"type": "Feature", "properties": {"nom": "Service culturel de Sarreguemines", "code_insee": "57631", "commune": "Sarreguemines", "categorie": "scene", "label": "Théâtre de ville", "poids": 1.5, "visiteurs": null, "jauge": 500}, "geometry": {"type": "Point", "coordinates": [7.070562, 49.109772]}}, {"type": "Feature", "properties": {"nom": "Service culturel - Schiltigheim Culture - Le Brassin", "code_insee": "67447", "commune": "Schiltigheim", "categorie": "scene", "label": "Théâtre de ville", "poids": 1.5, "visiteurs": null, "jauge": 263}, "geometry": {"type": "Point", "coordinates": [7.745214, 48.60763]}}, {"type": "Feature", "properties": {"nom": "Cigalière", "code_insee": "34299", "commune": "Sérignan", "categorie": "scene", "label": "Théâtre de ville", "poids": 1.5, "visiteurs": null, "jauge": 500}, "geometry": {"type": "Point", "coordinates": [3.279556, 43.28463]}}, {"type": "Feature", "properties": {"nom": "Service culturel de Tarbes - Tarbes en Scènes - Le Pari - Grande Salle", "code_insee": "65440", "commune": "Tarbes", "categorie": "scene", "label": "Théâtre de ville", "poids": 1.5, "visiteurs": null, "jauge": 370}, "geometry": {"type": "Point", "coordinates": [0.076624, 43.23362]}}, {"type": "Feature", "properties": {"nom": "Théâtre El Mil.lenari", "code_insee": "66213", "commune": "Toulouges", "categorie": "scene", "label": "Théâtre de ville", "poids": 1.5, "visiteurs": null, "jauge": 256}, "geometry": {"type": "Point", "coordinates": [2.829779, 42.672626]}}, {"type": "Feature", "properties": {"nom": "Ville de Toulouse - Direction de l'Action Socioculturelle - Espace JOB", "code_insee": "31555", "commune": "Toulouse", "categorie": "scene", "label": "Théâtre de ville", "poids": 1.5, "visiteurs": null, "jauge": null}, "geometry": {"type": "Point", "coordinates": [1.407857, 43.616514]}}, {"type": "Feature", "properties": {"nom": "Escale - Salle de spectacle", "code_insee": "31557", "commune": "Tournefeuille", "categorie": "scene", "label": "Théâtre de ville", "poids": 1.5, "visiteurs": null, "jauge": 538}, "geometry": {"type": "Point", "coordinates": [1.345463, 43.582928]}}, {"type": "Feature", "properties": {"nom": "Théâtre Jeanne d'Arc", "code_insee": "01033", "commune": "Valserhône", "categorie": "scene", "label": "Théâtre de ville", "poids": 1.5, "visiteurs": null, "jauge": 248}, "geometry": {"type": "Point", "coordinates": [5.827502, 46.108657]}}, {"type": "Feature", "properties": {"nom": "Espace Maurice Béjart - Grande Salle de spectacle", "code_insee": "78642", "commune": "Verneuil-sur-Seine", "categorie": "scene", "label": "Théâtre de ville", "poids": 1.5, "visiteurs": null, "jauge": 328}, "geometry": {"type": "Point", "coordinates": [1.97264, 48.980834]}}, {"type": "Feature", "properties": {"nom": "Centre culturel Jacques Prévert", "code_insee": "77514", "commune": "Villeparisis", "categorie": "scene", "label": "Théâtre de ville", "poids": 1.5, "visiteurs": null, "jauge": 660}, "geometry": {"type": "Point", "coordinates": [2.614222, 48.942872]}}, {"type": "Feature", "properties": {"nom": "Espace Daniel Sorano", "code_insee": "94080", "commune": "Vincennes", "categorie": "scene", "label": "Théâtre de ville", "poids": 1.5, "visiteurs": null, "jauge": 280}, "geometry": {"type": "Point", "coordinates": [2.435724, 48.84968]}}, {"type": "Feature", "properties": {"nom": "Grand Angle", "code_insee": "38563", "commune": "Voiron", "categorie": "scene", "label": "Théâtre de ville", "poids": 1.5, "visiteurs": null, "jauge": 1700}, "geometry": {"type": "Point", "coordinates": [5.590047, 45.36461]}}, {"type": "Feature", "properties": {"nom": "Nef - Relais culturel de Wissembourg", "code_insee": "67544", "commune": "Wissembourg", "categorie": "scene", "label": "Théâtre de ville", "poids": 1.5, "visiteurs": null, "jauge": 561}, "geometry": {"type": "Point", "coordinates": [7.947446, 49.035984]}}, {"type": "Feature", "properties": {"nom": "Théâtres du Val d'Yerres Val de Seine", "code_insee": "91691", "commune": "Yerres", "categorie": "scene", "label": "Théâtre de ville", "poids": 1.5, "visiteurs": null, "jauge": 955}, "geometry": {"type": "Point", "coordinates": [2.488725, 48.715135]}}, {"type": "Feature", "properties": {"nom": "Centre culturel Yzeurespace", "code_insee": "03321", "commune": "Yzeure", "categorie": "scene", "label": "Théâtre de ville", "poids": 1.5, "visiteurs": null, "jauge": 443}, "geometry": {"type": "Point", "coordinates": [3.365179, 46.551978]}}, {"type": "Feature", "properties": {"nom": "musée de la porte Saint-Michel", "code_insee": "44069", "commune": "Guérande", "categorie": "musee", "label": "Musée de France", "poids": 1.5, "visiteurs": 31810, "jauge": null}, "geometry": {"type": "Point", "coordinates": [-2.42705, 47.327278]}}, {"type": "Feature", "properties": {"nom": "Espace Diamant", "code_insee": "2A004", "commune": "Ajaccio", "categorie": "scene", "label": "Théâtre de ville", "poids": 1.5, "visiteurs": null, "jauge": 400}, "geometry": {"type": "Point", "coordinates": [8.731036, 41.915976]}}, {"type": "Feature", "properties": {"nom": "Service culturel Saint-Flour Communauté - Théâtre le Rex", "code_insee": "15002", "commune": "Alleuze", "categorie": "scene", "label": "Théâtre de ville", "poids": 1.5, "visiteurs": null, "jauge": 176}, "geometry": {"type": "Point", "coordinates": [3.085466, 44.962232]}}, {"type": "Feature", "properties": {"nom": "Maison du Théâtre - Salle de spectacle", "code_insee": "80021", "commune": "Amiens", "categorie": "scene", "label": "Théâtre de ville", "poids": 1.5, "visiteurs": null, "jauge": 125}, "geometry": {"type": "Point", "coordinates": [2.301232, 49.897253]}}, {"type": "Feature", "properties": {"nom": "Théâtre des Collines - Le Rabelais", "code_insee": "74010", "commune": "Annecy", "categorie": "scene", "label": "Théâtre de ville", "poids": 1.5, "visiteurs": null, "jauge": 262}, "geometry": {"type": "Point", "coordinates": [6.090561, 45.915432]}}, {"type": "Feature", "properties": {"nom": "Théâtre des Collines - Théâtre Renoir", "code_insee": "74010", "commune": "Annecy", "categorie": "scene", "label": "Théâtre de ville", "poids": 1.5, "visiteurs": null, "jauge": 256}, "geometry": {"type": "Point", "coordinates": [6.095948, 45.902514]}}, {"type": "Feature", "properties": {"nom": "Théâtre municipal d'Auch - Salle du Théâtre municipal d'Auch", "code_insee": "32013", "commune": "Auch", "categorie": "scene", "label": "Théâtre de ville", "poids": 1.5, "visiteurs": null, "jauge": null}, "geometry": {"type": "Point", "coordinates": [0.545942, 43.653584]}}, {"type": "Feature", "properties": {"nom": "Théâtre Jacques Prévert", "code_insee": "93005", "commune": "Aulnay-sous-Bois", "categorie": "scene", "label": "Théâtre de ville", "poids": 1.5, "visiteurs": null, "jauge": 984}, "geometry": {"type": "Point", "coordinates": [2.496291, 48.940586]}}, {"type": "Feature", "properties": {"nom": "Carroi (La Flèche) - Le Théâtre de la Halle-au-Blé", "code_insee": "72025", "commune": "Bazouges Cré sur Loir", "categorie": "scene", "label": "Théâtre de ville", "poids": 1.5, "visiteurs": null, "jauge": 135}, "geometry": {"type": "Point", "coordinates": [-0.072452, 47.700287]}}, {"type": "Feature", "properties": {"nom": "Forum des jeunes et de la culture", "code_insee": "13014", "commune": "Berre-l'Étang", "categorie": "scene", "label": "Théâtre de ville", "poids": 1.5, "visiteurs": null, "jauge": null}, "geometry": {"type": "Point", "coordinates": [5.169086, 43.488469]}}, {"type": "Feature", "properties": {"nom": "Centre culturel L'Arcanson", "code_insee": "40046", "commune": "Biscarrosse", "categorie": "scene", "label": "Théâtre de ville", "poids": 1.5, "visiteurs": null, "jauge": 300}, "geometry": {"type": "Point", "coordinates": [-1.168881, 44.39252]}}, {"type": "Feature", "properties": {"nom": "Maison des Associations et de la Culture", "code_insee": "67046", "commune": "Bischwiller", "categorie": "scene", "label": "Théâtre de ville", "poids": 1.5, "visiteurs": null, "jauge": 759}, "geometry": {"type": "Point", "coordinates": [7.84513, 48.776537]}}, {"type": "Feature", "properties": {"nom": "Maison des Associations et de la Culture - Centre culturel Claude Vigée", "code_insee": "67046", "commune": "Bischwiller", "categorie": "scene", "label": "Théâtre de ville", "poids": 1.5, "visiteurs": null, "jauge": 204}, "geometry": {"type": "Point", "coordinates": [7.852668, 48.767474]}}, {"type": "Feature", "properties": {"nom": "Salle Gérard Philipe - Salle de spectacle", "code_insee": "94011", "commune": "Bonneuil-sur-Marne", "categorie": "scene", "label": "Théâtre de ville", "poids": 1.5, "visiteurs": null, "jauge": 240}, "geometry": {"type": "Point", "coordinates": [2.486833, 48.77463]}}, {"type": "Feature", "properties": {"nom": "Service culturel de Bruay-la-Buissière - Espace culturel Grossemy", "code_insee": "62178", "commune": "Bruay-la-Buissière", "categorie": "scene", "label": "Théâtre de ville", "poids": 1.5, "visiteurs": null, "jauge": 470}, "geometry": {"type": "Point", "coordinates": [2.535779, 50.478713]}}, {"type": "Feature", "properties": {"nom": "Espace culturel Treulon", "code_insee": "33075", "commune": "Bruges", "categorie": "scene", "label": "Théâtre de ville", "poids": 1.5, "visiteurs": null, "jauge": 454}, "geometry": {"type": "Point", "coordinates": [-0.613079, 44.882747]}}, {"type": "Feature", "properties": {"nom": "Théâtre Jean-Alary", "code_insee": "11069", "commune": "Carcassonne", "categorie": "scene", "label": "Théâtre de ville", "poids": 1.5, "visiteurs": null, "jauge": 833}, "geometry": {"type": "Point", "coordinates": [2.352495, 43.214214]}}, {"type": "Feature", "properties": {"nom": "Scènes mitoyennes", "code_insee": "59139", "commune": "Caudry", "categorie": "scene", "label": "Théâtre de ville", "poids": 1.5, "visiteurs": null, "jauge": 500}, "geometry": {"type": "Point", "coordinates": [3.409996, 50.12501]}}, {"type": "Feature", "properties": {"nom": "Ondines", "code_insee": "53054", "commune": "Changé", "categorie": "scene", "label": "Théâtre de ville", "poids": 1.5, "visiteurs": null, "jauge": 750}, "geometry": {"type": "Point", "coordinates": [-0.789028, 48.09863]}}, {"type": "Feature", "properties": {"nom": "Théâtre de Charleville-Mézières", "code_insee": "08105", "commune": "Charleville-Mézières", "categorie": "scene", "label": "Théâtre de ville", "poids": 1.5, "visiteurs": null, "jauge": 660}, "geometry": {"type": "Point", "coordinates": [4.718423, 49.773055]}}, {"type": "Feature", "properties": {"nom": "Service culturel de la Communauté de Communes de l'Ouest Vosgien - La Scène Ernest Lambert", "code_insee": "88095", "commune": "Châtenois", "categorie": "scene", "label": "Théâtre de ville", "poids": 1.5, "visiteurs": null, "jauge": 290}, "geometry": {"type": "Point", "coordinates": [5.832828, 48.304143]}}, {"type": "Feature", "properties": {"nom": "Théâtre Saint-Louis", "code_insee": "49099", "commune": "Cholet", "categorie": "scene", "label": "Théâtre de ville", "poids": 1.5, "visiteurs": null, "jauge": 850}, "geometry": {"type": "Point", "coordinates": [-0.88456, 47.058797]}}, {"type": "Feature", "properties": {"nom": "Avant Seine - Théâtre de Colombes", "code_insee": "92025", "commune": "Colombes", "categorie": "scene", "label": "Théâtre de ville", "poids": 1.5, "visiteurs": null, "jauge": 940}, "geometry": {"type": "Point", "coordinates": [2.251274, 48.924158]}}, {"type": "Feature", "properties": {"nom": "Polaris", "code_insee": "69273", "commune": "Corbas", "categorie": "scene", "label": "Théâtre de ville", "poids": 1.5, "visiteurs": null, "jauge": 423}, "geometry": {"type": "Point", "coordinates": [4.895785, 45.664464]}}, {"type": "Feature", "properties": {"nom": "Théâtre Boris Vian", "code_insee": "44047", "commune": "Couëron", "categorie": "scene", "label": "Théâtre de ville", "poids": 1.5, "visiteurs": null, "jauge": 240}, "geometry": {"type": "Point", "coordinates": [-1.72857, 47.217039]}}, {"type": "Feature", "properties": {"nom": "Théâtres du Val d'Yerres Val de Seine - Espace René Fallet", "code_insee": "91191", "commune": "Crosne", "categorie": "scene", "label": "Théâtre de ville", "poids": 1.5, "visiteurs": null, "jauge": 460}, "geometry": {"type": "Point", "coordinates": [2.459017, 48.715515]}}, {"type": "Feature", "properties": {"nom": "Salmanazar - Théâtre Gabrielle Dorziat", "code_insee": "51230", "commune": "Épernay", "categorie": "scene", "label": "Théâtre de ville", "poids": 1.5, "visiteurs": null, "jauge": 480}, "geometry": {"type": "Point", "coordinates": [3.958195, 49.045303]}}, {"type": "Feature", "properties": {"nom": "Genette Verte", "code_insee": "48061", "commune": "Florac Trois Rivières", "categorie": "scene", "label": "Théâtre de ville", "poids": 1.5, "visiteurs": null, "jauge": 272}, "geometry": {"type": "Point", "coordinates": [3.594382, 44.325333]}}, {"type": "Feature", "properties": {"nom": "Espace culturel et de Congrés René Cassin - La Gare", "code_insee": "85092", "commune": "Fontenay-le-Comte", "categorie": "scene", "label": "Théâtre de ville", "poids": 1.5, "visiteurs": null, "jauge": 2991}, "geometry": {"type": "Point", "coordinates": [-0.79326, 46.462018]}}, {"type": "Feature", "properties": {"nom": "Direction des Affaires Culturelles de Fontenay-sous-Bois - Théâtre Jean-François Voguet", "code_insee": "94033", "commune": "Fontenay-sous-Bois", "categorie": "scene", "label": "Théâtre de ville", "poids": 1.5, "visiteurs": null, "jauge": 704}, "geometry": {"type": "Point", "coordinates": [2.477456, 48.849712]}}, {"type": "Feature", "properties": {"nom": "Théâtre de Fos", "code_insee": "13039", "commune": "Fos-sur-Mer", "categorie": "scene", "label": "Théâtre de ville", "poids": 1.5, "visiteurs": null, "jauge": 632}, "geometry": {"type": "Point", "coordinates": [4.943374, 43.454521]}}, {"type": "Feature", "properties": {"nom": "Théâtre Le Forum", "code_insee": "83061", "commune": "Fréjus", "categorie": "scene", "label": "Théâtre de ville", "poids": 1.5, "visiteurs": null, "jauge": 990}, "geometry": {"type": "Point", "coordinates": [6.737624, 43.427642]}}, {"type": "Feature", "properties": {"nom": "Théâtre de l'Albarede", "code_insee": "34111", "commune": "Ganges", "categorie": "scene", "label": "Théâtre de ville", "poids": 1.5, "visiteurs": null, "jauge": 225}, "geometry": {"type": "Point", "coordinates": [3.708181, 43.933158]}}, {"type": "Feature", "properties": {"nom": "Espace Lino Ventura", "code_insee": "95268", "commune": "Garges-lès-Gonesse", "categorie": "scene", "label": "Théâtre de ville", "poids": 1.5, "visiteurs": null, "jauge": null}, "geometry": {"type": "Point", "coordinates": [2.392794, 48.976552]}}, {"type": "Feature", "properties": {"nom": "Théâtres de Grenoble", "code_insee": "38185", "commune": "Grenoble", "categorie": "scene", "label": "Théâtre de ville", "poids": 1.5, "visiteurs": null, "jauge": 600}, "geometry": {"type": "Point", "coordinates": [5.727441, 45.193141]}}, {"type": "Feature", "properties": {"nom": "Théâtres de Grenoble - Théâtre de Poche", "code_insee": "38185", "commune": "Grenoble", "categorie": "scene", "label": "Théâtre de ville", "poids": 1.5, "visiteurs": null, "jauge": 145}, "geometry": {"type": "Point", "coordinates": [5.703331, 45.189291]}}, {"type": "Feature", "properties": {"nom": "Espace culturel Mendi Zolan", "code_insee": "64260", "commune": "Hendaye", "categorie": "scene", "label": "Théâtre de ville", "poids": 1.5, "visiteurs": null, "jauge": 160}, "geometry": {"type": "Point", "coordinates": [-1.784099, 43.371374]}}, {"type": "Feature", "properties": {"nom": "Théâtre de La Celle-Saint-Cloud", "code_insee": "78126", "commune": "La Celle-Saint-Cloud", "categorie": "scene", "label": "Théâtre de ville", "poids": 1.5, "visiteurs": null, "jauge": 470}, "geometry": {"type": "Point", "coordinates": [2.136296, 48.84828]}}, {"type": "Feature", "properties": {"nom": "Espace culturel Capellia", "code_insee": "44035", "commune": "La Chapelle-sur-Erdre", "categorie": "scene", "label": "Théâtre de ville", "poids": 1.5, "visiteurs": null, "jauge": 500}, "geometry": {"type": "Point", "coordinates": [-1.556573, 47.279931]}}, {"type": "Feature", "properties": {"nom": "Maline", "code_insee": "17121", "commune": "La Couarde-sur-Mer", "categorie": "scene", "label": "Théâtre de ville", "poids": 1.5, "visiteurs": null, "jauge": 294}, "geometry": {"type": "Point", "coordinates": [-1.426639, 46.19176]}}, {"type": "Feature", "properties": {"nom": "Centre culturel Jean Houdremont", "code_insee": "93027", "commune": "La Courneuve", "categorie": "scene", "label": "Théâtre de ville", "poids": 1.5, "visiteurs": null, "jauge": 700}, "geometry": {"type": "Point", "coordinates": [2.378149, 48.926586]}}, {"type": "Feature", "properties": {"nom": "Centre culturel Athéna", "code_insee": "72132", "commune": "La Ferté-Bernard", "categorie": "scene", "label": "Théâtre de ville", "poids": 1.5, "visiteurs": null, "jauge": 414}, "geometry": {"type": "Point", "coordinates": [0.649604, 48.182613]}}, {"type": "Feature", "properties": {"nom": "Centre culturel de La Ricamarie", "code_insee": "42183", "commune": "La Ricamarie", "categorie": "scene", "label": "Théâtre de ville", "poids": 1.5, "visiteurs": null, "jauge": 399}, "geometry": {"type": "Point", "coordinates": [4.366681, 45.405534]}}, {"type": "Feature", "properties": {"nom": "Théâtre Cravey", "code_insee": "33529", "commune": "La Teste-de-Buch", "categorie": "scene", "label": "Théâtre de ville", "poids": 1.5, "visiteurs": null, "jauge": 500}, "geometry": {"type": "Point", "coordinates": [-1.150423, 44.631001]}}, {"type": "Feature", "properties": {"nom": "Service culturel de Langres - Théâtre Michel-Humbert", "code_insee": "52269", "commune": "Langres", "categorie": "scene", "label": "Théâtre de ville", "poids": 1.5, "visiteurs": null, "jauge": 256}, "geometry": {"type": "Point", "coordinates": [5.333829, 47.860177]}}, {"type": "Feature", "properties": {"nom": "Théâtre Jacques Coeur", "code_insee": "34129", "commune": "Lattes", "categorie": "scene", "label": "Théâtre de ville", "poids": 1.5, "visiteurs": null, "jauge": null}, "geometry": {"type": "Point", "coordinates": [3.899253, 43.574845]}}, {"type": "Feature", "properties": {"nom": "Mas", "code_insee": "77285", "commune": "Le Mée-sur-Seine", "categorie": "scene", "label": "Théâtre de ville", "poids": 1.5, "visiteurs": null, "jauge": 570}, "geometry": {"type": "Point", "coordinates": [2.632612, 48.544465]}}, {"type": "Feature", "properties": {"nom": "Service culturel de Maisons-Laffitte - Ancienne Église-Centre Ianchelevici", "code_insee": "78396", "commune": "Le Mesnil-le-Roi", "categorie": "scene", "label": "Théâtre de ville", "poids": 1.5, "visiteurs": null, "jauge": 163}, "geometry": {"type": "Point", "coordinates": [2.151992, 48.946312]}}, {"type": "Feature", "properties": {"nom": "Espace Paul Valéry", "code_insee": "94059", "commune": "Le Plessis-Trévise", "categorie": "scene", "label": "Théâtre de ville", "poids": 1.5, "visiteurs": null, "jauge": 380}, "geometry": {"type": "Point", "coordinates": [2.577808, 48.805576]}}, {"type": "Feature", "properties": {"nom": "Agora - Salle de spectacle Georges Brassens - Collège Georges Brassens", "code_insee": "35240", "commune": "Le Rheu", "categorie": "scene", "label": "Théâtre de ville", "poids": 1.5, "visiteurs": null, "jauge": 240}, "geometry": {"type": "Point", "coordinates": [-1.796005, 48.099819]}}, {"type": "Feature", "properties": {"nom": "Théâtre Pierre Barouh", "code_insee": "85109", "commune": "Les Herbiers", "categorie": "scene", "label": "Théâtre de ville", "poids": 1.5, "visiteurs": null, "jauge": 455}, "geometry": {"type": "Point", "coordinates": [-1.011015, 46.868886]}}, {"type": "Feature", "properties": {"nom": "Maisons Folie de Lille - Maison Folie Wazemmes", "code_insee": "59350", "commune": "Lille", "categorie": "scene", "label": "Théâtre de ville", "poids": 1.5, "visiteurs": null, "jauge": null}, "geometry": {"type": "Point", "coordinates": [3.048107, 50.624547]}}, {"type": "Feature", "properties": {"nom": "Théâtre Massenet", "code_insee": "59350", "commune": "Lille", "categorie": "scene", "label": "Théâtre de ville", "poids": 1.5, "visiteurs": null, "jauge": 108}, "geometry": {"type": "Point", "coordinates": [3.088185, 50.6302]}}, {"type": "Feature", "properties": {"nom": "Théâtre Lisieux Normandie", "code_insee": "14366", "commune": "Lisieux", "categorie": "scene", "label": "Théâtre de ville", "poids": 1.5, "visiteurs": null, "jauge": 370}, "geometry": {"type": "Point", "coordinates": [0.22818, 49.14564]}}, {"type": "Feature", "properties": {"nom": "Centre culturel François Mitterrand - Salle de spectacle", "code_insee": "29130", "commune": "Locmaria-Plouzané", "categorie": "scene", "label": "Théâtre de ville", "poids": 1.5, "visiteurs": null, "jauge": 180}, "geometry": {"type": "Point", "coordinates": [-4.64372, 48.374776]}}, {"type": "Feature", "properties": {"nom": "Théâtre Millandy", "code_insee": "85128", "commune": "Luçon", "categorie": "scene", "label": "Théâtre de ville", "poids": 1.5, "visiteurs": null, "jauge": 436}, "geometry": {"type": "Point", "coordinates": [-1.168874, 46.456024]}}, {"type": "Feature", "properties": {"nom": "Théâtre de l'Odéon", "code_insee": "13201", "commune": "Marseille 1er Arrondissement", "categorie": "scene", "label": "Théâtre de ville", "poids": 1.5, "visiteurs": null, "jauge": 774}, "geometry": {"type": "Point", "coordinates": [5.384733, 43.298002]}}, {"type": "Feature", "properties": {"nom": "Théâtre du Gymnase-Bernardines", "code_insee": "13201", "commune": "Marseille 1er Arrondissement", "categorie": "scene", "label": "Théâtre de ville", "poids": 1.5, "visiteurs": null, "jauge": 695}, "geometry": {"type": "Point", "coordinates": [5.382046, 43.29741]}}, {"type": "Feature", "properties": {"nom": "Théâtre Gérard Philipe", "code_insee": "77284", "commune": "Meaux", "categorie": "scene", "label": "Théâtre de ville", "poids": 1.5, "visiteurs": null, "jauge": 95}, "geometry": {"type": "Point", "coordinates": [2.880038, 48.956862]}}, {"type": "Feature", "properties": {"nom": "Théâtre Luxembourg - La Caravelle - Salle Champagne", "code_insee": "77284", "commune": "Meaux", "categorie": "scene", "label": "Théâtre de ville", "poids": 1.5, "visiteurs": null, "jauge": 200}, "geometry": {"type": "Point", "coordinates": [2.90417, 48.950196]}}, {"type": "Feature", "properties": {"nom": "Théâtre Allegro", "code_insee": "01249", "commune": "Miribel", "categorie": "scene", "label": "Théâtre de ville", "poids": 1.5, "visiteurs": null, "jauge": 974}, "geometry": {"type": "Point", "coordinates": [4.913437, 45.871817]}}, {"type": "Feature", "properties": {"nom": "Théâtres de Montauban - Théâtre Olympe de Gouges", "code_insee": "82121", "commune": "Montauban", "categorie": "scene", "label": "Théâtre de ville", "poids": 1.5, "visiteurs": null, "jauge": 600}, "geometry": {"type": "Point", "coordinates": [1.353474, 44.01942]}}, {"type": "Feature", "properties": {"nom": "Service culturel de Montceau-les-Mines", "code_insee": "71306", "commune": "Montceau-les-Mines", "categorie": "scene", "label": "Théâtre de ville", "poids": 1.5, "visiteurs": null, "jauge": 1120}, "geometry": {"type": "Point", "coordinates": [4.361085, 46.676772]}}, {"type": "Feature", "properties": {"nom": "Théâtre Jean Vilar", "code_insee": "34172", "commune": "Montpellier", "categorie": "scene", "label": "Théâtre de ville", "poids": 1.5, "visiteurs": null, "jauge": 374}, "geometry": {"type": "Point", "coordinates": [3.817524, 43.628427]}}, {"type": "Feature", "properties": {"nom": "Théâtre Poche-Ruelle", "code_insee": "68224", "commune": "Mulhouse", "categorie": "scene", "label": "Théâtre de ville", "poids": 1.5, "visiteurs": null, "jauge": null}, "geometry": {"type": "Point", "coordinates": [7.337031, 47.751274]}}, {"type": "Feature", "properties": {"nom": "Théâtre des Sablons", "code_insee": "92051", "commune": "Neuilly-sur-Seine", "categorie": "scene", "label": "Théâtre de ville", "poids": 1.5, "visiteurs": null, "jauge": 760}, "geometry": {"type": "Point", "coordinates": [2.275937, 48.88346]}}, {"type": "Feature", "properties": {"nom": "Théâtre 13", "code_insee": "75113", "commune": "Paris 13e Arrondissement", "categorie": "scene", "label": "Théâtre de ville", "poids": 1.5, "visiteurs": null, "jauge": 220}, "geometry": {"type": "Point", "coordinates": [2.377256, 48.827622]}}, {"type": "Feature", "properties": {"nom": "Plateaux Sauvages", "code_insee": "75120", "commune": "Paris 20e Arrondissement", "categorie": "scene", "label": "Théâtre de ville", "poids": 1.5, "visiteurs": null, "jauge": null}, "geometry": {"type": "Point", "coordinates": [2.389268, 48.867881]}}, {"type": "Feature", "properties": {"nom": "Ville de Pessac - Théâtre de nature", "code_insee": "33318", "commune": "Pessac", "categorie": "scene", "label": "Théâtre de ville", "poids": 1.5, "visiteurs": null, "jauge": null}, "geometry": {"type": "Point", "coordinates": [-0.677539, 44.802307]}}, {"type": "Feature", "properties": {"nom": "Théâtre de Pézenas", "code_insee": "34199", "commune": "Pézenas", "categorie": "scene", "label": "Théâtre de ville", "poids": 1.5, "visiteurs": null, "jauge": 234}, "geometry": {"type": "Point", "coordinates": [3.420465, 43.460498]}}, {"type": "Feature", "properties": {"nom": "Théâtres de Lanion Trégor Communauté - Centre culturel Le Sillon", "code_insee": "22195", "commune": "Pleubian", "categorie": "scene", "label": "Théâtre de ville", "poids": 1.5, "visiteurs": null, "jauge": 292}, "geometry": {"type": "Point", "coordinates": [-3.148273, 48.834024]}}, {"type": "Feature", "properties": {"nom": "Théâtre municipal de Roanne", "code_insee": "42187", "commune": "Roanne", "categorie": "scene", "label": "Théâtre de ville", "poids": 1.5, "visiteurs": null, "jauge": 570}, "geometry": {"type": "Point", "coordinates": [4.073571, 46.034286]}}, {"type": "Feature", "properties": {"nom": "Romans Scènes - Théâtre de la Presle", "code_insee": "26281", "commune": "Romans-sur-Isère", "categorie": "scene", "label": "Théâtre de ville", "poids": 1.5, "visiteurs": null, "jauge": 200}, "geometry": {"type": "Point", "coordinates": [5.041811, 45.043692]}}, {"type": "Feature", "properties": {"nom": "Romans Scènes - Salle Jean Vilar", "code_insee": "26281", "commune": "Romans-sur-Isère", "categorie": "scene", "label": "Théâtre de ville", "poids": 1.5, "visiteurs": null, "jauge": null}, "geometry": {"type": "Point", "coordinates": [5.050736, 45.043951]}}, {"type": "Feature", "properties": {"nom": "Pyramide", "code_insee": "41194", "commune": "Romorantin-Lanthenay", "categorie": "scene", "label": "Théâtre de ville", "poids": 1.5, "visiteurs": null, "jauge": 706}, "geometry": {"type": "Point", "coordinates": [1.736714, 47.367518]}}, {"type": "Feature", "properties": {"nom": "Athénée - Le Petit Théâtre de Rueil", "code_insee": "92063", "commune": "Rueil-Malmaison", "categorie": "scene", "label": "Théâtre de ville", "poids": 1.5, "visiteurs": null, "jauge": 158}, "geometry": {"type": "Point", "coordinates": [2.172628, 48.885929]}}, {"type": "Feature", "properties": {"nom": "Théâtre de l'Hôtel de Ville", "code_insee": "49267", "commune": "Saint-Barthélemy-d'Anjou", "categorie": "scene", "label": "Théâtre de ville", "poids": 1.5, "visiteurs": null, "jauge": 354}, "geometry": {"type": "Point", "coordinates": [-0.495831, 47.468887]}}, {"type": "Feature", "properties": {"nom": "Théâtre de l'Hôtel de Ville - La Cressonnière", "code_insee": "49267", "commune": "Saint-Barthélemy-d'Anjou", "categorie": "scene", "label": "Théâtre de ville", "poids": 1.5, "visiteurs": null, "jauge": null}, "geometry": {"type": "Point", "coordinates": [-0.487392, 47.480922]}}, {"type": "Feature", "properties": {"nom": "3 Pierrots", "code_insee": "92064", "commune": "Saint-Cloud", "categorie": "scene", "label": "Théâtre de ville", "poids": 1.5, "visiteurs": null, "jauge": 573}, "geometry": {"type": "Point", "coordinates": [2.216723, 48.852148]}}, {"type": "Feature", "properties": {"nom": "Association CREA", "code_insee": "17333", "commune": "Saint-Georges-de-Didonne", "categorie": "scene", "label": "Théâtre de ville", "poids": 1.5, "visiteurs": null, "jauge": 276}, "geometry": {"type": "Point", "coordinates": [-0.992942, 45.599667]}}, {"type": "Feature", "properties": {"nom": "Théâtre de Saint-Lô - Théâtre Roger Ferdinand", "code_insee": "50502", "commune": "Saint-Lô", "categorie": "scene", "label": "Théâtre de ville", "poids": 1.5, "visiteurs": null, "jauge": 408}, "geometry": {"type": "Point", "coordinates": [-1.09079, 49.114188]}}, {"type": "Feature", "properties": {"nom": "Centre culturel La Coupole - Salle de spectacle", "code_insee": "33433", "commune": "Saint-Loubès", "categorie": "scene", "label": "Théâtre de ville", "poids": 1.5, "visiteurs": null, "jauge": 800}, "geometry": {"type": "Point", "coordinates": [-0.42452, 44.914926]}}, {"type": "Feature", "properties": {"nom": "Théâtre La Coupole", "code_insee": "68297", "commune": "Saint-Louis", "categorie": "scene", "label": "Théâtre de ville", "poids": 1.5, "visiteurs": null, "jauge": 624}, "geometry": {"type": "Point", "coordinates": [7.561982, 47.585918]}}, {"type": "Feature", "properties": {"nom": "Théâtres de Saint-Malo - Théâtre Chateaubriand", "code_insee": "35288", "commune": "Saint-Malo", "categorie": "scene", "label": "Théâtre de ville", "poids": 1.5, "visiteurs": null, "jauge": 306}, "geometry": {"type": "Point", "coordinates": [-2.027648, 48.650116]}}, {"type": "Feature", "properties": {"nom": "Service culturel de Saint-Quentin - Le Splendid", "code_insee": "02691", "commune": "Saint-Quentin", "categorie": "scene", "label": "Théâtre de ville", "poids": 1.5, "visiteurs": null, "jauge": 1300}, "geometry": {"type": "Point", "coordinates": [3.29347, 49.841731]}}, {"type": "Feature", "properties": {"nom": "Espace Louise Labé", "code_insee": "69291", "commune": "Saint-Symphorien-d'Ozon", "categorie": "scene", "label": "Théâtre de ville", "poids": 1.5, "visiteurs": null, "jauge": 239}, "geometry": {"type": "Point", "coordinates": [4.866162, 45.632631]}}, {"type": "Feature", "properties": {"nom": "Théâtre municipal Armand", "code_insee": "13103", "commune": "Salon-de-Provence", "categorie": "scene", "label": "Théâtre de ville", "poids": 1.5, "visiteurs": null, "jauge": 420}, "geometry": {"type": "Point", "coordinates": [5.09458, 43.641096]}}, {"type": "Feature", "properties": {"nom": "Service culturel de Sarreguemines-Auditorium du Casino des Faïenceries", "code_insee": "57631", "commune": "Sarreguemines", "categorie": "scene", "label": "Théâtre de ville", "poids": 1.5, "visiteurs": null, "jauge": 300}, "geometry": {"type": "Point", "coordinates": [7.073238, 49.11045]}}, {"type": "Feature", "properties": {"nom": "Service culturel - Schiltigheim Culture - Le Cheval blanc", "code_insee": "67447", "commune": "Schiltigheim", "categorie": "scene", "label": "Théâtre de ville", "poids": 1.5, "visiteurs": null, "jauge": 173}, "geometry": {"type": "Point", "coordinates": [7.751785, 48.60625]}}, {"type": "Feature", "properties": {"nom": "Centre culturel L'Ilyade", "code_insee": "38485", "commune": "Seyssinet-Pariset", "categorie": "scene", "label": "Théâtre de ville", "poids": 1.5, "visiteurs": null, "jauge": 300}, "geometry": {"type": "Point", "coordinates": [5.692477, 45.175295]}}, {"type": "Feature", "properties": {"nom": "Espace Paul Éluard", "code_insee": "93072", "commune": "Stains", "categorie": "scene", "label": "Théâtre de ville", "poids": 1.5, "visiteurs": null, "jauge": 500}, "geometry": {"type": "Point", "coordinates": [2.381372, 48.951678]}}, {"type": "Feature", "properties": {"nom": "Dôme", "code_insee": "33522", "commune": "Talence", "categorie": "scene", "label": "Théâtre de ville", "poids": 1.5, "visiteurs": null, "jauge": 200}, "geometry": {"type": "Point", "coordinates": [-0.591887, 44.792543]}}, {"type": "Feature", "properties": {"nom": "Théâtre de Tarascon", "code_insee": "13108", "commune": "Tarascon", "categorie": "scene", "label": "Théâtre de ville", "poids": 1.5, "visiteurs": null, "jauge": null}, "geometry": {"type": "Point", "coordinates": [4.659824, 43.8041]}}, {"type": "Feature", "properties": {"nom": "Service culturel de Tarbes - Tarbes en Scènes - Théâtre des Nouveautés", "code_insee": "65440", "commune": "Tarbes", "categorie": "scene", "label": "Théâtre de ville", "poids": 1.5, "visiteurs": null, "jauge": 600}, "geometry": {"type": "Point", "coordinates": [0.075626, 43.230176]}}, {"type": "Feature", "properties": {"nom": "Centre culturel de Terrasson", "code_insee": "24547", "commune": "Terrasson-Lavilledieu", "categorie": "scene", "label": "Théâtre de ville", "poids": 1.5, "visiteurs": null, "jauge": 145}, "geometry": {"type": "Point", "coordinates": [1.301744, 45.126591]}}, {"type": "Feature", "properties": {"nom": "Espace Lino Ventura", "code_insee": "77468", "commune": "Torcy", "categorie": "scene", "label": "Théâtre de ville", "poids": 1.5, "visiteurs": null, "jauge": 440}, "geometry": {"type": "Point", "coordinates": [2.652522, 48.849888]}}, {"type": "Feature", "properties": {"nom": "Théâtre Jules-Julien", "code_insee": "31555", "commune": "Toulouse", "categorie": "scene", "label": "Théâtre de ville", "poids": 1.5, "visiteurs": null, "jauge": 345}, "geometry": {"type": "Point", "coordinates": [1.453671, 43.574148]}}, {"type": "Feature", "properties": {"nom": "Théâtre municipal Raymond Devos", "code_insee": "59599", "commune": "Tourcoing", "categorie": "scene", "label": "Théâtre de ville", "poids": 1.5, "visiteurs": null, "jauge": 850}, "geometry": {"type": "Point", "coordinates": [3.15351, 50.720773]}}, {"type": "Feature", "properties": {"nom": "Centre culturel communal Charlie Chaplin", "code_insee": "69256", "commune": "Vaulx-en-Velin", "categorie": "scene", "label": "Théâtre de ville", "poids": 1.5, "visiteurs": null, "jauge": 1200}, "geometry": {"type": "Point", "coordinates": [4.920218, 45.778308]}}, {"type": "Feature", "properties": {"nom": "Théâtre Georges Leygues", "code_insee": "47323", "commune": "Villeneuve-sur-Lot", "categorie": "scene", "label": "Théâtre de ville", "poids": 1.5, "visiteurs": null, "jauge": 748}, "geometry": {"type": "Point", "coordinates": [0.706234, 44.409115]}}, {"type": "Feature", "properties": {"nom": "Espaces V - Roger Lefort", "code_insee": "93078", "commune": "Villepinte", "categorie": "scene", "label": "Théâtre de ville", "poids": 1.5, "visiteurs": null, "jauge": 794}, "geometry": {"type": "Point", "coordinates": [2.554272, 48.96142]}}, {"type": "Feature", "properties": {"nom": "Service culturel de Villiers-le-Bel - Espace Marcel Pagnol", "code_insee": "95680", "commune": "Villiers-le-Bel", "categorie": "scene", "label": "Théâtre de ville", "poids": 1.5, "visiteurs": null, "jauge": 500}, "geometry": {"type": "Point", "coordinates": [2.398429, 49.006207]}}, {"type": "Feature", "properties": {"nom": "Service culturel de Montceau-les-Mines - Auditorium Jean Maillot - Ateliers du Jour", "code_insee": "71306", "commune": "Montceau-les-Mines", "categorie": "scene", "label": "Théâtre de ville", "poids": 1.5, "visiteurs": null, "jauge": 99}, "geometry": {"type": "Point", "coordinates": [4.35766, 46.672385]}}, {"type": "Feature", "properties": {"nom": "musée d'art et d'archéologie", "code_insee": "71137", "commune": "Cluny", "categorie": "musee", "label": "Musée de France", "poids": 1.5, "visiteurs": 31714, "jauge": null}, "geometry": {"type": "Point", "coordinates": [4.657612, 46.435586]}}, {"type": "Feature", "properties": {"nom": "musée de préhistoire d'Île-de-France", "code_insee": "77333", "commune": "Nemours", "categorie": "musee", "label": "Musée de France", "poids": 1.5, "visiteurs": 31802, "jauge": null}, "geometry": {"type": "Point", "coordinates": [2.714709, 48.260788]}}, {"type": "Feature", "properties": {"nom": "Pléiade", "code_insee": "37004", "commune": "Anché", "categorie": "scene", "label": "Théâtre de ville", "poids": 1.5, "visiteurs": null, "jauge": 300}, "geometry": {"type": "Point", "coordinates": [0.308412, 47.136239]}}, {"type": "Feature", "properties": {"nom": "Auditorium Seynod", "code_insee": "74010", "commune": "Annecy", "categorie": "scene", "label": "Théâtre de ville", "poids": 1.5, "visiteurs": null, "jauge": 389}, "geometry": {"type": "Point", "coordinates": [6.101996, 45.888758]}}, {"type": "Feature", "properties": {"nom": "Théâtre de Propriano", "code_insee": "2A018", "commune": "Arbellara", "categorie": "scene", "label": "Théâtre de ville", "poids": 1.5, "visiteurs": null, "jauge": 400}, "geometry": {"type": "Point", "coordinates": [8.989238, 41.68232]}}, {"type": "Feature", "properties": {"nom": "Théâtre d'Arles", "code_insee": "13004", "commune": "Arles", "categorie": "scene", "label": "Théâtre de ville", "poids": 1.5, "visiteurs": null, "jauge": null}, "geometry": {"type": "Point", "coordinates": [4.624453, 43.676078]}}, {"type": "Feature", "properties": {"nom": "Service culturel de Villiers-le-Bel", "code_insee": "95019", "commune": "Arnouville", "categorie": "scene", "label": "Théâtre de ville", "poids": 1.5, "visiteurs": null, "jauge": 90}, "geometry": {"type": "Point", "coordinates": [2.417683, 49.002281]}}, {"type": "Feature", "properties": {"nom": "Théâtre Armande Béjart", "code_insee": "92004", "commune": "Asnières-sur-Seine", "categorie": "scene", "label": "Théâtre de ville", "poids": 1.5, "visiteurs": null, "jauge": 800}, "geometry": {"type": "Point", "coordinates": [2.289577, 48.910833]}}, {"type": "Feature", "properties": {"nom": "Théâtre Comoedia", "code_insee": "13005", "commune": "Aubagne", "categorie": "scene", "label": "Théâtre de ville", "poids": 1.5, "visiteurs": null, "jauge": 500}, "geometry": {"type": "Point", "coordinates": [5.567531, 43.293016]}}, {"type": "Feature", "properties": {"nom": "Centre culturel Athéna", "code_insee": "56007", "commune": "Auray", "categorie": "scene", "label": "Théâtre de ville", "poids": 1.5, "visiteurs": null, "jauge": 683}, "geometry": {"type": "Point", "coordinates": [-2.990447, 47.665928]}}, {"type": "Feature", "properties": {"nom": "Centre culturel La Ferme Corsange", "code_insee": "77018", "commune": "Bailly-Romainvilliers", "categorie": "scene", "label": "Théâtre de ville", "poids": 1.5, "visiteurs": null, "jauge": 235}, "geometry": {"type": "Point", "coordinates": [2.825376, 48.847758]}}, {"type": "Feature", "properties": {"nom": "Théâtre Les Arts - Théâtre", "code_insee": "71030", "commune": "Bergesserin", "categorie": "scene", "label": "Théâtre de ville", "poids": 1.5, "visiteurs": null, "jauge": 287}, "geometry": {"type": "Point", "coordinates": [4.561816, 46.401499]}}, {"type": "Feature", "properties": {"nom": "Théâtre municipal de Béziers", "code_insee": "34032", "commune": "Béziers", "categorie": "scene", "label": "Théâtre de ville", "poids": 1.5, "visiteurs": null, "jauge": 472}, "geometry": {"type": "Point", "coordinates": [3.215088, 43.343981]}}, {"type": "Feature", "properties": {"nom": "Complexe culturel des Terres Blanches - Complexe culturel des Terres blanches", "code_insee": "13015", "commune": "Bouc-Bel-Air", "categorie": "scene", "label": "Théâtre de ville", "poids": 1.5, "visiteurs": null, "jauge": 190}, "geometry": {"type": "Point", "coordinates": [5.418341, 43.453738]}}, {"type": "Feature", "properties": {"nom": "Théâtre Epidaure", "code_insee": "72042", "commune": "Bouloire", "categorie": "scene", "label": "Théâtre de ville", "poids": 1.5, "visiteurs": null, "jauge": 160}, "geometry": {"type": "Point", "coordinates": [0.554038, 47.973487]}}, {"type": "Feature", "properties": {"nom": "Scènes de Territoire - Services culturels de l'Agglomération du Bocage Bressuirais-La Passerelle", "code_insee": "79049", "commune": "Bressuire", "categorie": "scene", "label": "Théâtre de ville", "poids": 1.5, "visiteurs": null, "jauge": 412}, "geometry": {"type": "Point", "coordinates": [-0.492963, 46.836448]}}, {"type": "Feature", "properties": {"nom": "Association CREA - Salle multiculturelle de Breuillet", "code_insee": "17064", "commune": "Breuillet", "categorie": "scene", "label": "Théâtre de ville", "poids": 1.5, "visiteurs": null, "jauge": 300}, "geometry": {"type": "Point", "coordinates": [-1.061451, 45.691572]}}, {"type": "Feature", "properties": {"nom": "Centre culturel Le Briscope", "code_insee": "69027", "commune": "Brignais", "categorie": "scene", "label": "Théâtre de ville", "poids": 1.5, "visiteurs": null, "jauge": 374}, "geometry": {"type": "Point", "coordinates": [4.737891, 45.677545]}}, {"type": "Feature", "properties": {"nom": "Pôle en Scènes", "code_insee": "69029", "commune": "Bron", "categorie": "scene", "label": "Théâtre de ville", "poids": 1.5, "visiteurs": null, "jauge": 500}, "geometry": {"type": "Point", "coordinates": [4.919834, 45.727417]}}, {"type": "Feature", "properties": {"nom": "Service culturel de Bruay-la-Buissière - Le Temple", "code_insee": "62178", "commune": "Bruay-la-Buissière", "categorie": "scene", "label": "Théâtre de ville", "poids": 1.5, "visiteurs": null, "jauge": null}, "geometry": {"type": "Point", "coordinates": [2.542874, 50.481038]}}, {"type": "Feature", "properties": {"nom": "Grand Logis", "code_insee": "35047", "commune": "Bruz", "categorie": "scene", "label": "Théâtre de ville", "poids": 1.5, "visiteurs": null, "jauge": 420}, "geometry": {"type": "Point", "coordinates": [-1.744747, 48.023066]}}, {"type": "Feature", "properties": {"nom": "Centre culturel Marcel Pagnol", "code_insee": "91122", "commune": "Bures-sur-Yvette", "categorie": "scene", "label": "Théâtre de ville", "poids": 1.5, "visiteurs": null, "jauge": 157}, "geometry": {"type": "Point", "coordinates": [2.163686, 48.697263]}}, {"type": "Feature", "properties": {"nom": "Service culturel de Calais - Centre culturel Gérard Philippe", "code_insee": "62193", "commune": "Calais", "categorie": "scene", "label": "Théâtre de ville", "poids": 1.5, "visiteurs": null, "jauge": 250}, "geometry": {"type": "Point", "coordinates": [1.890007, 50.949503]}}, {"type": "Feature", "properties": {"nom": "Espace Culturel François Mitterrand", "code_insee": "76157", "commune": "Canteleu", "categorie": "scene", "label": "Théâtre de ville", "poids": 1.5, "visiteurs": null, "jauge": 300}, "geometry": {"type": "Point", "coordinates": [1.035345, 49.451594]}}, {"type": "Feature", "properties": {"nom": "Centre culturel Pôle Sud", "code_insee": "35066", "commune": "Chartres-de-Bretagne", "categorie": "scene", "label": "Théâtre de ville", "poids": 1.5, "visiteurs": null, "jauge": 345}, "geometry": {"type": "Point", "coordinates": [-1.695735, 48.041282]}}, {"type": "Feature", "properties": {"nom": "Service culturel de Châteaudun - Théâtre Municipal", "code_insee": "28088", "commune": "Châteaudun", "categorie": "scene", "label": "Théâtre de ville", "poids": 1.5, "visiteurs": null, "jauge": 500}, "geometry": {"type": "Point", "coordinates": [1.326259, 48.071138]}}, {"type": "Feature", "properties": {"nom": "Théâtre André Malraux", "code_insee": "94021", "commune": "Chevilly-Larue", "categorie": "scene", "label": "Théâtre de ville", "poids": 1.5, "visiteurs": null, "jauge": 411}, "geometry": {"type": "Point", "coordinates": [2.364653, 48.763632]}}, {"type": "Feature", "properties": {"nom": "Cour des Trois Coquins", "code_insee": "63113", "commune": "Clermont-Ferrand", "categorie": "scene", "label": "Théâtre de ville", "poids": 1.5, "visiteurs": null, "jauge": 418}, "geometry": {"type": "Point", "coordinates": [3.108091, 45.779522]}}, {"type": "Feature", "properties": {"nom": "Théâtre municipal de Colmar", "code_insee": "68066", "commune": "Colmar", "categorie": "scene", "label": "Théâtre de ville", "poids": 1.5, "visiteurs": null, "jauge": 550}, "geometry": {"type": "Point", "coordinates": [7.354733, 48.079565]}}, {"type": "Feature", "properties": {"nom": "Théâtres de Compiègne-Théâtre Impérial", "code_insee": "60159", "commune": "Compiègne", "categorie": "scene", "label": "Théâtre de ville", "poids": 1.5, "visiteurs": null, "jauge": 816}, "geometry": {"type": "Point", "coordinates": [2.830042, 49.419478]}}, {"type": "Feature", "properties": {"nom": "Théâtre Les Docks", "code_insee": "80212", "commune": "Corbie", "categorie": "scene", "label": "Théâtre de ville", "poids": 1.5, "visiteurs": null, "jauge": null}, "geometry": {"type": "Point", "coordinates": [2.511999, 49.907761]}}, {"type": "Feature", "properties": {"nom": "Association Expansion artistique - Centre culturel Voltaire", "code_insee": "76216", "commune": "Déville-lès-Rouen", "categorie": "scene", "label": "Théâtre de ville", "poids": 1.5, "visiteurs": null, "jauge": 492}, "geometry": {"type": "Point", "coordinates": [1.051317, 49.467334]}}, {"type": "Feature", "properties": {"nom": "Imaginaire - Centre des arts et de la culture", "code_insee": "59179", "commune": "Douchy-les-Mines", "categorie": "scene", "label": "Théâtre de ville", "poids": 1.5, "visiteurs": null, "jauge": 500}, "geometry": {"type": "Point", "coordinates": [3.390251, 50.300211]}}, {"type": "Feature", "properties": {"nom": "Théâtre Philippe Noiret", "code_insee": "49125", "commune": "Doué-en-Anjou", "categorie": "scene", "label": "Théâtre de ville", "poids": 1.5, "visiteurs": null, "jauge": 324}, "geometry": {"type": "Point", "coordinates": [-0.27717, 47.195106]}}, {"type": "Feature", "properties": {"nom": "Centre culturel René Cassin", "code_insee": "91200", "commune": "Dourdan", "categorie": "scene", "label": "Théâtre de ville", "poids": 1.5, "visiteurs": null, "jauge": 327}, "geometry": {"type": "Point", "coordinates": [2.010627, 48.52787]}}, {"type": "Feature", "properties": {"nom": "Théâtre de Dreux", "code_insee": "28134", "commune": "Dreux", "categorie": "scene", "label": "Théâtre de ville", "poids": 1.5, "visiteurs": null, "jauge": 437}, "geometry": {"type": "Point", "coordinates": [1.363502, 48.733949]}}, {"type": "Feature", "properties": {"nom": "Espace culturel L'Orange Bleue - Salle de spectacle", "code_insee": "95203", "commune": "Eaubonne", "categorie": "scene", "label": "Théâtre de ville", "poids": 1.5, "visiteurs": null, "jauge": 354}, "geometry": {"type": "Point", "coordinates": [2.278233, 48.99239]}}, {"type": "Feature", "properties": {"nom": "Centre culturel", "code_insee": "69081", "commune": "Écully", "categorie": "scene", "label": "Théâtre de ville", "poids": 1.5, "visiteurs": null, "jauge": 144}, "geometry": {"type": "Point", "coordinates": [4.778383, 45.779053]}}, {"type": "Feature", "properties": {"nom": "Prisme", "code_insee": "78208", "commune": "Élancourt", "categorie": "scene", "label": "Théâtre de ville", "poids": 1.5, "visiteurs": null, "jauge": 756}, "geometry": {"type": "Point", "coordinates": [1.948534, 48.766151]}}, {"type": "Feature", "properties": {"nom": "Forum", "code_insee": "14258", "commune": "Falaise", "categorie": "scene", "label": "Théâtre de ville", "poids": 1.5, "visiteurs": null, "jauge": 548}, "geometry": {"type": "Point", "coordinates": [-0.198982, 48.894936]}}, {"type": "Feature", "properties": {"nom": "Espace Gérard Philipe", "code_insee": "59225", "commune": "Feignies", "categorie": "scene", "label": "Théâtre de ville", "poids": 1.5, "visiteurs": null, "jauge": 330}, "geometry": {"type": "Point", "coordinates": [3.917204, 50.29826]}}, {"type": "Feature", "properties": {"nom": "Astrolabe – Services culturels du Grand-Figeac - Salle Balène", "code_insee": "46102", "commune": "Figeac", "categorie": "scene", "label": "Théâtre de ville", "poids": 1.5, "visiteurs": null, "jauge": null}, "geometry": {"type": "Point", "coordinates": [2.033207, 44.607359]}}, {"type": "Feature", "properties": {"nom": "Maison de la culture Le Corbusier", "code_insee": "42095", "commune": "Firminy", "categorie": "scene", "label": "Théâtre de ville", "poids": 1.5, "visiteurs": null, "jauge": 200}, "geometry": {"type": "Point", "coordinates": [4.289178, 45.383266]}}, {"type": "Feature", "properties": {"nom": "Centre culturel La Passerelle", "code_insee": "57221", "commune": "Florange", "categorie": "scene", "label": "Théâtre de ville", "poids": 1.5, "visiteurs": null, "jauge": 442}, "geometry": {"type": "Point", "coordinates": [6.120486, 49.323589]}}, {"type": "Feature", "properties": {"nom": "Théâtre de Fontainebleau", "code_insee": "77186", "commune": "Fontainebleau", "categorie": "scene", "label": "Théâtre de ville", "poids": 1.5, "visiteurs": null, "jauge": 475}, "geometry": {"type": "Point", "coordinates": [2.697466, 48.402955]}}, {"type": "Feature", "properties": {"nom": "Espace culturel et de Congrés René Cassin - La Gare - Théâtre Municipal", "code_insee": "85092", "commune": "Fontenay-le-Comte", "categorie": "scene", "label": "Théâtre de ville", "poids": 1.5, "visiteurs": null, "jauge": 257}, "geometry": {"type": "Point", "coordinates": [-0.810895, 46.467512]}}, {"type": "Feature", "properties": {"nom": "Théâtre de Fontenay-le-Fleury", "code_insee": "78242", "commune": "Fontenay-le-Fleury", "categorie": "scene", "label": "Théâtre de ville", "poids": 1.5, "visiteurs": null, "jauge": 351}, "geometry": {"type": "Point", "coordinates": [2.044756, 48.810602]}}, {"type": "Feature", "properties": {"nom": "Grange Dîmière - Théâtre de Fresnes", "code_insee": "94034", "commune": "Fresnes", "categorie": "scene", "label": "Théâtre de ville", "poids": 1.5, "visiteurs": null, "jauge": 170}, "geometry": {"type": "Point", "coordinates": [2.334406, 48.761255]}}, {"type": "Feature", "properties": {"nom": "Espace Sarah Bernhardt - Salle de spectacle", "code_insee": "95280", "commune": "Goussainville", "categorie": "scene", "label": "Théâtre de ville", "poids": 1.5, "visiteurs": null, "jauge": 480}, "geometry": {"type": "Point", "coordinates": [2.4721, 49.032302]}}, {"type": "Feature", "properties": {"nom": "Théâtres de Grenoble - Théâtre 145", "code_insee": "38185", "commune": "Grenoble", "categorie": "scene", "label": "Théâtre de ville", "poids": 1.5, "visiteurs": null, "jauge": 277}, "geometry": {"type": "Point", "coordinates": [5.706714, 45.188522]}}, {"type": "Feature", "properties": {"nom": "Centre culturel Athanor", "code_insee": "44069", "commune": "Guérande", "categorie": "scene", "label": "Théâtre de ville", "poids": 1.5, "visiteurs": null, "jauge": 350}, "geometry": {"type": "Point", "coordinates": [-2.426228, 47.330855]}}, {"type": "Feature", "properties": {"nom": "Service culturel d'Herblay - Espace André Malraux (EAM) - Salle de spectacle La Luciole", "code_insee": "95306", "commune": "Herblay-sur-Seine", "categorie": "scene", "label": "Théâtre de ville", "poids": 1.5, "visiteurs": null, "jauge": 106}, "geometry": {"type": "Point", "coordinates": [2.174893, 48.991379]}}, {"type": "Feature", "properties": {"nom": "Illiade", "code_insee": "67218", "commune": "Illkirch-Graffenstaden", "categorie": "scene", "label": "Théâtre de ville", "poids": 1.5, "visiteurs": null, "jauge": 626}, "geometry": {"type": "Point", "coordinates": [7.706953, 48.528505]}}, {"type": "Feature", "properties": {"nom": "Théâtre d'Ivry Antoine Vitez", "code_insee": "94041", "commune": "Ivry-sur-Seine", "categorie": "scene", "label": "Théâtre de ville", "poids": 1.5, "visiteurs": null, "jauge": 340}, "geometry": {"type": "Point", "coordinates": [2.386323, 48.810518]}}, {"type": "Feature", "properties": {"nom": "Espace Malraux", "code_insee": "37122", "commune": "Joué-lès-Tours", "categorie": "scene", "label": "Théâtre de ville", "poids": 1.5, "visiteurs": null, "jauge": 1402}, "geometry": {"type": "Point", "coordinates": [0.644716, 47.352413]}}, {"type": "Feature", "properties": {"nom": "Carroi (La Flèche) - Salle de spectacle Coppélia", "code_insee": "72154", "commune": "La Flèche", "categorie": "scene", "label": "Théâtre de ville", "poids": 1.5, "visiteurs": null, "jauge": 700}, "geometry": {"type": "Point", "coordinates": [-0.074821, 47.695987]}}, {"type": "Feature", "properties": {"nom": "Carmes", "code_insee": "33227", "commune": "Langon", "categorie": "scene", "label": "Théâtre de ville", "poids": 1.5, "visiteurs": null, "jauge": 460}, "geometry": {"type": "Point", "coordinates": [-0.245516, 44.555121]}}, {"type": "Feature", "properties": {"nom": "Théâtre du Vésinet - Alain Josemann", "code_insee": "78650", "commune": "Le Vésinet", "categorie": "scene", "label": "Théâtre de ville", "poids": 1.5, "visiteurs": null, "jauge": 997}, "geometry": {"type": "Point", "coordinates": [2.134318, 48.893398]}}, {"type": "Feature", "properties": {"nom": "Espace Philippe Noiret", "code_insee": "78165", "commune": "Les Clayes-sous-Bois", "categorie": "scene", "label": "Théâtre de ville", "poids": 1.5, "visiteurs": null, "jauge": 294}, "geometry": {"type": "Point", "coordinates": [1.986714, 48.821313]}}, {"type": "Feature", "properties": {"nom": "Théâtre du Garde-chasse", "code_insee": "93045", "commune": "Les Lilas", "categorie": "scene", "label": "Théâtre de ville", "poids": 1.5, "visiteurs": null, "jauge": 320}, "geometry": {"type": "Point", "coordinates": [2.419584, 48.881087]}}, {"type": "Feature", "properties": {"nom": "Théâtre des Dames", "code_insee": "49246", "commune": "Les Ponts-de-Cé", "categorie": "scene", "label": "Théâtre de ville", "poids": 1.5, "visiteurs": null, "jauge": null}, "geometry": {"type": "Point", "coordinates": [-0.526938, 47.423476]}}, {"type": "Feature", "properties": {"nom": "Centre culturel de Liffré - Salle de spectacle", "code_insee": "35152", "commune": "Liffré", "categorie": "scene", "label": "Théâtre de ville", "poids": 1.5, "visiteurs": null, "jauge": 340}, "geometry": {"type": "Point", "coordinates": [-1.505956, 48.208513]}}, {"type": "Feature", "properties": {"nom": "Centre culturel Juliobona", "code_insee": "76384", "commune": "Lillebonne", "categorie": "scene", "label": "Théâtre de ville", "poids": 1.5, "visiteurs": null, "jauge": 468}, "geometry": {"type": "Point", "coordinates": [0.53231, 49.518115]}}, {"type": "Feature", "properties": {"nom": "Théâtre de Longjumeau", "code_insee": "91345", "commune": "Longjumeau", "categorie": "scene", "label": "Théâtre de ville", "poids": 1.5, "visiteurs": null, "jauge": 1254}, "geometry": {"type": "Point", "coordinates": [2.299044, 48.695531]}}, {"type": "Feature", "properties": {"nom": "Théâtre de la Croix-Rousse", "code_insee": "69383", "commune": "Lyon 3e Arrondissement", "categorie": "scene", "label": "Théâtre de ville", "poids": 1.5, "visiteurs": null, "jauge": 676}, "geometry": {"type": "Point", "coordinates": [4.833213, 45.781291]}}, {"type": "Feature", "properties": {"nom": "Théâtre des Clochards célestes", "code_insee": "69383", "commune": "Lyon 3e Arrondissement", "categorie": "scene", "label": "Théâtre de ville", "poids": 1.5, "visiteurs": null, "jauge": 49}, "geometry": {"type": "Point", "coordinates": [4.836943, 45.771756]}}, {"type": "Feature", "properties": {"nom": "Ciel - scène européenne pour l'enfance et la jeunesse", "code_insee": "69388", "commune": "Lyon 8e Arrondissement", "categorie": "scene", "label": "Théâtre de ville", "poids": 1.5, "visiteurs": null, "jauge": null}, "geometry": {"type": "Point", "coordinates": [4.867959, 45.730185]}}, {"type": "Feature", "properties": {"nom": "Service culturel Durance Luberon Verdon Agglomération - Théâtre Jean le Bleu - Grande Salle", "code_insee": "04112", "commune": "Manosque", "categorie": "scene", "label": "Théâtre de ville", "poids": 1.5, "visiteurs": null, "jauge": 782}, "geometry": {"type": "Point", "coordinates": [5.786785, 43.831892]}}, {"type": "Feature", "properties": {"nom": "Centre culturel Jean Vilar", "code_insee": "78372", "commune": "Marly-le-Roi", "categorie": "scene", "label": "Théâtre de ville", "poids": 1.5, "visiteurs": null, "jauge": 249}, "geometry": {"type": "Point", "coordinates": [2.097173, 48.87598]}}, {"type": "Feature", "properties": {"nom": "Service culturel de Mende - Espace des Anges", "code_insee": "48095", "commune": "Mende", "categorie": "scene", "label": "Théâtre de ville", "poids": 1.5, "visiteurs": null, "jauge": 156}, "geometry": {"type": "Point", "coordinates": [3.497761, 44.521061]}}, {"type": "Feature", "properties": {"nom": "Pin Galant", "code_insee": "33281", "commune": "Mérignac", "categorie": "scene", "label": "Théâtre de ville", "poids": 1.5, "visiteurs": null, "jauge": 1410}, "geometry": {"type": "Point", "coordinates": [-0.653064, 44.844788]}}, {"type": "Feature", "properties": {"nom": "Renaissance", "code_insee": "14437", "commune": "Mondeville", "categorie": "scene", "label": "Théâtre de ville", "poids": 1.5, "visiteurs": null, "jauge": 433}, "geometry": {"type": "Point", "coordinates": [-0.309805, 49.185277]}}, {"type": "Feature", "properties": {"nom": "Centre Athanor", "code_insee": "03185", "commune": "Montluçon", "categorie": "scene", "label": "Théâtre de ville", "poids": 1.5, "visiteurs": null, "jauge": 2622}, "geometry": {"type": "Point", "coordinates": [2.604842, 46.34709]}}, {"type": "Feature", "properties": {"nom": "Théâtre municipal Gabrielle Robinne", "code_insee": "03185", "commune": "Montluçon", "categorie": "scene", "label": "Théâtre de ville", "poids": 1.5, "visiteurs": null, "jauge": null}, "geometry": {"type": "Point", "coordinates": [2.606347, 46.339895]}}, {"type": "Feature", "properties": {"nom": "Théâtre Gérard Philipe", "code_insee": "34172", "commune": "Montpellier", "categorie": "scene", "label": "Théâtre de ville", "poids": 1.5, "visiteurs": null, "jauge": 113}, "geometry": {"type": "Point", "coordinates": [3.866192, 43.608395]}}, {"type": "Feature", "properties": {"nom": "Théâtre municipal Berthelot - Jean Guerrin", "code_insee": "93048", "commune": "Montreuil", "categorie": "scene", "label": "Théâtre de ville", "poids": 1.5, "visiteurs": null, "jauge": 210}, "geometry": {"type": "Point", "coordinates": [2.437358, 48.856385]}}, {"type": "Feature", "properties": {"nom": "13e sens - scène &amp; ciné", "code_insee": "67348", "commune": "Obernai", "categorie": "scene", "label": "Théâtre de ville", "poids": 1.5, "visiteurs": null, "jauge": 158}, "geometry": {"type": "Point", "coordinates": [7.478967, 48.46192]}}, {"type": "Feature", "properties": {"nom": "Espace Horizon - Salle de spectacle", "code_insee": "77350", "commune": "Ozoir-la-Ferrière", "categorie": "scene", "label": "Théâtre de ville", "poids": 1.5, "visiteurs": null, "jauge": 500}, "geometry": {"type": "Point", "coordinates": [2.675371, 48.763521]}}, {"type": "Feature", "properties": {"nom": "Théâtre de la Ville - Sarah Bernhardt - Les Abbesses", "code_insee": "75118", "commune": "Paris 18e Arrondissement", "categorie": "scene", "label": "Théâtre de ville", "poids": 1.5, "visiteurs": null, "jauge": 400}, "geometry": {"type": "Point", "coordinates": [2.337167, 48.884862]}}, {"type": "Feature", "properties": {"nom": "Carreau du Temple", "code_insee": "75103", "commune": "Paris 3e Arrondissement", "categorie": "scene", "label": "Théâtre de ville", "poids": 1.5, "visiteurs": null, "jauge": 250}, "geometry": {"type": "Point", "coordinates": [2.362067, 48.864479]}}, {"type": "Feature", "properties": {"nom": "Théâtre de la Ville - Sarah Bernhardt - Espace Cardin", "code_insee": "75108", "commune": "Paris 8e Arrondissement", "categorie": "scene", "label": "Théâtre de ville", "poids": 1.5, "visiteurs": null, "jauge": 600}, "geometry": {"type": "Point", "coordinates": [2.318695, 48.867392]}}, {"type": "Feature", "properties": {"nom": "Théâtre de Pertuis, du Luberon et Val de Durance", "code_insee": "84089", "commune": "Pertuis", "categorie": "scene", "label": "Théâtre de ville", "poids": 1.5, "visiteurs": null, "jauge": null}, "geometry": {"type": "Point", "coordinates": [5.499369, 43.691933]}}, {"type": "Feature", "properties": {"nom": "Théâtre Blanche de Castille", "code_insee": "78498", "commune": "Poissy", "categorie": "scene", "label": "Théâtre de ville", "poids": 1.5, "visiteurs": null, "jauge": 97}, "geometry": {"type": "Point", "coordinates": [2.030766, 48.924767]}}, {"type": "Feature", "properties": {"nom": "Espace Culturel Le Coléo - Coléo", "code_insee": "38314", "commune": "Pontcharra", "categorie": "scene", "label": "Théâtre de ville", "poids": 1.5, "visiteurs": null, "jauge": 468}, "geometry": {"type": "Point", "coordinates": [6.006493, 45.434164]}}, {"type": "Feature", "properties": {"nom": "Espace Gérard Philipe", "code_insee": "13078", "commune": "Port-Saint-Louis-du-Rhône", "categorie": "scene", "label": "Théâtre de ville", "poids": 1.5, "visiteurs": null, "jauge": 213}, "geometry": {"type": "Point", "coordinates": [4.799313, 43.390715]}}, {"type": "Feature", "properties": {"nom": "Centre culturel Saint-Ayoul", "code_insee": "77379", "commune": "Provins", "categorie": "scene", "label": "Théâtre de ville", "poids": 1.5, "visiteurs": null, "jauge": 649}, "geometry": {"type": "Point", "coordinates": [3.306793, 48.554976]}}, {"type": "Feature", "properties": {"nom": "Kiwi", "code_insee": "31446", "commune": "Ramonville-Saint-Agne", "categorie": "scene", "label": "Théâtre de ville", "poids": 1.5, "visiteurs": null, "jauge": null}, "geometry": {"type": "Point", "coordinates": [1.478287, 43.548861]}}, {"type": "Feature", "properties": {"nom": "Espace Baudelaire", "code_insee": "69286", "commune": "Rillieux-la-Pape", "categorie": "scene", "label": "Théâtre de ville", "poids": 1.5, "visiteurs": null, "jauge": null}, "geometry": {"type": "Point", "coordinates": [4.89712, 45.821052]}}, {"type": "Feature", "properties": {"nom": "Théâtre André Malraux", "code_insee": "92063", "commune": "Rueil-Malmaison", "categorie": "scene", "label": "Théâtre de ville", "poids": 1.5, "visiteurs": null, "jauge": 850}, "geometry": {"type": "Point", "coordinates": [2.183851, 48.880212]}}, {"type": "Feature", "properties": {"nom": "Service culturel de la communauté d'agglomération de Saint-Dié-les-Vosges - Espace Georges Sadoul - Salle de spectacle Yvan Goll", "code_insee": "88413", "commune": "Saint-Dié-des-Vosges", "categorie": "scene", "label": "Théâtre de ville", "poids": 1.5, "visiteurs": null, "jauge": 450}, "geometry": {"type": "Point", "coordinates": [6.952863, 48.284347]}}, {"type": "Feature", "properties": {"nom": "Théâtre Jean Marmignon - Salle de spectacle", "code_insee": "31483", "commune": "Saint-Gaudens", "categorie": "scene", "label": "Théâtre de ville", "poids": 1.5, "visiteurs": null, "jauge": 360}, "geometry": {"type": "Point", "coordinates": [0.725303, 43.109691]}}, {"type": "Feature", "properties": {"nom": "Centre culturel Maison du Savoir", "code_insee": "65389", "commune": "Saint-Laurent-de-Neste", "categorie": "scene", "label": "Théâtre de ville", "poids": 1.5, "visiteurs": null, "jauge": 320}, "geometry": {"type": "Point", "coordinates": [0.481231, 43.079855]}}, {"type": "Feature", "properties": {"nom": "Théâtres de Saint-Malo", "code_insee": "35288", "commune": "Saint-Malo", "categorie": "scene", "label": "Théâtre de ville", "poids": 1.5, "visiteurs": null, "jauge": 801}, "geometry": {"type": "Point", "coordinates": [-2.017306, 48.637141]}}, {"type": "Feature", "properties": {"nom": "Théâtres de Saint-Malo - Centre culturel Salvador Allende", "code_insee": "35288", "commune": "Saint-Malo", "categorie": "scene", "label": "Théâtre de ville", "poids": 1.5, "visiteurs": null, "jauge": 120}, "geometry": {"type": "Point", "coordinates": [-1.990135, 48.634142]}}, {"type": "Feature", "properties": {"nom": "Espace culturel Georges Brassens", "code_insee": "62758", "commune": "Saint-Martin-Boulogne", "categorie": "scene", "label": "Théâtre de ville", "poids": 1.5, "visiteurs": null, "jauge": 646}, "geometry": {"type": "Point", "coordinates": [1.619132, 50.710579]}}, {"type": "Feature", "properties": {"nom": "Maison de l'art et de la communication", "code_insee": "62771", "commune": "Sallaumines", "categorie": "scene", "label": "Théâtre de ville", "poids": 1.5, "visiteurs": null, "jauge": 386}, "geometry": {"type": "Point", "coordinates": [2.858983, 50.420372]}}, {"type": "Feature", "properties": {"nom": "Théâtre Georges Galli", "code_insee": "83123", "commune": "Sanary-sur-Mer", "categorie": "scene", "label": "Théâtre de ville", "poids": 1.5, "visiteurs": null, "jauge": 979}, "geometry": {"type": "Point", "coordinates": [5.803656, 43.118252]}}, {"type": "Feature", "properties": {"nom": "Office culturel municipal - Salle Jacques Berrier", "code_insee": "95585", "commune": "Sarcelles", "categorie": "scene", "label": "Théâtre de ville", "poids": 1.5, "visiteurs": null, "jauge": null}, "geometry": {"type": "Point", "coordinates": [2.377895, 48.994241]}}, {"type": "Feature", "properties": {"nom": "Centre culturel de Sarlat", "code_insee": "24520", "commune": "Sarlat-la-Canéda", "categorie": "scene", "label": "Théâtre de ville", "poids": 1.5, "visiteurs": null, "jauge": 590}, "geometry": {"type": "Point", "coordinates": [1.214621, 44.893237]}}, {"type": "Feature", "properties": {"nom": "Théâtre en rond", "code_insee": "38474", "commune": "Sassenage", "categorie": "scene", "label": "Théâtre de ville", "poids": 1.5, "visiteurs": null, "jauge": 361}, "geometry": {"type": "Point", "coordinates": [5.6593, 45.207948]}}, {"type": "Feature", "properties": {"nom": "Théâtre Le Dôme - Salle de spectacle", "code_insee": "49328", "commune": "Saumur", "categorie": "scene", "label": "Théâtre de ville", "poids": 1.5, "visiteurs": null, "jauge": 430}, "geometry": {"type": "Point", "coordinates": [-0.076744, 47.26106]}}, {"type": "Feature", "properties": {"nom": "Tanzmatten", "code_insee": "67462", "commune": "Sélestat", "categorie": "scene", "label": "Théâtre de ville", "poids": 1.5, "visiteurs": null, "jauge": null}, "geometry": {"type": "Point", "coordinates": [7.462829, 48.254908]}}, {"type": "Feature", "properties": {"nom": "Centre Culturel François Mitterrand", "code_insee": "02738", "commune": "Tergnier", "categorie": "scene", "label": "Théâtre de ville", "poids": 1.5, "visiteurs": null, "jauge": 375}, "geometry": {"type": "Point", "coordinates": [3.298445, 49.657261]}}, {"type": "Feature", "properties": {"nom": "Relais Culturel Intercommunal", "code_insee": "68334", "commune": "Thann", "categorie": "scene", "label": "Théâtre de ville", "poids": 1.5, "visiteurs": null, "jauge": 540}, "geometry": {"type": "Point", "coordinates": [7.101599, 47.805747]}}, {"type": "Feature", "properties": {"nom": "Théâtre René Panhard - Salle de spectacle", "code_insee": "94073", "commune": "Thiais", "categorie": "scene", "label": "Théâtre de ville", "poids": 1.5, "visiteurs": null, "jauge": 420}, "geometry": {"type": "Point", "coordinates": [2.395415, 48.769248]}}, {"type": "Feature", "properties": {"nom": "Espace - Salle de spectacle Armstrong", "code_insee": "63430", "commune": "Thiers", "categorie": "scene", "label": "Théâtre de ville", "poids": 1.5, "visiteurs": null, "jauge": 480}, "geometry": {"type": "Point", "coordinates": [3.543183, 45.856715]}}, {"type": "Feature", "properties": {"nom": "Centre culturel Le Moustier", "code_insee": "77464", "commune": "Thorigny-sur-Marne", "categorie": "scene", "label": "Théâtre de ville", "poids": 1.5, "visiteurs": null, "jauge": 321}, "geometry": {"type": "Point", "coordinates": [2.713364, 48.883977]}}, {"type": "Feature", "properties": {"nom": "Ville de Toulouse - Direction de l'Action Socioculturelle - Centre culturel des Mazades", "code_insee": "31555", "commune": "Toulouse", "categorie": "scene", "label": "Théâtre de ville", "poids": 1.5, "visiteurs": null, "jauge": 530}, "geometry": {"type": "Point", "coordinates": [1.438654, 43.623991]}}, {"type": "Feature", "properties": {"nom": "Théâtre Sorano", "code_insee": "31555", "commune": "Toulouse", "categorie": "scene", "label": "Théâtre de ville", "poids": 1.5, "visiteurs": null, "jauge": 430}, "geometry": {"type": "Point", "coordinates": [1.449645, 43.594048]}}, {"type": "Feature", "properties": {"nom": "Maison du Boulanger - Centre culturel - Théâtre de Champagne", "code_insee": "10387", "commune": "Troyes", "categorie": "scene", "label": "Théâtre de ville", "poids": 1.5, "visiteurs": null, "jauge": 1080}, "geometry": {"type": "Point", "coordinates": [4.075457, 48.300389]}}, {"type": "Feature", "properties": {"nom": "Service culturel d'Ussel - Cinéma-Théâtre Le Carnot - Petite Salle", "code_insee": "19275", "commune": "Ussel", "categorie": "scene", "label": "Théâtre de ville", "poids": 1.5, "visiteurs": null, "jauge": 180}, "geometry": {"type": "Point", "coordinates": [2.312147, 45.549549]}}, {"type": "Feature", "properties": {"nom": "Théâtre Montansier", "code_insee": "78646", "commune": "Versailles", "categorie": "scene", "label": "Théâtre de ville", "poids": 1.5, "visiteurs": null, "jauge": 550}, "geometry": {"type": "Point", "coordinates": [2.124396, 48.808028]}}, {"type": "Feature", "properties": {"nom": "Théâtre Mac Nab", "code_insee": "18279", "commune": "Vierzon", "categorie": "scene", "label": "Théâtre de ville", "poids": 1.5, "visiteurs": null, "jauge": 578}, "geometry": {"type": "Point", "coordinates": [2.064536, 47.2234]}}, {"type": "Feature", "properties": {"nom": "Service culturel d'Abbeville - Scènes d'Abbeville", "code_insee": "80001", "commune": "Abbeville", "categorie": "scene", "label": "Théâtre de ville", "poids": 1.5, "visiteurs": null, "jauge": 578}, "geometry": {"type": "Point", "coordinates": [1.832792, 50.105885]}}, {"type": "Feature", "properties": {"nom": "Grand Théâtre d'Angers", "code_insee": "49007", "commune": "Angers", "categorie": "scene", "label": "Théâtre de ville", "poids": 1.5, "visiteurs": null, "jauge": 723}, "geometry": {"type": "Point", "coordinates": [-0.551531, 47.470719]}}, {"type": "Feature", "properties": {"nom": "Théâtre municipal d'Anzin", "code_insee": "59014", "commune": "Anzin", "categorie": "scene", "label": "Théâtre de ville", "poids": 1.5, "visiteurs": null, "jauge": 1165}, "geometry": {"type": "Point", "coordinates": [3.502926, 50.371431]}}, {"type": "Feature", "properties": {"nom": "Espace Jean Vilar", "code_insee": "94003", "commune": "Arcueil", "categorie": "scene", "label": "Théâtre de ville", "poids": 1.5, "visiteurs": null, "jauge": 352}, "geometry": {"type": "Point", "coordinates": [2.330611, 48.80116]}}, {"type": "Feature", "properties": {"nom": "Salle le Bournot", "code_insee": "07019", "commune": "Aubenas", "categorie": "scene", "label": "Théâtre de ville", "poids": 1.5, "visiteurs": null, "jauge": 150}, "geometry": {"type": "Point", "coordinates": [4.39201, 44.620451]}}, {"type": "Feature", "properties": {"nom": "Centre culturel Georges Brassens", "code_insee": "49015", "commune": "Avrillé", "categorie": "scene", "label": "Théâtre de ville", "poids": 1.5, "visiteurs": null, "jauge": 272}, "geometry": {"type": "Point", "coordinates": [-0.58923, 47.493145]}}, {"type": "Feature", "properties": {"nom": "Théâtre Montdory - Théâtre Montdory", "code_insee": "76057", "commune": "Barentin", "categorie": "scene", "label": "Théâtre de ville", "poids": 1.5, "visiteurs": null, "jauge": null}, "geometry": {"type": "Point", "coordinates": [0.951023, 49.544379]}}, {"type": "Feature", "properties": {"nom": "Casino", "code_insee": "09047", "commune": "Bélesta", "categorie": "scene", "label": "Théâtre de ville", "poids": 1.5, "visiteurs": null, "jauge": 510}, "geometry": {"type": "Point", "coordinates": [1.851954, 42.939389]}}, {"type": "Feature", "properties": {"nom": "Centre culturel Michel Manet", "code_insee": "24037", "commune": "Bergerac", "categorie": "scene", "label": "Théâtre de ville", "poids": 1.5, "visiteurs": null, "jauge": 775}, "geometry": {"type": "Point", "coordinates": [0.482605, 44.854692]}}, {"type": "Feature", "properties": {"nom": "Théâtre de Béthune", "code_insee": "62119", "commune": "Béthune", "categorie": "scene", "label": "Théâtre de ville", "poids": 1.5, "visiteurs": null, "jauge": 921}, "geometry": {"type": "Point", "coordinates": [2.642608, 50.530632]}}, {"type": "Feature", "properties": {"nom": "Théâtre des Franciscains", "code_insee": "34032", "commune": "Béziers", "categorie": "scene", "label": "Théâtre de ville", "poids": 1.5, "visiteurs": null, "jauge": 300}, "geometry": {"type": "Point", "coordinates": [3.223402, 43.345026]}}, {"type": "Feature", "properties": {"nom": "Grange de la Tremblaye", "code_insee": "78073", "commune": "Bois-d'Arcy", "categorie": "scene", "label": "Théâtre de ville", "poids": 1.5, "visiteurs": null, "jauge": null}, "geometry": {"type": "Point", "coordinates": [2.023619, 48.798734]}}, {"type": "Feature", "properties": {"nom": "Carré Belle-Feuille", "code_insee": "92012", "commune": "Boulogne-Billancourt", "categorie": "scene", "label": "Théâtre de ville", "poids": 1.5, "visiteurs": null, "jauge": 686}, "geometry": {"type": "Point", "coordinates": [2.242467, 48.835589]}}, {"type": "Feature", "properties": {"nom": "Théâtre Jean Vilar", "code_insee": "38053", "commune": "Bourgoin-Jallieu", "categorie": "scene", "label": "Théâtre de ville", "poids": 1.5, "visiteurs": null, "jauge": 293}, "geometry": {"type": "Point", "coordinates": [5.276843, 45.584876]}}, {"type": "Feature", "properties": {"nom": "Maison du Théâtre", "code_insee": "29019", "commune": "Brest", "categorie": "scene", "label": "Théâtre de ville", "poids": 1.5, "visiteurs": null, "jauge": 300}, "geometry": {"type": "Point", "coordinates": [-4.493397, 48.414894]}}, {"type": "Feature", "properties": {"nom": "Pôle en Scènes - Centre chorégraphique Pôle Pik", "code_insee": "69029", "commune": "Bron", "categorie": "scene", "label": "Théâtre de ville", "poids": 1.5, "visiteurs": null, "jauge": null}, "geometry": {"type": "Point", "coordinates": [4.902272, 45.729327]}}, {"type": "Feature", "properties": {"nom": "Radiant-Bellevue", "code_insee": "69034", "commune": "Caluire-et-Cuire", "categorie": "scene", "label": "Théâtre de ville", "poids": 1.5, "visiteurs": null, "jauge": 2600}, "geometry": {"type": "Point", "coordinates": [4.84365, 45.797485]}}, {"type": "Feature", "properties": {"nom": "Service culturel de Carpentras - Espace Auzon", "code_insee": "84031", "commune": "Carpentras", "categorie": "scene", "label": "Théâtre de ville", "poids": 1.5, "visiteurs": null, "jauge": 800}, "geometry": {"type": "Point", "coordinates": [5.043906, 44.057577]}}, {"type": "Feature", "properties": {"nom": "Théâtre municipal de Castres - Théâtre municipal", "code_insee": "81065", "commune": "Castres", "categorie": "scene", "label": "Théâtre de ville", "poids": 1.5, "visiteurs": null, "jauge": 550}, "geometry": {"type": "Point", "coordinates": [2.241121, 43.603372]}}, {"type": "Feature", "properties": {"nom": "Théâtre municipal de Castres - Salle Louisa Paulin", "code_insee": "81065", "commune": "Castres", "categorie": "scene", "label": "Théâtre de ville", "poids": 1.5, "visiteurs": null, "jauge": 300}, "geometry": {"type": "Point", "coordinates": [2.250256, 43.591721]}}, {"type": "Feature", "properties": {"nom": "Espaces culturels Thann-Cernay-Espace Grün", "code_insee": "68063", "commune": "Cernay", "categorie": "scene", "label": "Théâtre de ville", "poids": 1.5, "visiteurs": null, "jauge": 430}, "geometry": {"type": "Point", "coordinates": [7.173499, 47.806153]}}, {"type": "Feature", "properties": {"nom": "Théâtre Le Marais", "code_insee": "85047", "commune": "Challans", "categorie": "scene", "label": "Théâtre de ville", "poids": 1.5, "visiteurs": null, "jauge": 300}, "geometry": {"type": "Point", "coordinates": [-1.882169, 46.846904]}}, {"type": "Feature", "properties": {"nom": "Service culturel de Champigny-sur-Marne-Théâtre Gérard Philipe", "code_insee": "94017", "commune": "Champigny-sur-Marne", "categorie": "scene", "label": "Théâtre de ville", "poids": 1.5, "visiteurs": null, "jauge": null}, "geometry": {"type": "Point", "coordinates": [2.544679, 48.810901]}}, {"type": "Feature", "properties": {"nom": "Théâtre de Châtel-Guyon - Salle de spectacle", "code_insee": "63103", "commune": "Châtel-Guyon", "categorie": "scene", "label": "Théâtre de ville", "poids": 1.5, "visiteurs": null, "jauge": 453}, "geometry": {"type": "Point", "coordinates": [3.06836, 45.919542]}}, {"type": "Feature", "properties": {"nom": "Espace 93", "code_insee": "93014", "commune": "Clichy-sous-Bois", "categorie": "scene", "label": "Théâtre de ville", "poids": 1.5, "visiteurs": null, "jauge": 444}, "geometry": {"type": "Point", "coordinates": [2.547062, 48.910701]}}, {"type": "Feature", "properties": {"nom": "Théâtre Les Allos", "code_insee": "74081", "commune": "Cluses", "categorie": "scene", "label": "Théâtre de ville", "poids": 1.5, "visiteurs": null, "jauge": 600}, "geometry": {"type": "Point", "coordinates": [6.580638, 46.058081]}}, {"type": "Feature", "properties": {"nom": "Théâtre Donald Cardwell", "code_insee": "91201", "commune": "Draveil", "categorie": "scene", "label": "Théâtre de ville", "poids": 1.5, "visiteurs": null, "jauge": 500}, "geometry": {"type": "Point", "coordinates": [2.404414, 48.681913]}}, {"type": "Feature", "properties": {"nom": "Théâtre Le Colisée", "code_insee": "62291", "commune": "Éleu-dit-Leauwette", "categorie": "scene", "label": "Théâtre de ville", "poids": 1.5, "visiteurs": null, "jauge": 628}, "geometry": {"type": "Point", "coordinates": [2.817481, 50.421676]}}, {"type": "Feature", "properties": {"nom": "Théâtres de la Communauté d'Agglomération d'Épinal - Auditorium de la Louvière", "code_insee": "88160", "commune": "Épinal", "categorie": "scene", "label": "Théâtre de ville", "poids": 1.5, "visiteurs": null, "jauge": 579}, "geometry": {"type": "Point", "coordinates": [6.452641, 48.172528]}}, {"type": "Feature", "properties": {"nom": "Théâtres du Val d'Yerres Val de Seine - Salle de spectacle Georges Pompidou", "code_insee": "91215", "commune": "Épinay-sous-Sénart", "categorie": "scene", "label": "Théâtre de ville", "poids": 1.5, "visiteurs": null, "jauge": 70}, "geometry": {"type": "Point", "coordinates": [2.516992, 48.694719]}}, {"type": "Feature", "properties": {"nom": "Théâtre Pierre-Fresnay", "code_insee": "95219", "commune": "Ermont", "categorie": "scene", "label": "Théâtre de ville", "poids": 1.5, "visiteurs": null, "jauge": 415}, "geometry": {"type": "Point", "coordinates": [2.260825, 48.990219]}}, {"type": "Feature", "properties": {"nom": "Théâtre des Sources", "code_insee": "92032", "commune": "Fontenay-aux-Roses", "categorie": "scene", "label": "Théâtre de ville", "poids": 1.5, "visiteurs": null, "jauge": 750}, "geometry": {"type": "Point", "coordinates": [2.289748, 48.791543]}}, {"type": "Feature", "properties": {"nom": "Espace Germinal", "code_insee": "95250", "commune": "Fosses", "categorie": "scene", "label": "Théâtre de ville", "poids": 1.5, "visiteurs": null, "jauge": 300}, "geometry": {"type": "Point", "coordinates": [2.517347, 49.097609]}}, {"type": "Feature", "properties": {"nom": "Espace Saint-Exupéry", "code_insee": "95252", "commune": "Franconville", "categorie": "scene", "label": "Théâtre de ville", "poids": 1.5, "visiteurs": null, "jauge": 423}, "geometry": {"type": "Point", "coordinates": [2.231293, 48.98554]}}, {"type": "Feature", "properties": {"nom": "Théâtre municipal André Malraux", "code_insee": "93032", "commune": "Gagny", "categorie": "scene", "label": "Théâtre de ville", "poids": 1.5, "visiteurs": null, "jauge": 689}, "geometry": {"type": "Point", "coordinates": [2.529939, 48.883959]}}, {"type": "Feature", "properties": {"nom": "Terrasse - Salle de spectacle", "code_insee": "91272", "commune": "Gif-sur-Yvette", "categorie": "scene", "label": "Théâtre de ville", "poids": 1.5, "visiteurs": null, "jauge": 458}, "geometry": {"type": "Point", "coordinates": [2.132281, 48.705411]}}, {"type": "Feature", "properties": {"nom": "Théâtre du Champ au Roy", "code_insee": "22070", "commune": "Guingamp", "categorie": "scene", "label": "Théâtre de ville", "poids": 1.5, "visiteurs": null, "jauge": 250}, "geometry": {"type": "Point", "coordinates": [-3.148097, 48.561283]}}, {"type": "Feature", "properties": {"nom": "Escapade", "code_insee": "62427", "commune": "Hénin-Beaumont", "categorie": "scene", "label": "Théâtre de ville", "poids": 1.5, "visiteurs": null, "jauge": 250}, "geometry": {"type": "Point", "coordinates": [2.944903, 50.422919]}}, {"type": "Feature", "properties": {"nom": "Théâtre de Jouy", "code_insee": "95323", "commune": "Jouy-le-Moutier", "categorie": "scene", "label": "Théâtre de ville", "poids": 1.5, "visiteurs": null, "jauge": 404}, "geometry": {"type": "Point", "coordinates": [2.043572, 49.011314]}}, {"type": "Feature", "properties": {"nom": "Cinéma-Théâtre de La Mure", "code_insee": "38269", "commune": "La Mure", "categorie": "scene", "label": "Théâtre de ville", "poids": 1.5, "visiteurs": null, "jauge": 457}, "geometry": {"type": "Point", "coordinates": [5.786066, 44.902415]}}, {"type": "Feature", "properties": {"nom": "Centre Culturel Le Sou", "code_insee": "42305", "commune": "La Talaudière", "categorie": "scene", "label": "Théâtre de ville", "poids": 1.5, "visiteurs": null, "jauge": 269}, "geometry": {"type": "Point", "coordinates": [4.43001, 45.481711]}}, {"type": "Feature", "properties": {"nom": "Scarabée", "code_insee": "78644", "commune": "La Verrière", "categorie": "scene", "label": "Théâtre de ville", "poids": 1.5, "visiteurs": null, "jauge": 296}, "geometry": {"type": "Point", "coordinates": [1.957301, 48.757136]}}, {"type": "Feature", "properties": {"nom": "Quai 9", "code_insee": "56098", "commune": "Lanester", "categorie": "scene", "label": "Théâtre de ville", "poids": 1.5, "visiteurs": null, "jauge": 500}, "geometry": {"type": "Point", "coordinates": [-3.347679, 47.762589]}}, {"type": "Feature", "properties": {"nom": "Service culturel de Langres - Salle Jean-Favre", "code_insee": "52269", "commune": "Langres", "categorie": "scene", "label": "Théâtre de ville", "poids": 1.5, "visiteurs": null, "jauge": null}, "geometry": {"type": "Point", "coordinates": [5.33519, 47.856715]}}, {"type": "Feature", "properties": {"nom": "Maison des Arts et Loisirs", "code_insee": "02408", "commune": "Laon", "categorie": "scene", "label": "Théâtre de ville", "poids": 1.5, "visiteurs": null, "jauge": 690}, "geometry": {"type": "Point", "coordinates": [3.624738, 49.564791]}}, {"type": "Feature", "properties": {"nom": "Association Expansion artistique - Centre culturel Marx Dormoy", "code_insee": "76322", "commune": "Le Grand-Quevilly", "categorie": "scene", "label": "Théâtre de ville", "poids": 1.5, "visiteurs": null, "jauge": 300}, "geometry": {"type": "Point", "coordinates": [1.033222, 49.414316]}}, {"type": "Feature", "properties": {"nom": "Association Expansion artistique - Théâtre Charles Dullin", "code_insee": "76322", "commune": "Le Grand-Quevilly", "categorie": "scene", "label": "Théâtre de ville", "poids": 1.5, "visiteurs": null, "jauge": 700}, "geometry": {"type": "Point", "coordinates": [1.052775, 49.407439]}}, {"type": "Feature", "properties": {"nom": "Espace Jean-Pierre Cassel", "code_insee": "30133", "commune": "Le Grau-du-Roi", "categorie": "scene", "label": "Théâtre de ville", "poids": 1.5, "visiteurs": null, "jauge": 378}, "geometry": {"type": "Point", "coordinates": [4.144798, 43.527396]}}, {"type": "Feature", "properties": {"nom": "Théâtres du Havre", "code_insee": "76351", "commune": "Le Havre", "categorie": "scene", "label": "Théâtre de ville", "poids": 1.5, "visiteurs": null, "jauge": 719}, "geometry": {"type": "Point", "coordinates": [0.107896, 49.493966]}}, {"type": "Feature", "properties": {"nom": "Théâtres du Havre - Petit Théâtre", "code_insee": "76351", "commune": "Le Havre", "categorie": "scene", "label": "Théâtre de ville", "poids": 1.5, "visiteurs": null, "jauge": 409}, "geometry": {"type": "Point", "coordinates": [0.119768, 49.494193]}}, {"type": "Feature", "properties": {"nom": "Théâtre de l'Allegria", "code_insee": "92060", "commune": "Le Plessis-Robinson", "categorie": "scene", "label": "Théâtre de ville", "poids": 1.5, "visiteurs": null, "jauge": 400}, "geometry": {"type": "Point", "coordinates": [2.254089, 48.779301]}}, {"type": "Feature", "properties": {"nom": "Centre culturel Arc-en-Ciel", "code_insee": "62510", "commune": "Liévin", "categorie": "scene", "label": "Théâtre de ville", "poids": 1.5, "visiteurs": null, "jauge": 280}, "geometry": {"type": "Point", "coordinates": [2.778704, 50.419104]}}, {"type": "Feature", "properties": {"nom": "Maisons Folie de Lille - Maison Folie de Moulins", "code_insee": "59350", "commune": "Lille", "categorie": "scene", "label": "Théâtre de ville", "poids": 1.5, "visiteurs": null, "jauge": null}, "geometry": {"type": "Point", "coordinates": [3.067758, 50.62308]}}, {"type": "Feature", "properties": {"nom": "Centres culturels de Limoges - Centre culturel municipal Jean Gagnant", "code_insee": "87085", "commune": "Limoges", "categorie": "scene", "label": "Théâtre de ville", "poids": 1.5, "visiteurs": null, "jauge": null}, "geometry": {"type": "Point", "coordinates": [1.272968, 45.834246]}}, {"type": "Feature", "properties": {"nom": "Centres culturels de Limoges - Centre culturel municipal Jean Moulin", "code_insee": "87085", "commune": "Limoges", "categorie": "scene", "label": "Théâtre de ville", "poids": 1.5, "visiteurs": null, "jauge": 800}, "geometry": {"type": "Point", "coordinates": [1.289278, 45.878032]}}, {"type": "Feature", "properties": {"nom": "Espace culturel Bernard Dagué", "code_insee": "95351", "commune": "Louvres", "categorie": "scene", "label": "Théâtre de ville", "poids": 1.5, "visiteurs": null, "jauge": 566}, "geometry": {"type": "Point", "coordinates": [2.508865, 49.042837]}}, {"type": "Feature", "properties": {"nom": "Colombier", "code_insee": "78354", "commune": "Magnanville", "categorie": "scene", "label": "Théâtre de ville", "poids": 1.5, "visiteurs": null, "jauge": 200}, "geometry": {"type": "Point", "coordinates": [1.6801, 48.967376]}}, {"type": "Feature", "properties": {"nom": "Service culturel de Maisons-Laffitte - Centre Montesquieu", "code_insee": "78358", "commune": "Maisons-Laffitte", "categorie": "scene", "label": "Théâtre de ville", "poids": 1.5, "visiteurs": null, "jauge": 200}, "geometry": {"type": "Point", "coordinates": [2.150585, 48.958075]}}, {"type": "Feature", "properties": {"nom": "Service culturel de Maisons-Laffitte - Salle de spectacle Malesherbes", "code_insee": "78358", "commune": "Maisons-Laffitte", "categorie": "scene", "label": "Théâtre de ville", "poids": 1.5, "visiteurs": null, "jauge": 423}, "geometry": {"type": "Point", "coordinates": [2.148978, 48.950871]}}, {"type": "Feature", "properties": {"nom": "Théâtre Henri Maurin - Salle de spectacle", "code_insee": "34150", "commune": "Marseillan", "categorie": "scene", "label": "Théâtre de ville", "poids": 1.5, "visiteurs": null, "jauge": 199}, "geometry": {"type": "Point", "coordinates": [3.530735, 43.354589]}}, {"type": "Feature", "properties": {"nom": "Théâtre Luxembourg", "code_insee": "77284", "commune": "Meaux", "categorie": "scene", "label": "Théâtre de ville", "poids": 1.5, "visiteurs": null, "jauge": 708}, "geometry": {"type": "Point", "coordinates": [2.878871, 48.954851]}}, {"type": "Feature", "properties": {"nom": "Ferme des jeux", "code_insee": "77288", "commune": "Melun", "categorie": "scene", "label": "Théâtre de ville", "poids": 1.5, "visiteurs": null, "jauge": 462}, "geometry": {"type": "Point", "coordinates": [2.688875, 48.527319]}}, {"type": "Feature", "properties": {"nom": "Service culturel de Mende - Théâtre de Mende", "code_insee": "48095", "commune": "Mende", "categorie": "scene", "label": "Théâtre de ville", "poids": 1.5, "visiteurs": null, "jauge": 933}, "geometry": {"type": "Point", "coordinates": [3.498222, 44.515545]}}, {"type": "Feature", "properties": {"nom": "Beffroi de Montrouge / Pôle Théâtre", "code_insee": "92049", "commune": "Montrouge", "categorie": "scene", "label": "Théâtre de ville", "poids": 1.5, "visiteurs": null, "jauge": 960}, "geometry": {"type": "Point", "coordinates": [2.319604, 48.81911]}}, {"type": "Feature", "properties": {"nom": "Service culturel de Morteau - L'Escale", "code_insee": "25411", "commune": "Morteau", "categorie": "scene", "label": "Théâtre de ville", "poids": 1.5, "visiteurs": null, "jauge": 800}, "geometry": {"type": "Point", "coordinates": [6.606089, 47.053305]}}, {"type": "Feature", "properties": {"nom": "Moulin 9", "code_insee": "67324", "commune": "Niederbronn-les-Bains", "categorie": "scene", "label": "Théâtre de ville", "poids": 1.5, "visiteurs": null, "jauge": 400}, "geometry": {"type": "Point", "coordinates": [7.650019, 48.94715]}}, {"type": "Feature", "properties": {"nom": "Théâtre Christian Liger", "code_insee": "30189", "commune": "Nîmes", "categorie": "scene", "label": "Théâtre de ville", "poids": 1.5, "visiteurs": null, "jauge": 280}, "geometry": {"type": "Point", "coordinates": [4.353386, 43.832117]}}, {"type": "Feature", "properties": {"nom": "Point d'eau", "code_insee": "67365", "commune": "Ostwald", "categorie": "scene", "label": "Théâtre de ville", "poids": 1.5, "visiteurs": null, "jauge": 786}, "geometry": {"type": "Point", "coordinates": [7.709344, 48.553125]}}, {"type": "Feature", "properties": {"nom": "MJC - Théâtre des Trois Vallées", "code_insee": "91477", "commune": "Palaiseau", "categorie": "scene", "label": "Théâtre de ville", "poids": 1.5, "visiteurs": null, "jauge": 189}, "geometry": {"type": "Point", "coordinates": [2.247082, 48.714022]}}, {"type": "Feature", "properties": {"nom": "Théâtre 14", "code_insee": "75114", "commune": "Paris 14e Arrondissement", "categorie": "scene", "label": "Théâtre de ville", "poids": 1.5, "visiteurs": null, "jauge": 192}, "geometry": {"type": "Point", "coordinates": [2.31015, 48.825071]}}, {"type": "Feature", "properties": {"nom": "Théâtre Silvia Monfort", "code_insee": "75115", "commune": "Paris 15e Arrondissement", "categorie": "scene", "label": "Théâtre de ville", "poids": 1.5, "visiteurs": null, "jauge": 576}, "geometry": {"type": "Point", "coordinates": [2.29821, 48.832658]}}, {"type": "Feature", "properties": {"nom": "Ville de Pessac - Salle Le Royal", "code_insee": "33318", "commune": "Pessac", "categorie": "scene", "label": "Théâtre de ville", "poids": 1.5, "visiteurs": null, "jauge": 1044}, "geometry": {"type": "Point", "coordinates": [-0.622382, 44.813361]}}, {"type": "Feature", "properties": {"nom": "Théâtre Coluche", "code_insee": "78490", "commune": "Plaisir", "categorie": "scene", "label": "Théâtre de ville", "poids": 1.5, "visiteurs": null, "jauge": 868}, "geometry": {"type": "Point", "coordinates": [1.958189, 48.822906]}}, {"type": "Feature", "properties": {"nom": "Centre culturel Le Triskell - Salle de spectacle Violette Verdy", "code_insee": "29220", "commune": "Pont-l'Abbé", "categorie": "scene", "label": "Théâtre de ville", "poids": 1.5, "visiteurs": null, "jauge": 638}, "geometry": {"type": "Point", "coordinates": [-4.225749, 47.868834]}}, {"type": "Feature", "properties": {"nom": "Quai des Arts", "code_insee": "44132", "commune": "Pornichet", "categorie": "scene", "label": "Théâtre de ville", "poids": 1.5, "visiteurs": null, "jauge": 464}, "geometry": {"type": "Point", "coordinates": [-2.334043, 47.264927]}}, {"type": "Feature", "properties": {"nom": "Centre culturel Les 3 Colombiers", "code_insee": "76476", "commune": "Port-Jérôme-sur-Seine", "categorie": "scene", "label": "Théâtre de ville", "poids": 1.5, "visiteurs": null, "jauge": 430}, "geometry": {"type": "Point", "coordinates": [0.569297, 49.488702]}}, {"type": "Feature", "properties": {"nom": "Salle Désirée Vallette", "code_insee": "71356", "commune": "Pouilloux", "categorie": "scene", "label": "Théâtre de ville", "poids": 1.5, "visiteurs": null, "jauge": 412}, "geometry": {"type": "Point", "coordinates": [4.359914, 46.607495]}}, {"type": "Feature", "properties": {"nom": "Service culturel de Puteaux - Palais de la Culture", "code_insee": "92062", "commune": "Puteaux", "categorie": "scene", "label": "Théâtre de ville", "poids": 1.5, "visiteurs": null, "jauge": null}, "geometry": {"type": "Point", "coordinates": [2.237076, 48.883387]}}, {"type": "Feature", "properties": {"nom": "Service culturel de Quetigny - Espace Mendès-France", "code_insee": "21515", "commune": "Quetigny", "categorie": "scene", "label": "Théâtre de ville", "poids": 1.5, "visiteurs": null, "jauge": 600}, "geometry": {"type": "Point", "coordinates": [5.105673, 47.318446]}}, {"type": "Feature", "properties": {"nom": "La Castine", "code_insee": "67388", "commune": "Reichshoffen", "categorie": "scene", "label": "Théâtre de ville", "poids": 1.5, "visiteurs": null, "jauge": 396}, "geometry": {"type": "Point", "coordinates": [7.661163, 48.931717]}}, {"type": "Feature", "properties": {"nom": "Théâtre du Vieux Saint-Etienne - Association Ay-Roop", "code_insee": "35238", "commune": "Rennes", "categorie": "scene", "label": "Théâtre de ville", "poids": 1.5, "visiteurs": null, "jauge": 206}, "geometry": {"type": "Point", "coordinates": [-1.683694, 48.115204]}}, {"type": "Feature", "properties": {"nom": "Centre culturel L'Orangerie", "code_insee": "95527", "commune": "Roissy-en-France", "categorie": "scene", "label": "Théâtre de ville", "poids": 1.5, "visiteurs": null, "jauge": 416}, "geometry": {"type": "Point", "coordinates": [2.519408, 49.002195]}}, {"type": "Feature", "properties": {"nom": "Étincelle - Salle de spectacle Louis Jouvet", "code_insee": "76540", "commune": "Rouen", "categorie": "scene", "label": "Théâtre de ville", "poids": 1.5, "visiteurs": null, "jauge": 148}, "geometry": {"type": "Point", "coordinates": [1.128835, 49.456576]}}, {"type": "Feature", "properties": {"nom": "Théâtre de Rungis", "code_insee": "94065", "commune": "Rungis", "categorie": "scene", "label": "Théâtre de ville", "poids": 1.5, "visiteurs": null, "jauge": 407}, "geometry": {"type": "Point", "coordinates": [2.350326, 48.748804]}}, {"type": "Feature", "properties": {"nom": "Espace Gérard Philipe", "code_insee": "10333", "commune": "Saint-André-les-Vergers", "categorie": "scene", "label": "Théâtre de ville", "poids": 1.5, "visiteurs": null, "jauge": 301}, "geometry": {"type": "Point", "coordinates": [4.053371, 48.279868]}}, {"type": "Feature", "properties": {"nom": "Centre culturel Le Dôme", "code_insee": "56206", "commune": "Saint-Avé", "categorie": "scene", "label": "Théâtre de ville", "poids": 1.5, "visiteurs": null, "jauge": 400}, "geometry": {"type": "Point", "coordinates": [-2.739184, 47.690851]}}, {"type": "Feature", "properties": {"nom": "Théâtre Gérard Philipe - Théâtre Gérard Philipe", "code_insee": "78545", "commune": "Saint-Cyr-l'École", "categorie": "scene", "label": "Théâtre de ville", "poids": 1.5, "visiteurs": null, "jauge": 515}, "geometry": {"type": "Point", "coordinates": [2.05304, 48.804372]}}, {"type": "Feature", "properties": {"nom": "26 couleurs", "code_insee": "77407", "commune": "Saint-Fargeau-Ponthierry", "categorie": "scene", "label": "Théâtre de ville", "poids": 1.5, "visiteurs": null, "jauge": 210}, "geometry": {"type": "Point", "coordinates": [2.5447, 48.536439]}}, {"type": "Feature", "properties": {"nom": "Théâtre Alexandre Dumas", "code_insee": "78551", "commune": "Saint-Germain-en-Laye", "categorie": "scene", "label": "Théâtre de ville", "poids": 1.5, "visiteurs": null, "jauge": 703}, "geometry": {"type": "Point", "coordinates": [2.095596, 48.896906]}}, {"type": "Feature", "properties": {"nom": "Service culturel de Saint-Germain-lès-Arpajon", "code_insee": "91552", "commune": "Saint-Germain-lès-Arpajon", "categorie": "scene", "label": "Théâtre de ville", "poids": 1.5, "visiteurs": null, "jauge": 100}, "geometry": {"type": "Point", "coordinates": [2.258402, 48.597302]}}, {"type": "Feature", "properties": {"nom": "Balise", "code_insee": "85226", "commune": "Saint-Hilaire-de-Riez", "categorie": "scene", "label": "Théâtre de ville", "poids": 1.5, "visiteurs": null, "jauge": 1600}, "geometry": {"type": "Point", "coordinates": [-1.955183, 46.71951]}}, {"type": "Feature", "properties": {"nom": "Heure Bleue", "code_insee": "38421", "commune": "Saint-Martin-d'Hères", "categorie": "scene", "label": "Théâtre de ville", "poids": 1.5, "visiteurs": null, "jauge": 520}, "geometry": {"type": "Point", "coordinates": [5.751854, 45.170686]}}, {"type": "Feature", "properties": {"nom": "Espace culturel René Proby", "code_insee": "38421", "commune": "Saint-Martin-d'Hères", "categorie": "scene", "label": "Théâtre de ville", "poids": 1.5, "visiteurs": null, "jauge": 114}, "geometry": {"type": "Point", "coordinates": [5.751429, 45.166337]}}, {"type": "Feature", "properties": {"nom": "Espace culturel Altigone", "code_insee": "31506", "commune": "Saint-Orens-de-Gameville", "categorie": "scene", "label": "Théâtre de ville", "poids": 1.5, "visiteurs": null, "jauge": 560}, "geometry": {"type": "Point", "coordinates": [1.529097, 43.55325]}}, {"type": "Feature", "properties": {"nom": "Service culturel de Saint-Quentin - La Scène Europe", "code_insee": "02691", "commune": "Saint-Quentin", "categorie": "scene", "label": "Théâtre de ville", "poids": 1.5, "visiteurs": null, "jauge": null}, "geometry": {"type": "Point", "coordinates": [3.298425, 49.860903]}}, {"type": "Feature", "properties": {"nom": "Espace Rohan", "code_insee": "67437", "commune": "Saverne", "categorie": "scene", "label": "Théâtre de ville", "poids": 1.5, "visiteurs": null, "jauge": 500}, "geometry": {"type": "Point", "coordinates": [7.364073, 48.741876]}}, {"type": "Feature", "properties": {"nom": "Théâtre municipal de Sens", "code_insee": "89387", "commune": "Sens", "categorie": "scene", "label": "Théâtre de ville", "poids": 1.5, "visiteurs": null, "jauge": 350}, "geometry": {"type": "Point", "coordinates": [3.281764, 48.199938]}}, {"type": "Feature", "properties": {"nom": "Sèvres Espace Loisirs", "code_insee": "92072", "commune": "Sèvres", "categorie": "scene", "label": "Théâtre de ville", "poids": 1.5, "visiteurs": null, "jauge": 385}, "geometry": {"type": "Point", "coordinates": [2.215248, 48.824387]}}, {"type": "Feature", "properties": {"nom": "Théâtre Actuel et Public de Strasbourg", "code_insee": "67482", "commune": "Strasbourg", "categorie": "scene", "label": "Théâtre de ville", "poids": 1.5, "visiteurs": null, "jauge": 253}, "geometry": {"type": "Point", "coordinates": [7.75917, 48.565473]}}, {"type": "Feature", "properties": {"nom": "Maillon", "code_insee": "67482", "commune": "Strasbourg", "categorie": "scene", "label": "Théâtre de ville", "poids": 1.5, "visiteurs": null, "jauge": 950}, "geometry": {"type": "Point", "coordinates": [7.761474, 48.599462]}}, {"type": "Feature", "properties": {"nom": "Théâtres de la Communauté d'Agglomération d'Épinal - Théâtre de la Rotonde", "code_insee": "88465", "commune": "Thaon-les-Vosges", "categorie": "scene", "label": "Théâtre de ville", "poids": 1.5, "visiteurs": null, "jauge": 854}, "geometry": {"type": "Point", "coordinates": [6.427378, 48.246283]}}, {"type": "Feature", "properties": {"nom": "Ville de Toulouse - Direction de l'Action Socioculturelle - Espace Saint-Cyprien", "code_insee": "31555", "commune": "Toulouse", "categorie": "scene", "label": "Théâtre de ville", "poids": 1.5, "visiteurs": null, "jauge": null}, "geometry": {"type": "Point", "coordinates": [1.430919, 43.598637]}}, {"type": "Feature", "properties": {"nom": "Ville de Toulouse - Direction de l'Action Socioculturelle - Espace Bonnefoy", "code_insee": "31555", "commune": "Toulouse", "categorie": "scene", "label": "Théâtre de ville", "poids": 1.5, "visiteurs": null, "jauge": null}, "geometry": {"type": "Point", "coordinates": [1.45364, 43.616268]}}, {"type": "Feature", "properties": {"nom": "Merise - Salle de spectacle Cinéma Le Grenier à Sel", "code_insee": "78621", "commune": "Trappes", "categorie": "scene", "label": "Théâtre de ville", "poids": 1.5, "visiteurs": null, "jauge": 200}, "geometry": {"type": "Point", "coordinates": [2.002228, 48.777193]}}, {"type": "Feature", "properties": {"nom": "Merise", "code_insee": "78621", "commune": "Trappes", "categorie": "scene", "label": "Théâtre de ville", "poids": 1.5, "visiteurs": null, "jauge": 1000}, "geometry": {"type": "Point", "coordinates": [1.985581, 48.77642]}}, {"type": "Feature", "properties": {"nom": "Théâtre Les Quinconces", "code_insee": "07331", "commune": "Vals-les-Bains", "categorie": "scene", "label": "Théâtre de ville", "poids": 1.5, "visiteurs": null, "jauge": 550}, "geometry": {"type": "Point", "coordinates": [4.366607, 44.655978]}}, {"type": "Feature", "properties": {"nom": "Service culturel de la Communauté d'Agglomération du Puy-en-Velay - Palais des Congrès et des Spectacles", "code_insee": "43251", "commune": "Vals-près-le-Puy", "categorie": "scene", "label": "Théâtre de ville", "poids": 1.5, "visiteurs": null, "jauge": 800}, "geometry": {"type": "Point", "coordinates": [3.879032, 45.03021]}}, {"type": "Feature", "properties": {"nom": "Ville de Velaux - Espace NoVa", "code_insee": "13112", "commune": "Velaux", "categorie": "scene", "label": "Théâtre de ville", "poids": 1.5, "visiteurs": null, "jauge": 500}, "geometry": {"type": "Point", "coordinates": [5.255418, 43.5297]}}, {"type": "Feature", "properties": {"nom": "Service culturel de Vichy", "code_insee": "03310", "commune": "Vichy", "categorie": "scene", "label": "Théâtre de ville", "poids": 1.5, "visiteurs": null, "jauge": 1400}, "geometry": {"type": "Point", "coordinates": [3.419251, 46.122824]}}, {"type": "Feature", "properties": {"nom": "Théâtre François Ponsard", "code_insee": "38544", "commune": "Vienne", "categorie": "scene", "label": "Théâtre de ville", "poids": 1.5, "visiteurs": null, "jauge": 350}, "geometry": {"type": "Point", "coordinates": [4.876031, 45.525041]}}, {"type": "Feature", "properties": {"nom": "Espace Aragon", "code_insee": "38547", "commune": "Villard-Bonnot", "categorie": "scene", "label": "Théâtre de ville", "poids": 1.5, "visiteurs": null, "jauge": 400}, "geometry": {"type": "Point", "coordinates": [5.888911, 45.238259]}}, {"type": "Feature", "properties": {"nom": "Centre culturel Jacques Duhamel", "code_insee": "35360", "commune": "Vitré", "categorie": "scene", "label": "Théâtre de ville", "poids": 1.5, "visiteurs": null, "jauge": 1696}, "geometry": {"type": "Point", "coordinates": [-1.215315, 48.121088]}}, {"type": "Feature", "properties": {"nom": "Théâtre Jean Vilar", "code_insee": "94081", "commune": "Vitry-sur-Seine", "categorie": "scene", "label": "Théâtre de ville", "poids": 1.5, "visiteurs": null, "jauge": 586}, "geometry": {"type": "Point", "coordinates": [2.390371, 48.788628]}}, {"type": "Feature", "properties": {"nom": "musée des beaux-arts de Limoges - Palais de l'évêché", "code_insee": "87085", "commune": "Limoges", "categorie": "musee", "label": "Musée de France", "poids": 1.49, "visiteurs": 31125, "jauge": null}, "geometry": {"type": "Point", "coordinates": [1.265771, 45.828694]}}, {"type": "Feature", "properties": {"nom": "musée de Port-Royal des Champs", "code_insee": "78356", "commune": "Magny-les-Hameaux", "categorie": "musee", "label": "Musée de France", "poids": 1.49, "visiteurs": 31049, "jauge": null}, "geometry": {"type": "Point", "coordinates": [2.013894, 48.748543]}}, {"type": "Feature", "properties": {"nom": "musée d'art et d'industrie", "code_insee": "42218", "commune": "Saint-Étienne", "categorie": "musee", "label": "Musée de France", "poids": 1.49, "visiteurs": 31204, "jauge": null}, "geometry": {"type": "Point", "coordinates": [4.386499, 45.431432]}}, {"type": "Feature", "properties": {"nom": "musée Henri Malartre", "code_insee": "69168", "commune": "Rochetaillée-sur-Saône", "categorie": "musee", "label": "Musée de France", "poids": 1.49, "visiteurs": 31189, "jauge": null}, "geometry": {"type": "Point", "coordinates": [4.836989, 45.844917]}}, {"type": "Feature", "properties": {"nom": "musée Fenaille", "code_insee": "12202", "commune": "Rodez", "categorie": "musee", "label": "Musée de France", "poids": 1.49, "visiteurs": 30898, "jauge": null}, "geometry": {"type": "Point", "coordinates": [2.576619, 44.349136]}}, {"type": "Feature", "properties": {"nom": "musée Casa Pairal", "code_insee": "66136", "commune": "Perpignan", "categorie": "musee", "label": "Musée de France", "poids": 1.49, "visiteurs": 31197, "jauge": null}, "geometry": {"type": "Point", "coordinates": [2.894046, 42.700594]}}, {"type": "Feature", "properties": {"nom": "site archéologique Lattara – musée Henri Prades", "code_insee": "34129", "commune": "Lattes", "categorie": "musee", "label": "Musée de France", "poids": 1.48, "visiteurs": 29876, "jauge": null}, "geometry": {"type": "Point", "coordinates": [3.908438, 43.566496]}}, {"type": "Feature", "properties": {"nom": "Carré d'art - musée d'art contemporain", "code_insee": "30189", "commune": "Nîmes", "categorie": "musee", "label": "Musée de France", "poids": 1.48, "visiteurs": 30288, "jauge": null}, "geometry": {"type": "Point", "coordinates": [4.355372, 43.838095]}}, {"type": "Feature", "properties": {"nom": "musée national Fernand Léger", "code_insee": "06018", "commune": "Biot", "categorie": "musee", "label": "Musée de France", "poids": 1.48, "visiteurs": 30430, "jauge": null}, "geometry": {"type": "Point", "coordinates": [7.112048, 43.622148]}}, {"type": "Feature", "properties": {"nom": "musée de l'Emperi", "code_insee": "13103", "commune": "Salon-de-Provence", "categorie": "musee", "label": "Musée de France", "poids": 1.47, "visiteurs": 29699, "jauge": null}, "geometry": {"type": "Point", "coordinates": [5.09738, 43.63983]}}, {"type": "Feature", "properties": {"nom": "musée Anne de Beaujeu", "code_insee": "03190", "commune": "Moulins", "categorie": "musee", "label": "Musée de France", "poids": 1.47, "visiteurs": 29444, "jauge": null}, "geometry": {"type": "Point", "coordinates": [3.331312, 46.567008]}}, {"type": "Feature", "properties": {"nom": "forum antique de Bavay", "code_insee": "59053", "commune": "Bavay", "categorie": "musee", "label": "Musée de France", "poids": 1.47, "visiteurs": 29513, "jauge": null}, "geometry": {"type": "Point", "coordinates": [3.791417, 50.298663]}}, {"type": "Feature", "properties": {"nom": "MusVerre", "code_insee": "59555", "commune": "Sars-Poteries", "categorie": "musee", "label": "Musée de France", "poids": 1.47, "visiteurs": 29493, "jauge": null}, "geometry": {"type": "Point", "coordinates": [4.023717, 50.164119]}}, {"type": "Feature", "properties": {"nom": "muséum des sciences naturelles", "code_insee": "49007", "commune": "Angers", "categorie": "musee", "label": "Musée de France", "poids": 1.46, "visiteurs": 28681, "jauge": null}, "geometry": {"type": "Point", "coordinates": [-0.546415, 47.473515]}}, {"type": "Feature", "properties": {"nom": "musée d'art Roger-Quillot", "code_insee": "63113", "commune": "Clermont-Ferrand", "categorie": "musee", "label": "Musée de France", "poids": 1.46, "visiteurs": 28927, "jauge": null}, "geometry": {"type": "Point", "coordinates": [3.120637, 45.80588]}}, {"type": "Feature", "properties": {"nom": "musée français de la carte à jouer et galerie d'histoire de la ville", "code_insee": "92040", "commune": "Issy-les-Moulineaux", "categorie": "musee", "label": "Musée de France", "poids": 1.46, "visiteurs": 28695, "jauge": null}, "geometry": {"type": "Point", "coordinates": [2.273285, 48.822721]}}, {"type": "Feature", "properties": {"nom": "musée des beaux-arts", "code_insee": "73065", "commune": "Chambéry", "categorie": "musee", "label": "Musée de France", "poids": 1.45, "visiteurs": 27942, "jauge": null}, "geometry": {"type": "Point", "coordinates": [5.919672, 45.568227]}}, {"type": "Feature", "properties": {"nom": "muséum d'histoire naturelle", "code_insee": "37261", "commune": "Tours", "categorie": "musee", "label": "Musée de France", "poids": 1.45, "visiteurs": 28092, "jauge": null}, "geometry": {"type": "Point", "coordinates": [0.683682, 47.394595]}}, {"type": "Feature", "properties": {"nom": "muséum d'histoire naturelle Lecoq", "code_insee": "63113", "commune": "Clermont-Ferrand", "categorie": "musee", "label": "Musée de France", "poids": 1.45, "visiteurs": 28143, "jauge": null}, "geometry": {"type": "Point", "coordinates": [3.0888, 45.774223]}}, {"type": "Feature", "properties": {"nom": "musée du Gévaudan", "code_insee": "48095", "commune": "Mende", "categorie": "musee", "label": "Musée de France", "poids": 1.45, "visiteurs": 28165, "jauge": null}, "geometry": {"type": "Point", "coordinates": [3.499255, 44.51839]}}, {"type": "Feature", "properties": {"nom": "écomusée de la région", "code_insee": "59249", "commune": "Fourmies", "categorie": "musee", "label": "Musée de France", "poids": 1.45, "visiteurs": 28285, "jauge": null}, "geometry": {"type": "Point", "coordinates": [4.042026, 50.01798]}}, {"type": "Feature", "properties": {"nom": "musée des beaux-arts et d'archéologie", "code_insee": "10387", "commune": "Troyes", "categorie": "musee", "label": "Musée de France", "poids": 1.45, "visiteurs": 28447, "jauge": null}, "geometry": {"type": "Point", "coordinates": [4.080088, 48.300613]}}, {"type": "Feature", "properties": {"nom": "musée de l'ancienne abbaye de Landévennec", "code_insee": "29104", "commune": "Landévennec", "categorie": "musee", "label": "Musée de France", "poids": 1.44, "visiteurs": 27629, "jauge": null}, "geometry": {"type": "Point", "coordinates": [-4.267036, 48.290312]}}, {"type": "Feature", "properties": {"nom": "musée municipal", "code_insee": "51230", "commune": "Épernay", "categorie": "musee", "label": "Musée de France", "poids": 1.44, "visiteurs": 27637, "jauge": null}, "geometry": {"type": "Point", "coordinates": [3.961379, 49.042901]}}, {"type": "Feature", "properties": {"nom": "musée-château", "code_insee": "06027", "commune": "Cagnes-sur-Mer", "categorie": "musee", "label": "Musée de France", "poids": 1.44, "visiteurs": 27472, "jauge": null}, "geometry": {"type": "Point", "coordinates": [7.145213, 43.666892]}}, {"type": "Feature", "properties": {"nom": "centre de découverte du marais breton", "code_insee": "85012", "commune": "La Barre-de-Monts", "categorie": "musee", "label": "Musée de France", "poids": 1.43, "visiteurs": 26779, "jauge": null}, "geometry": {"type": "Point", "coordinates": [-2.10108, 46.874946]}}, {"type": "Feature", "properties": {"nom": "musée des beaux-arts", "code_insee": "11069", "commune": "Carcassonne", "categorie": "musee", "label": "Musée de France", "poids": 1.43, "visiteurs": 26741, "jauge": null}, "geometry": {"type": "Point", "coordinates": [2.355032, 43.212539]}}, {"type": "Feature", "properties": {"nom": "musée Arthur Rimbaud", "code_insee": "08105", "commune": "Charleville-Mézières", "categorie": "musee", "label": "Musée de France", "poids": 1.43, "visiteurs": 26811, "jauge": null}, "geometry": {"type": "Point", "coordinates": [4.721171, 49.775803]}}, {"type": "Feature", "properties": {"nom": "musée du nouveau monde", "code_insee": "17300", "commune": "La Rochelle", "categorie": "musee", "label": "Musée de France", "poids": 1.43, "visiteurs": 27106, "jauge": null}, "geometry": {"type": "Point", "coordinates": [-1.151133, 46.16144]}}, {"type": "Feature", "properties": {"nom": "musée d'histoire de la ville et d'ethnographie du pays malouin", "code_insee": "35288", "commune": "Saint-Malo", "categorie": "musee", "label": "Musée de France", "poids": 1.43, "visiteurs": 26648, "jauge": null}, "geometry": {"type": "Point", "coordinates": [-2.022283, 48.650699]}}, {"type": "Feature", "properties": {"nom": "musée Nicéphore Niepce", "code_insee": "71076", "commune": "Chalon-sur-Saône", "categorie": "musee", "label": "Musée de France", "poids": 1.42, "visiteurs": 26585, "jauge": null}, "geometry": {"type": "Point", "coordinates": [4.855748, 46.780223]}}, {"type": "Feature", "properties": {"nom": "musée de la Chartreuse", "code_insee": "59178", "commune": "Douai", "categorie": "musee", "label": "Musée de France", "poids": 1.42, "visiteurs": 26306, "jauge": null}, "geometry": {"type": "Point", "coordinates": [3.07548, 50.374404]}}, {"type": "Feature", "properties": {"nom": "musée Magnelli - musée de la céramique", "code_insee": "06155", "commune": "Vallauris", "categorie": "musee", "label": "Musée de France", "poids": 1.42, "visiteurs": 26412, "jauge": null}, "geometry": {"type": "Point", "coordinates": [7.053269, 43.579878]}}, {"type": "Feature", "properties": {"nom": "musée camarguais", "code_insee": "13004", "commune": "Arles", "categorie": "musee", "label": "Musée de France", "poids": 1.42, "visiteurs": 26396, "jauge": null}, "geometry": {"type": "Point", "coordinates": [4.689515, 43.423082]}}, {"type": "Feature", "properties": {"nom": "musée de Salagon", "code_insee": "04111", "commune": "Mane", "categorie": "musee", "label": "Musée de France", "poids": 1.42, "visiteurs": 26322, "jauge": null}, "geometry": {"type": "Point", "coordinates": [5.760493, 43.934353]}}, {"type": "Feature", "properties": {"nom": "musée Saint-Rémi", "code_insee": "51454", "commune": "Reims", "categorie": "musee", "label": "Musée de France", "poids": 1.41, "visiteurs": 25468, "jauge": null}, "geometry": {"type": "Point", "coordinates": [4.040597, 49.243038]}}, {"type": "Feature", "properties": {"nom": "musée de la chaussure", "code_insee": "26281", "commune": "Romans-sur-Isère", "categorie": "musee", "label": "Musée de France", "poids": 1.41, "visiteurs": 25578, "jauge": null}, "geometry": {"type": "Point", "coordinates": [5.055776, 45.043435]}}, {"type": "Feature", "properties": {"nom": "musée historique de l'hydravion", "code_insee": "40046", "commune": "Biscarrosse", "categorie": "musee", "label": "Musée de France", "poids": 1.41, "visiteurs": 25641, "jauge": null}, "geometry": {"type": "Point", "coordinates": [-1.182553, 44.389444]}}, {"type": "Feature", "properties": {"nom": "musée de l'abbaye Sainte-Croix", "code_insee": "85194", "commune": "Les Sables-d'Olonne", "categorie": "musee", "label": "Musée de France", "poids": 1.41, "visiteurs": 25885, "jauge": null}, "geometry": {"type": "Point", "coordinates": [-1.777086, 46.497037]}}, {"type": "Feature", "properties": {"nom": "musée de la résistance bretonne", "code_insee": "56228", "commune": "Saint-Marcel", "categorie": "musee", "label": "Musée de France", "poids": 1.41, "visiteurs": 25930, "jauge": null}, "geometry": {"type": "Point", "coordinates": [-2.431781, 47.803836]}}, {"type": "Feature", "properties": {"nom": "musée d'art et d'histoire Roger Rodière", "code_insee": "62588", "commune": "Montreuil", "categorie": "musee", "label": "Musée de France", "poids": 1.4, "visiteurs": 25152, "jauge": null}, "geometry": {"type": "Point", "coordinates": [1.76378, 50.462782]}}, {"type": "Feature", "properties": {"nom": "musée d'art et d'histoire", "code_insee": "90010", "commune": "Belfort", "categorie": "musee", "label": "Musée de France", "poids": 1.4, "visiteurs": 25036, "jauge": null}, "geometry": {"type": "Point", "coordinates": [6.864627, 47.636509]}}, {"type": "Feature", "properties": {"nom": "musée Camille Claudel", "code_insee": "10268", "commune": "Nogent-sur-Seine", "categorie": "musee", "label": "Musée de France", "poids": 1.4, "visiteurs": 25207, "jauge": null}, "geometry": {"type": "Point", "coordinates": [3.501481, 48.495845]}}, {"type": "Feature", "properties": {"nom": "musée des traditions et arts normands", "code_insee": "76412", "commune": "Martainville-Épreville", "categorie": "musee", "label": "Musée de France", "poids": 1.4, "visiteurs": 25134, "jauge": null}, "geometry": {"type": "Point", "coordinates": [1.293632, 49.4587]}}, {"type": "Feature", "properties": {"nom": "musée des merveilles", "code_insee": "06163", "commune": "Tende", "categorie": "musee", "label": "Musée de France", "poids": 1.4, "visiteurs": 24959, "jauge": null}, "geometry": {"type": "Point", "coordinates": [7.593249, 44.08878]}}, {"type": "Feature", "properties": {"nom": "musée Goya", "code_insee": "81065", "commune": "Castres", "categorie": "musee", "label": "Musée de France", "poids": 1.4, "visiteurs": 24988, "jauge": null}, "geometry": {"type": "Point", "coordinates": [2.239788, 43.604867]}}, {"type": "Feature", "properties": {"nom": "musée archéologique", "code_insee": "21231", "commune": "Dijon", "categorie": "musee", "label": "Musée de France", "poids": 1.39, "visiteurs": 24824, "jauge": null}, "geometry": {"type": "Point", "coordinates": [5.034327, 47.322166]}}, {"type": "Feature", "properties": {"nom": "musée vert Véron-de-Forbonnais", "code_insee": "72181", "commune": "Le Mans", "categorie": "musee", "label": "Musée de France", "poids": 1.39, "visiteurs": 24348, "jauge": null}, "geometry": {"type": "Point", "coordinates": [0.207975, 47.98675]}}, {"type": "Feature", "properties": {"nom": "musée archéologique", "code_insee": "83118", "commune": "Saint-Raphaël", "categorie": "musee", "label": "Musée de France", "poids": 1.39, "visiteurs": 24713, "jauge": null}, "geometry": {"type": "Point", "coordinates": [6.769271, 43.425856]}}, {"type": "Feature", "properties": {"nom": "centre minier", "code_insee": "85087", "commune": "Faymoreau", "categorie": "musee", "label": "Musée de France", "poids": 1.39, "visiteurs": 24622, "jauge": null}, "geometry": {"type": "Point", "coordinates": [-0.630895, 46.555204]}}, {"type": "Feature", "properties": {"nom": "musée départemental de préhistoire", "code_insee": "71526", "commune": "Solutré-Pouilly", "categorie": "musee", "label": "Musée de France", "poids": 1.39, "visiteurs": 24327, "jauge": null}, "geometry": {"type": "Point", "coordinates": [4.732216, 46.29533]}}, {"type": "Feature", "properties": {"nom": "musée d'art contemporain - galeries contemporaines", "code_insee": "13208", "commune": "Marseille 8e Arrondissement", "categorie": "musee", "label": "Musée de France", "poids": 1.39, "visiteurs": 24348, "jauge": null}, "geometry": {"type": "Point", "coordinates": [5.390865, 43.251428]}}, {"type": "Feature", "properties": {"nom": "musée Louis Philippe", "code_insee": "76255", "commune": "Eu", "categorie": "musee", "label": "Musée de France", "poids": 1.38, "visiteurs": 23932, "jauge": null}, "geometry": {"type": "Point", "coordinates": [1.418003, 50.049051]}}, {"type": "Feature", "properties": {"nom": "musée du Rhône", "code_insee": "07324", "commune": "Tournon-sur-Rhône", "categorie": "musee", "label": "Musée de France", "poids": 1.38, "visiteurs": 24086, "jauge": null}, "geometry": {"type": "Point", "coordinates": [4.815894, 45.052652]}}, {"type": "Feature", "properties": {"nom": "musée de la bière et du pays de Stenay", "code_insee": "55502", "commune": "Stenay", "categorie": "musee", "label": "Musée de France", "poids": 1.38, "visiteurs": 23801, "jauge": null}, "geometry": {"type": "Point", "coordinates": [5.187719, 49.489647]}}, {"type": "Feature", "properties": {"nom": "musée des beaux-arts", "code_insee": "28085", "commune": "Chartres", "categorie": "musee", "label": "Musée de France", "poids": 1.38, "visiteurs": 24201, "jauge": null}, "geometry": {"type": "Point", "coordinates": [1.487325, 48.448358]}}, {"type": "Feature", "properties": {"nom": "musée napoléonien et musée africain (annexes du musée national des châteaux de Malmaison et de Bois Préau)", "code_insee": "17004", "commune": "Île-d'Aix", "categorie": "musee", "label": "Musée de France", "poids": 1.37, "visiteurs": 23664, "jauge": null}, "geometry": {"type": "Point", "coordinates": [-1.174428, 46.012069]}}, {"type": "Feature", "properties": {"nom": "conservatoire du machinisme et des pratiques agricoles", "code_insee": "28229", "commune": "Mainvilliers", "categorie": "musee", "label": "Musée de France", "poids": 1.37, "visiteurs": 23543, "jauge": null}, "geometry": {"type": "Point", "coordinates": [1.476349, 48.446807]}}, {"type": "Feature", "properties": {"nom": "musée Dobrée", "code_insee": "44109", "commune": "Nantes", "categorie": "musee", "label": "Musée de France", "poids": 1.37, "visiteurs": 23178, "jauge": null}, "geometry": {"type": "Point", "coordinates": [-1.566238, 47.211842]}}, {"type": "Feature", "properties": {"nom": "musée d'ethnographie et d'arts populaires et musée de la marine", "code_insee": "14333", "commune": "Honfleur", "categorie": "musee", "label": "Musée de France", "poids": 1.37, "visiteurs": 23268, "jauge": null}, "geometry": {"type": "Point", "coordinates": [0.233744, 49.419608]}}, {"type": "Feature", "properties": {"nom": "musée et sites archéologiques de Vieux-la-Romaine", "code_insee": "14747", "commune": "Vieux", "categorie": "musee", "label": "Musée de France", "poids": 1.36, "visiteurs": 22803, "jauge": null}, "geometry": {"type": "Point", "coordinates": [-0.430611, 49.105637]}}, {"type": "Feature", "properties": {"nom": "musée du président Jacques Chirac", "code_insee": "19251", "commune": "Sarran", "categorie": "musee", "label": "Musée de France", "poids": 1.36, "visiteurs": 23005, "jauge": null}, "geometry": {"type": "Point", "coordinates": [1.940079, 45.407742]}}, {"type": "Feature", "properties": {"nom": "musée Oberlin", "code_insee": "67513", "commune": "Waldersbach", "categorie": "musee", "label": "Musée de France", "poids": 1.36, "visiteurs": 23134, "jauge": null}, "geometry": {"type": "Point", "coordinates": [7.214757, 48.414784]}}, {"type": "Feature", "properties": {"nom": "musée archéologique départemental du Val d'Oise", "code_insee": "95295", "commune": "Guiry-en-Vexin", "categorie": "musee", "label": "Musée de France", "poids": 1.35, "visiteurs": 22317, "jauge": null}, "geometry": {"type": "Point", "coordinates": [1.849744, 49.108857]}}, {"type": "Feature", "properties": {"nom": "musée municipal de la coutellerie", "code_insee": "63430", "commune": "Thiers", "categorie": "musee", "label": "Musée de France", "poids": 1.35, "visiteurs": 22214, "jauge": null}, "geometry": {"type": "Point", "coordinates": [3.548123, 45.852368]}}, {"type": "Feature", "properties": {"nom": "musée d’art, histoire et archéologie d’Evreux", "code_insee": "27229", "commune": "Évreux", "categorie": "musee", "label": "Musée de France", "poids": 1.35, "visiteurs": 22289, "jauge": null}, "geometry": {"type": "Point", "coordinates": [1.1502, 49.023998]}}, {"type": "Feature", "properties": {"nom": "musée des beaux-arts", "code_insee": "29019", "commune": "Brest", "categorie": "musee", "label": "Musée de France", "poids": 1.34, "visiteurs": 22120, "jauge": null}, "geometry": {"type": "Point", "coordinates": [-4.489846, 48.385209]}}, {"type": "Feature", "properties": {"nom": "musée ethnographique et archéologique du Donjon", "code_insee": "79191", "commune": "Niort", "categorie": "musee", "label": "Musée de France", "poids": 1.34, "visiteurs": 21953, "jauge": null}, "geometry": {"type": "Point", "coordinates": [-0.465312, 46.351644]}}, {"type": "Feature", "properties": {"nom": "musée des beaux-arts", "code_insee": "59606", "commune": "Valenciennes", "categorie": "musee", "label": "Musée de France", "poids": 1.34, "visiteurs": 21770, "jauge": null}, "geometry": {"type": "Point", "coordinates": [3.530781, 50.357613]}}, {"type": "Feature", "properties": {"nom": "musée Mathurin Meheut", "code_insee": "22093", "commune": "Lamballe-Armor", "categorie": "musee", "label": "Musée de France", "poids": 1.34, "visiteurs": 21706, "jauge": null}, "geometry": {"type": "Point", "coordinates": [-2.515276, 48.469629]}}, {"type": "Feature", "properties": {"nom": "musée des années trente", "code_insee": "92012", "commune": "Boulogne-Billancourt", "categorie": "musee", "label": "Musée de France", "poids": 1.33, "visiteurs": 21471, "jauge": null}, "geometry": {"type": "Point", "coordinates": [2.240528, 48.835967]}}, {"type": "Feature", "properties": {"nom": "muséum d'histoire naturelle et d'ethnographie", "code_insee": "68066", "commune": "Colmar", "categorie": "musee", "label": "Musée de France", "poids": 1.33, "visiteurs": 21480, "jauge": null}, "geometry": {"type": "Point", "coordinates": [7.35876, 48.073589]}}, {"type": "Feature", "properties": {"nom": "musée de l'histoire du Perche", "code_insee": "28280", "commune": "Nogent-le-Rotrou", "categorie": "musee", "label": "Musée de France", "poids": 1.33, "visiteurs": 21329, "jauge": null}, "geometry": {"type": "Point", "coordinates": [0.824472, 48.317923]}}, {"type": "Feature", "properties": {"nom": "musée des beaux-arts et d'archéologie", "code_insee": "39198", "commune": "Dole", "categorie": "musee", "label": "Musée de France", "poids": 1.33, "visiteurs": 21206, "jauge": null}, "geometry": {"type": "Point", "coordinates": [5.488115, 47.089313]}}, {"type": "Feature", "properties": {"nom": "musée d'art et d'histoire", "code_insee": "92048", "commune": "Meudon", "categorie": "musee", "label": "Musée de France", "poids": 1.33, "visiteurs": 21480, "jauge": null}, "geometry": {"type": "Point", "coordinates": [2.234879, 48.806406]}}, {"type": "Feature", "properties": {"nom": "musée d'art et d'histoire", "code_insee": "17299", "commune": "Rochefort", "categorie": "musee", "label": "Musée de France", "poids": 1.32, "visiteurs": 21111, "jauge": null}, "geometry": {"type": "Point", "coordinates": [-0.96249, 45.935688]}}, {"type": "Feature", "properties": {"nom": "musée municipal", "code_insee": "89387", "commune": "Sens", "categorie": "musee", "label": "Musée de France", "poids": 1.32, "visiteurs": 20670, "jauge": null}, "geometry": {"type": "Point", "coordinates": [3.28448, 48.19765]}}, {"type": "Feature", "properties": {"nom": "musée du pavillon de Vendôme", "code_insee": "13001", "commune": "Aix-en-Provence", "categorie": "musee", "label": "Musée de France", "poids": 1.32, "visiteurs": 21106, "jauge": null}, "geometry": {"type": "Point", "coordinates": [5.442262, 43.530839]}}, {"type": "Feature", "properties": {"nom": "musée des beaux-arts et de la dentelle", "code_insee": "62193", "commune": "Calais", "categorie": "musee", "label": "Musée de France", "poids": 1.32, "visiteurs": 20828, "jauge": null}, "geometry": {"type": "Point", "coordinates": [1.851949, 50.956734]}}, {"type": "Feature", "properties": {"nom": "musée des musiques populaires (vieux château)", "code_insee": "03185", "commune": "Montluçon", "categorie": "musee", "label": "Musée de France", "poids": 1.32, "visiteurs": 20969, "jauge": null}, "geometry": {"type": "Point", "coordinates": [2.605724, 46.341009]}}, {"type": "Feature", "properties": {"nom": "château de la Bastie d'Urfé", "code_insee": "42219", "commune": "Saint-Étienne-le-Molard", "categorie": "musee", "label": "Musée de France", "poids": 1.32, "visiteurs": 21013, "jauge": null}, "geometry": {"type": "Point", "coordinates": [4.078585, 45.727707]}}, {"type": "Feature", "properties": {"nom": "musée de l'école de Barbizon - auberge Ganne", "code_insee": "77022", "commune": "Barbizon", "categorie": "musee", "label": "Musée de France", "poids": 1.31, "visiteurs": 20204, "jauge": null}, "geometry": {"type": "Point", "coordinates": [2.602464, 48.446181]}}, {"type": "Feature", "properties": {"nom": "maison de l'outil et de la pensée ouvrière", "code_insee": "10387", "commune": "Troyes", "categorie": "musee", "label": "Musée de France", "poids": 1.31, "visiteurs": 20229, "jauge": null}, "geometry": {"type": "Point", "coordinates": [4.072932, 48.294638]}}, {"type": "Feature", "properties": {"nom": "musée du château", "code_insee": "53147", "commune": "Mayenne", "categorie": "musee", "label": "Musée de France", "poids": 1.31, "visiteurs": 20621, "jauge": null}, "geometry": {"type": "Point", "coordinates": [-0.617886, 48.303122]}}, {"type": "Feature", "properties": {"nom": "musée Jean Cocteau", "code_insee": "06083", "commune": "Menton", "categorie": "musee", "label": "Musée de France", "poids": 1.31, "visiteurs": 20373, "jauge": null}, "geometry": {"type": "Point", "coordinates": [7.506638, 43.774808]}}, {"type": "Feature", "properties": {"nom": "musée des Marais salants", "code_insee": "44010", "commune": "Batz-sur-Mer", "categorie": "musee", "label": "Musée de France", "poids": 1.31, "visiteurs": 20390, "jauge": null}, "geometry": {"type": "Point", "coordinates": [-2.478074, 47.278644]}}, {"type": "Feature", "properties": {"nom": "musée d'art et d'archéologie du Périgord", "code_insee": "24322", "commune": "Périgueux", "categorie": "musee", "label": "Musée de France", "poids": 1.31, "visiteurs": 20602, "jauge": null}, "geometry": {"type": "Point", "coordinates": [0.72395, 45.186039]}}, {"type": "Feature", "properties": {"nom": "musée Rolin", "code_insee": "71014", "commune": "Autun", "categorie": "musee", "label": "Musée de France", "poids": 1.3, "visiteurs": 19732, "jauge": null}, "geometry": {"type": "Point", "coordinates": [4.299014, 46.945938]}}, {"type": "Feature", "properties": {"nom": "musée Thomas Henry", "code_insee": "50129", "commune": "Cherbourg-en-Cotentin", "categorie": "musee", "label": "Musée de France", "poids": 1.3, "visiteurs": 19942, "jauge": null}, "geometry": {"type": "Point", "coordinates": [-1.623125, 49.637166]}}, {"type": "Feature", "properties": {"nom": "musée de paléontologie de Terra Amata", "code_insee": "06088", "commune": "Nice", "categorie": "musee", "label": "Musée de France", "poids": 1.3, "visiteurs": 19826, "jauge": null}, "geometry": {"type": "Point", "coordinates": [7.289413, 43.697763]}}, {"type": "Feature", "properties": {"nom": "musée archéologique départemental", "code_insee": "53122", "commune": "Jublains", "categorie": "musee", "label": "Musée de France", "poids": 1.3, "visiteurs": 20060, "jauge": null}, "geometry": {"type": "Point", "coordinates": [-0.49721, 48.254386]}}, {"type": "Feature", "properties": {"nom": "musée Champollion", "code_insee": "38545", "commune": "Vif", "categorie": "musee", "label": "Musée de France", "poids": 1.3, "visiteurs": 19907, "jauge": null}, "geometry": {"type": "Point", "coordinates": [5.669154, 45.053521]}}, {"type": "Feature", "properties": {"nom": "musée des beaux-arts", "code_insee": "64445", "commune": "Pau", "categorie": "musee", "label": "Musée de France", "poids": 1.3, "visiteurs": 20124, "jauge": null}, "geometry": {"type": "Point", "coordinates": [-0.36395, 43.298163]}}, {"type": "Feature", "properties": {"nom": "muséum d'histoire naturelle", "code_insee": "64102", "commune": "Bayonne", "categorie": "musee", "label": "Musée de France", "poids": 1.29, "visiteurs": 19317, "jauge": null}, "geometry": {"type": "Point", "coordinates": [-1.472727, 43.479048]}}, {"type": "Feature", "properties": {"nom": "musée du chapeau", "code_insee": "42059", "commune": "Chazelles-sur-Lyon", "categorie": "musee", "label": "Musée de France", "poids": 1.29, "visiteurs": 19476, "jauge": null}, "geometry": {"type": "Point", "coordinates": [4.394763, 45.638565]}}, {"type": "Feature", "properties": {"nom": "musée de l'hospice Saint Roch", "code_insee": "36088", "commune": "Issoudun", "categorie": "musee", "label": "Musée de France", "poids": 1.29, "visiteurs": 19631, "jauge": null}, "geometry": {"type": "Point", "coordinates": [1.993985, 46.945266]}}, {"type": "Feature", "properties": {"nom": "musée municipal", "code_insee": "12145", "commune": "Millau", "categorie": "musee", "label": "Musée de France", "poids": 1.29, "visiteurs": 19316, "jauge": null}, "geometry": {"type": "Point", "coordinates": [3.080976, 44.097692]}}, {"type": "Feature", "properties": {"nom": "château musée", "code_insee": "36010", "commune": "Azay-le-Ferron", "categorie": "musee", "label": "Musée de France", "poids": 1.29, "visiteurs": 19312, "jauge": null}, "geometry": {"type": "Point", "coordinates": [1.070018, 46.85099]}}, {"type": "Feature", "properties": {"nom": "musée départemental des Hautes-Alpes", "code_insee": "05061", "commune": "Gap", "categorie": "musee", "label": "Musée de France", "poids": 1.29, "visiteurs": 19440, "jauge": null}, "geometry": {"type": "Point", "coordinates": [6.085691, 44.562285]}}, {"type": "Feature", "properties": {"nom": "musée des beaux-arts", "code_insee": "68224", "commune": "Mulhouse", "categorie": "musee", "label": "Musée de France", "poids": 1.29, "visiteurs": 19341, "jauge": null}, "geometry": {"type": "Point", "coordinates": [7.33857, 47.745707]}}, {"type": "Feature", "properties": {"nom": "musée de Provins et du Provinois", "code_insee": "77379", "commune": "Provins", "categorie": "musee", "label": "Musée de France", "poids": 1.29, "visiteurs": 19544, "jauge": null}, "geometry": {"type": "Point", "coordinates": [3.290442, 48.561645]}}, {"type": "Feature", "properties": {"nom": "musée du château", "code_insee": "25388", "commune": "Montbéliard", "categorie": "musee", "label": "Musée de France", "poids": 1.29, "visiteurs": 19367, "jauge": null}, "geometry": {"type": "Point", "coordinates": [6.798848, 47.508708]}}, {"type": "Feature", "properties": {"nom": "musée Balzac", "code_insee": "37205", "commune": "Saché", "categorie": "musee", "label": "Musée de France", "poids": 1.29, "visiteurs": 19295, "jauge": null}, "geometry": {"type": "Point", "coordinates": [0.545226, 47.246081]}}, {"type": "Feature", "properties": {"nom": "musée des Amériques - Auch", "code_insee": "32013", "commune": "Auch", "categorie": "musee", "label": "Musée de France", "poids": 1.28, "visiteurs": 19170, "jauge": null}, "geometry": {"type": "Point", "coordinates": [0.587357, 43.647059]}}, {"type": "Feature", "properties": {"nom": "musée de Dinan", "code_insee": "22050", "commune": "Dinan", "categorie": "musee", "label": "Musée de France", "poids": 1.28, "visiteurs": 19080, "jauge": null}, "geometry": {"type": "Point", "coordinates": [-2.044063, 48.450412]}}, {"type": "Feature", "properties": {"nom": "musée des beaux-arts et d'archéologie", "code_insee": "33243", "commune": "Libourne", "categorie": "musee", "label": "Musée de France", "poids": 1.28, "visiteurs": 19240, "jauge": null}, "geometry": {"type": "Point", "coordinates": [-0.245588, 44.914498]}}, {"type": "Feature", "properties": {"nom": "musée d'art et d'histoire Paul Eluard", "code_insee": "93066", "commune": "Saint-Denis", "categorie": "musee", "label": "Musée de France", "poids": 1.27, "visiteurs": 18566, "jauge": null}, "geometry": {"type": "Point", "coordinates": [2.356113, 48.932266]}}, {"type": "Feature", "properties": {"nom": "musée Paul Dini", "code_insee": "69264", "commune": "Villefranche-sur-Saône", "categorie": "musee", "label": "Musée de France", "poids": 1.27, "visiteurs": 18746, "jauge": null}, "geometry": {"type": "Point", "coordinates": [4.721555, 45.990863]}}, {"type": "Feature", "properties": {"nom": "musée de la poste", "code_insee": "75115", "commune": "Paris 15e Arrondissement", "categorie": "musee", "label": "Musée de France", "poids": 1.27, "visiteurs": 18530, "jauge": null}, "geometry": {"type": "Point", "coordinates": [2.317236, 48.841351]}}, {"type": "Feature", "properties": {"nom": "musée Bargoin", "code_insee": "63113", "commune": "Clermont-Ferrand", "categorie": "musee", "label": "Musée de France", "poids": 1.27, "visiteurs": 18677, "jauge": null}, "geometry": {"type": "Point", "coordinates": [3.087041, 45.774249]}}, {"type": "Feature", "properties": {"nom": "musée de l'image", "code_insee": "88160", "commune": "Épinal", "categorie": "musee", "label": "Musée de France", "poids": 1.27, "visiteurs": 18779, "jauge": null}, "geometry": {"type": "Point", "coordinates": [6.447247, 48.184074]}}, {"type": "Feature", "properties": {"nom": "atelier-musée du papier", "code_insee": "16015", "commune": "Angoulême", "categorie": "musee", "label": "Musée de France", "poids": 1.26, "visiteurs": 18144, "jauge": null}, "geometry": {"type": "Point", "coordinates": [0.149932, 45.653356]}}, {"type": "Feature", "properties": {"nom": "musée du château des Adhémar", "code_insee": "26198", "commune": "Montélimar", "categorie": "musee", "label": "Musée de France", "poids": 1.26, "visiteurs": 18119, "jauge": null}, "geometry": {"type": "Point", "coordinates": [4.754796, 44.559939]}}, {"type": "Feature", "properties": {"nom": "musée Lambinet", "code_insee": "78646", "commune": "Versailles", "categorie": "musee", "label": "Musée de France", "poids": 1.26, "visiteurs": 18376, "jauge": null}, "geometry": {"type": "Point", "coordinates": [2.130624, 48.808966]}}, {"type": "Feature", "properties": {"nom": "musée de Sarlat et du Périgord noir", "code_insee": "24520", "commune": "Sarlat-la-Canéda", "categorie": "musee", "label": "Musée de France", "poids": 1.26, "visiteurs": 18000, "jauge": null}, "geometry": {"type": "Point", "coordinates": [1.216563, 44.890419]}}, {"type": "Feature", "properties": {"nom": "musée municipal des beaux-arts", "code_insee": "47001", "commune": "Agen", "categorie": "musee", "label": "Musée de France", "poids": 1.26, "visiteurs": 18224, "jauge": null}, "geometry": {"type": "Point", "coordinates": [0.616018, 44.20354]}}, {"type": "Feature", "properties": {"nom": "musée du château", "code_insee": "91200", "commune": "Dourdan", "categorie": "musee", "label": "Musée de France", "poids": 1.26, "visiteurs": 18052, "jauge": null}, "geometry": {"type": "Point", "coordinates": [2.011218, 48.529841]}}, {"type": "Feature", "properties": {"nom": "musée de la Gendarmerie", "code_insee": "77288", "commune": "Melun", "categorie": "musee", "label": "Musée de France", "poids": 1.26, "visiteurs": 18353, "jauge": null}, "geometry": {"type": "Point", "coordinates": [2.652898, 48.545454]}}, {"type": "Feature", "properties": {"nom": "musée Pincé", "code_insee": "49007", "commune": "Angers", "categorie": "musee", "label": "Musée de France", "poids": 1.25, "visiteurs": 17658, "jauge": null}, "geometry": {"type": "Point", "coordinates": [-0.55156, 47.471967]}}, {"type": "Feature", "properties": {"nom": "muséum d'histoire naturelle", "code_insee": "66136", "commune": "Perpignan", "categorie": "musee", "label": "Musée de France", "poids": 1.25, "visiteurs": 17786, "jauge": null}, "geometry": {"type": "Point", "coordinates": [2.899439, 42.69751]}}, {"type": "Feature", "properties": {"nom": "muséum d'histoire naturelle Esprit Requien", "code_insee": "84007", "commune": "Avignon", "categorie": "musee", "label": "Musée de France", "poids": 1.25, "visiteurs": 17941, "jauge": null}, "geometry": {"type": "Point", "coordinates": [4.80371, 43.946696]}}, {"type": "Feature", "properties": {"nom": "musée du Faouët", "code_insee": "56057", "commune": "Le Faouët", "categorie": "musee", "label": "Musée de France", "poids": 1.25, "visiteurs": 17642, "jauge": null}, "geometry": {"type": "Point", "coordinates": [-3.490736, 48.031713]}}, {"type": "Feature", "properties": {"nom": "musée national de l'éducation", "code_insee": "76540", "commune": "Rouen", "categorie": "musee", "label": "Musée de France", "poids": 1.25, "visiteurs": 17604, "jauge": null}, "geometry": {"type": "Point", "coordinates": [1.101655, 49.441422]}}, {"type": "Feature", "properties": {"nom": "musée de l'Ephèbe", "code_insee": "34003", "commune": "Agde", "categorie": "musee", "label": "Musée de France", "poids": 1.25, "visiteurs": 17724, "jauge": null}, "geometry": {"type": "Point", "coordinates": [3.514084, 43.286698]}}, {"type": "Feature", "properties": {"nom": "musée des phares et balises", "code_insee": "29155", "commune": "Ouessant", "categorie": "musee", "label": "Musée de France", "poids": 1.24, "visiteurs": 17570, "jauge": null}, "geometry": {"type": "Point", "coordinates": [-5.130204, 48.459419]}}, {"type": "Feature", "properties": {"nom": "musée départemental Albert Demard", "code_insee": "70122", "commune": "Champlitte", "categorie": "musee", "label": "Musée de France", "poids": 1.24, "visiteurs": 17443, "jauge": null}, "geometry": {"type": "Point", "coordinates": [5.512862, 47.616958]}}, {"type": "Feature", "properties": {"nom": "musée national Magnin", "code_insee": "21231", "commune": "Dijon", "categorie": "musee", "label": "Musée de France", "poids": 1.24, "visiteurs": 17249, "jauge": null}, "geometry": {"type": "Point", "coordinates": [5.042189, 47.320958]}}, {"type": "Feature", "properties": {"nom": "musée de la Franc-Maçonnerie", "code_insee": "75109", "commune": "Paris 9e Arrondissement", "categorie": "musee", "label": "Musée de France", "poids": 1.24, "visiteurs": 17360, "jauge": null}, "geometry": {"type": "Point", "coordinates": [2.343727, 48.874725]}}, {"type": "Feature", "properties": {"nom": "musée Henri-Martin", "code_insee": "46042", "commune": "Cahors", "categorie": "musee", "label": "Musée de France", "poids": 1.24, "visiteurs": 17270, "jauge": null}, "geometry": {"type": "Point", "coordinates": [1.437848, 44.448447]}}, {"type": "Feature", "properties": {"nom": "château-musée de Gien : chasse, histoire et nature en Val de Loire", "code_insee": "45155", "commune": "Gien", "categorie": "musee", "label": "Musée de France", "poids": 1.23, "visiteurs": 17009, "jauge": null}, "geometry": {"type": "Point", "coordinates": [2.631074, 47.6853]}}, {"type": "Feature", "properties": {"nom": "musée de la nacre et de la tabletterie", "code_insee": "60395", "commune": "Méru", "categorie": "musee", "label": "Musée de France", "poids": 1.23, "visiteurs": 17008, "jauge": null}, "geometry": {"type": "Point", "coordinates": [2.139609, 49.238327]}}, {"type": "Feature", "properties": {"nom": "domaine des Saveurs – Les Planons", "code_insee": "01343", "commune": "Saint-Cyr-sur-Menthon", "categorie": "musee", "label": "Musée de France", "poids": 1.23, "visiteurs": 16907, "jauge": null}, "geometry": {"type": "Point", "coordinates": [4.986729, 46.282489]}}, {"type": "Feature", "properties": {"nom": "musée départemental d'art ancien et contemporain", "code_insee": "88160", "commune": "Épinal", "categorie": "musee", "label": "Musée de France", "poids": 1.23, "visiteurs": 16792, "jauge": null}, "geometry": {"type": "Point", "coordinates": [6.446595, 48.17326]}}, {"type": "Feature", "properties": {"nom": "musée Jean-Jacques Henner", "code_insee": "75117", "commune": "Paris 17e Arrondissement", "categorie": "musee", "label": "Musée de France", "poids": 1.23, "visiteurs": 17086, "jauge": null}, "geometry": {"type": "Point", "coordinates": [2.307689, 48.883045]}}, {"type": "Feature", "properties": {"nom": "musée d'histoire naturelle", "code_insee": "89024", "commune": "Auxerre", "categorie": "musee", "label": "Musée de France", "poids": 1.23, "visiteurs": 17040, "jauge": null}, "geometry": {"type": "Point", "coordinates": [3.563442, 47.797139]}}, {"type": "Feature", "properties": {"nom": "musée du vin de Bourgogne", "code_insee": "21054", "commune": "Beaune", "categorie": "musee", "label": "Musée de France", "poids": 1.23, "visiteurs": 16806, "jauge": null}, "geometry": {"type": "Point", "coordinates": [4.836155, 47.023388]}}, {"type": "Feature", "properties": {"nom": "musée des beaux-arts", "code_insee": "17300", "commune": "La Rochelle", "categorie": "musee", "label": "Musée de France", "poids": 1.23, "visiteurs": 17074, "jauge": null}, "geometry": {"type": "Point", "coordinates": [-1.151552, 46.161969]}}, {"type": "Feature", "properties": {"nom": "musée de la marine de Seine", "code_insee": "76164", "commune": "Rives-en-Seine", "categorie": "musee", "label": "Musée de France", "poids": 1.23, "visiteurs": 17000, "jauge": null}, "geometry": {"type": "Point", "coordinates": [0.722233, 49.524747]}}, {"type": "Feature", "properties": {"nom": "musée Rambolitrain", "code_insee": "78517", "commune": "Rambouillet", "categorie": "musee", "label": "Musée de France", "poids": 1.23, "visiteurs": 16980, "jauge": null}, "geometry": {"type": "Point", "coordinates": [1.823892, 48.646025]}}, {"type": "Feature", "properties": {"nom": "musée de la villa Montebello", "code_insee": "14715", "commune": "Trouville-sur-Mer", "categorie": "musee", "label": "Musée de France", "poids": 1.23, "visiteurs": 16858, "jauge": null}, "geometry": {"type": "Point", "coordinates": [0.083538, 49.37135]}}, {"type": "Feature", "properties": {"nom": "atelier-musée de l'imprimerie, Le Malesherbois", "code_insee": "45191", "commune": "Le Malesherbois", "categorie": "musee", "label": "Musée de France", "poids": 1.23, "visiteurs": 17153, "jauge": null}, "geometry": {"type": "Point", "coordinates": [2.386452, 48.299077]}}, {"type": "Feature", "properties": {"nom": "musée des tapisseries", "code_insee": "13001", "commune": "Aix-en-Provence", "categorie": "musee", "label": "Musée de France", "poids": 1.22, "visiteurs": 16771, "jauge": null}, "geometry": {"type": "Point", "coordinates": [5.447051, 43.531631]}}, {"type": "Feature", "properties": {"nom": "musée départemental de préhistoire", "code_insee": "37113", "commune": "Le Grand-Pressigny", "categorie": "musee", "label": "Musée de France", "poids": 1.22, "visiteurs": 16474, "jauge": null}, "geometry": {"type": "Point", "coordinates": [0.802443, 46.92161]}}, {"type": "Feature", "properties": {"nom": "musée des Tumulus", "code_insee": "79042", "commune": "Bougon", "categorie": "musee", "label": "Musée de France", "poids": 1.22, "visiteurs": 16676, "jauge": null}, "geometry": {"type": "Point", "coordinates": [-0.067452, 46.374571]}}, {"type": "Feature", "properties": {"nom": "musée départemental d'art contemporain", "code_insee": "87126", "commune": "Rochechouart", "categorie": "musee", "label": "Musée de France", "poids": 1.22, "visiteurs": 16467, "jauge": null}, "geometry": {"type": "Point", "coordinates": [0.819278, 45.821576]}}, {"type": "Feature", "properties": {"nom": "musée de la Légion étrangère", "code_insee": "13005", "commune": "Aubagne", "categorie": "musee", "label": "Musée de France", "poids": 1.21, "visiteurs": 16124, "jauge": null}, "geometry": {"type": "Point", "coordinates": [5.553178, 43.293619]}}, {"type": "Feature", "properties": {"nom": "musée d'art et d'histoire", "code_insee": "49099", "commune": "Cholet", "categorie": "musee", "label": "Musée de France", "poids": 1.21, "visiteurs": 16077, "jauge": null}, "geometry": {"type": "Point", "coordinates": [-0.880878, 47.058151]}}, {"type": "Feature", "properties": {"nom": "musée des Beaux-Arts", "code_insee": "83050", "commune": "Draguignan", "categorie": "musee", "label": "Musée de France", "poids": 1.21, "visiteurs": 16171, "jauge": null}, "geometry": {"type": "Point", "coordinates": [6.464976, 43.537822]}}, {"type": "Feature", "properties": {"nom": "musée du pays de Sarrebourg", "code_insee": "57630", "commune": "Sarrebourg", "categorie": "musee", "label": "Musée de France", "poids": 1.21, "visiteurs": 16379, "jauge": null}, "geometry": {"type": "Point", "coordinates": [7.054388, 48.734791]}}, {"type": "Feature", "properties": {"nom": "musée du jouet Pierre Pinel", "code_insee": "78498", "commune": "Poissy", "categorie": "musee", "label": "Musée de France", "poids": 1.21, "visiteurs": 16271, "jauge": null}, "geometry": {"type": "Point", "coordinates": [2.037892, 48.928429]}}, {"type": "Feature", "properties": {"nom": "musée du Long-Cours Cap-hornier", "code_insee": "35288", "commune": "Saint-Malo", "categorie": "musee", "label": "Musée de France", "poids": 1.21, "visiteurs": 16242, "jauge": null}, "geometry": {"type": "Point", "coordinates": [-2.023412, 48.635338]}}, {"type": "Feature", "properties": {"nom": "musée Bernard d'Agesci", "code_insee": "79191", "commune": "Niort", "categorie": "musee", "label": "Musée de France", "poids": 1.21, "visiteurs": 16232, "jauge": null}, "geometry": {"type": "Point", "coordinates": [-0.454539, 46.321227]}}, {"type": "Feature", "properties": {"nom": "musée de la guerre de 1870", "code_insee": "57256", "commune": "Gravelotte", "categorie": "musee", "label": "Musée de France", "poids": 1.21, "visiteurs": 16219, "jauge": null}, "geometry": {"type": "Point", "coordinates": [6.029598, 49.113926]}}, {"type": "Feature", "properties": {"nom": "musée du Dolder", "code_insee": "68277", "commune": "Riquewihr", "categorie": "musee", "label": "Musée de France", "poids": 1.21, "visiteurs": 16366, "jauge": null}, "geometry": {"type": "Point", "coordinates": [7.295681, 48.167035]}}, {"type": "Feature", "properties": {"nom": "Féru des sciences", "code_insee": "54274", "commune": "Jarville-la-Malgrange", "categorie": "musee", "label": "Musée de France", "poids": 1.2, "visiteurs": 15808, "jauge": null}, "geometry": {"type": "Point", "coordinates": [6.208875, 48.666618]}}, {"type": "Feature", "properties": {"nom": "château", "code_insee": "14582", "commune": "Saint-Germain-de-Livet", "categorie": "musee", "label": "Musée de France", "poids": 1.2, "visiteurs": 15972, "jauge": null}, "geometry": {"type": "Point", "coordinates": [0.214772, 49.089136]}}, {"type": "Feature", "properties": {"nom": "musée des beaux-arts et de la dentelle", "code_insee": "61001", "commune": "Alençon", "categorie": "musee", "label": "Musée de France", "poids": 1.2, "visiteurs": 15701, "jauge": null}, "geometry": {"type": "Point", "coordinates": [0.083235, 48.432119]}}, {"type": "Feature", "properties": {"nom": "musée municipal", "code_insee": "85191", "commune": "La Roche-sur-Yon", "categorie": "musee", "label": "Musée de France", "poids": 1.2, "visiteurs": 15812, "jauge": null}, "geometry": {"type": "Point", "coordinates": [-1.427964, 46.668928]}}, {"type": "Feature", "properties": {"nom": "musée départemental des arts et traditions populaires du Perche", "code_insee": "61379", "commune": "Saint-Cyr-la-Rosière", "categorie": "musee", "label": "Musée de France", "poids": 1.2, "visiteurs": 15934, "jauge": null}, "geometry": {"type": "Point", "coordinates": [0.654489, 48.32462]}}, {"type": "Feature", "properties": {"nom": "musée d'art et d'histoire", "code_insee": "22278", "commune": "Saint-Brieuc", "categorie": "musee", "label": "Musée de France", "poids": 1.19, "visiteurs": 15467, "jauge": null}, "geometry": {"type": "Point", "coordinates": [-2.762223, 48.512606]}}, {"type": "Feature", "properties": {"nom": "musée gallo-romain Sisteron", "code_insee": "04209", "commune": "Sisteron", "categorie": "musee", "label": "Musée de France", "poids": 1.19, "visiteurs": 15370, "jauge": null}, "geometry": {"type": "Point", "coordinates": [5.942966, 44.194589]}}, {"type": "Feature", "properties": {"nom": "musée Bertrand", "code_insee": "36044", "commune": "Châteauroux", "categorie": "musee", "label": "Musée de France", "poids": 1.19, "visiteurs": 15374, "jauge": null}, "geometry": {"type": "Point", "coordinates": [1.694262, 46.813737]}}, {"type": "Feature", "properties": {"nom": "musée départemental Maurice Denis", "code_insee": "78551", "commune": "Saint-Germain-en-Laye", "categorie": "musee", "label": "Musée de France", "poids": 1.19, "visiteurs": 15468, "jauge": null}, "geometry": {"type": "Point", "coordinates": [2.087541, 48.892496]}}, {"type": "Feature", "properties": {"nom": "musée Antoine Vivenel", "code_insee": "60159", "commune": "Compiègne", "categorie": "musee", "label": "Musée de France", "poids": 1.18, "visiteurs": 15278, "jauge": null}, "geometry": {"type": "Point", "coordinates": [2.821526, 49.417414]}}, {"type": "Feature", "properties": {"nom": "musée des Charmettes", "code_insee": "73065", "commune": "Chambéry", "categorie": "musee", "label": "Musée de France", "poids": 1.18, "visiteurs": 14967, "jauge": null}, "geometry": {"type": "Point", "coordinates": [5.929839, 45.553211]}}, {"type": "Feature", "properties": {"nom": "musée Ernest Cognacq", "code_insee": "17369", "commune": "Saint-Martin-de-Ré", "categorie": "musee", "label": "Musée de France", "poids": 1.18, "visiteurs": 14968, "jauge": null}, "geometry": {"type": "Point", "coordinates": [-1.365214, 46.204978]}}, {"type": "Feature", "properties": {"nom": "musée du docteur Faure", "code_insee": "73008", "commune": "Aix-les-Bains", "categorie": "musee", "label": "Musée de France", "poids": 1.18, "visiteurs": 15258, "jauge": null}, "geometry": {"type": "Point", "coordinates": [5.915578, 45.692157]}}, {"type": "Feature", "properties": {"nom": "écomusée des monts d'Arrée", "code_insee": "29038", "commune": "Commana", "categorie": "musee", "label": "Musée de France", "poids": 1.18, "visiteurs": 15084, "jauge": null}, "geometry": {"type": "Point", "coordinates": [-4.006381, 48.41607]}}, {"type": "Feature", "properties": {"nom": "musée de l'hôtel Sandelin", "code_insee": "62765", "commune": "Saint-Omer", "categorie": "musee", "label": "Musée de France", "poids": 1.18, "visiteurs": 15261, "jauge": null}, "geometry": {"type": "Point", "coordinates": [2.254697, 50.749054]}}, {"type": "Feature", "properties": {"nom": "muséAL musée départemental archéologique", "code_insee": "07005", "commune": "Alba-la-Romaine", "categorie": "musee", "label": "Musée de France", "poids": 1.18, "visiteurs": 15293, "jauge": null}, "geometry": {"type": "Point", "coordinates": [4.600086, 44.561007]}}, {"type": "Feature", "properties": {"nom": "musée de l'artisanat jurassien", "code_insee": "39041", "commune": "Baume-les-Messieurs", "categorie": "musee", "label": "Musée de France", "poids": 1.18, "visiteurs": 14987, "jauge": null}, "geometry": {"type": "Point", "coordinates": [5.648609, 46.707523]}}, {"type": "Feature", "properties": {"nom": "musée du Châtillonnais", "code_insee": "21154", "commune": "Châtillon-sur-Seine", "categorie": "musee", "label": "Musée de France", "poids": 1.18, "visiteurs": 15149, "jauge": null}, "geometry": {"type": "Point", "coordinates": [4.575351, 47.863835]}}, {"type": "Feature", "properties": {"nom": "musée d'archéologie", "code_insee": "09211", "commune": "Montségur", "categorie": "musee", "label": "Musée de France", "poids": 1.17, "visiteurs": 14772, "jauge": null}, "geometry": {"type": "Point", "coordinates": [1.83293, 42.871033]}}, {"type": "Feature", "properties": {"nom": "musée Zola-Dreyfus", "code_insee": "78384", "commune": "Médan", "categorie": "musee", "label": "Musée de France", "poids": 1.17, "visiteurs": 14791, "jauge": null}, "geometry": {"type": "Point", "coordinates": [1.995821, 48.956533]}}, {"type": "Feature", "properties": {"nom": "écomusée de la communauté Le Creusot - Montceau-les-Mines", "code_insee": "71153", "commune": "Le Creusot", "categorie": "musee", "label": "Musée de France", "poids": 1.17, "visiteurs": 14672, "jauge": null}, "geometry": {"type": "Point", "coordinates": [4.423184, 46.805722]}}, {"type": "Feature", "properties": {"nom": "musée Vivant Denon", "code_insee": "71076", "commune": "Chalon-sur-Saône", "categorie": "musee", "label": "Musée de France", "poids": 1.17, "visiteurs": 14642, "jauge": null}, "geometry": {"type": "Point", "coordinates": [4.8531, 46.780867]}}, {"type": "Feature", "properties": {"nom": "musée du Touquet Paris Plage", "code_insee": "62826", "commune": "Le Touquet-Paris-Plage", "categorie": "musee", "label": "Musée de France", "poids": 1.17, "visiteurs": 14852, "jauge": null}, "geometry": {"type": "Point", "coordinates": [1.602692, 50.507849]}}, {"type": "Feature", "properties": {"nom": "musée Pierre Noël - musée de la vie dans les Hautes-Vosges", "code_insee": "88413", "commune": "Saint-Dié-des-Vosges", "categorie": "musee", "label": "Musée de France", "poids": 1.17, "visiteurs": 14663, "jauge": null}, "geometry": {"type": "Point", "coordinates": [6.951464, 48.288282]}}, {"type": "Feature", "properties": {"nom": "musée archéologique", "code_insee": "07316", "commune": "Soyons", "categorie": "musee", "label": "Musée de France", "poids": 1.17, "visiteurs": 14710, "jauge": null}, "geometry": {"type": "Point", "coordinates": [4.850796, 44.88793]}}, {"type": "Feature", "properties": {"nom": "musée Hector Berlioz", "code_insee": "38130", "commune": "La Côte-Saint-André", "categorie": "musee", "label": "Musée de France", "poids": 1.17, "visiteurs": 14728, "jauge": null}, "geometry": {"type": "Point", "coordinates": [5.261194, 45.39319]}}, {"type": "Feature", "properties": {"nom": "musée de l'armateur", "code_insee": "76351", "commune": "Le Havre", "categorie": "musee", "label": "Musée de France", "poids": 1.16, "visiteurs": 14499, "jauge": null}, "geometry": {"type": "Point", "coordinates": [0.112816, 49.486857]}}, {"type": "Feature", "properties": {"nom": "musée de l'hôtel d'Espeyran", "code_insee": "34172", "commune": "Montpellier", "categorie": "musee", "label": "Musée de France", "poids": 1.16, "visiteurs": 14510, "jauge": null}, "geometry": {"type": "Point", "coordinates": [3.880355, 43.611182]}}, {"type": "Feature", "properties": {"nom": "musée du textile", "code_insee": "49099", "commune": "Cholet", "categorie": "musee", "label": "Musée de France", "poids": 1.16, "visiteurs": 14538, "jauge": null}, "geometry": {"type": "Point", "coordinates": [-0.896038, 47.068663]}}, {"type": "Feature", "properties": {"nom": "musée municipal", "code_insee": "76231", "commune": "Elbeuf", "categorie": "musee", "label": "Musée de France", "poids": 1.16, "visiteurs": 14460, "jauge": null}, "geometry": {"type": "Point", "coordinates": [1.006272, 49.28505]}}, {"type": "Feature", "properties": {"nom": "musée &amp; jardins Cécile Sabourdy", "code_insee": "87203", "commune": "Vicq-sur-Breuilh", "categorie": "musee", "label": "Musée de France", "poids": 1.16, "visiteurs": 14600, "jauge": null}, "geometry": {"type": "Point", "coordinates": [1.382144, 45.646231]}}, {"type": "Feature", "properties": {"nom": "musée Victor Hugo", "code_insee": "76164", "commune": "Rives-en-Seine", "categorie": "musee", "label": "Musée de France", "poids": 1.15, "visiteurs": 14012, "jauge": null}, "geometry": {"type": "Point", "coordinates": [0.672047, 49.509152]}}, {"type": "Feature", "properties": {"nom": "musée oléronais Aliénor d'Aquitaine", "code_insee": "17385", "commune": "Saint-Pierre-d'Oléron", "categorie": "musee", "label": "Musée de France", "poids": 1.15, "visiteurs": 14017, "jauge": null}, "geometry": {"type": "Point", "coordinates": [-1.306652, 45.942575]}}, {"type": "Feature", "properties": {"nom": "musée des beaux-arts", "code_insee": "30189", "commune": "Nîmes", "categorie": "musee", "label": "Musée de France", "poids": 1.15, "visiteurs": 14240, "jauge": null}, "geometry": {"type": "Point", "coordinates": [4.361895, 43.831459]}}, {"type": "Feature", "properties": {"nom": "musée des Avelines - musée d'art et d'histoire de Saint-Cloud", "code_insee": "92064", "commune": "Saint-Cloud", "categorie": "musee", "label": "Musée de France", "poids": 1.15, "visiteurs": 14166, "jauge": null}, "geometry": {"type": "Point", "coordinates": [2.208286, 48.842497]}}, {"type": "Feature", "properties": {"nom": "musée de l'automate", "code_insee": "46309", "commune": "Souillac", "categorie": "musee", "label": "Musée de France", "poids": 1.14, "visiteurs": 13669, "jauge": null}, "geometry": {"type": "Point", "coordinates": [1.47695, 44.893698]}}, {"type": "Feature", "properties": {"nom": "musée Richard Anacréon", "code_insee": "50218", "commune": "Granville", "categorie": "musee", "label": "Musée de France", "poids": 1.14, "visiteurs": 13961, "jauge": null}, "geometry": {"type": "Point", "coordinates": [-1.542846, 48.836636]}}, {"type": "Feature", "properties": {"nom": "muséum d'histoire naturelle", "code_insee": "41018", "commune": "Blois", "categorie": "musee", "label": "Musée de France", "poids": 1.13, "visiteurs": 13364, "jauge": null}, "geometry": {"type": "Point", "coordinates": [1.332176, 47.585113]}}, {"type": "Feature", "properties": {"nom": "musée du service de santé des armées du Val-de-Grâce", "code_insee": "75105", "commune": "Paris 5e Arrondissement", "categorie": "musee", "label": "Musée de France", "poids": 1.13, "visiteurs": 13636, "jauge": null}, "geometry": {"type": "Point", "coordinates": [2.341187, 48.840828]}}, {"type": "Feature", "properties": {"nom": "musée du vieil Aix", "code_insee": "13001", "commune": "Aix-en-Provence", "categorie": "musee", "label": "Musée de France", "poids": 1.13, "visiteurs": 13387, "jauge": null}, "geometry": {"type": "Point", "coordinates": [5.447242, 43.530749]}}, {"type": "Feature", "properties": {"nom": "musée des troupes de marine", "code_insee": "83061", "commune": "Fréjus", "categorie": "musee", "label": "Musée de France", "poids": 1.13, "visiteurs": 13550, "jauge": null}, "geometry": {"type": "Point", "coordinates": [6.720588, 43.472148]}}, {"type": "Feature", "properties": {"nom": "musée de la moto, de l'automobile et du vélo", "code_insee": "86066", "commune": "Châtellerault", "categorie": "musee", "label": "Musée de France", "poids": 1.13, "visiteurs": 13393, "jauge": null}, "geometry": {"type": "Point", "coordinates": [0.542059, 46.815564]}}, {"type": "Feature", "properties": {"nom": "musée du château", "code_insee": "47195", "commune": "Nérac", "categorie": "musee", "label": "Musée de France", "poids": 1.13, "visiteurs": 13562, "jauge": null}, "geometry": {"type": "Point", "coordinates": [0.339398, 44.135279]}}, {"type": "Feature", "properties": {"nom": "musée Francisque Mandet", "code_insee": "63300", "commune": "Riom", "categorie": "musee", "label": "Musée de France", "poids": 1.13, "visiteurs": 13605, "jauge": null}, "geometry": {"type": "Point", "coordinates": [3.116535, 45.893729]}}, {"type": "Feature", "properties": {"nom": "musée Daubigny", "code_insee": "95039", "commune": "Auvers-sur-Oise", "categorie": "musee", "label": "Musée de France", "poids": 1.13, "visiteurs": 13488, "jauge": null}, "geometry": {"type": "Point", "coordinates": [2.170042, 49.073063]}}, {"type": "Feature", "properties": {"nom": "musée de l'artillerie", "code_insee": "83050", "commune": "Draguignan", "categorie": "musee", "label": "Musée de France", "poids": 1.13, "visiteurs": 13339, "jauge": null}, "geometry": {"type": "Point", "coordinates": [6.490379, 43.531114]}}, {"type": "Feature", "properties": {"nom": "musée bigouden", "code_insee": "29220", "commune": "Pont-l'Abbé", "categorie": "musee", "label": "Musée de France", "poids": 1.12, "visiteurs": 13154, "jauge": null}, "geometry": {"type": "Point", "coordinates": [-4.2366, 47.862358]}}, {"type": "Feature", "properties": {"nom": "musée municipal", "code_insee": "41269", "commune": "Vendôme", "categorie": "musee", "label": "Musée de France", "poids": 1.12, "visiteurs": 13142, "jauge": null}, "geometry": {"type": "Point", "coordinates": [1.069534, 47.791177]}}, {"type": "Feature", "properties": {"nom": "musée de la Bataille de Fromelles", "code_insee": "59257", "commune": "Fromelles", "categorie": "musee", "label": "Musée de France", "poids": 1.12, "visiteurs": 13127, "jauge": null}, "geometry": {"type": "Point", "coordinates": [2.851973, 50.608334]}}, {"type": "Feature", "properties": {"nom": "ARCHÉA, Archéologie en Pays de France", "code_insee": "95351", "commune": "Louvres", "categorie": "musee", "label": "Musée de France", "poids": 1.12, "visiteurs": 13153, "jauge": null}, "geometry": {"type": "Point", "coordinates": [2.507287, 49.04104]}}, {"type": "Feature", "properties": {"nom": "musée industriel de la corderie Valois", "code_insee": "76474", "commune": "Notre-Dame-de-Bondeville", "categorie": "musee", "label": "Musée de France", "poids": 1.11, "visiteurs": 12813, "jauge": null}, "geometry": {"type": "Point", "coordinates": [1.048567, 49.494507]}}, {"type": "Feature", "properties": {"nom": "musée-bibliothèque Pierre-André Benoit", "code_insee": "30007", "commune": "Alès", "categorie": "musee", "label": "Musée de France", "poids": 1.11, "visiteurs": 12812, "jauge": null}, "geometry": {"type": "Point", "coordinates": [4.070345, 44.129931]}}, {"type": "Feature", "properties": {"nom": "musée Hôtel Morin", "code_insee": "37003", "commune": "Amboise", "categorie": "musee", "label": "Musée de France", "poids": 1.11, "visiteurs": 12773, "jauge": null}, "geometry": {"type": "Point", "coordinates": [0.984456, 47.413204]}}, {"type": "Feature", "properties": {"nom": "musée de l’Aurignacien : la préhistoire en Haute-Garonne", "code_insee": "31028", "commune": "Aurignac", "categorie": "musee", "label": "Musée de France", "poids": 1.11, "visiteurs": 12896, "jauge": null}, "geometry": {"type": "Point", "coordinates": [0.880648, 43.216594]}}, {"type": "Feature", "properties": {"nom": "musée de l'étang de Thau", "code_insee": "34039", "commune": "Bouzigues", "categorie": "musee", "label": "Musée de France", "poids": 1.11, "visiteurs": 12896, "jauge": null}, "geometry": {"type": "Point", "coordinates": [3.660714, 43.446763]}}, {"type": "Feature", "properties": {"nom": "musée Rabelais", "code_insee": "37248", "commune": "Seuilly", "categorie": "musee", "label": "Musée de France", "poids": 1.11, "visiteurs": 12775, "jauge": null}, "geometry": {"type": "Point", "coordinates": [0.179017, 47.140383]}}, {"type": "Feature", "properties": {"nom": "musée de la résistance et de la déportation de l'Ain", "code_insee": "01269", "commune": "Nantua", "categorie": "musee", "label": "Musée de France", "poids": 1.11, "visiteurs": 12947, "jauge": null}, "geometry": {"type": "Point", "coordinates": [5.608739, 46.152462]}}, {"type": "Feature", "properties": {"nom": "musée Joseph Déchelette", "code_insee": "42187", "commune": "Roanne", "categorie": "musee", "label": "Musée de France", "poids": 1.11, "visiteurs": 12753, "jauge": null}, "geometry": {"type": "Point", "coordinates": [4.069692, 46.03499]}}, {"type": "Feature", "properties": {"nom": "musée d’art moderne de Collioure", "code_insee": "66053", "commune": "Collioure", "categorie": "musee", "label": "Musée de France", "poids": 1.1, "visiteurs": 12539, "jauge": null}, "geometry": {"type": "Point", "coordinates": [3.090172, 42.524571]}}, {"type": "Feature", "properties": {"nom": "musée du palais des évêques", "code_insee": "09268", "commune": "Saint-Lizier", "categorie": "musee", "label": "Musée de France", "poids": 1.1, "visiteurs": 12652, "jauge": null}, "geometry": {"type": "Point", "coordinates": [1.137161, 43.003707]}}, {"type": "Feature", "properties": {"nom": "Musée de la Renaissance en Champagne ; musée historique de Troyes et de la Champagne", "code_insee": "10387", "commune": "Troyes", "categorie": "musee", "label": "Musée de France", "poids": 1.1, "visiteurs": 12565, "jauge": null}, "geometry": {"type": "Point", "coordinates": [4.071824, 48.294239]}}, {"type": "Feature", "properties": {"nom": "musée des sapeurs-pompiers de Lyon", "code_insee": "69389", "commune": "Lyon 9e Arrondissement", "categorie": "musee", "label": "Musée de France", "poids": 1.1, "visiteurs": 12451, "jauge": null}, "geometry": {"type": "Point", "coordinates": [4.797411, 45.790491]}}, {"type": "Feature", "properties": {"nom": "musée des arts précieux Paul-Dupuy", "code_insee": "31555", "commune": "Toulouse", "categorie": "musee", "label": "Musée de France", "poids": 1.1, "visiteurs": 12695, "jauge": null}, "geometry": {"type": "Point", "coordinates": [1.446935, 43.596898]}}, {"type": "Feature", "properties": {"nom": "musée de Bourgoin-Jallieu", "code_insee": "38053", "commune": "Bourgoin-Jallieu", "categorie": "musee", "label": "Musée de France", "poids": 1.1, "visiteurs": 12694, "jauge": null}, "geometry": {"type": "Point", "coordinates": [5.279839, 45.586546]}}, {"type": "Feature", "properties": {"nom": "musée lapidaire Saint-Pierre", "code_insee": "38544", "commune": "Vienne", "categorie": "musee", "label": "Musée de France", "poids": 1.1, "visiteurs": 12632, "jauge": null}, "geometry": {"type": "Point", "coordinates": [4.870945, 45.523358]}}, {"type": "Feature", "properties": {"nom": "musée archéologique", "code_insee": "31472", "commune": "Saint-Bertrand-de-Comminges", "categorie": "musee", "label": "Musée de France", "poids": 1.09, "visiteurs": 12387, "jauge": null}, "geometry": {"type": "Point", "coordinates": [0.560192, 43.034984]}}, {"type": "Feature", "properties": {"nom": "musée des dentelles et broderies", "code_insee": "59139", "commune": "Caudry", "categorie": "musee", "label": "Musée de France", "poids": 1.09, "visiteurs": 12436, "jauge": null}, "geometry": {"type": "Point", "coordinates": [3.415275, 50.127719]}}, {"type": "Feature", "properties": {"nom": "musée espace faïence de Malicorne", "code_insee": "72179", "commune": "Malicorne-sur-Sarthe", "categorie": "musee", "label": "Musée de France", "poids": 1.09, "visiteurs": 12225, "jauge": null}, "geometry": {"type": "Point", "coordinates": [-0.083062, 47.813229]}}, {"type": "Feature", "properties": {"nom": "musée Blanche Hoschedé-Monet", "code_insee": "27681", "commune": "Vernon", "categorie": "musee", "label": "Musée de France", "poids": 1.09, "visiteurs": 12414, "jauge": null}, "geometry": {"type": "Point", "coordinates": [1.484932, 49.095327]}}, {"type": "Feature", "properties": {"nom": "musée des beaux-arts Antoine Lécuyer", "code_insee": "02691", "commune": "Saint-Quentin", "categorie": "musee", "label": "Musée de France", "poids": 1.09, "visiteurs": 12386, "jauge": null}, "geometry": {"type": "Point", "coordinates": [3.285425, 49.849921]}}, {"type": "Feature", "properties": {"nom": "musée des pays de Seine-et-Marne", "code_insee": "77405", "commune": "Saint-Cyr-sur-Morin", "categorie": "musee", "label": "Musée de France", "poids": 1.08, "visiteurs": 11904, "jauge": null}, "geometry": {"type": "Point", "coordinates": [3.180912, 48.907513]}}, {"type": "Feature", "properties": {"nom": "musée Estrine", "code_insee": "13100", "commune": "Saint-Rémy-de-Provence", "categorie": "musee", "label": "Musée de France", "poids": 1.08, "visiteurs": 11979, "jauge": null}, "geometry": {"type": "Point", "coordinates": [4.832264, 43.788795]}}, {"type": "Feature", "properties": {"nom": "musée du château des Rohan", "code_insee": "67437", "commune": "Saverne", "categorie": "musee", "label": "Musée de France", "poids": 1.08, "visiteurs": 12079, "jauge": null}, "geometry": {"type": "Point", "coordinates": [7.362721, 48.741565]}}, {"type": "Feature", "properties": {"nom": "musée de la marine de Loire", "code_insee": "45082", "commune": "Châteauneuf-sur-Loire", "categorie": "musee", "label": "Musée de France", "poids": 1.08, "visiteurs": 11894, "jauge": null}, "geometry": {"type": "Point", "coordinates": [2.216737, 47.864153]}}, {"type": "Feature", "properties": {"nom": "musée de la céramique", "code_insee": "76540", "commune": "Rouen", "categorie": "musee", "label": "Musée de France", "poids": 1.08, "visiteurs": 11995, "jauge": null}, "geometry": {"type": "Point", "coordinates": [1.093846, 49.445543]}}, {"type": "Feature", "properties": {"nom": "MUS - musée d'histoire urbaine et sociale de Suresnes", "code_insee": "92073", "commune": "Suresnes", "categorie": "musee", "label": "Musée de France", "poids": 1.08, "visiteurs": 12008, "jauge": null}, "geometry": {"type": "Point", "coordinates": [2.221944, 48.868303]}}, {"type": "Feature", "properties": {"nom": "musée Ziem", "code_insee": "13056", "commune": "Martigues", "categorie": "musee", "label": "Musée de France", "poids": 1.08, "visiteurs": 12055, "jauge": null}, "geometry": {"type": "Point", "coordinates": [5.056221, 43.408793]}}, {"type": "Feature", "properties": {"nom": "musée de l'impression sur étoffes", "code_insee": "68224", "commune": "Mulhouse", "categorie": "musee", "label": "Musée de France", "poids": 1.08, "visiteurs": 12035, "jauge": null}, "geometry": {"type": "Point", "coordinates": [7.34475, 47.74493]}}, {"type": "Feature", "properties": {"nom": "hôtel Cabu, musée d'histoire et d'archéologie", "code_insee": "45234", "commune": "Orléans", "categorie": "musee", "label": "Musée de France", "poids": 1.08, "visiteurs": 12019, "jauge": null}, "geometry": {"type": "Point", "coordinates": [1.891564, 47.888744]}}, {"type": "Feature", "properties": {"nom": "musée des jacobins", "code_insee": "29151", "commune": "Morlaix", "categorie": "musee", "label": "Musée de France", "poids": 1.08, "visiteurs": 11958, "jauge": null}, "geometry": {"type": "Point", "coordinates": [-3.825347, 48.577004]}}, {"type": "Feature", "properties": {"nom": "musée de l'hôtel de Berny", "code_insee": "80021", "commune": "Amiens", "categorie": "musee", "label": "Musée de France", "poids": 1.07, "visiteurs": 11850, "jauge": null}, "geometry": {"type": "Point", "coordinates": [2.302463, 49.892882]}}, {"type": "Feature", "properties": {"nom": "musée municipal", "code_insee": "51108", "commune": "Châlons-en-Champagne", "categorie": "musee", "label": "Musée de France", "poids": 1.07, "visiteurs": 11829, "jauge": null}, "geometry": {"type": "Point", "coordinates": [4.364139, 48.956584]}}, {"type": "Feature", "properties": {"nom": "musée départemental d'Histoire et d'Archéologie", "code_insee": "40120", "commune": "Hastingues", "categorie": "musee", "label": "Musée de France", "poids": 1.07, "visiteurs": 11699, "jauge": null}, "geometry": {"type": "Point", "coordinates": [-1.121206, 43.527349]}}, {"type": "Feature", "properties": {"nom": "musée des ursulines, musée Lamartine", "code_insee": "71270", "commune": "Mâcon", "categorie": "musee", "label": "Musée de France", "poids": 1.07, "visiteurs": 11879, "jauge": null}, "geometry": {"type": "Point", "coordinates": [4.833673, 46.307359]}}, {"type": "Feature", "properties": {"nom": "musée de la mine et des hommes", "code_insee": "71040", "commune": "Blanzy", "categorie": "musee", "label": "Musée de France", "poids": 1.07, "visiteurs": 11813, "jauge": null}, "geometry": {"type": "Point", "coordinates": [4.382579, 46.701273]}}, {"type": "Feature", "properties": {"nom": "musée d'art et d'histoire de Dreux", "code_insee": "28134", "commune": "Dreux", "categorie": "musee", "label": "Musée de France", "poids": 1.07, "visiteurs": 11640, "jauge": null}, "geometry": {"type": "Point", "coordinates": [1.368121, 48.733811]}}, {"type": "Feature", "properties": {"nom": "Viséum-musée de la lunette (collections du musée de la lunette et du musée Jourdain)", "code_insee": "39368", "commune": "Hauts de Bienne", "categorie": "musee", "label": "Musée de France", "poids": 1.07, "visiteurs": 11648, "jauge": null}, "geometry": {"type": "Point", "coordinates": [6.022796, 46.520593]}}, {"type": "Feature", "properties": {"nom": "musée du vieux Nîmes", "code_insee": "30189", "commune": "Nîmes", "categorie": "musee", "label": "Musée de France", "poids": 1.07, "visiteurs": 11712, "jauge": null}, "geometry": {"type": "Point", "coordinates": [4.360337, 43.837964]}}, {"type": "Feature", "properties": {"nom": "musée du baptistère Saint-Jean", "code_insee": "86194", "commune": "Poitiers", "categorie": "musee", "label": "Musée de France", "poids": 1.07, "visiteurs": 11667, "jauge": null}, "geometry": {"type": "Point", "coordinates": [0.32692, 46.575033]}}, {"type": "Feature", "properties": {"nom": "musée d'art et d'archéologie", "code_insee": "60612", "commune": "Senlis", "categorie": "musee", "label": "Musée de France", "poids": 1.06, "visiteurs": 11465, "jauge": null}, "geometry": {"type": "Point", "coordinates": [2.586339, 49.206288]}}, {"type": "Feature", "properties": {"nom": "maison des Lumières Denis Diderot", "code_insee": "52269", "commune": "Langres", "categorie": "musee", "label": "Musée de France", "poids": 1.06, "visiteurs": 11576, "jauge": null}, "geometry": {"type": "Point", "coordinates": [5.33186, 47.866305]}}, {"type": "Feature", "properties": {"nom": "musée-hôtel Le Vergeur – maison Hugues Krafft", "code_insee": "51454", "commune": "Reims", "categorie": "musee", "label": "Musée de France", "poids": 1.06, "visiteurs": 11489, "jauge": null}, "geometry": {"type": "Point", "coordinates": [4.034054, 49.257018]}}, {"type": "Feature", "properties": {"nom": "musée des mines de fer de Lorraine", "code_insee": "57498", "commune": "Neufchef", "categorie": "musee", "label": "Musée de France", "poids": 1.06, "visiteurs": 11492, "jauge": null}, "geometry": {"type": "Point", "coordinates": [6.02844, 49.325459]}}, {"type": "Feature", "properties": {"nom": "musée municipal Ducastel-Vera de Saint-Germain-en-Laye", "code_insee": "78551", "commune": "Saint-Germain-en-Laye", "categorie": "musee", "label": "Musée de France", "poids": 1.06, "visiteurs": 11572, "jauge": null}, "geometry": {"type": "Point", "coordinates": [2.092814, 48.896876]}}, {"type": "Feature", "properties": {"nom": "musée archéologique d'Argentomagus", "code_insee": "36200", "commune": "Saint-Marcel", "categorie": "musee", "label": "Musée de France", "poids": 1.06, "visiteurs": 11405, "jauge": null}, "geometry": {"type": "Point", "coordinates": [1.515028, 46.600601]}}, {"type": "Feature", "properties": {"nom": "musée municipal", "code_insee": "59122", "commune": "Cambrai", "categorie": "musee", "label": "Musée de France", "poids": 1.05, "visiteurs": 11260, "jauge": null}, "geometry": {"type": "Point", "coordinates": [3.229721, 50.173407]}}, {"type": "Feature", "properties": {"nom": "musée des arts et traditions populaires de moyenne Provence", "code_insee": "83050", "commune": "Draguignan", "categorie": "musee", "label": "Musée de France", "poids": 1.05, "visiteurs": 11244, "jauge": null}, "geometry": {"type": "Point", "coordinates": [6.465945, 43.537752]}}, {"type": "Feature", "properties": {"nom": "musée Bossuet", "code_insee": "77284", "commune": "Meaux", "categorie": "musee", "label": "Musée de France", "poids": 1.05, "visiteurs": 11330, "jauge": null}, "geometry": {"type": "Point", "coordinates": [2.878386, 48.960911]}}, {"type": "Feature", "properties": {"nom": "musée La Bourrine du Bois-Juquaud", "code_insee": "85226", "commune": "Saint-Hilaire-de-Riez", "categorie": "musee", "label": "Musée de France", "poids": 1.05, "visiteurs": 11132, "jauge": null}, "geometry": {"type": "Point", "coordinates": [-1.952841, 46.755543]}}, {"type": "Feature", "properties": {"nom": "musée Jean de la Fontaine", "code_insee": "02168", "commune": "Château-Thierry", "categorie": "musee", "label": "Musée de France", "poids": 1.05, "visiteurs": 11253, "jauge": null}, "geometry": {"type": "Point", "coordinates": [3.400283, 49.046759]}}, {"type": "Feature", "properties": {"nom": "musée de la vie rurale et forestière", "code_insee": "02684", "commune": "Saint-Michel", "categorie": "musee", "label": "Musée de France", "poids": 1.05, "visiteurs": 11203, "jauge": null}, "geometry": {"type": "Point", "coordinates": [4.136826, 49.93254]}}, {"type": "Feature", "properties": {"nom": "écomusée de Saint-Degan", "code_insee": "56023", "commune": "Brech", "categorie": "musee", "label": "Musée de France", "poids": 1.05, "visiteurs": 11324, "jauge": null}, "geometry": {"type": "Point", "coordinates": [-2.993682, 47.709012]}}, {"type": "Feature", "properties": {"nom": "musée de l'ancien Havre", "code_insee": "76351", "commune": "Le Havre", "categorie": "musee", "label": "Musée de France", "poids": 1.05, "visiteurs": 11186, "jauge": null}, "geometry": {"type": "Point", "coordinates": [0.114475, 49.488805]}}, {"type": "Feature", "properties": {"nom": "musée Jules Bastien-Lepage - musée de la fortification", "code_insee": "55351", "commune": "Montmédy", "categorie": "musee", "label": "Musée de France", "poids": 1.05, "visiteurs": 11231, "jauge": null}, "geometry": {"type": "Point", "coordinates": [5.361427, 49.517825]}}, {"type": "Feature", "properties": {"nom": "musée Massey", "code_insee": "65440", "commune": "Tarbes", "categorie": "musee", "label": "Musée de France", "poids": 1.04, "visiteurs": 10908, "jauge": null}, "geometry": {"type": "Point", "coordinates": [0.074119, 43.239798]}}, {"type": "Feature", "properties": {"nom": "La Banque, musée des Cultures et du Paysage", "code_insee": "83069", "commune": "Hyères", "categorie": "musee", "label": "Musée de France", "poids": 1.04, "visiteurs": 11015, "jauge": null}, "geometry": {"type": "Point", "coordinates": [6.130644, 43.119601]}}, {"type": "Feature", "properties": {"nom": "musée eucharistique du Hiéron", "code_insee": "71342", "commune": "Paray-le-Monial", "categorie": "musee", "label": "Musée de France", "poids": 1.04, "visiteurs": 11013, "jauge": null}, "geometry": {"type": "Point", "coordinates": [4.123091, 46.451967]}}, {"type": "Feature", "properties": {"nom": "musée de la batellerie", "code_insee": "78172", "commune": "Conflans-Sainte-Honorine", "categorie": "musee", "label": "Musée de France", "poids": 1.04, "visiteurs": 11049, "jauge": null}, "geometry": {"type": "Point", "coordinates": [2.095654, 48.992397]}}, {"type": "Feature", "properties": {"nom": "musée de la faïence Frédéric Blandin", "code_insee": "58194", "commune": "Nevers", "categorie": "musee", "label": "Musée de France", "poids": 1.04, "visiteurs": 10892, "jauge": null}, "geometry": {"type": "Point", "coordinates": [3.154476, 46.985807]}}, {"type": "Feature", "properties": {"nom": "musée d'archéologie", "code_insee": "06004", "commune": "Antibes", "categorie": "musee", "label": "Musée de France", "poids": 1.03, "visiteurs": 10801, "jauge": null}, "geometry": {"type": "Point", "coordinates": [7.125945, 43.577171]}}, {"type": "Feature", "properties": {"nom": "musée d'art et d'archéologie", "code_insee": "15014", "commune": "Aurillac", "categorie": "musee", "label": "Musée de France", "poids": 1.03, "visiteurs": 10786, "jauge": null}, "geometry": {"type": "Point", "coordinates": [2.442213, 44.925243]}}, {"type": "Feature", "properties": {"nom": "MHAB, musée d’histoire et d’art de Bormes", "code_insee": "83019", "commune": "Bormes-les-Mimosas", "categorie": "musee", "label": "Musée de France", "poids": 1.03, "visiteurs": 10614, "jauge": null}, "geometry": {"type": "Point", "coordinates": [6.340555, 43.150666]}}, {"type": "Feature", "properties": {"nom": "musée d'art et d'histoire de Provence", "code_insee": "06069", "commune": "Grasse", "categorie": "musee", "label": "Musée de France", "poids": 1.03, "visiteurs": 10755, "jauge": null}, "geometry": {"type": "Point", "coordinates": [6.922508, 43.6576]}}, {"type": "Feature", "properties": {"nom": "musée entomologique", "code_insee": "02691", "commune": "Saint-Quentin", "categorie": "musee", "label": "Musée de France", "poids": 1.03, "visiteurs": 10649, "jauge": null}, "geometry": {"type": "Point", "coordinates": [3.288944, 49.84595]}}, {"type": "Feature", "properties": {"nom": "musée de la ville", "code_insee": "78423", "commune": "Montigny-le-Bretonneux", "categorie": "musee", "label": "Musée de France", "poids": 1.03, "visiteurs": 10727, "jauge": null}, "geometry": {"type": "Point", "coordinates": [2.043801, 48.782392]}}, {"type": "Feature", "properties": {"nom": "musée du site préhistorique", "code_insee": "26364", "commune": "Vassieux-en-Vercors", "categorie": "musee", "label": "Musée de France", "poids": 1.03, "visiteurs": 10613, "jauge": null}, "geometry": {"type": "Point", "coordinates": [5.356082, 44.865101]}}, {"type": "Feature", "properties": {"nom": "musée des docks romains", "code_insee": "13202", "commune": "Marseille 2e Arrondissement", "categorie": "musee", "label": "Musée de France", "poids": 1.02, "visiteurs": 10427, "jauge": null}, "geometry": {"type": "Point", "coordinates": [5.367879, 43.296739]}}, {"type": "Feature", "properties": {"nom": "ferme-musée du Cotentin", "code_insee": "50523", "commune": "Sainte-Mère-Église", "categorie": "musee", "label": "Musée de France", "poids": 1.02, "visiteurs": 10361, "jauge": null}, "geometry": {"type": "Point", "coordinates": [-1.318203, 49.414794]}}, {"type": "Feature", "properties": {"nom": "musée municipal", "code_insee": "02722", "commune": "Soissons", "categorie": "musee", "label": "Musée de France", "poids": 1.02, "visiteurs": 10555, "jauge": null}, "geometry": {"type": "Point", "coordinates": [3.326995, 49.385005]}}, {"type": "Feature", "properties": {"nom": "musée Paul Reclus", "code_insee": "24152", "commune": "Domme", "categorie": "musee", "label": "Musée de France", "poids": 1.02, "visiteurs": 10479, "jauge": null}, "geometry": {"type": "Point", "coordinates": [1.213873, 44.802822]}}, {"type": "Feature", "properties": {"nom": "musée du papier peint", "code_insee": "68278", "commune": "Rixheim", "categorie": "musee", "label": "Musée de France", "poids": 1.02, "visiteurs": 10380, "jauge": null}, "geometry": {"type": "Point", "coordinates": [7.397532, 47.744503]}}, {"type": "Feature", "properties": {"nom": "musée d'histoire naturelle Victor-Brun", "code_insee": "82121", "commune": "Montauban", "categorie": "musee", "label": "Musée de France", "poids": 1.01, "visiteurs": 10208, "jauge": null}, "geometry": {"type": "Point", "coordinates": [1.35105, 44.017084]}}, {"type": "Feature", "properties": {"nom": "musée des beaux-arts", "code_insee": "50502", "commune": "Saint-Lô", "categorie": "musee", "label": "Musée de France", "poids": 1.01, "visiteurs": 10230, "jauge": null}, "geometry": {"type": "Point", "coordinates": [-1.085703, 49.117322]}}, {"type": "Feature", "properties": {"nom": "écomusée du pays de la cerise", "code_insee": "70245", "commune": "Fougerolles-Saint-Valbert", "categorie": "musee", "label": "Musée de France", "poids": 1.01, "visiteurs": 10332, "jauge": null}, "geometry": {"type": "Point", "coordinates": [6.401396, 47.907017]}}, {"type": "Feature", "properties": {"nom": "musée archéologique et d'ethnographie locale", "code_insee": "86070", "commune": "Chauvigny", "categorie": "musee", "label": "Musée de France", "poids": 1.01, "visiteurs": 10140, "jauge": null}, "geometry": {"type": "Point", "coordinates": [0.64858, 46.569719]}}, {"type": "Feature", "properties": {"nom": "musée municipal", "code_insee": "91223", "commune": "Étampes", "categorie": "musee", "label": "Musée de France", "poids": 1.01, "visiteurs": 10125, "jauge": null}, "geometry": {"type": "Point", "coordinates": [2.161294, 48.434678]}}, {"type": "Feature", "properties": {"nom": "musée de la toile de Jouy", "code_insee": "78322", "commune": "Jouy-en-Josas", "categorie": "musee", "label": "Musée de France", "poids": 1.01, "visiteurs": 10293, "jauge": null}, "geometry": {"type": "Point", "coordinates": [2.153506, 48.768968]}}, {"type": "Feature", "properties": {"nom": "Laboratoires d'Aubervilliers", "code_insee": "93001", "commune": "Aubervilliers", "categorie": "scene", "label": "Théâtre hors label", "poids": 1.0, "visiteurs": null, "jauge": 80}, "geometry": {"type": "Point", "coordinates": [2.393135, 48.906696]}}, {"type": "Feature", "properties": {"nom": "Théatre Paul Scarron", "code_insee": "72181", "commune": "Le Mans", "categorie": "scene", "label": "Théâtre hors label", "poids": 1.0, "visiteurs": null, "jauge": null}, "geometry": {"type": "Point", "coordinates": [0.198905, 48.007342]}}, {"type": "Feature", "properties": {"nom": "Villa Gillet - Unité de recherches contemporaines", "code_insee": "69383", "commune": "Lyon 3e Arrondissement", "categorie": "scene", "label": "Théâtre hors label", "poids": 1.0, "visiteurs": null, "jauge": 150}, "geometry": {"type": "Point", "coordinates": [4.817974, 45.775308]}}, {"type": "Feature", "properties": {"nom": "Cirk'Eole", "code_insee": "57480", "commune": "Montigny-lès-Metz", "categorie": "scene", "label": "Théâtre hors label", "poids": 1.0, "visiteurs": null, "jauge": null}, "geometry": {"type": "Point", "coordinates": [6.153394, 49.103255]}}, {"type": "Feature", "properties": {"nom": "Maison des Métallos", "code_insee": "75111", "commune": "Paris 11e Arrondissement", "categorie": "scene", "label": "Théâtre hors label", "poids": 1.0, "visiteurs": null, "jauge": 466}, "geometry": {"type": "Point", "coordinates": [2.377787, 48.867568]}}, {"type": "Feature", "properties": {"nom": "Théâtre de la Bastille", "code_insee": "75111", "commune": "Paris 11e Arrondissement", "categorie": "scene", "label": "Théâtre hors label", "poids": 1.0, "visiteurs": null, "jauge": 416}, "geometry": {"type": "Point", "coordinates": [2.375638, 48.855756]}}, {"type": "Feature", "properties": {"nom": "Théâtre de la Cité Internationale", "code_insee": "75114", "commune": "Paris 14e Arrondissement", "categorie": "scene", "label": "Théâtre hors label", "poids": 1.0, "visiteurs": null, "jauge": 806}, "geometry": {"type": "Point", "coordinates": [2.338625, 48.820109]}}, {"type": "Feature", "properties": {"nom": "Espace Paris Plaine - Théâtre Jeune public", "code_insee": "75115", "commune": "Paris 15e Arrondissement", "categorie": "scene", "label": "Théâtre hors label", "poids": 1.0, "visiteurs": null, "jauge": 282}, "geometry": {"type": "Point", "coordinates": [2.29332, 48.828027]}}, {"type": "Feature", "properties": {"nom": "Atelier du Plateau", "code_insee": "75119", "commune": "Paris 19e Arrondissement", "categorie": "scene", "label": "Théâtre hors label", "poids": 1.0, "visiteurs": null, "jauge": 60}, "geometry": {"type": "Point", "coordinates": [2.385201, 48.877922]}}, {"type": "Feature", "properties": {"nom": "Lavoir Moderne Parisien", "code_insee": "75120", "commune": "Paris 20e Arrondissement", "categorie": "scene", "label": "Théâtre hors label", "poids": 1.0, "visiteurs": null, "jauge": 100}, "geometry": {"type": "Point", "coordinates": [2.411712, 48.874127]}}, {"type": "Feature", "properties": {"nom": "Théâtre du Rond-Point", "code_insee": "75108", "commune": "Paris 8e Arrondissement", "categorie": "scene", "label": "Théâtre hors label", "poids": 1.0, "visiteurs": null, "jauge": 1008}, "geometry": {"type": "Point", "coordinates": [2.31088, 48.867741]}}, {"type": "Feature", "properties": {"nom": "Bain Public", "code_insee": "44184", "commune": "Saint-Nazaire", "categorie": "scene", "label": "Théâtre hors label", "poids": 1.0, "visiteurs": null, "jauge": null}, "geometry": {"type": "Point", "coordinates": [-2.215839, 47.276429]}}, {"type": "Feature", "properties": {"nom": "Théâtre du Pont Neuf", "code_insee": "31555", "commune": "Toulouse", "categorie": "scene", "label": "Théâtre hors label", "poids": 1.0, "visiteurs": null, "jauge": 100}, "geometry": {"type": "Point", "coordinates": [1.43327, 43.596967]}}, {"type": "Feature", "properties": {"nom": "Chapiteau Méli-Mélo", "code_insee": "78646", "commune": "Versailles", "categorie": "scene", "label": "Théâtre hors label", "poids": 1.0, "visiteurs": null, "jauge": null}, "geometry": {"type": "Point", "coordinates": [2.15584, 48.790537]}}, {"type": "Feature", "properties": {"nom": "Chartreuse - Centre national des écritures du spectacle", "code_insee": "30351", "commune": "Villeneuve-lès-Avignon", "categorie": "scene", "label": "Théâtre hors label", "poids": 1.0, "visiteurs": null, "jauge": 270}, "geometry": {"type": "Point", "coordinates": [4.796266, 43.965935]}}, {"type": "Feature", "properties": {"nom": "Théâtre du Train Bleu", "code_insee": "84007", "commune": "Avignon", "categorie": "scene", "label": "Théâtre privé", "poids": 1.0, "visiteurs": null, "jauge": 249}, "geometry": {"type": "Point", "coordinates": [4.81208, 43.948289]}}, {"type": "Feature", "properties": {"nom": "Espace VO", "code_insee": "82121", "commune": "Montauban", "categorie": "scene", "label": "Théâtre privé", "poids": 1.0, "visiteurs": null, "jauge": null}, "geometry": {"type": "Point", "coordinates": [1.300366, 44.013194]}}, {"type": "Feature", "properties": {"nom": "Théâtre La Boussole", "code_insee": "75110", "commune": "Paris 10e Arrondissement", "categorie": "scene", "label": "Théâtre privé", "poids": 1.0, "visiteurs": null, "jauge": 369}, "geometry": {"type": "Point", "coordinates": [2.353135, 48.88023]}}, {"type": "Feature", "properties": {"nom": "Théâtre du Gymnase - Marie Bell", "code_insee": "75110", "commune": "Paris 10e Arrondissement", "categorie": "scene", "label": "Théâtre privé", "poids": 1.0, "visiteurs": null, "jauge": 780}, "geometry": {"type": "Point", "coordinates": [2.348827, 48.870746]}}, {"type": "Feature", "properties": {"nom": "Artistic Théâtre / Compagnie les Athévains", "code_insee": "75111", "commune": "Paris 11e Arrondissement", "categorie": "scene", "label": "Théâtre privé", "poids": 1.0, "visiteurs": null, "jauge": 337}, "geometry": {"type": "Point", "coordinates": [2.381043, 48.856542]}}, {"type": "Feature", "properties": {"nom": "Aktéon Théâtre", "code_insee": "75111", "commune": "Paris 11e Arrondissement", "categorie": "scene", "label": "Théâtre privé", "poids": 1.0, "visiteurs": null, "jauge": 50}, "geometry": {"type": "Point", "coordinates": [2.37816, 48.861768]}}, {"type": "Feature", "properties": {"nom": "Théâtre Traversière", "code_insee": "75112", "commune": "Paris 12e Arrondissement", "categorie": "scene", "label": "Théâtre privé", "poids": 1.0, "visiteurs": null, "jauge": 293}, "geometry": {"type": "Point", "coordinates": [2.370858, 48.846017]}}, {"type": "Feature", "properties": {"nom": "Guichet Montparnasse", "code_insee": "75114", "commune": "Paris 14e Arrondissement", "categorie": "scene", "label": "Théâtre privé", "poids": 1.0, "visiteurs": null, "jauge": 50}, "geometry": {"type": "Point", "coordinates": [2.322319, 48.840559]}}, {"type": "Feature", "properties": {"nom": "Théâtre Héberthot", "code_insee": "75117", "commune": "Paris 17e Arrondissement", "categorie": "scene", "label": "Théâtre privé", "poids": 1.0, "visiteurs": null, "jauge": 747}, "geometry": {"type": "Point", "coordinates": [2.318901, 48.882153]}}, {"type": "Feature", "properties": {"nom": "Théâtre Montmartre Galabru", "code_insee": "75118", "commune": "Paris 18e Arrondissement", "categorie": "scene", "label": "Théâtre privé", "poids": 1.0, "visiteurs": null, "jauge": 94}, "geometry": {"type": "Point", "coordinates": [2.334556, 48.887238]}}, {"type": "Feature", "properties": {"nom": "Théâtre de l'Atelier", "code_insee": "75118", "commune": "Paris 18e Arrondissement", "categorie": "scene", "label": "Théâtre privé", "poids": 1.0, "visiteurs": null, "jauge": 565}, "geometry": {"type": "Point", "coordinates": [2.342254, 48.883369]}}, {"type": "Feature", "properties": {"nom": "Théâtre Daunou", "code_insee": "75102", "commune": "Paris 2e Arrondissement", "categorie": "scene", "label": "Théâtre privé", "poids": 1.0, "visiteurs": null, "jauge": 450}, "geometry": {"type": "Point", "coordinates": [2.331902, 48.869338]}}, {"type": "Feature", "properties": {"nom": "Pépinière Théâtre", "code_insee": "75102", "commune": "Paris 2e Arrondissement", "categorie": "scene", "label": "Théâtre privé", "poids": 1.0, "visiteurs": null, "jauge": 350}, "geometry": {"type": "Point", "coordinates": [2.332122, 48.868644]}}, {"type": "Feature", "properties": {"nom": "Théâtre de Nesle", "code_insee": "75106", "commune": "Paris 6e Arrondissement", "categorie": "scene", "label": "Théâtre privé", "poids": 1.0, "visiteurs": null, "jauge": 120}, "geometry": {"type": "Point", "coordinates": [2.339091, 48.855235]}}, {"type": "Feature", "properties": {"nom": "Théâtre de l'Œuvre", "code_insee": "75109", "commune": "Paris 9e Arrondissement", "categorie": "scene", "label": "Théâtre privé", "poids": 1.0, "visiteurs": null, "jauge": 325}, "geometry": {"type": "Point", "coordinates": [2.328528, 48.880928]}}, {"type": "Feature", "properties": {"nom": "Théâtre Mogador", "code_insee": "75109", "commune": "Paris 9e Arrondissement", "categorie": "scene", "label": "Théâtre privé", "poids": 1.0, "visiteurs": null, "jauge": 1800}, "geometry": {"type": "Point", "coordinates": [2.330627, 48.875367]}}, {"type": "Feature", "properties": {"nom": "ADEC - Maison du théâtre amateur", "code_insee": "35238", "commune": "Rennes", "categorie": "scene", "label": "Théâtre privé", "poids": 1.0, "visiteurs": null, "jauge": 160}, "geometry": {"type": "Point", "coordinates": [-1.693907, 48.110781]}}, {"type": "Feature", "properties": {"nom": "Bouillon", "code_insee": "03310", "commune": "Vichy", "categorie": "scene", "label": "Théâtre privé", "poids": 1.0, "visiteurs": null, "jauge": null}, "geometry": {"type": "Point", "coordinates": [3.429748, 46.119009]}}, {"type": "Feature", "properties": {"nom": "Conservatoire", "code_insee": "73008", "commune": "Aix-les-Bains", "categorie": "scene", "label": "Conservatoire", "poids": 1.0, "visiteurs": null, "jauge": null}, "geometry": {"type": "Point", "coordinates": [5.914357, 45.692532]}}, {"type": "Feature", "properties": {"nom": "Conservatoire", "code_insee": "92002", "commune": "Antony", "categorie": "scene", "label": "Conservatoire", "poids": 1.0, "visiteurs": null, "jauge": null}, "geometry": {"type": "Point", "coordinates": [2.302825, 48.744439]}}, {"type": "Feature", "properties": {"nom": "Conservatoire", "code_insee": "93001", "commune": "Aubervilliers", "categorie": "scene", "label": "Conservatoire", "poids": 1.0, "visiteurs": null, "jauge": null}, "geometry": {"type": "Point", "coordinates": [2.382968, 48.910644]}}, {"type": "Feature", "properties": {"nom": "Conservatoire", "code_insee": "92007", "commune": "Bagneux", "categorie": "scene", "label": "Conservatoire", "poids": 1.0, "visiteurs": null, "jauge": null}, "geometry": {"type": "Point", "coordinates": [2.304859, 48.79582]}}, {"type": "Feature", "properties": {"nom": "Conservatoire", "code_insee": "93006", "commune": "Bagnolet", "categorie": "scene", "label": "Conservatoire", "poids": 1.0, "visiteurs": null, "jauge": null}, "geometry": {"type": "Point", "coordinates": [2.424526, 48.870413]}}, {"type": "Feature", "properties": {"nom": "Conservatoire", "code_insee": "30032", "commune": "Beaucaire", "categorie": "scene", "label": "Conservatoire", "poids": 1.0, "visiteurs": null, "jauge": null}, "geometry": {"type": "Point", "coordinates": [4.643426, 43.806878]}}, {"type": "Feature", "properties": {"nom": "Conservatoire", "code_insee": "60057", "commune": "Beauvais", "categorie": "scene", "label": "Conservatoire", "poids": 1.0, "visiteurs": null, "jauge": null}, "geometry": {"type": "Point", "coordinates": [2.086147, 49.433058]}}, {"type": "Feature", "properties": {"nom": "Conservatoire", "code_insee": "25056", "commune": "Besançon", "categorie": "scene", "label": "Conservatoire", "poids": 1.0, "visiteurs": null, "jauge": null}, "geometry": {"type": "Point", "coordinates": [6.03344, 47.2365]}}, {"type": "Feature", "properties": {"nom": "Conservatoire", "code_insee": "31069", "commune": "Blagnac", "categorie": "scene", "label": "Conservatoire", "poids": 1.0, "visiteurs": null, "jauge": null}, "geometry": {"type": "Point", "coordinates": [1.397694, 43.634788]}}, {"type": "Feature", "properties": {"nom": "Conservatoire", "code_insee": "93008", "commune": "Bobigny", "categorie": "scene", "label": "Conservatoire", "poids": 1.0, "visiteurs": null, "jauge": null}, "geometry": {"type": "Point", "coordinates": [2.469184, 48.914666]}}, {"type": "Feature", "properties": {"nom": "Conservatoire", "code_insee": "94015", "commune": "Bry-sur-Marne", "categorie": "scene", "label": "Conservatoire", "poids": 1.0, "visiteurs": null, "jauge": null}, "geometry": {"type": "Point", "coordinates": [-2.381924, 47.809126]}}, {"type": "Feature", "properties": {"nom": "Conservatoire", "code_insee": "62193", "commune": "Calais", "categorie": "scene", "label": "Conservatoire", "poids": 1.0, "visiteurs": null, "jauge": null}, "geometry": {"type": "Point", "coordinates": [1.848461, 50.949203]}}, {"type": "Feature", "properties": {"nom": "Conservatoire", "code_insee": "73065", "commune": "Chambéry", "categorie": "scene", "label": "Conservatoire", "poids": 1.0, "visiteurs": null, "jauge": null}, "geometry": {"type": "Point", "coordinates": [5.916792, 45.568642]}}, {"type": "Feature", "properties": {"nom": "Conservatoire", "code_insee": "69271", "commune": "Chassieu", "categorie": "scene", "label": "Conservatoire", "poids": 1.0, "visiteurs": null, "jauge": null}, "geometry": {"type": "Point", "coordinates": [4.970316, 45.743174]}}, {"type": "Feature", "properties": {"nom": "Conservatoire", "code_insee": "44036", "commune": "Châteaubriant", "categorie": "scene", "label": "Conservatoire", "poids": 1.0, "visiteurs": null, "jauge": null}, "geometry": {"type": "Point", "coordinates": [-1.375768, 47.722985]}}, {"type": "Feature", "properties": {"nom": "Conservatoire", "code_insee": "53062", "commune": "Château-Gontier-sur-Mayenne", "categorie": "scene", "label": "Conservatoire", "poids": 1.0, "visiteurs": null, "jauge": null}, "geometry": {"type": "Point", "coordinates": [-0.697805, 47.828322]}}, {"type": "Feature", "properties": {"nom": "Conservatoire", "code_insee": "36044", "commune": "Châteauroux", "categorie": "scene", "label": "Conservatoire", "poids": 1.0, "visiteurs": null, "jauge": null}, "geometry": {"type": "Point", "coordinates": [1.692078, 46.811617]}}, {"type": "Feature", "properties": {"nom": "Conservatoire", "code_insee": "91161", "commune": "Chilly-Mazarin", "categorie": "scene", "label": "Conservatoire", "poids": 1.0, "visiteurs": null, "jauge": null}, "geometry": {"type": "Point", "coordinates": [2.314452, 48.701823]}}, {"type": "Feature", "properties": {"nom": "Conservatoire", "code_insee": "37072", "commune": "Chinon", "categorie": "scene", "label": "Conservatoire", "poids": 1.0, "visiteurs": null, "jauge": null}, "geometry": {"type": "Point", "coordinates": [0.243962, 47.166504]}}, {"type": "Feature", "properties": {"nom": "Conservatoire", "code_insee": "49099", "commune": "Cholet", "categorie": "scene", "label": "Conservatoire", "poids": 1.0, "visiteurs": null, "jauge": null}, "geometry": {"type": "Point", "coordinates": [-0.884001, 47.059504]}}, {"type": "Feature", "properties": {"nom": "Conservatoire Municipal Gilbert Klein", "code_insee": "93014", "commune": "Clichy-sous-Bois", "categorie": "scene", "label": "Conservatoire", "poids": 1.0, "visiteurs": null, "jauge": null}, "geometry": {"type": "Point", "coordinates": [2.545898, 48.910946]}}, {"type": "Feature", "properties": {"nom": "Conservatoire", "code_insee": "77131", "commune": "Coulommiers", "categorie": "scene", "label": "Conservatoire", "poids": 1.0, "visiteurs": null, "jauge": null}, "geometry": {"type": "Point", "coordinates": [3.087237, 48.815406]}}, {"type": "Feature", "properties": {"nom": "Conservatoire", "code_insee": "63124", "commune": "Cournon-d'Auvergne", "categorie": "scene", "label": "Conservatoire", "poids": 1.0, "visiteurs": null, "jauge": null}, "geometry": {"type": "Point", "coordinates": [3.198906, 45.742052]}}, {"type": "Feature", "properties": {"nom": "Conservatoire", "code_insee": "03095", "commune": "Cusset", "categorie": "scene", "label": "Conservatoire", "poids": 1.0, "visiteurs": null, "jauge": null}, "geometry": {"type": "Point", "coordinates": [3.437132, 46.131316]}}, {"type": "Feature", "properties": {"nom": "Conservatoire", "code_insee": "22050", "commune": "Dinan", "categorie": "scene", "label": "Conservatoire", "poids": 1.0, "visiteurs": null, "jauge": null}, "geometry": {"type": "Point", "coordinates": [-2.041542, 48.452585]}}, {"type": "Feature", "properties": {"nom": "Conservatoire", "code_insee": "88160", "commune": "Épinal", "categorie": "scene", "label": "Conservatoire", "poids": 1.0, "visiteurs": null, "jauge": null}, "geometry": {"type": "Point", "coordinates": [6.451221, 48.170838]}}, {"type": "Feature", "properties": {"nom": "Conservatoire", "code_insee": "95219", "commune": "Ermont", "categorie": "scene", "label": "Conservatoire", "poids": 1.0, "visiteurs": null, "jauge": null}, "geometry": {"type": "Point", "coordinates": [2.256889, 48.986366]}}, {"type": "Feature", "properties": {"nom": "Conservatoire", "code_insee": "74119", "commune": "Évian-les-Bains", "categorie": "scene", "label": "Conservatoire", "poids": 1.0, "visiteurs": null, "jauge": null}, "geometry": {"type": "Point", "coordinates": [6.582575, 46.394438]}}, {"type": "Feature", "properties": {"nom": "Conservatoire", "code_insee": "91235", "commune": "Fleury-Mérogis", "categorie": "scene", "label": "Conservatoire", "poids": 1.0, "visiteurs": null, "jauge": null}, "geometry": {"type": "Point", "coordinates": [2.358706, 48.639104]}}, {"type": "Feature", "properties": {"nom": "Conservatoire", "code_insee": "95280", "commune": "Goussainville", "categorie": "scene", "label": "Conservatoire", "poids": 1.0, "visiteurs": null, "jauge": null}, "geometry": {"type": "Point", "coordinates": [2.471796, 49.03242]}}, {"type": "Feature", "properties": {"nom": "Conservatoire", "code_insee": "76319", "commune": "Grand-Couronne", "categorie": "scene", "label": "Conservatoire", "poids": 1.0, "visiteurs": null, "jauge": null}, "geometry": {"type": "Point", "coordinates": [1.010676, 49.359635]}}, {"type": "Feature", "properties": {"nom": "Conservatoire", "code_insee": "50218", "commune": "Granville", "categorie": "scene", "label": "Conservatoire", "poids": 1.0, "visiteurs": null, "jauge": null}, "geometry": {"type": "Point", "coordinates": [-1.554821, 48.825879]}}, {"type": "Feature", "properties": {"nom": "Conservatoire", "code_insee": "38185", "commune": "Grenoble", "categorie": "scene", "label": "Conservatoire", "poids": 1.0, "visiteurs": null, "jauge": null}, "geometry": {"type": "Point", "coordinates": [5.734992, 45.173537]}}, {"type": "Feature", "properties": {"nom": "Conservatoire", "code_insee": "92040", "commune": "Issy-les-Moulineaux", "categorie": "scene", "label": "Conservatoire", "poids": 1.0, "visiteurs": null, "jauge": null}, "geometry": {"type": "Point", "coordinates": [2.270048, 48.825322]}}, {"type": "Feature", "properties": {"nom": "Conservatoire", "code_insee": "37122", "commune": "Joué-lès-Tours", "categorie": "scene", "label": "Conservatoire", "poids": 1.0, "visiteurs": null, "jauge": null}, "geometry": {"type": "Point", "coordinates": [0.6641, 47.350966]}}, {"type": "Feature", "properties": {"nom": "Conservatoire", "code_insee": "44055", "commune": "La Baule-Escoublac", "categorie": "scene", "label": "Conservatoire", "poids": 1.0, "visiteurs": null, "jauge": null}, "geometry": {"type": "Point", "coordinates": [-2.394605, 47.291366]}}, {"type": "Feature", "properties": {"nom": "Conservatoire", "code_insee": "13028", "commune": "La Ciotat", "categorie": "scene", "label": "Conservatoire", "poids": 1.0, "visiteurs": null, "jauge": null}, "geometry": {"type": "Point", "coordinates": [5.601295, 43.170764]}}, {"type": "Feature", "properties": {"nom": "Conservatoire", "code_insee": "76351", "commune": "Le Havre", "categorie": "scene", "label": "Conservatoire", "poids": 1.0, "visiteurs": null, "jauge": null}, "geometry": {"type": "Point", "coordinates": [0.128282, 49.495128]}}, {"type": "Feature", "properties": {"nom": "Conservatoire", "code_insee": "72181", "commune": "Le Mans", "categorie": "scene", "label": "Conservatoire", "poids": 1.0, "visiteurs": null, "jauge": null}, "geometry": {"type": "Point", "coordinates": [0.195972, 48.008412]}}, {"type": "Feature", "properties": {"nom": "Conservatoire", "code_insee": "43157", "commune": "Le Puy-en-Velay", "categorie": "scene", "label": "Conservatoire", "poids": 1.0, "visiteurs": null, "jauge": null}, "geometry": {"type": "Point", "coordinates": [3.877881, 45.046365]}}, {"type": "Feature", "properties": {"nom": "Conservatoire", "code_insee": "78335", "commune": "Limay", "categorie": "scene", "label": "Conservatoire", "poids": 1.0, "visiteurs": null, "jauge": null}, "geometry": {"type": "Point", "coordinates": [1.730722, 48.993752]}}, {"type": "Feature", "properties": {"nom": "Conservatoire", "code_insee": "87085", "commune": "Limoges", "categorie": "scene", "label": "Conservatoire", "poids": 1.0, "visiteurs": null, "jauge": null}, "geometry": {"type": "Point", "coordinates": [1.258941, 45.832503]}}, {"type": "Feature", "properties": {"nom": "Conservatoire", "code_insee": "14366", "commune": "Lisieux", "categorie": "scene", "label": "Conservatoire", "poids": 1.0, "visiteurs": null, "jauge": null}, "geometry": {"type": "Point", "coordinates": [0.228361, 49.147081]}}, {"type": "Feature", "properties": {"nom": "Conservatoire", "code_insee": "94046", "commune": "Maisons-Alfort", "categorie": "scene", "label": "Conservatoire", "poids": 1.0, "visiteurs": null, "jauge": null}, "geometry": {"type": "Point", "coordinates": [2.441933, 48.799721]}}, {"type": "Feature", "properties": {"nom": "Conservatoire", "code_insee": "95370", "commune": "Marines", "categorie": "scene", "label": "Conservatoire", "poids": 1.0, "visiteurs": null, "jauge": null}, "geometry": {"type": "Point", "coordinates": [1.977643, 49.145945]}}, {"type": "Feature", "properties": {"nom": "Conservatoire", "code_insee": "47157", "commune": "Marmande", "categorie": "scene", "label": "Conservatoire", "poids": 1.0, "visiteurs": null, "jauge": null}, "geometry": {"type": "Point", "coordinates": [0.163203, 44.500432]}}, {"type": "Feature", "properties": {"nom": "Conservatoire", "code_insee": "06083", "commune": "Menton", "categorie": "scene", "label": "Conservatoire", "poids": 1.0, "visiteurs": null, "jauge": null}, "geometry": {"type": "Point", "coordinates": [7.493417, 43.771532]}}, {"type": "Feature", "properties": {"nom": "Conservatoire", "code_insee": "69282", "commune": "Meyzieu", "categorie": "scene", "label": "Conservatoire", "poids": 1.0, "visiteurs": null, "jauge": null}, "geometry": {"type": "Point", "coordinates": [4.997041, 45.767426]}}, {"type": "Feature", "properties": {"nom": "Conservatoire", "code_insee": "14437", "commune": "Mondeville", "categorie": "scene", "label": "Conservatoire", "poids": 1.0, "visiteurs": null, "jauge": null}, "geometry": {"type": "Point", "coordinates": [7.242723, 48.749622]}}, {"type": "Feature", "properties": {"nom": "Conservatoire", "code_insee": "21425", "commune": "Montbard", "categorie": "scene", "label": "Conservatoire", "poids": 1.0, "visiteurs": null, "jauge": null}, "geometry": {"type": "Point", "coordinates": [4.338419, 47.624428]}}, {"type": "Feature", "properties": {"nom": "Conservatoire", "code_insee": "40192", "commune": "Mont-de-Marsan", "categorie": "scene", "label": "Conservatoire", "poids": 1.0, "visiteurs": null, "jauge": null}, "geometry": {"type": "Point", "coordinates": [-0.493175, 43.896897]}}, {"type": "Feature", "properties": {"nom": "Conservatoire", "code_insee": "03185", "commune": "Montluçon", "categorie": "scene", "label": "Conservatoire", "poids": 1.0, "visiteurs": null, "jauge": null}, "geometry": {"type": "Point", "coordinates": [2.594967, 46.353643]}}, {"type": "Feature", "properties": {"nom": "Conservatoire", "code_insee": "34172", "commune": "Montpellier", "categorie": "scene", "label": "Conservatoire", "poids": 1.0, "visiteurs": null, "jauge": null}, "geometry": {"type": "Point", "coordinates": [3.874042, 43.610489]}}, {"type": "Feature", "properties": {"nom": "Conservatoire", "code_insee": "93048", "commune": "Montreuil", "categorie": "scene", "label": "Conservatoire", "poids": 1.0, "visiteurs": null, "jauge": null}, "geometry": {"type": "Point", "coordinates": [2.436536, 48.85867]}}, {"type": "Feature", "properties": {"nom": "Conservatoire", "code_insee": "30189", "commune": "Nîmes", "categorie": "scene", "label": "Conservatoire", "poids": 1.0, "visiteurs": null, "jauge": null}, "geometry": {"type": "Point", "coordinates": [4.360992, 43.837892]}}, {"type": "Feature", "properties": {"nom": "Conservatoire", "code_insee": "79191", "commune": "Niort", "categorie": "scene", "label": "Conservatoire", "poids": 1.0, "visiteurs": null, "jauge": null}, "geometry": {"type": "Point", "coordinates": [-0.465049, 46.323301]}}, {"type": "Feature", "properties": {"nom": "Conservatoire", "code_insee": "93053", "commune": "Noisy-le-Sec", "categorie": "scene", "label": "Conservatoire", "poids": 1.0, "visiteurs": null, "jauge": null}, "geometry": {"type": "Point", "coordinates": [2.456314, 48.894098]}}, {"type": "Feature", "properties": {"nom": "Conservatoire", "code_insee": "45234", "commune": "Orléans", "categorie": "scene", "label": "Conservatoire", "poids": 1.0, "visiteurs": null, "jauge": null}, "geometry": {"type": "Point", "coordinates": [1.907933, 47.902751]}}, {"type": "Feature", "properties": {"nom": "Conservatoire", "code_insee": "75113", "commune": "Paris 13e Arrondissement", "categorie": "scene", "label": "Conservatoire", "poids": 1.0, "visiteurs": null, "jauge": null}, "geometry": {"type": "Point", "coordinates": [2.35895, 48.829777]}}, {"type": "Feature", "properties": {"nom": "Conservatoire", "code_insee": "75119", "commune": "Paris 19e Arrondissement", "categorie": "scene", "label": "Conservatoire", "poids": 1.0, "visiteurs": null, "jauge": null}, "geometry": {"type": "Point", "coordinates": [2.372016, 48.882876]}}, {"type": "Feature", "properties": {"nom": "Conservatoire", "code_insee": "75108", "commune": "Paris 8e Arrondissement", "categorie": "scene", "label": "Conservatoire", "poids": 1.0, "visiteurs": null, "jauge": null}, "geometry": {"type": "Point", "coordinates": [2.304627, 48.875365]}}, {"type": "Feature", "properties": {"nom": "Conservatoire de Pertuis, du Luberon et Val de Durance", "code_insee": "84089", "commune": "Pertuis", "categorie": "scene", "label": "Conservatoire", "poids": 1.0, "visiteurs": null, "jauge": null}, "geometry": {"type": "Point", "coordinates": [5.501879, 43.693175]}}, {"type": "Feature", "properties": {"nom": "Conservatoire", "code_insee": "56178", "commune": "Pontivy", "categorie": "scene", "label": "Conservatoire", "poids": 1.0, "visiteurs": null, "jauge": null}, "geometry": {"type": "Point", "coordinates": [-2.968124, 48.082279]}}, {"type": "Feature", "properties": {"nom": "Conservatoire", "code_insee": "35236", "commune": "Redon", "categorie": "scene", "label": "Conservatoire", "poids": 1.0, "visiteurs": null, "jauge": null}, "geometry": {"type": "Point", "coordinates": [-2.079181, 47.65113]}}, {"type": "Feature", "properties": {"nom": "Conservatoire", "code_insee": "35238", "commune": "Rennes", "categorie": "scene", "label": "Conservatoire", "poids": 1.0, "visiteurs": null, "jauge": null}, "geometry": {"type": "Point", "coordinates": [-1.6772, 48.114077]}}, {"type": "Feature", "properties": {"nom": "Conservatoire", "code_insee": "42186", "commune": "Rive-de-Gier", "categorie": "scene", "label": "Conservatoire", "poids": 1.0, "visiteurs": null, "jauge": null}, "geometry": {"type": "Point", "coordinates": [4.613035, 45.528005]}}, {"type": "Feature", "properties": {"nom": "École de Musique du Pays Fisel / Skol Sonerez bro Rostrenn", "code_insee": "22266", "commune": "Rostrenen", "categorie": "scene", "label": "Conservatoire", "poids": 1.0, "visiteurs": null, "jauge": null}, "geometry": {"type": "Point", "coordinates": [-3.318619, 48.236005]}}, {"type": "Feature", "properties": {"nom": "École Municipale de Musique de Jean Ferragut", "code_insee": "18197", "commune": "Saint-Amand-Montrond", "categorie": "scene", "label": "Conservatoire", "poids": 1.0, "visiteurs": null, "jauge": null}, "geometry": {"type": "Point", "coordinates": [2.507792, 46.722441]}}, {"type": "Feature", "properties": {"nom": "Conservatoire", "code_insee": "93066", "commune": "Saint-Denis", "categorie": "scene", "label": "Conservatoire", "poids": 1.0, "visiteurs": null, "jauge": null}, "geometry": {"type": "Point", "coordinates": [2.351247, 48.935787]}}, {"type": "Feature", "properties": {"nom": "Conservatoire", "code_insee": "76575", "commune": "Saint-Étienne-du-Rouvray", "categorie": "scene", "label": "Conservatoire", "poids": 1.0, "visiteurs": null, "jauge": null}, "geometry": {"type": "Point", "coordinates": [1.107537, 49.379537]}}, {"type": "Feature", "properties": {"nom": "Conservatoire Guy Lafitte", "code_insee": "31483", "commune": "Saint-Gaudens", "categorie": "scene", "label": "Conservatoire", "poids": 1.0, "visiteurs": null, "jauge": null}, "geometry": {"type": "Point", "coordinates": [0.722792, 43.106693]}}, {"type": "Feature", "properties": {"nom": "Conservatoire", "code_insee": "35288", "commune": "Saint-Malo", "categorie": "scene", "label": "Conservatoire", "poids": 1.0, "visiteurs": null, "jauge": null}, "geometry": {"type": "Point", "coordinates": [-1.978596, 48.654969]}}, {"type": "Feature", "properties": {"nom": "Conservatoire", "code_insee": "44184", "commune": "Saint-Nazaire", "categorie": "scene", "label": "Conservatoire", "poids": 1.0, "visiteurs": null, "jauge": null}, "geometry": {"type": "Point", "coordinates": [-2.21965, 47.27525]}}, {"type": "Feature", "properties": {"nom": "Conservatoire", "code_insee": "67482", "commune": "Strasbourg", "categorie": "scene", "label": "Conservatoire", "poids": 1.0, "visiteurs": null, "jauge": null}, "geometry": {"type": "Point", "coordinates": [7.755946, 48.574122]}}, {"type": "Feature", "properties": {"nom": "Conservatoire", "code_insee": "92073", "commune": "Suresnes", "categorie": "scene", "label": "Conservatoire", "poids": 1.0, "visiteurs": null, "jauge": null}, "geometry": {"type": "Point", "coordinates": [2.226148, 48.868265]}}, {"type": "Feature", "properties": {"nom": "Conservatoire", "code_insee": "89418", "commune": "Tonnerre", "categorie": "scene", "label": "Conservatoire", "poids": 1.0, "visiteurs": null, "jauge": null}, "geometry": {"type": "Point", "coordinates": [3.968895, 47.854308]}}, {"type": "Feature", "properties": {"nom": "Conservatoire", "code_insee": "59599", "commune": "Tourcoing", "categorie": "scene", "label": "Conservatoire", "poids": 1.0, "visiteurs": null, "jauge": null}, "geometry": {"type": "Point", "coordinates": [3.162223, 50.723817]}}, {"type": "Feature", "properties": {"nom": "Conservatoire", "code_insee": "91645", "commune": "Verrières-le-Buisson", "categorie": "scene", "label": "Conservatoire", "poids": 1.0, "visiteurs": null, "jauge": null}, "geometry": {"type": "Point", "coordinates": [2.270373, 48.752656]}}, {"type": "Feature", "properties": {"nom": "Conservatoire", "code_insee": "91657", "commune": "Vigneux-sur-Seine", "categorie": "scene", "label": "Conservatoire", "poids": 1.0, "visiteurs": null, "jauge": null}, "geometry": {"type": "Point", "coordinates": [2.419535, 48.700304]}}, {"type": "Feature", "properties": {"nom": "Conservatoire Yves Henry", "code_insee": "91659", "commune": "Villabé", "categorie": "scene", "label": "Conservatoire", "poids": 1.0, "visiteurs": null, "jauge": null}, "geometry": {"type": "Point", "coordinates": [2.464584, 48.58995]}}, {"type": "Feature", "properties": {"nom": "Conservatoire", "code_insee": "69264", "commune": "Villefranche-sur-Saône", "categorie": "scene", "label": "Conservatoire", "poids": 1.0, "visiteurs": null, "jauge": null}, "geometry": {"type": "Point", "coordinates": [4.716483, 45.987904]}}, {"type": "Feature", "properties": {"nom": "Conservatoire", "code_insee": "78686", "commune": "Viroflay", "categorie": "scene", "label": "Conservatoire", "poids": 1.0, "visiteurs": null, "jauge": null}, "geometry": {"type": "Point", "coordinates": [2.17096, 48.79925]}}, {"type": "Feature", "properties": {"nom": "Conservatoire", "code_insee": "91687", "commune": "Viry-Châtillon", "categorie": "scene", "label": "Conservatoire", "poids": 1.0, "visiteurs": null, "jauge": null}, "geometry": {"type": "Point", "coordinates": [2.377226, 48.671761]}}, {"type": "Feature", "properties": {"nom": "Conservatoire", "code_insee": "35360", "commune": "Vitré", "categorie": "scene", "label": "Conservatoire", "poids": 1.0, "visiteurs": null, "jauge": null}, "geometry": {"type": "Point", "coordinates": [-1.215569, 48.12076]}}, {"type": "Feature", "properties": {"nom": "Conservatoire", "code_insee": "94081", "commune": "Vitry-sur-Seine", "categorie": "scene", "label": "Conservatoire", "poids": 1.0, "visiteurs": null, "jauge": null}, "geometry": {"type": "Point", "coordinates": [2.397546, 48.787475]}}, {"type": "Feature", "properties": {"nom": "Conservatoire", "code_insee": "38563", "commune": "Voiron", "categorie": "scene", "label": "Conservatoire", "poids": 1.0, "visiteurs": null, "jauge": null}, "geometry": {"type": "Point", "coordinates": [5.585717, 45.369272]}}, {"type": "Feature", "properties": {"nom": "musée vivarois César Filhol", "code_insee": "07010", "commune": "Annonay", "categorie": "musee", "label": "Musée de France", "poids": 1.0, "visiteurs": null, "jauge": null}, "geometry": {"type": "Point", "coordinates": [4.667929, 45.24081]}}, {"type": "Feature", "properties": {"nom": "musée de la céramique architecturale et industrielle", "code_insee": "60029", "commune": "Auneuil", "categorie": "musee", "label": "Musée de France", "poids": 1.0, "visiteurs": null, "jauge": null}, "geometry": {"type": "Point", "coordinates": [1.99011, 49.372333]}}, {"type": "Feature", "properties": {"nom": "muséum d'histoire naturelle", "code_insee": "65059", "commune": "Bagnères-de-Bigorre", "categorie": "musee", "label": "Musée de France", "poids": 1.0, "visiteurs": null, "jauge": null}, "geometry": {"type": "Point", "coordinates": [0.146509, 43.051712]}}, {"type": "Feature", "properties": {"nom": "musées des pays de l'Ain", "code_insee": "01053", "commune": "Bourg-en-Bresse", "categorie": "musee", "label": "Musée de France", "poids": 1.0, "visiteurs": null, "jauge": null}, "geometry": {"type": "Point", "coordinates": [5.219217, 46.196543]}}, {"type": "Feature", "properties": {"nom": "Musée National de La Marine", "code_insee": "29019", "commune": "Brest", "categorie": "musee", "label": "Musée de France", "poids": 1.0, "visiteurs": null, "jauge": null}, "geometry": {"type": "Point", "coordinates": [-4.494315, 48.381314]}}, {"type": "Feature", "properties": {"nom": "musée de la Société des antiquaires", "code_insee": "14118", "commune": "Caen", "categorie": "musee", "label": "Musée de France", "poids": 1.0, "visiteurs": null, "jauge": null}, "geometry": {"type": "Point", "coordinates": [-0.363445, 49.185723]}}, {"type": "Feature", "properties": {"nom": "musée Jouve", "code_insee": "84035", "commune": "Cavaillon", "categorie": "musee", "label": "Musée de France", "poids": 1.0, "visiteurs": null, "jauge": null}, "geometry": {"type": "Point", "coordinates": [5.037265, 43.837137]}}, {"type": "Feature", "properties": {"nom": "Maison des Ailleurs - Arthur Rimbaud", "code_insee": "08105", "commune": "Charleville-Mézières", "categorie": "musee", "label": "Musée de France", "poids": 1.0, "visiteurs": null, "jauge": null}, "geometry": {"type": "Point", "coordinates": [4.721424, 49.775683]}}, {"type": "Feature", "properties": {"nom": "muséum des sciences naturelles et de préhistoire", "code_insee": "28085", "commune": "Chartres", "categorie": "musee", "label": "Musée de France", "poids": 1.0, "visiteurs": null, "jauge": null}, "geometry": {"type": "Point", "coordinates": [1.490315, 48.44209]}}, {"type": "Feature", "properties": {"nom": "Musée des Arts du Cognac", "code_insee": "16102", "commune": "Cognac", "categorie": "musee", "label": "Musée de France", "poids": 1.0, "visiteurs": null, "jauge": null}, "geometry": {"type": "Point", "coordinates": [-0.332158, 45.695399]}}, {"type": "Feature", "properties": {"nom": "musée municipal", "code_insee": "53096", "commune": "Ernée", "categorie": "musee", "label": "Musée de France", "poids": 1.0, "visiteurs": null, "jauge": null}, "geometry": {"type": "Point", "coordinates": [-0.939159, 48.2967]}}, {"type": "Feature", "properties": {"nom": "musée René Beaucaire", "code_insee": "13047", "commune": "Istres", "categorie": "musee", "label": "Musée de France", "poids": 1.0, "visiteurs": null, "jauge": null}, "geometry": {"type": "Point", "coordinates": [4.987612, 43.513772]}}, {"type": "Feature", "properties": {"nom": "Musée du Vignoble Et des Vins D'alsace", "code_insee": "68162", "commune": "Kaysersberg Vignoble", "categorie": "musee", "label": "Musée de France", "poids": 1.0, "visiteurs": null, "jauge": null}, "geometry": {"type": "Point", "coordinates": [7.288465, 48.135285]}}, {"type": "Feature", "properties": {"nom": "Louvre-Lens", "code_insee": "62498", "commune": "Lens", "categorie": "musee", "label": "Musée de France", "poids": 1.0, "visiteurs": null, "jauge": null}, "geometry": {"type": "Point", "coordinates": [2.80542, 50.432115]}}, {"type": "Feature", "properties": {"nom": "musée Philippe de Girard", "code_insee": "84068", "commune": "Lourmarin", "categorie": "musee", "label": "Musée de France", "poids": 1.0, "visiteurs": null, "jauge": null}, "geometry": {"type": "Point", "coordinates": [5.363156, 43.762973]}}, {"type": "Feature", "properties": {"nom": "musée du domaine royal de Marly Louveciennes/Marly-le-Roi", "code_insee": "78350", "commune": "Louveciennes", "categorie": "musee", "label": "Musée de France", "poids": 1.0, "visiteurs": 9963, "jauge": null}, "geometry": {"type": "Point", "coordinates": [2.109482, 48.859572]}}, {"type": "Feature", "properties": {"nom": "musée des hospices civils de Lyon", "code_insee": "69382", "commune": "Lyon 2e Arrondissement", "categorie": "musee", "label": "Musée de France", "poids": 1.0, "visiteurs": null, "jauge": null}, "geometry": {"type": "Point", "coordinates": [4.836572, 45.758808]}}, {"type": "Feature", "properties": {"nom": "Musée des Confluences", "code_insee": "69386", "commune": "Lyon 6e Arrondissement", "categorie": "musee", "label": "Musée de France", "poids": 1.0, "visiteurs": null, "jauge": null}, "geometry": {"type": "Point", "coordinates": [4.847726, 45.774041]}}, {"type": "Feature", "properties": {"nom": "musée du château Charles VII", "code_insee": "18141", "commune": "Mehun-sur-Yèvre", "categorie": "musee", "label": "Musée de France", "poids": 1.0, "visiteurs": null, "jauge": null}, "geometry": {"type": "Point", "coordinates": [2.216182, 47.143327]}}, {"type": "Feature", "properties": {"nom": "musée des beaux-arts", "code_insee": "06083", "commune": "Menton", "categorie": "musee", "label": "Musée de France", "poids": 1.0, "visiteurs": null, "jauge": null}, "geometry": {"type": "Point", "coordinates": [7.488044, 43.766379]}}, {"type": "Feature", "properties": {"nom": "Centre Pompidou de Metz", "code_insee": "57463", "commune": "Metz", "categorie": "musee", "label": "Musée de France", "poids": 1.0, "visiteurs": null, "jauge": null}, "geometry": {"type": "Point", "coordinates": [6.181793, 49.108209]}}, {"type": "Feature", "properties": {"nom": "musée du nord Vendée", "code_insee": "85146", "commune": "Montaigu-Vendée", "categorie": "musee", "label": "Musée de France", "poids": 1.0, "visiteurs": null, "jauge": null}, "geometry": {"type": "Point", "coordinates": [-1.313701, 46.974278]}}, {"type": "Feature", "properties": {"nom": "musée Eugène Le Roy", "code_insee": "24291", "commune": "Montignac-Lascaux", "categorie": "musee", "label": "Musée de France", "poids": 1.0, "visiteurs": null, "jauge": null}, "geometry": {"type": "Point", "coordinates": [1.163738, 45.063885]}}, {"type": "Feature", "properties": {"nom": "Musée Rieckotter", "code_insee": "03195", "commune": "Néris-les-Bains", "categorie": "musee", "label": "Musée de France", "poids": 1.0, "visiteurs": null, "jauge": null}, "geometry": {"type": "Point", "coordinates": [2.659678, 46.288647]}}, {"type": "Feature", "properties": {"nom": "musée départemental de la poupée et du jouet", "code_insee": "24311", "commune": "Nontron", "categorie": "musee", "label": "Musée de France", "poids": 1.0, "visiteurs": null, "jauge": null}, "geometry": {"type": "Point", "coordinates": [0.66098, 45.527895]}}, {"type": "Feature", "properties": {"nom": "musée municipal", "code_insee": "71342", "commune": "Paray-le-Monial", "categorie": "musee", "label": "Musée de France", "poids": 1.0, "visiteurs": null, "jauge": null}, "geometry": {"type": "Point", "coordinates": [4.119778, 46.45084]}}, {"type": "Feature", "properties": {"nom": "Muséum National d'Histoire Naturelle, Galerie D'anatomie Comparée Et de Paléontologie", "code_insee": "75105", "commune": "Paris 5e Arrondissement", "categorie": "musee", "label": "Musée de France", "poids": 1.0, "visiteurs": null, "jauge": null}, "geometry": {"type": "Point", "coordinates": [2.363658, 48.843345]}}, {"type": "Feature", "properties": {"nom": "Musée de L'uniforme - Musée de La Légion Etrangère", "code_insee": "13079", "commune": "Puyloubier", "categorie": "musee", "label": "Musée de France", "poids": 1.0, "visiteurs": null, "jauge": null}, "geometry": {"type": "Point", "coordinates": [5.702044, 43.52209]}}, {"type": "Feature", "properties": {"nom": "musée de la maison de Pierre Loti", "code_insee": "17299", "commune": "Rochefort", "categorie": "musee", "label": "Musée de France", "poids": 1.0, "visiteurs": null, "jauge": null}, "geometry": {"type": "Point", "coordinates": [-0.962777, 45.934062]}}, {"type": "Feature", "properties": {"nom": "musée du Présidial", "code_insee": "17415", "commune": "Saintes", "categorie": "musee", "label": "Musée de France", "poids": 1.0, "visiteurs": null, "jauge": null}, "geometry": {"type": "Point", "coordinates": [-0.632145, 45.74643]}}, {"type": "Feature", "properties": {"nom": "musée municipal", "code_insee": "42230", "commune": "Saint-Germain-Laval", "categorie": "musee", "label": "Musée de France", "poids": 1.0, "visiteurs": null, "jauge": null}, "geometry": {"type": "Point", "coordinates": [4.011216, 45.829501]}}, {"type": "Feature", "properties": {"nom": "Conservatoire", "code_insee": "30007", "commune": "Alès", "categorie": "scene", "label": "Conservatoire", "poids": 1.0, "visiteurs": null, "jauge": null}, "geometry": {"type": "Point", "coordinates": [4.07492, 44.126752]}}, {"type": "Feature", "properties": {"nom": "Conservatoire", "code_insee": "42005", "commune": "Andrézieux-Bouthéon", "categorie": "scene", "label": "Conservatoire", "poids": 1.0, "visiteurs": null, "jauge": null}, "geometry": {"type": "Point", "coordinates": [4.27191, 45.523634]}}, {"type": "Feature", "properties": {"nom": "Conservatoire", "code_insee": "74010", "commune": "Annecy", "categorie": "scene", "label": "Conservatoire", "poids": 1.0, "visiteurs": null, "jauge": null}, "geometry": {"type": "Point", "coordinates": [6.089158, 45.883443]}}, {"type": "Feature", "properties": {"nom": "Conservatoire pays Apt Luberon", "code_insee": "84003", "commune": "Apt", "categorie": "scene", "label": "Conservatoire", "poids": 1.0, "visiteurs": null, "jauge": null}, "geometry": {"type": "Point", "coordinates": [5.38987, 43.876485]}}, {"type": "Feature", "properties": {"nom": "Conservatoire", "code_insee": "61006", "commune": "Argentan", "categorie": "scene", "label": "Conservatoire", "poids": 1.0, "visiteurs": null, "jauge": null}, "geometry": {"type": "Point", "coordinates": [-0.025583, 48.747191]}}, {"type": "Feature", "properties": {"nom": "Conservatoire", "code_insee": "13004", "commune": "Arles", "categorie": "scene", "label": "Conservatoire", "poids": 1.0, "visiteurs": null, "jauge": null}, "geometry": {"type": "Point", "coordinates": [4.63341, 43.673823]}}, {"type": "Feature", "properties": {"nom": "Conservatoire", "code_insee": "93005", "commune": "Aulnay-sous-Bois", "categorie": "scene", "label": "Conservatoire", "poids": 1.0, "visiteurs": null, "jauge": null}, "geometry": {"type": "Point", "coordinates": [2.498863, 48.940859]}}, {"type": "Feature", "properties": {"nom": "Conservatoire", "code_insee": "71014", "commune": "Autun", "categorie": "scene", "label": "Conservatoire", "poids": 1.0, "visiteurs": null, "jauge": null}, "geometry": {"type": "Point", "coordinates": [4.298596, 46.956282]}}, {"type": "Feature", "properties": {"nom": "Conservatoire", "code_insee": "89024", "commune": "Auxerre", "categorie": "scene", "label": "Conservatoire", "poids": 1.0, "visiteurs": null, "jauge": null}, "geometry": {"type": "Point", "coordinates": [3.581011, 47.796106]}}, {"type": "Feature", "properties": {"nom": "Conservatoire", "code_insee": "89025", "commune": "Avallon", "categorie": "scene", "label": "Conservatoire", "poids": 1.0, "visiteurs": null, "jauge": null}, "geometry": {"type": "Point", "coordinates": [3.90737, 47.48769]}}, {"type": "Feature", "properties": {"nom": "Conservatoire", "code_insee": "84007", "commune": "Avignon", "categorie": "scene", "label": "Conservatoire", "poids": 1.0, "visiteurs": null, "jauge": null}, "geometry": {"type": "Point", "coordinates": [4.811028, 43.949013]}}, {"type": "Feature", "properties": {"nom": "Conservatoire", "code_insee": "10033", "commune": "Bar-sur-Aube", "categorie": "scene", "label": "Conservatoire", "poids": 1.0, "visiteurs": null, "jauge": null}, "geometry": {"type": "Point", "coordinates": [4.706542, 48.234626]}}, {"type": "Feature", "properties": {"nom": "Conservatoire", "code_insee": "01034", "commune": "Belley", "categorie": "scene", "label": "Conservatoire", "poids": 1.0, "visiteurs": null, "jauge": null}, "geometry": {"type": "Point", "coordinates": [5.686479, 45.761186]}}, {"type": "Feature", "properties": {"nom": "Conservatoire", "code_insee": "41018", "commune": "Blois", "categorie": "scene", "label": "Conservatoire", "poids": 1.0, "visiteurs": null, "jauge": null}, "geometry": {"type": "Point", "coordinates": [1.329329, 47.589332]}}, {"type": "Feature", "properties": {"nom": "Conservatoire", "code_insee": "62160", "commune": "Boulogne-sur-Mer", "categorie": "scene", "label": "Conservatoire", "poids": 1.0, "visiteurs": null, "jauge": null}, "geometry": {"type": "Point", "coordinates": [1.609373, 50.723916]}}, {"type": "Feature", "properties": {"nom": "Conservatoire", "code_insee": "92014", "commune": "Bourg-la-Reine", "categorie": "scene", "label": "Conservatoire", "poids": 1.0, "visiteurs": null, "jauge": null}, "geometry": {"type": "Point", "coordinates": [2.317531, 48.778884]}}, {"type": "Feature", "properties": {"nom": "Conservatoire", "code_insee": "29019", "commune": "Brest", "categorie": "scene", "label": "Conservatoire", "poids": 1.0, "visiteurs": null, "jauge": null}, "geometry": {"type": "Point", "coordinates": [-4.489853, 48.384399]}}, {"type": "Feature", "properties": {"nom": "Conservatoire", "code_insee": "05023", "commune": "Briançon", "categorie": "scene", "label": "Conservatoire", "poids": 1.0, "visiteurs": null, "jauge": null}, "geometry": {"type": "Point", "coordinates": [6.635361, 44.889847]}}, {"type": "Feature", "properties": {"nom": "Conservatoire", "code_insee": "19031", "commune": "Brive-la-Gaillarde", "categorie": "scene", "label": "Conservatoire", "poids": 1.0, "visiteurs": null, "jauge": null}, "geometry": {"type": "Point", "coordinates": [1.53529, 45.159229]}}, {"type": "Feature", "properties": {"nom": "Conservatoire", "code_insee": "46042", "commune": "Cahors", "categorie": "scene", "label": "Conservatoire", "poids": 1.0, "visiteurs": null, "jauge": null}, "geometry": {"type": "Point", "coordinates": [1.437308, 44.455167]}}, {"type": "Feature", "properties": {"nom": "Conservatoire", "code_insee": "59122", "commune": "Cambrai", "categorie": "scene", "label": "Conservatoire", "poids": 1.0, "visiteurs": null, "jauge": null}, "geometry": {"type": "Point", "coordinates": [3.228918, 50.174968]}}, {"type": "Feature", "properties": {"nom": "Conservatoire", "code_insee": "81065", "commune": "Castres", "categorie": "scene", "label": "Conservatoire", "poids": 1.0, "visiteurs": null, "jauge": null}, "geometry": {"type": "Point", "coordinates": [2.227583, 43.595717]}}, {"type": "Feature", "properties": {"nom": "Conservatoire", "code_insee": "85047", "commune": "Challans", "categorie": "scene", "label": "Conservatoire", "poids": 1.0, "visiteurs": null, "jauge": null}, "geometry": {"type": "Point", "coordinates": [-1.886014, 46.845929]}}, {"type": "Feature", "properties": {"nom": "Conservatoire", "code_insee": "08105", "commune": "Charleville-Mézières", "categorie": "scene", "label": "Conservatoire", "poids": 1.0, "visiteurs": null, "jauge": null}, "geometry": {"type": "Point", "coordinates": [4.717427, 49.771468]}}, {"type": "Feature", "properties": {"nom": "Conservatoire", "code_insee": "28085", "commune": "Chartres", "categorie": "scene", "label": "Conservatoire", "poids": 1.0, "visiteurs": null, "jauge": null}, "geometry": {"type": "Point", "coordinates": [1.489941, 48.44329]}}, {"type": "Feature", "properties": {"nom": "Conservatoire", "code_insee": "86066", "commune": "Châtellerault", "categorie": "scene", "label": "Conservatoire", "poids": 1.0, "visiteurs": null, "jauge": null}, "geometry": {"type": "Point", "coordinates": [0.533903, 46.812331]}}, {"type": "Feature", "properties": {"nom": "Conservatoire", "code_insee": "50129", "commune": "Cherbourg-en-Cotentin", "categorie": "scene", "label": "Conservatoire", "poids": 1.0, "visiteurs": null, "jauge": null}, "geometry": {"type": "Point", "coordinates": [-1.631614, 49.637767]}}, {"type": "Feature", "properties": {"nom": "Conservatoire", "code_insee": "94022", "commune": "Choisy-le-Roi", "categorie": "scene", "label": "Conservatoire", "poids": 1.0, "visiteurs": null, "jauge": null}, "geometry": {"type": "Point", "coordinates": [2.40258, 48.771119]}}, {"type": "Feature", "properties": {"nom": "Conservatoire Charles Aznavour", "code_insee": "92025", "commune": "Colombes", "categorie": "scene", "label": "Conservatoire", "poids": 1.0, "visiteurs": null, "jauge": null}, "geometry": {"type": "Point", "coordinates": [2.250173, 48.924709]}}, {"type": "Feature", "properties": {"nom": "Conservatoire", "code_insee": "59178", "commune": "Douai", "categorie": "scene", "label": "Conservatoire", "poids": 1.0, "visiteurs": null, "jauge": null}, "geometry": {"type": "Point", "coordinates": [3.074543, 50.367624]}}, {"type": "Feature", "properties": {"nom": "Conservatoire", "code_insee": "28134", "commune": "Dreux", "categorie": "scene", "label": "Conservatoire", "poids": 1.0, "visiteurs": null, "jauge": null}, "geometry": {"type": "Point", "coordinates": [1.363374, 48.734503]}}, {"type": "Feature", "properties": {"nom": "Conservatoire", "code_insee": "38169", "commune": "Fontaine", "categorie": "scene", "label": "Conservatoire", "poids": 1.0, "visiteurs": null, "jauge": null}, "geometry": {"type": "Point", "coordinates": [5.687958, 45.190955]}}, {"type": "Feature", "properties": {"nom": "Conservatoire", "code_insee": "77186", "commune": "Fontainebleau", "categorie": "scene", "label": "Conservatoire", "poids": 1.0, "visiteurs": null, "jauge": null}, "geometry": {"type": "Point", "coordinates": [2.701396, 48.408344]}}, {"type": "Feature", "properties": {"nom": "Conservatoire", "code_insee": "05061", "commune": "Gap", "categorie": "scene", "label": "Conservatoire", "poids": 1.0, "visiteurs": null, "jauge": null}, "geometry": {"type": "Point", "coordinates": [6.087138, 44.563127]}}, {"type": "Feature", "properties": {"nom": "Conservatoire", "code_insee": "69091", "commune": "Givors", "categorie": "scene", "label": "Conservatoire", "poids": 1.0, "visiteurs": null, "jauge": null}, "geometry": {"type": "Point", "coordinates": [4.77266, 45.584048]}}, {"type": "Feature", "properties": {"nom": "Conservatoire", "code_insee": "23096", "commune": "Guéret", "categorie": "scene", "label": "Conservatoire", "poids": 1.0, "visiteurs": null, "jauge": null}, "geometry": {"type": "Point", "coordinates": [1.873889, 46.179977]}}, {"type": "Feature", "properties": {"nom": "Conservatoire", "code_insee": "14327", "commune": "Hérouville-Saint-Clair", "categorie": "scene", "label": "Conservatoire", "poids": 1.0, "visiteurs": null, "jauge": null}, "geometry": {"type": "Point", "coordinates": [-0.330971, 49.202984]}}, {"type": "Feature", "properties": {"nom": "Conservatoire", "code_insee": "59368", "commune": "La Madeleine", "categorie": "scene", "label": "Conservatoire", "poids": 1.0, "visiteurs": null, "jauge": null}, "geometry": {"type": "Point", "coordinates": [3.067053, 50.654443]}}, {"type": "Feature", "properties": {"nom": "Conservatoire", "code_insee": "77243", "commune": "Lagny-sur-Marne", "categorie": "scene", "label": "Conservatoire", "poids": 1.0, "visiteurs": null, "jauge": null}, "geometry": {"type": "Point", "coordinates": [2.700906, 48.876795]}}, {"type": "Feature", "properties": {"nom": "Conservatoire", "code_insee": "78440", "commune": "Les Mureaux", "categorie": "scene", "label": "Conservatoire", "poids": 1.0, "visiteurs": null, "jauge": null}, "geometry": {"type": "Point", "coordinates": [1.913153, 48.986725]}}, {"type": "Feature", "properties": {"nom": "Conservatoire", "code_insee": "85194", "commune": "Les Sables-d'Olonne", "categorie": "scene", "label": "Conservatoire", "poids": 1.0, "visiteurs": null, "jauge": null}, "geometry": {"type": "Point", "coordinates": [-1.775619, 46.497065]}}, {"type": "Feature", "properties": {"nom": "Conservatoire", "code_insee": "94038", "commune": "L'Haÿ-les-Roses", "categorie": "scene", "label": "Conservatoire", "poids": 1.0, "visiteurs": null, "jauge": null}, "geometry": {"type": "Point", "coordinates": [2.33913, 48.780347]}}, {"type": "Feature", "properties": {"nom": "Conservatoire", "code_insee": "59350", "commune": "Lille", "categorie": "scene", "label": "Conservatoire", "poids": 1.0, "visiteurs": null, "jauge": null}, "geometry": {"type": "Point", "coordinates": [3.061761, 50.642059]}}, {"type": "Feature", "properties": {"nom": "Conservatoire", "code_insee": "93046", "commune": "Livry-Gargan", "categorie": "scene", "label": "Conservatoire", "poids": 1.0, "visiteurs": null, "jauge": null}, "geometry": {"type": "Point", "coordinates": [2.533887, 48.920273]}}, {"type": "Feature", "properties": {"nom": "Conservatoire", "code_insee": "39300", "commune": "Lons-le-Saunier", "categorie": "scene", "label": "Conservatoire", "poids": 1.0, "visiteurs": null, "jauge": null}, "geometry": {"type": "Point", "coordinates": [5.554515, 46.676338]}}, {"type": "Feature", "properties": {"nom": "Conservatoire", "code_insee": "59360", "commune": "Loos", "categorie": "scene", "label": "Conservatoire", "poids": 1.0, "visiteurs": null, "jauge": null}, "geometry": {"type": "Point", "coordinates": [3.011465, 50.614212]}}, {"type": "Feature", "properties": {"nom": "Conservatoire", "code_insee": "69383", "commune": "Lyon 3e Arrondissement", "categorie": "scene", "label": "Conservatoire", "poids": 1.0, "visiteurs": null, "jauge": null}, "geometry": {"type": "Point", "coordinates": [4.822162, 45.76097]}}, {"type": "Feature", "properties": {"nom": "Conservatoire", "code_insee": "78361", "commune": "Mantes-la-Jolie", "categorie": "scene", "label": "Conservatoire", "poids": 1.0, "visiteurs": null, "jauge": null}, "geometry": {"type": "Point", "coordinates": [1.716379, 48.983811]}}, {"type": "Feature", "properties": {"nom": "Conservatoire", "code_insee": "13054", "commune": "Marignane", "categorie": "scene", "label": "Conservatoire", "poids": 1.0, "visiteurs": null, "jauge": null}, "geometry": {"type": "Point", "coordinates": [5.216838, 43.417107]}}, {"type": "Feature", "properties": {"nom": "Conservatoire", "code_insee": "59386", "commune": "Marquette-lez-Lille", "categorie": "scene", "label": "Conservatoire", "poids": 1.0, "visiteurs": null, "jauge": null}, "geometry": {"type": "Point", "coordinates": [3.064962, 50.676849]}}, {"type": "Feature", "properties": {"nom": "Conservatoire", "code_insee": "77284", "commune": "Meaux", "categorie": "scene", "label": "Conservatoire", "poids": 1.0, "visiteurs": null, "jauge": null}, "geometry": {"type": "Point", "coordinates": [2.875621, 48.962516]}}, {"type": "Feature", "properties": {"nom": "Conservatoire", "code_insee": "91405", "commune": "Milly-la-Forêt", "categorie": "scene", "label": "Conservatoire", "poids": 1.0, "visiteurs": null, "jauge": null}, "geometry": {"type": "Point", "coordinates": [2.470859, 48.402414]}}, {"type": "Feature", "properties": {"nom": "Conservatoire", "code_insee": "78423", "commune": "Montigny-le-Bretonneux", "categorie": "scene", "label": "Conservatoire", "poids": 1.0, "visiteurs": null, "jauge": null}, "geometry": {"type": "Point", "coordinates": [2.039678, 48.769399]}}, {"type": "Feature", "properties": {"nom": "Conservatoire", "code_insee": "06088", "commune": "Nice", "categorie": "scene", "label": "Conservatoire", "poids": 1.0, "visiteurs": null, "jauge": null}, "geometry": {"type": "Point", "coordinates": [7.273087, 43.725035]}}, {"type": "Feature", "properties": {"nom": "Conservatoire", "code_insee": "60471", "commune": "Noyon", "categorie": "scene", "label": "Conservatoire", "poids": 1.0, "visiteurs": null, "jauge": null}, "geometry": {"type": "Point", "coordinates": [2.997427, 49.580184]}}, {"type": "Feature", "properties": {"nom": "Conservatoire", "code_insee": "75115", "commune": "Paris 15e Arrondissement", "categorie": "scene", "label": "Conservatoire", "poids": 1.0, "visiteurs": null, "jauge": null}, "geometry": {"type": "Point", "coordinates": [2.308973, 48.837971]}}, {"type": "Feature", "properties": {"nom": "Conservatoire", "code_insee": "75108", "commune": "Paris 8e Arrondissement", "categorie": "scene", "label": "Conservatoire", "poids": 1.0, "visiteurs": null, "jauge": null}, "geometry": {"type": "Point", "coordinates": [2.320448, 48.878567]}}, {"type": "Feature", "properties": {"nom": "Conservatoire", "code_insee": "64445", "commune": "Pau", "categorie": "scene", "label": "Conservatoire", "poids": 1.0, "visiteurs": null, "jauge": null}, "geometry": {"type": "Point", "coordinates": [-0.356463, 43.296595]}}, {"type": "Feature", "properties": {"nom": "Conservatoire Montserrat Caballé", "code_insee": "66136", "commune": "Perpignan", "categorie": "scene", "label": "Conservatoire", "poids": 1.0, "visiteurs": null, "jauge": null}, "geometry": {"type": "Point", "coordinates": [2.890242, 42.694768]}}, {"type": "Feature", "properties": {"nom": "Conservatoire", "code_insee": "26235", "commune": "Pierrelatte", "categorie": "scene", "label": "Conservatoire", "poids": 1.0, "visiteurs": null, "jauge": null}, "geometry": {"type": "Point", "coordinates": [4.700059, 44.374062]}}, {"type": "Feature", "properties": {"nom": "Conservatoire", "code_insee": "78498", "commune": "Poissy", "categorie": "scene", "label": "Conservatoire", "poids": 1.0, "visiteurs": null, "jauge": null}, "geometry": {"type": "Point", "coordinates": [2.043279, 48.927108]}}, {"type": "Feature", "properties": {"nom": "Conservatoire", "code_insee": "25462", "commune": "Pontarlier", "categorie": "scene", "label": "Conservatoire", "poids": 1.0, "visiteurs": null, "jauge": null}, "geometry": {"type": "Point", "coordinates": [6.356367, 46.904879]}}, {"type": "Feature", "properties": {"nom": "Conservatoire Jean-Baptiste Lully", "code_insee": "92062", "commune": "Puteaux", "categorie": "scene", "label": "Conservatoire", "poids": 1.0, "visiteurs": null, "jauge": null}, "geometry": {"type": "Point", "coordinates": [2.236509, 48.875884]}}, {"type": "Feature", "properties": {"nom": "Conservatoire", "code_insee": "59512", "commune": "Roubaix", "categorie": "scene", "label": "Conservatoire", "poids": 1.0, "visiteurs": null, "jauge": null}, "geometry": {"type": "Point", "coordinates": [3.169101, 50.687165]}}, {"type": "Feature", "properties": {"nom": "Conservatoire", "code_insee": "10362", "commune": "Sainte-Savine", "categorie": "scene", "label": "Conservatoire", "poids": 1.0, "visiteurs": null, "jauge": null}, "geometry": {"type": "Point", "coordinates": [4.055979, 48.293779]}}, {"type": "Feature", "properties": {"nom": "Conservatoire", "code_insee": "62765", "commune": "Saint-Omer", "categorie": "scene", "label": "Conservatoire", "poids": 1.0, "visiteurs": null, "jauge": null}, "geometry": {"type": "Point", "coordinates": [2.256166, 50.753643]}}, {"type": "Feature", "properties": {"nom": "Conservatoire", "code_insee": "76655", "commune": "Saint-Valery-en-Caux", "categorie": "scene", "label": "Conservatoire", "poids": 1.0, "visiteurs": null, "jauge": null}, "geometry": {"type": "Point", "coordinates": [0.713735, 49.858988]}}, {"type": "Feature", "properties": {"nom": "Conservatoire", "code_insee": "91589", "commune": "Savigny-sur-Orge", "categorie": "scene", "label": "Conservatoire", "poids": 1.0, "visiteurs": null, "jauge": null}, "geometry": {"type": "Point", "coordinates": [2.351073, 48.680231]}}, {"type": "Feature", "properties": {"nom": "Conservatoire", "code_insee": "89387", "commune": "Sens", "categorie": "scene", "label": "Conservatoire", "poids": 1.0, "visiteurs": null, "jauge": null}, "geometry": {"type": "Point", "coordinates": [3.285122, 48.195378]}}, {"type": "Feature", "properties": {"nom": "Conservatoire", "code_insee": "34301", "commune": "Sète", "categorie": "scene", "label": "Conservatoire", "poids": 1.0, "visiteurs": null, "jauge": null}, "geometry": {"type": "Point", "coordinates": [3.688776, 43.409646]}}, {"type": "Feature", "properties": {"nom": "Conservatoire de musique Aunis Sud", "code_insee": "17434", "commune": "Surgères", "categorie": "scene", "label": "Conservatoire", "poids": 1.0, "visiteurs": null, "jauge": null}, "geometry": {"type": "Point", "coordinates": [-0.760099, 46.112128]}}, {"type": "Feature", "properties": {"nom": "Conservatoire", "code_insee": "77468", "commune": "Torcy", "categorie": "scene", "label": "Conservatoire", "poids": 1.0, "visiteurs": null, "jauge": null}, "geometry": {"type": "Point", "coordinates": [2.653189, 48.849889]}}, {"type": "Feature", "properties": {"nom": "Conservatoire", "code_insee": "83137", "commune": "Toulon", "categorie": "scene", "label": "Conservatoire", "poids": 1.0, "visiteurs": null, "jauge": null}, "geometry": {"type": "Point", "coordinates": [5.93356, 43.128645]}}, {"type": "Feature", "properties": {"nom": "Conservatoire", "code_insee": "93073", "commune": "Tremblay-en-France", "categorie": "scene", "label": "Conservatoire", "poids": 1.0, "visiteurs": null, "jauge": null}, "geometry": {"type": "Point", "coordinates": [2.571447, 48.94329]}}, {"type": "Feature", "properties": {"nom": "Conservatoire", "code_insee": "69256", "commune": "Vaulx-en-Velin", "categorie": "scene", "label": "Conservatoire", "poids": 1.0, "visiteurs": null, "jauge": null}, "geometry": {"type": "Point", "coordinates": [4.92531, 45.786472]}}, {"type": "Feature", "properties": {"nom": "Conservatoire municipal de musique et de danse", "code_insee": "77514", "commune": "Villeparisis", "categorie": "scene", "label": "Conservatoire", "poids": 1.0, "visiteurs": null, "jauge": null}, "geometry": {"type": "Point", "coordinates": [2.608253, 48.937971]}}, {"type": "Feature", "properties": {"nom": "Conservatoire", "code_insee": "93078", "commune": "Villepinte", "categorie": "scene", "label": "Conservatoire", "poids": 1.0, "visiteurs": null, "jauge": null}, "geometry": {"type": "Point", "coordinates": [2.551508, 48.959731]}}, {"type": "Feature", "properties": {"nom": "musée Paul Arbaud", "code_insee": "13001", "commune": "Aix-en-Provence", "categorie": "musee", "label": "Musée de France", "poids": 1.0, "visiteurs": null, "jauge": null}, "geometry": {"type": "Point", "coordinates": [5.449837, 43.526273]}}, {"type": "Feature", "properties": {"nom": "musée de la poste", "code_insee": "37003", "commune": "Amboise", "categorie": "musee", "label": "Musée de France", "poids": 1.0, "visiteurs": null, "jauge": null}, "geometry": {"type": "Point", "coordinates": [0.984736, 47.411309]}}, {"type": "Feature", "properties": {"nom": "musée Bonaparte", "code_insee": "21038", "commune": "Auxonne", "categorie": "musee", "label": "Musée de France", "poids": 1.0, "visiteurs": null, "jauge": null}, "geometry": {"type": "Point", "coordinates": [5.387625, 47.193442]}}, {"type": "Feature", "properties": {"nom": "musée de la Création Franche", "code_insee": "33039", "commune": "Bègles", "categorie": "musee", "label": "Musée de France", "poids": 1.0, "visiteurs": null, "jauge": null}, "geometry": {"type": "Point", "coordinates": [-0.543658, 44.805492]}}, {"type": "Feature", "properties": {"nom": "musée d'art et d'histoire du pays blayais", "code_insee": "33058", "commune": "Blaye", "categorie": "musee", "label": "Musée de France", "poids": 1.0, "visiteurs": null, "jauge": null}, "geometry": {"type": "Point", "coordinates": [-0.665402, 45.128653]}}, {"type": "Feature", "properties": {"nom": "musée bonnevallais", "code_insee": "28051", "commune": "Bonneval", "categorie": "musee", "label": "Musée de France", "poids": 1.0, "visiteurs": null, "jauge": null}, "geometry": {"type": "Point", "coordinates": [1.389956, 48.184529]}}, {"type": "Feature", "properties": {"nom": "musée du costume", "code_insee": "73054", "commune": "Bourg-Saint-Maurice", "categorie": "musee", "label": "Musée de France", "poids": 1.0, "visiteurs": null, "jauge": null}, "geometry": {"type": "Point", "coordinates": [6.763071, 45.608884]}}, {"type": "Feature", "properties": {"nom": "musée-aquarium", "code_insee": "24145", "commune": "Creysse", "categorie": "musee", "label": "Musée de France", "poids": 1.0, "visiteurs": null, "jauge": null}, "geometry": {"type": "Point", "coordinates": [0.562388, 44.854671]}}, {"type": "Feature", "properties": {"nom": "musée des beaux-arts", "code_insee": "59183", "commune": "Dunkerque", "categorie": "musee", "label": "Musée de France", "poids": 1.0, "visiteurs": null, "jauge": null}, "geometry": {"type": "Point", "coordinates": [2.380785, 51.035841]}}, {"type": "Feature", "properties": {"nom": "musée", "code_insee": "08190", "commune": "Givet", "categorie": "musee", "label": "Musée de France", "poids": 1.0, "visiteurs": null, "jauge": null}, "geometry": {"type": "Point", "coordinates": [4.824648, 50.136283]}}, {"type": "Feature", "properties": {"nom": "musée historique du vieux Libourne", "code_insee": "33243", "commune": "Libourne", "categorie": "musee", "label": "Musée de France", "poids": 1.0, "visiteurs": null, "jauge": null}, "geometry": {"type": "Point", "coordinates": [-0.244146, 44.913348]}}, {"type": "Feature", "properties": {"nom": "Musée des Sapeurs-Pompiers de Lyon", "code_insee": "69383", "commune": "Lyon 3e Arrondissement", "categorie": "musee", "label": "Musée de France", "poids": 1.0, "visiteurs": null, "jauge": null}, "geometry": {"type": "Point", "coordinates": [4.844519, 45.762806]}}, {"type": "Feature", "properties": {"nom": "musée Capon", "code_insee": "17218", "commune": "Marans", "categorie": "musee", "label": "Musée de France", "poids": 1.0, "visiteurs": null, "jauge": null}, "geometry": {"type": "Point", "coordinates": [-0.991547, 46.309856]}}, {"type": "Feature", "properties": {"nom": "musée percheron", "code_insee": "61293", "commune": "Mortagne-au-Perche", "categorie": "musee", "label": "Musée de France", "poids": 1.0, "visiteurs": null, "jauge": null}, "geometry": {"type": "Point", "coordinates": [0.546958, 48.521922]}}, {"type": "Feature", "properties": {"nom": "musée Monseigneur Pigneau de Behaine", "code_insee": "02574", "commune": "Origny-en-Thiérache", "categorie": "musee", "label": "Musée de France", "poids": 1.0, "visiteurs": null, "jauge": null}, "geometry": {"type": "Point", "coordinates": [4.022844, 49.895968]}}, {"type": "Feature", "properties": {"nom": "musée Rupert de Chièvres", "code_insee": "86194", "commune": "Poitiers", "categorie": "musee", "label": "Musée de France", "poids": 1.0, "visiteurs": null, "jauge": null}, "geometry": {"type": "Point", "coordinates": [0.337972, 46.580602]}}, {"type": "Feature", "properties": {"nom": "Musée National de La Marine", "code_insee": "56181", "commune": "Port-Louis", "categorie": "musee", "label": "Musée de France", "poids": 1.0, "visiteurs": null, "jauge": null}, "geometry": {"type": "Point", "coordinates": [-3.364562, 47.710812]}}, {"type": "Feature", "properties": {"nom": "musée d'archéologie sous-marine", "code_insee": "66148", "commune": "Port-Vendres", "categorie": "musee", "label": "Musée de France", "poids": 1.0, "visiteurs": null, "jauge": null}, "geometry": {"type": "Point", "coordinates": [3.106409, 42.515803]}}, {"type": "Feature", "properties": {"nom": "musée d'art sacré", "code_insee": "46240", "commune": "Rocamadour", "categorie": "musee", "label": "Musée de France", "poids": 1.0, "visiteurs": null, "jauge": null}, "geometry": {"type": "Point", "coordinates": [1.617606, 44.799372]}}, {"type": "Feature", "properties": {"nom": "musée d'histoire et d'archéologie", "code_insee": "33394", "commune": "Saint-Émilion", "categorie": "musee", "label": "Musée de France", "poids": 1.0, "visiteurs": null, "jauge": null}, "geometry": {"type": "Point", "coordinates": [-0.157465, 44.893427]}}, {"type": "Feature", "properties": {"nom": "Musée Baroncelli", "code_insee": "13096", "commune": "Saintes-Maries-de-la-Mer", "categorie": "musee", "label": "Musée de France", "poids": 1.0, "visiteurs": null, "jauge": null}, "geometry": {"type": "Point", "coordinates": [4.427012, 43.451754]}}, {"type": "Feature", "properties": {"nom": "Ecomusée des Monts D'arrée - Maison Cornec", "code_insee": "29261", "commune": "Saint-Rivoal", "categorie": "musee", "label": "Musée de France", "poids": 1.0, "visiteurs": null, "jauge": null}, "geometry": {"type": "Point", "coordinates": [-3.99686, 48.348851]}}, {"type": "Feature", "properties": {"nom": "écomusée", "code_insee": "77445", "commune": "Savigny-le-Temple", "categorie": "musee", "label": "Musée de France", "poids": 1.0, "visiteurs": null, "jauge": null}, "geometry": {"type": "Point", "coordinates": [2.582838, 48.574568]}}, {"type": "Feature", "properties": {"nom": "écomusée du Haut Beaujolais", "code_insee": "69248", "commune": "Thizy-les-Bourgs", "categorie": "musee", "label": "Musée de France", "poids": 1.0, "visiteurs": null, "jauge": null}, "geometry": {"type": "Point", "coordinates": [4.315512, 46.037847]}}, {"type": "Feature", "properties": {"nom": "muséum d'histoire naturelle", "code_insee": "10387", "commune": "Troyes", "categorie": "musee", "label": "Musée de France", "poids": 1.0, "visiteurs": null, "jauge": null}, "geometry": {"type": "Point", "coordinates": [4.075149, 48.292861]}}, {"type": "Feature", "properties": {"nom": "Conservatoire", "code_insee": "80001", "commune": "Abbeville", "categorie": "scene", "label": "Conservatoire", "poids": 1.0, "visiteurs": null, "jauge": null}, "geometry": {"type": "Point", "coordinates": [1.830117, 50.1054]}}, {"type": "Feature", "properties": {"nom": "Conservatoire", "code_insee": "78005", "commune": "Achères", "categorie": "scene", "label": "Conservatoire", "poids": 1.0, "visiteurs": null, "jauge": null}, "geometry": {"type": "Point", "coordinates": [2.062074, 48.961504]}}, {"type": "Feature", "properties": {"nom": "Conservatoire", "code_insee": "73011", "commune": "Albertville", "categorie": "scene", "label": "Conservatoire", "poids": 1.0, "visiteurs": null, "jauge": null}, "geometry": {"type": "Point", "coordinates": [6.39222, 45.673947]}}, {"type": "Feature", "properties": {"nom": "Conservatoire", "code_insee": "74010", "commune": "Annecy", "categorie": "scene", "label": "Conservatoire", "poids": 1.0, "visiteurs": null, "jauge": null}, "geometry": {"type": "Point", "coordinates": [6.125121, 45.899351]}}, {"type": "Feature", "properties": {"nom": "Conservatoire", "code_insee": "07010", "commune": "Annonay", "categorie": "scene", "label": "Conservatoire", "poids": 1.0, "visiteurs": null, "jauge": null}, "geometry": {"type": "Point", "coordinates": [4.668321, 45.239096]}}, {"type": "Feature", "properties": {"nom": "Conservatoire", "code_insee": "95018", "commune": "Argenteuil", "categorie": "scene", "label": "Conservatoire", "poids": 1.0, "visiteurs": null, "jauge": null}, "geometry": {"type": "Point", "coordinates": [2.252155, 48.942218]}}, {"type": "Feature", "properties": {"nom": "Conservatoire", "code_insee": "62041", "commune": "Arras", "categorie": "scene", "label": "Conservatoire", "poids": 1.0, "visiteurs": null, "jauge": null}, "geometry": {"type": "Point", "coordinates": [2.779013, 50.295439]}}, {"type": "Feature", "properties": {"nom": "Conservatoire", "code_insee": "55029", "commune": "Bar-le-Duc", "categorie": "scene", "label": "Conservatoire", "poids": 1.0, "visiteurs": null, "jauge": null}, "geometry": {"type": "Point", "coordinates": [5.174877, 48.773036]}}, {"type": "Feature", "properties": {"nom": "Conservatoire", "code_insee": "21054", "commune": "Beaune", "categorie": "scene", "label": "Conservatoire", "poids": 1.0, "visiteurs": null, "jauge": null}, "geometry": {"type": "Point", "coordinates": [4.838305, 47.026837]}}, {"type": "Feature", "properties": {"nom": "Conservatoire", "code_insee": "92012", "commune": "Boulogne-Billancourt", "categorie": "scene", "label": "Conservatoire", "poids": 1.0, "visiteurs": null, "jauge": null}, "geometry": {"type": "Point", "coordinates": [2.243139, 48.837924]}}, {"type": "Feature", "properties": {"nom": "Conservatoire", "code_insee": "38053", "commune": "Bourgoin-Jallieu", "categorie": "scene", "label": "Conservatoire", "poids": 1.0, "visiteurs": null, "jauge": null}, "geometry": {"type": "Point", "coordinates": [5.274305, 45.584789]}}, {"type": "Feature", "properties": {"nom": "Conservatoire", "code_insee": "79049", "commune": "Bressuire", "categorie": "scene", "label": "Conservatoire", "poids": 1.0, "visiteurs": null, "jauge": null}, "geometry": {"type": "Point", "coordinates": [-0.488207, 46.841239]}}, {"type": "Feature", "properties": {"nom": "Conservatoire", "code_insee": "77059", "commune": "Bussy-Saint-Martin", "categorie": "scene", "label": "Conservatoire", "poids": 1.0, "visiteurs": null, "jauge": null}, "geometry": {"type": "Point", "coordinates": [2.672824, 48.846954]}}, {"type": "Feature", "properties": {"nom": "Conservatoire", "code_insee": "11069", "commune": "Carcassonne", "categorie": "scene", "label": "Conservatoire", "poids": 1.0, "visiteurs": null, "jauge": null}, "geometry": {"type": "Point", "coordinates": [2.330432, 43.207186]}}, {"type": "Feature", "properties": {"nom": "Conservatoire", "code_insee": "84035", "commune": "Cavaillon", "categorie": "scene", "label": "Conservatoire", "poids": 1.0, "visiteurs": null, "jauge": null}, "geometry": {"type": "Point", "coordinates": [5.039928, 43.827535]}}, {"type": "Feature", "properties": {"nom": "Conservatoire", "code_insee": "71076", "commune": "Chalon-sur-Saône", "categorie": "scene", "label": "Conservatoire", "poids": 1.0, "visiteurs": null, "jauge": null}, "geometry": {"type": "Point", "coordinates": [4.846449, 46.779418]}}, {"type": "Feature", "properties": {"nom": "Conservatoire", "code_insee": "35066", "commune": "Chartres-de-Bretagne", "categorie": "scene", "label": "Conservatoire", "poids": 1.0, "visiteurs": null, "jauge": null}, "geometry": {"type": "Point", "coordinates": [-1.701563, 48.041454]}}, {"type": "Feature", "properties": {"nom": "Conservatoire", "code_insee": "78146", "commune": "Chatou", "categorie": "scene", "label": "Conservatoire", "poids": 1.0, "visiteurs": null, "jauge": null}, "geometry": {"type": "Point", "coordinates": [2.153013, 48.897804]}}, {"type": "Feature", "properties": {"nom": "Conservatoire", "code_insee": "78172", "commune": "Conflans-Sainte-Honorine", "categorie": "scene", "label": "Conservatoire", "poids": 1.0, "visiteurs": null, "jauge": null}, "geometry": {"type": "Point", "coordinates": [2.112241, 49.002404]}}, {"type": "Feature", "properties": {"nom": "Conservatoire", "code_insee": "60175", "commune": "Creil", "categorie": "scene", "label": "Conservatoire", "poids": 1.0, "visiteurs": null, "jauge": null}, "geometry": {"type": "Point", "coordinates": [2.473835, 49.261471]}}, {"type": "Feature", "properties": {"nom": "Conservatoire", "code_insee": "76217", "commune": "Dieppe", "categorie": "scene", "label": "Conservatoire", "poids": 1.0, "visiteurs": null, "jauge": null}, "geometry": {"type": "Point", "coordinates": [1.073853, 49.924241]}}, {"type": "Feature", "properties": {"nom": "Conservatoire", "code_insee": "04070", "commune": "Digne-les-Bains", "categorie": "scene", "label": "Conservatoire", "poids": 1.0, "visiteurs": null, "jauge": null}, "geometry": {"type": "Point", "coordinates": [6.237422, 44.092498]}}, {"type": "Feature", "properties": {"nom": "Conservatoire", "code_insee": "39198", "commune": "Dole", "categorie": "scene", "label": "Conservatoire", "poids": 1.0, "visiteurs": null, "jauge": null}, "geometry": {"type": "Point", "coordinates": [5.490922, 47.095255]}}, {"type": "Feature", "properties": {"nom": "Conservatoire", "code_insee": "91200", "commune": "Dourdan", "categorie": "scene", "label": "Conservatoire", "poids": 1.0, "visiteurs": null, "jauge": null}, "geometry": {"type": "Point", "coordinates": [2.010795, 48.530747]}}, {"type": "Feature", "properties": {"nom": "Conservatoire", "code_insee": "91201", "commune": "Draveil", "categorie": "scene", "label": "Conservatoire", "poids": 1.0, "visiteurs": null, "jauge": null}, "geometry": {"type": "Point", "coordinates": [2.417017, 48.667264]}}, {"type": "Feature", "properties": {"nom": "École de musique et de théâtre", "code_insee": "09122", "commune": "Foix", "categorie": "scene", "label": "Conservatoire", "poids": 1.0, "visiteurs": null, "jauge": null}, "geometry": {"type": "Point", "coordinates": [1.606885, 42.962858]}}, {"type": "Feature", "properties": {"nom": "Conservatoire", "code_insee": "92032", "commune": "Fontenay-aux-Roses", "categorie": "scene", "label": "Conservatoire", "poids": 1.0, "visiteurs": null, "jauge": null}, "geometry": {"type": "Point", "coordinates": [2.287748, 48.791806]}}, {"type": "Feature", "properties": {"nom": "Conservatoire", "code_insee": "95252", "commune": "Franconville", "categorie": "scene", "label": "Conservatoire", "poids": 1.0, "visiteurs": null, "jauge": null}, "geometry": {"type": "Point", "coordinates": [2.231004, 48.983179]}}, {"type": "Feature", "properties": {"nom": "Conservatoire", "code_insee": "93032", "commune": "Gagny", "categorie": "scene", "label": "Conservatoire", "poids": 1.0, "visiteurs": null, "jauge": null}, "geometry": {"type": "Point", "coordinates": [2.531034, 48.883701]}}, {"type": "Feature", "properties": {"nom": "Conservatoire", "code_insee": "92033", "commune": "Garches", "categorie": "scene", "label": "Conservatoire", "poids": 1.0, "visiteurs": null, "jauge": null}, "geometry": {"type": "Point", "coordinates": [2.184793, 48.850175]}}, {"type": "Feature", "properties": {"nom": "Conservatoire", "code_insee": "95277", "commune": "Gonesse", "categorie": "scene", "label": "Conservatoire", "poids": 1.0, "visiteurs": null, "jauge": null}, "geometry": {"type": "Point", "coordinates": [2.445277, 48.984917]}}, {"type": "Feature", "properties": {"nom": "Conservatoire", "code_insee": "83069", "commune": "Hyères", "categorie": "scene", "label": "Conservatoire", "poids": 1.0, "visiteurs": null, "jauge": null}, "geometry": {"type": "Point", "coordinates": [6.132054, 43.120306]}}, {"type": "Feature", "properties": {"nom": "Conservatoire", "code_insee": "13047", "commune": "Istres", "categorie": "scene", "label": "Conservatoire", "poids": 1.0, "visiteurs": null, "jauge": null}, "geometry": {"type": "Point", "coordinates": [4.937662, 43.59247]}}, {"type": "Feature", "properties": {"nom": "Conservatoire", "code_insee": "89206", "commune": "Joigny", "categorie": "scene", "label": "Conservatoire", "poids": 1.0, "visiteurs": null, "jauge": null}, "geometry": {"type": "Point", "coordinates": [3.392694, 47.983609]}}, {"type": "Feature", "properties": {"nom": "Conservatoire", "code_insee": "85191", "commune": "La Roche-sur-Yon", "categorie": "scene", "label": "Conservatoire", "poids": 1.0, "visiteurs": null, "jauge": null}, "geometry": {"type": "Point", "coordinates": [-1.431466, 46.670584]}}, {"type": "Feature", "properties": {"nom": "Conservatoire", "code_insee": "93007", "commune": "Le Blanc-Mesnil", "categorie": "scene", "label": "Conservatoire", "poids": 1.0, "visiteurs": null, "jauge": null}, "geometry": {"type": "Point", "coordinates": [2.453057, 48.939241]}}, {"type": "Feature", "properties": {"nom": "Conservatoire", "code_insee": "38317", "commune": "Le Pont-de-Claix", "categorie": "scene", "label": "Conservatoire", "poids": 1.0, "visiteurs": null, "jauge": null}, "geometry": {"type": "Point", "coordinates": [5.702232, 45.140561]}}, {"type": "Feature", "properties": {"nom": "Conservatoire", "code_insee": "35240", "commune": "Le Rheu", "categorie": "scene", "label": "Conservatoire", "poids": 1.0, "visiteurs": null, "jauge": null}, "geometry": {"type": "Point", "coordinates": [-1.798929, 48.097883]}}, {"type": "Feature", "properties": {"nom": "Conservatoire", "code_insee": "62498", "commune": "Lens", "categorie": "scene", "label": "Conservatoire", "poids": 1.0, "visiteurs": null, "jauge": null}, "geometry": {"type": "Point", "coordinates": [2.825963, 50.429012]}}, {"type": "Feature", "properties": {"nom": "Conservatoire", "code_insee": "76384", "commune": "Lillebonne", "categorie": "scene", "label": "Conservatoire", "poids": 1.0, "visiteurs": null, "jauge": null}, "geometry": {"type": "Point", "coordinates": [0.538704, 49.51067]}}, {"type": "Feature", "properties": {"nom": "Conservatoire", "code_insee": "94044", "commune": "Limeil-Brévannes", "categorie": "scene", "label": "Conservatoire", "poids": 1.0, "visiteurs": null, "jauge": null}, "geometry": {"type": "Point", "coordinates": [2.480165, 48.747079]}}, {"type": "Feature", "properties": {"nom": "Conservatoire", "code_insee": "91345", "commune": "Longjumeau", "categorie": "scene", "label": "Conservatoire", "poids": 1.0, "visiteurs": null, "jauge": null}, "geometry": {"type": "Point", "coordinates": [2.299995, 48.695099]}}, {"type": "Feature", "properties": {"nom": "Conservatoire", "code_insee": "56121", "commune": "Lorient", "categorie": "scene", "label": "Conservatoire", "poids": 1.0, "visiteurs": null, "jauge": null}, "geometry": {"type": "Point", "coordinates": [-3.388692, 47.743792]}}, {"type": "Feature", "properties": {"nom": "Conservatoire", "code_insee": "28218", "commune": "Lucé", "categorie": "scene", "label": "Conservatoire", "poids": 1.0, "visiteurs": null, "jauge": null}, "geometry": {"type": "Point", "coordinates": [1.462761, 48.439812]}}, {"type": "Feature", "properties": {"nom": "Conservatoire", "code_insee": "92046", "commune": "Malakoff", "categorie": "scene", "label": "Conservatoire", "poids": 1.0, "visiteurs": null, "jauge": null}, "geometry": {"type": "Point", "coordinates": [2.29928, 48.81915]}}, {"type": "Feature", "properties": {"nom": "Conservatoire", "code_insee": "13201", "commune": "Marseille 1er Arrondissement", "categorie": "scene", "label": "Conservatoire", "poids": 1.0, "visiteurs": null, "jauge": null}, "geometry": {"type": "Point", "coordinates": [5.382814, 43.295447]}}, {"type": "Feature", "properties": {"nom": "Conservatoire", "code_insee": "91377", "commune": "Massy", "categorie": "scene", "label": "Conservatoire", "poids": 1.0, "visiteurs": null, "jauge": null}, "geometry": {"type": "Point", "coordinates": [2.282996, 48.729469]}}, {"type": "Feature", "properties": {"nom": "École de musique municipale Olivier Messiaen", "code_insee": "18141", "commune": "Mehun-sur-Yèvre", "categorie": "scene", "label": "Conservatoire", "poids": 1.0, "visiteurs": null, "jauge": null}, "geometry": {"type": "Point", "coordinates": [2.215666, 47.14444]}}, {"type": "Feature", "properties": {"nom": "Conservatoire", "code_insee": "92048", "commune": "Meudon", "categorie": "scene", "label": "Conservatoire", "poids": 1.0, "visiteurs": null, "jauge": null}, "geometry": {"type": "Point", "coordinates": [2.235261, 48.813941]}}, {"type": "Feature", "properties": {"nom": "Conservatoire", "code_insee": "45208", "commune": "Montargis", "categorie": "scene", "label": "Conservatoire", "poids": 1.0, "visiteurs": null, "jauge": null}, "geometry": {"type": "Point", "coordinates": [2.731795, 47.99796]}}, {"type": "Feature", "properties": {"nom": "Conservatoire", "code_insee": "25388", "commune": "Montbéliard", "categorie": "scene", "label": "Conservatoire", "poids": 1.0, "visiteurs": null, "jauge": null}, "geometry": {"type": "Point", "coordinates": [6.798848, 47.508708]}}, {"type": "Feature", "properties": {"nom": "Conservatoire", "code_insee": "26198", "commune": "Montélimar", "categorie": "scene", "label": "Conservatoire", "poids": 1.0, "visiteurs": null, "jauge": null}, "geometry": {"type": "Point", "coordinates": [4.750135, 44.560094]}}, {"type": "Feature", "properties": {"nom": "Conservatoire", "code_insee": "91434", "commune": "Morsang-sur-Orge", "categorie": "scene", "label": "Conservatoire", "poids": 1.0, "visiteurs": null, "jauge": null}, "geometry": {"type": "Point", "coordinates": [2.351941, 48.664705]}}, {"type": "Feature", "properties": {"nom": "Conservatoire", "code_insee": "11262", "commune": "Narbonne", "categorie": "scene", "label": "Conservatoire", "poids": 1.0, "visiteurs": null, "jauge": null}, "geometry": {"type": "Point", "coordinates": [3.002183, 43.183589]}}, {"type": "Feature", "properties": {"nom": "Conservatoire", "code_insee": "93055", "commune": "Pantin", "categorie": "scene", "label": "Conservatoire", "poids": 1.0, "visiteurs": null, "jauge": null}, "geometry": {"type": "Point", "coordinates": [2.402125, 48.897228]}}, {"type": "Feature", "properties": {"nom": "Conservatoire", "code_insee": "75111", "commune": "Paris 11e Arrondissement", "categorie": "scene", "label": "Conservatoire", "poids": 1.0, "visiteurs": null, "jauge": null}, "geometry": {"type": "Point", "coordinates": [2.384365, 48.860888]}}, {"type": "Feature", "properties": {"nom": "Conservatoire", "code_insee": "75114", "commune": "Paris 14e Arrondissement", "categorie": "scene", "label": "Conservatoire", "poids": 1.0, "visiteurs": null, "jauge": null}, "geometry": {"type": "Point", "coordinates": [2.307915, 48.827413]}}, {"type": "Feature", "properties": {"nom": "Conservatoire", "code_insee": "75117", "commune": "Paris 17e Arrondissement", "categorie": "scene", "label": "Conservatoire", "poids": 1.0, "visiteurs": null, "jauge": null}, "geometry": {"type": "Point", "coordinates": [2.294222, 48.888372]}}, {"type": "Feature", "properties": {"nom": "Conservatoire", "code_insee": "75101", "commune": "Paris 1er Arrondissement", "categorie": "scene", "label": "Conservatoire", "poids": 1.0, "visiteurs": null, "jauge": null}, "geometry": {"type": "Point", "coordinates": [2.347519, 48.861533]}}, {"type": "Feature", "properties": {"nom": "Conservatoire", "code_insee": "75107", "commune": "Paris 7e Arrondissement", "categorie": "scene", "label": "Conservatoire", "poids": 1.0, "visiteurs": null, "jauge": null}, "geometry": {"type": "Point", "coordinates": [2.307334, 48.86106]}}, {"type": "Feature", "properties": {"nom": "Conservatoire", "code_insee": "24322", "commune": "Périgueux", "categorie": "scene", "label": "Conservatoire", "poids": 1.0, "visiteurs": null, "jauge": null}, "geometry": {"type": "Point", "coordinates": [0.718982, 45.180534]}}, {"type": "Feature", "properties": {"nom": "Conservatoire", "code_insee": "27467", "commune": "Pont-Audemer", "categorie": "scene", "label": "Conservatoire", "poids": 1.0, "visiteurs": null, "jauge": null}, "geometry": {"type": "Point", "coordinates": [0.516704, 49.354441]}}, {"type": "Feature", "properties": {"nom": "Conservatoire", "code_insee": "78517", "commune": "Rambouillet", "categorie": "scene", "label": "Conservatoire", "poids": 1.0, "visiteurs": null, "jauge": null}, "geometry": {"type": "Point", "coordinates": [1.818049, 48.65042]}}, {"type": "Feature", "properties": {"nom": "Conservatoire", "code_insee": "51454", "commune": "Reims", "categorie": "scene", "label": "Conservatoire", "poids": 1.0, "visiteurs": null, "jauge": null}, "geometry": {"type": "Point", "coordinates": [4.036063, 49.250095]}}, {"type": "Feature", "properties": {"nom": "Conservatoire", "code_insee": "26281", "commune": "Romans-sur-Isère", "categorie": "scene", "label": "Conservatoire", "poids": 1.0, "visiteurs": null, "jauge": null}, "geometry": {"type": "Point", "coordinates": [5.045668, 45.043403]}}, {"type": "Feature", "properties": {"nom": "Conservatoire", "code_insee": "92063", "commune": "Rueil-Malmaison", "categorie": "scene", "label": "Conservatoire", "poids": 1.0, "visiteurs": null, "jauge": null}, "geometry": {"type": "Point", "coordinates": [2.178024, 48.879753]}}, {"type": "Feature", "properties": {"nom": "Conservatoire", "code_insee": "22278", "commune": "Saint-Brieuc", "categorie": "scene", "label": "Conservatoire", "poids": 1.0, "visiteurs": null, "jauge": null}, "geometry": {"type": "Point", "coordinates": [-2.778311, 48.514928]}}, {"type": "Feature", "properties": {"nom": "Conservatoire", "code_insee": "42207", "commune": "Saint-Chamond", "categorie": "scene", "label": "Conservatoire", "poids": 1.0, "visiteurs": null, "jauge": null}, "geometry": {"type": "Point", "coordinates": [4.505568, 45.476597]}}, {"type": "Feature", "properties": {"nom": "Conservatoire", "code_insee": "39478", "commune": "Saint-Claude", "categorie": "scene", "label": "Conservatoire", "poids": 1.0, "visiteurs": null, "jauge": null}, "geometry": {"type": "Point", "coordinates": [5.863415, 46.391115]}}, {"type": "Feature", "properties": {"nom": "Conservatoire", "code_insee": "52448", "commune": "Saint-Dizier", "categorie": "scene", "label": "Conservatoire", "poids": 1.0, "visiteurs": null, "jauge": null}, "geometry": {"type": "Point", "coordinates": [4.941469, 48.637812]}}, {"type": "Feature", "properties": {"nom": "Conservatoire", "code_insee": "38382", "commune": "Saint-Égrève", "categorie": "scene", "label": "Conservatoire", "poids": 1.0, "visiteurs": null, "jauge": null}, "geometry": {"type": "Point", "coordinates": [5.67439, 45.235183]}}, {"type": "Feature", "properties": {"nom": "Conservatoire", "code_insee": "42218", "commune": "Saint-Étienne", "categorie": "scene", "label": "Conservatoire", "poids": 1.0, "visiteurs": null, "jauge": null}, "geometry": {"type": "Point", "coordinates": [4.395248, 45.430552]}}, {"type": "Feature", "properties": {"nom": "Conservatoire", "code_insee": "38421", "commune": "Saint-Martin-d'Hères", "categorie": "scene", "label": "Conservatoire", "poids": 1.0, "visiteurs": null, "jauge": null}, "geometry": {"type": "Point", "coordinates": [5.750998, 45.18371]}}, {"type": "Feature", "properties": {"nom": "Conservatoire", "code_insee": "78586", "commune": "Sartrouville", "categorie": "scene", "label": "Conservatoire", "poids": 1.0, "visiteurs": null, "jauge": null}, "geometry": {"type": "Point", "coordinates": [2.159913, 48.931981]}}, {"type": "Feature", "properties": {"nom": "Conservatoire", "code_insee": "57672", "commune": "Thionville", "categorie": "scene", "label": "Conservatoire", "poids": 1.0, "visiteurs": null, "jauge": null}, "geometry": {"type": "Point", "coordinates": [6.159627, 49.356012]}}, {"type": "Feature", "properties": {"nom": "Conservatoire", "code_insee": "37261", "commune": "Tours", "categorie": "scene", "label": "Conservatoire", "poids": 1.0, "visiteurs": null, "jauge": null}, "geometry": {"type": "Point", "coordinates": [0.697049, 47.393363]}}, {"type": "Feature", "properties": {"nom": "Conservatoire", "code_insee": "19272", "commune": "Tulle", "categorie": "scene", "label": "Conservatoire", "poids": 1.0, "visiteurs": null, "jauge": null}, "geometry": {"type": "Point", "coordinates": [1.754744, 45.260159]}}, {"type": "Feature", "properties": {"nom": "Conservatoire", "code_insee": "06152", "commune": "Valbonne", "categorie": "scene", "label": "Conservatoire", "poids": 1.0, "visiteurs": null, "jauge": null}, "geometry": {"type": "Point", "coordinates": [-0.3492, 49.214235]}}, {"type": "Feature", "properties": {"nom": "Conservatoire", "code_insee": "06152", "commune": "Valbonne", "categorie": "scene", "label": "Conservatoire", "poids": 1.0, "visiteurs": null, "jauge": null}, "geometry": {"type": "Point", "coordinates": [7.007342, 43.640163]}}, {"type": "Feature", "properties": {"nom": "Conservatoire Béla Bartók du Grand Villeneuvois", "code_insee": "47323", "commune": "Villeneuve-sur-Lot", "categorie": "scene", "label": "Conservatoire", "poids": 1.0, "visiteurs": null, "jauge": null}, "geometry": {"type": "Point", "coordinates": [0.703821, 44.410402]}}, {"type": "Feature", "properties": {"nom": "Conservatoire", "code_insee": "91691", "commune": "Yerres", "categorie": "scene", "label": "Conservatoire", "poids": 1.0, "visiteurs": null, "jauge": null}, "geometry": {"type": "Point", "coordinates": [2.487884, 48.712483]}}, {"type": "Feature", "properties": {"nom": "3 Bis F", "code_insee": "13001", "commune": "Aix-en-Provence", "categorie": "scene", "label": "Théâtre hors label", "poids": 1.0, "visiteurs": null, "jauge": 83}, "geometry": {"type": "Point", "coordinates": [5.41821, 43.489283]}}, {"type": "Feature", "properties": {"nom": "Théâtre des Doms - Pôle Sud de la création en Belgique francophone", "code_insee": "84007", "commune": "Avignon", "categorie": "scene", "label": "Théâtre hors label", "poids": 1.0, "visiteurs": null, "jauge": 130}, "geometry": {"type": "Point", "coordinates": [4.80878, 43.951647]}}, {"type": "Feature", "properties": {"nom": "Maison du Conte", "code_insee": "94021", "commune": "Chevilly-Larue", "categorie": "scene", "label": "Théâtre hors label", "poids": 1.0, "visiteurs": null, "jauge": 70}, "geometry": {"type": "Point", "coordinates": [2.336427, 48.773023]}}, {"type": "Feature", "properties": {"nom": "Lilas en scène", "code_insee": "93045", "commune": "Les Lilas", "categorie": "scene", "label": "Théâtre hors label", "poids": 1.0, "visiteurs": null, "jauge": 50}, "geometry": {"type": "Point", "coordinates": [2.413479, 48.876106]}}, {"type": "Feature", "properties": {"nom": "Théâtre des Marronniers", "code_insee": "69383", "commune": "Lyon 3e Arrondissement", "categorie": "scene", "label": "Théâtre hors label", "poids": 1.0, "visiteurs": null, "jauge": 49}, "geometry": {"type": "Point", "coordinates": [4.834773, 45.75712]}}, {"type": "Feature", "properties": {"nom": "ZimZam", "code_insee": "13206", "commune": "Marseille 6e Arrondissement", "categorie": "scene", "label": "Théâtre hors label", "poids": 1.0, "visiteurs": null, "jauge": null}, "geometry": {"type": "Point", "coordinates": [5.383865, 43.294518]}}, {"type": "Feature", "properties": {"nom": "37ème Parallèle", "code_insee": "37152", "commune": "Mettray", "categorie": "scene", "label": "Théâtre hors label", "poids": 1.0, "visiteurs": null, "jauge": null}, "geometry": {"type": "Point", "coordinates": [0.683586, 47.437626]}}, {"type": "Feature", "properties": {"nom": "CADO-Centre national de création Orléans Loiret", "code_insee": "45234", "commune": "Orléans", "categorie": "scene", "label": "Théâtre hors label", "poids": 1.0, "visiteurs": null, "jauge": 1723}, "geometry": {"type": "Point", "coordinates": [1.914868, 47.903903]}}, {"type": "Feature", "properties": {"nom": "Ménagerie de verre", "code_insee": "75111", "commune": "Paris 11e Arrondissement", "categorie": "scene", "label": "Théâtre hors label", "poids": 1.0, "visiteurs": null, "jauge": 200}, "geometry": {"type": "Point", "coordinates": [2.376759, 48.863279]}}, {"type": "Feature", "properties": {"nom": "Pop", "code_insee": "75119", "commune": "Paris 19e Arrondissement", "categorie": "scene", "label": "Théâtre hors label", "poids": 1.0, "visiteurs": null, "jauge": null}, "geometry": {"type": "Point", "coordinates": [2.375293, 48.885451]}}, {"type": "Feature", "properties": {"nom": "CentQuatre-Paris", "code_insee": "75119", "commune": "Paris 19e Arrondissement", "categorie": "scene", "label": "Théâtre hors label", "poids": 1.0, "visiteurs": null, "jauge": 596}, "geometry": {"type": "Point", "coordinates": [2.370065, 48.890244]}}, {"type": "Feature", "properties": {"nom": "Regard du Cygne - Studio le Regard du Cygne", "code_insee": "75120", "commune": "Paris 20e Arrondissement", "categorie": "scene", "label": "Théâtre hors label", "poids": 1.0, "visiteurs": null, "jauge": null}, "geometry": {"type": "Point", "coordinates": [2.395132, 48.875163]}}, {"type": "Feature", "properties": {"nom": "Centre Wallonie Bruxelles - Salle de Théâtre", "code_insee": "75104", "commune": "Paris 4e Arrondissement", "categorie": "scene", "label": "Théâtre hors label", "poids": 1.0, "visiteurs": null, "jauge": 164}, "geometry": {"type": "Point", "coordinates": [2.350525, 48.861026]}}, {"type": "Feature", "properties": {"nom": "Condition publique", "code_insee": "59512", "commune": "Roubaix", "categorie": "scene", "label": "Théâtre hors label", "poids": 1.0, "visiteurs": null, "jauge": 364}, "geometry": {"type": "Point", "coordinates": [3.189536, 50.690706]}}, {"type": "Feature", "properties": {"nom": "Association Mets la Prise - L'Accordeur la Salle", "code_insee": "33393", "commune": "Saint-Denis-de-Pile", "categorie": "scene", "label": "Théâtre hors label", "poids": 1.0, "visiteurs": null, "jauge": null}, "geometry": {"type": "Point", "coordinates": [-0.204517, 44.99335]}}, {"type": "Feature", "properties": {"nom": "Théâtre Garonne", "code_insee": "31555", "commune": "Toulouse", "categorie": "scene", "label": "Théâtre hors label", "poids": 1.0, "visiteurs": null, "jauge": 255}, "geometry": {"type": "Point", "coordinates": [1.425517, 43.602595]}}, {"type": "Feature", "properties": {"nom": "Théâtre des Salinières", "code_insee": "33063", "commune": "Bordeaux", "categorie": "scene", "label": "Théâtre privé", "poids": 1.0, "visiteurs": null, "jauge": 280}, "geometry": {"type": "Point", "coordinates": [-0.57061, 44.837038]}}, {"type": "Feature", "properties": {"nom": "Cairn, régie personnalisée centre culturel et sportif", "code_insee": "38205", "commune": "Lans-en-Vercors", "categorie": "scene", "label": "Théâtre privé", "poids": 1.0, "visiteurs": null, "jauge": null}, "geometry": {"type": "Point", "coordinates": [5.591793, 45.12718]}}, {"type": "Feature", "properties": {"nom": "Splendid", "code_insee": "75110", "commune": "Paris 10e Arrondissement", "categorie": "scene", "label": "Théâtre privé", "poids": 1.0, "visiteurs": null, "jauge": 300}, "geometry": {"type": "Point", "coordinates": [2.356721, 48.870702]}}, {"type": "Feature", "properties": {"nom": "Théâtre de la Renaissance", "code_insee": "75110", "commune": "Paris 10e Arrondissement", "categorie": "scene", "label": "Théâtre privé", "poids": 1.0, "visiteurs": null, "jauge": 650}, "geometry": {"type": "Point", "coordinates": [2.356445, 48.869087]}}, {"type": "Feature", "properties": {"nom": "Comédie des 3 Bornes", "code_insee": "75111", "commune": "Paris 11e Arrondissement", "categorie": "scene", "label": "Théâtre privé", "poids": 1.0, "visiteurs": null, "jauge": 45}, "geometry": {"type": "Point", "coordinates": [2.375472, 48.867514]}}, {"type": "Feature", "properties": {"nom": "Bataclan", "code_insee": "75111", "commune": "Paris 11e Arrondissement", "categorie": "scene", "label": "Théâtre privé", "poids": 1.0, "visiteurs": null, "jauge": null}, "geometry": {"type": "Point", "coordinates": [2.370779, 48.862935]}}, {"type": "Feature", "properties": {"nom": "Reine Blanche — Scène des Arts et des Sciences", "code_insee": "75118", "commune": "Paris 18e Arrondissement", "categorie": "scene", "label": "Théâtre privé", "poids": 1.0, "visiteurs": null, "jauge": 208}, "geometry": {"type": "Point", "coordinates": [2.359009, 48.886853]}}, {"type": "Feature", "properties": {"nom": "Théâtre du Palais Royal", "code_insee": "75101", "commune": "Paris 1er Arrondissement", "categorie": "scene", "label": "Théâtre privé", "poids": 1.0, "visiteurs": null, "jauge": 746}, "geometry": {"type": "Point", "coordinates": [2.337608, 48.866256]}}, {"type": "Feature", "properties": {"nom": "Théâtre des Bouffes parisiens", "code_insee": "75102", "commune": "Paris 2e Arrondissement", "categorie": "scene", "label": "Théâtre privé", "poids": 1.0, "visiteurs": null, "jauge": 668}, "geometry": {"type": "Point", "coordinates": [2.335455, 48.868352]}}, {"type": "Feature", "properties": {"nom": "Théâtre Essaïon", "code_insee": "75104", "commune": "Paris 4e Arrondissement", "categorie": "scene", "label": "Théâtre privé", "poids": 1.0, "visiteurs": null, "jauge": 169}, "geometry": {"type": "Point", "coordinates": [2.353086, 48.859764]}}, {"type": "Feature", "properties": {"nom": "Comédie Saint-Michel", "code_insee": "75105", "commune": "Paris 5e Arrondissement", "categorie": "scene", "label": "Théâtre privé", "poids": 1.0, "visiteurs": null, "jauge": null}, "geometry": {"type": "Point", "coordinates": [2.339543, 48.844559]}}, {"type": "Feature", "properties": {"nom": "Théâtre Tristan Bernard", "code_insee": "75108", "commune": "Paris 8e Arrondissement", "categorie": "scene", "label": "Théâtre privé", "poids": 1.0, "visiteurs": null, "jauge": 400}, "geometry": {"type": "Point", "coordinates": [2.31922, 48.878811]}}, {"type": "Feature", "properties": {"nom": "Théâtre Marigny", "code_insee": "75108", "commune": "Paris 8e Arrondissement", "categorie": "scene", "label": "Théâtre privé", "poids": 1.0, "visiteurs": null, "jauge": 1252}, "geometry": {"type": "Point", "coordinates": [2.315334, 48.870176]}}, {"type": "Feature", "properties": {"nom": "Théâtre La Bruyère", "code_insee": "75109", "commune": "Paris 9e Arrondissement", "categorie": "scene", "label": "Théâtre privé", "poids": 1.0, "visiteurs": null, "jauge": 335}, "geometry": {"type": "Point", "coordinates": [2.336357, 48.87883]}}, {"type": "Feature", "properties": {"nom": "Folies Bergère", "code_insee": "75109", "commune": "Paris 9e Arrondissement", "categorie": "scene", "label": "Théâtre privé", "poids": 1.0, "visiteurs": null, "jauge": 1679}, "geometry": {"type": "Point", "coordinates": [2.344904, 48.87409]}}, {"type": "Feature", "properties": {"nom": "Théâtre des Nouveautés", "code_insee": "75109", "commune": "Paris 9e Arrondissement", "categorie": "scene", "label": "Théâtre privé", "poids": 1.0, "visiteurs": null, "jauge": 585}, "geometry": {"type": "Point", "coordinates": [2.344886, 48.871363]}}, {"type": "Feature", "properties": {"nom": "Théâtre Trévise", "code_insee": "75109", "commune": "Paris 9e Arrondissement", "categorie": "scene", "label": "Théâtre privé", "poids": 1.0, "visiteurs": null, "jauge": 270}, "geometry": {"type": "Point", "coordinates": [2.345293, 48.873478]}}, {"type": "Feature", "properties": {"nom": "Comédie Caumartin", "code_insee": "75109", "commune": "Paris 9e Arrondissement", "categorie": "scene", "label": "Théâtre privé", "poids": 1.0, "visiteurs": null, "jauge": 380}, "geometry": {"type": "Point", "coordinates": [2.328082, 48.871617]}}, {"type": "Feature", "properties": {"nom": "Musée du pays de Buch et du bassin d'Arcachon", "code_insee": "33529", "commune": "La Teste-de-Buch", "categorie": "musee", "label": "Musée de France", "poids": 1.0, "visiteurs": null, "jauge": null}, "geometry": {"type": "Point", "coordinates": [-1.157052, 44.616272]}}, {"type": "Feature", "properties": {"nom": "musée napoléonien", "code_insee": "2A004", "commune": "Ajaccio", "categorie": "musee", "label": "Musée de France", "poids": 1.0, "visiteurs": null, "jauge": null}, "geometry": {"type": "Point", "coordinates": [8.739118, 41.918011]}}, {"type": "Feature", "properties": {"nom": "Galerie David D'angers", "code_insee": "49007", "commune": "Angers", "categorie": "musee", "label": "Musée de France", "poids": 1.0, "visiteurs": null, "jauge": null}, "geometry": {"type": "Point", "coordinates": [-0.556175, 47.469371]}}, {"type": "Feature", "properties": {"nom": "musée Théophile Jouglet", "code_insee": "59014", "commune": "Anzin", "categorie": "musee", "label": "Musée de France", "poids": 1.0, "visiteurs": null, "jauge": null}, "geometry": {"type": "Point", "coordinates": [3.502144, 50.37225]}}, {"type": "Feature", "properties": {"nom": "musée municipal", "code_insee": "10033", "commune": "Bar-sur-Aube", "categorie": "musee", "label": "Musée de France", "poids": 1.0, "visiteurs": null, "jauge": null}, "geometry": {"type": "Point", "coordinates": [4.70212, 48.233608]}}, {"type": "Feature", "properties": {"nom": "musée Daniel Vannier", "code_insee": "45028", "commune": "Beaugency", "categorie": "musee", "label": "Musée de France", "poids": 1.0, "visiteurs": null, "jauge": null}, "geometry": {"type": "Point", "coordinates": [1.63157, 47.778066]}}, {"type": "Feature", "properties": {"nom": "musée Langlois", "code_insee": "14055", "commune": "Beaumont-en-Auge", "categorie": "musee", "label": "Musée de France", "poids": 1.0, "visiteurs": null, "jauge": null}, "geometry": {"type": "Point", "coordinates": [0.111106, 49.278259]}}, {"type": "Feature", "properties": {"nom": "musée Marey", "code_insee": "21054", "commune": "Beaune", "categorie": "musee", "label": "Musée de France", "poids": 1.0, "visiteurs": null, "jauge": null}, "geometry": {"type": "Point", "coordinates": [4.840042, 47.025994]}}, {"type": "Feature", "properties": {"nom": "musée-jardin Paul Landowski", "code_insee": "92012", "commune": "Boulogne-Billancourt", "categorie": "musee", "label": "Musée de France", "poids": 1.0, "visiteurs": null, "jauge": null}, "geometry": {"type": "Point", "coordinates": [2.247093, 48.844177]}}, {"type": "Feature", "properties": {"nom": "muséum d'histoire naturelle", "code_insee": "62160", "commune": "Boulogne-sur-Mer", "categorie": "musee", "label": "Musée de France", "poids": 1.0, "visiteurs": null, "jauge": null}, "geometry": {"type": "Point", "coordinates": [1.616337, 50.723712]}}, {"type": "Feature", "properties": {"nom": "musée bibliothèque", "code_insee": "02173", "commune": "Chauny", "categorie": "musee", "label": "Musée de France", "poids": 1.0, "visiteurs": null, "jauge": null}, "geometry": {"type": "Point", "coordinates": [3.216232, 49.615317]}}, {"type": "Feature", "properties": {"nom": "musée des travaux publics", "code_insee": "92026", "commune": "Courbevoie", "categorie": "musee", "label": "Musée de France", "poids": 1.0, "visiteurs": null, "jauge": null}, "geometry": {"type": "Point", "coordinates": [2.241798, 48.899621]}}, {"type": "Feature", "properties": {"nom": "musée Géo-Charles", "code_insee": "38151", "commune": "Échirolles", "categorie": "musee", "label": "Musée de France", "poids": 1.0, "visiteurs": null, "jauge": null}, "geometry": {"type": "Point", "coordinates": [5.69972, 45.149356]}}, {"type": "Feature", "properties": {"nom": "musée d'art et d'histoire militaire", "code_insee": "77186", "commune": "Fontainebleau", "categorie": "musee", "label": "Musée de France", "poids": 1.0, "visiteurs": null, "jauge": null}, "geometry": {"type": "Point", "coordinates": [2.699061, 48.406656]}}, {"type": "Feature", "properties": {"nom": "musée des arts et traditions des Hautes-Côtes", "code_insee": "21295", "commune": "Gevrey-Chambertin", "categorie": "musee", "label": "Musée de France", "poids": 1.0, "visiteurs": null, "jauge": null}, "geometry": {"type": "Point", "coordinates": [4.969069, 47.226038]}}, {"type": "Feature", "properties": {"nom": "musée municipal", "code_insee": "58059", "commune": "La Charité-sur-Loire", "categorie": "musee", "label": "Musée de France", "poids": 1.0, "visiteurs": null, "jauge": null}, "geometry": {"type": "Point", "coordinates": [3.016449, 47.178081]}}, {"type": "Feature", "properties": {"nom": "musée municipal", "code_insee": "33352", "commune": "La Réole", "categorie": "musee", "label": "Musée de France", "poids": 1.0, "visiteurs": null, "jauge": null}, "geometry": {"type": "Point", "coordinates": [-0.041074, 44.581128]}}, {"type": "Feature", "properties": {"nom": "musée folklorique du vieux Lambesc", "code_insee": "13050", "commune": "Lambesc", "categorie": "musee", "label": "Musée de France", "poids": 1.0, "visiteurs": null, "jauge": null}, "geometry": {"type": "Point", "coordinates": [5.262127, 43.651825]}}, {"type": "Feature", "properties": {"nom": "musée de géologie régionale", "code_insee": "36092", "commune": "Langé", "categorie": "musee", "label": "Musée de France", "poids": 1.0, "visiteurs": null, "jauge": null}, "geometry": {"type": "Point", "coordinates": [1.513367, 47.072704]}}, {"type": "Feature", "properties": {"nom": "atelier-musée", "code_insee": "40167", "commune": "Luxey", "categorie": "musee", "label": "Musée de France", "poids": 1.0, "visiteurs": null, "jauge": null}, "geometry": {"type": "Point", "coordinates": [-0.517866, 44.263405]}}, {"type": "Feature", "properties": {"nom": "Cabinet des Monnaies Et Médailles de Marseille", "code_insee": "13206", "commune": "Marseille 6e Arrondissement", "categorie": "musee", "label": "Musée de France", "poids": 1.0, "visiteurs": null, "jauge": null}, "geometry": {"type": "Point", "coordinates": [5.386972, 43.308966]}}, {"type": "Feature", "properties": {"nom": "musée-château Gaston Phébus", "code_insee": "65306", "commune": "Mauvezin", "categorie": "musee", "label": "Musée de France", "poids": 1.0, "visiteurs": null, "jauge": null}, "geometry": {"type": "Point", "coordinates": [0.276382, 43.118566]}}, {"type": "Feature", "properties": {"nom": "musée paléontologique", "code_insee": "63223", "commune": "Menat", "categorie": "musee", "label": "Musée de France", "poids": 1.0, "visiteurs": null, "jauge": null}, "geometry": {"type": "Point", "coordinates": [2.859349, 46.138092]}}, {"type": "Feature", "properties": {"nom": "Musée - Atelier Rodin", "code_insee": "92048", "commune": "Meudon", "categorie": "musee", "label": "Musée de France", "poids": 1.0, "visiteurs": null, "jauge": null}, "geometry": {"type": "Point", "coordinates": [2.25249, 48.813854]}}, {"type": "Feature", "properties": {"nom": "atelier musée Louis Leygue", "code_insee": "41158", "commune": "Naveil", "categorie": "musee", "label": "Musée de France", "poids": 1.0, "visiteurs": null, "jauge": null}, "geometry": {"type": "Point", "coordinates": [1.031274, 47.793938]}}, {"type": "Feature", "properties": {"nom": "musée du vieux logis", "code_insee": "06088", "commune": "Nice", "categorie": "musee", "label": "Musée de France", "poids": 1.0, "visiteurs": null, "jauge": null}, "geometry": {"type": "Point", "coordinates": [7.254976, 43.720634]}}, {"type": "Feature", "properties": {"nom": "musée Hébert", "code_insee": "75106", "commune": "Paris 6e Arrondissement", "categorie": "musee", "label": "Musée de France", "poids": 1.0, "visiteurs": null, "jauge": null}, "geometry": {"type": "Point", "coordinates": [2.322689, 48.84743]}}, {"type": "Feature", "properties": {"nom": "Musée D'art Moderne de La Ville de Paris", "code_insee": "75108", "commune": "Paris 8e Arrondissement", "categorie": "musee", "label": "Musée de France", "poids": 1.0, "visiteurs": null, "jauge": null}, "geometry": {"type": "Point", "coordinates": [2.300031, 48.865432]}}, {"type": "Feature", "properties": {"nom": "musée béarnais", "code_insee": "64445", "commune": "Pau", "categorie": "musee", "label": "Musée de France", "poids": 1.0, "visiteurs": null, "jauge": null}, "geometry": {"type": "Point", "coordinates": [-0.360945, 43.300214]}}, {"type": "Feature", "properties": {"nom": "musée Louis Français", "code_insee": "88351", "commune": "Plombières-les-Bains", "categorie": "musee", "label": "Musée de France", "poids": 1.0, "visiteurs": null, "jauge": null}, "geometry": {"type": "Point", "coordinates": [6.458481, 47.964201]}}, {"type": "Feature", "properties": {"nom": "musée municipal", "code_insee": "39434", "commune": "Poligny", "categorie": "musee", "label": "Musée de France", "poids": 1.0, "visiteurs": null, "jauge": null}, "geometry": {"type": "Point", "coordinates": [5.708952, 46.836404]}}, {"type": "Feature", "properties": {"nom": "musée Ernest Guedon", "code_insee": "58215", "commune": "Pouilly-sur-Loire", "categorie": "musee", "label": "Musée de France", "poids": 1.0, "visiteurs": null, "jauge": null}, "geometry": {"type": "Point", "coordinates": [2.949758, 47.285935]}}, {"type": "Feature", "properties": {"nom": "musée archéologique", "code_insee": "04166", "commune": "Riez", "categorie": "musee", "label": "Musée de France", "poids": 1.0, "visiteurs": null, "jauge": null}, "geometry": {"type": "Point", "coordinates": [6.092923, 43.817642]}}, {"type": "Feature", "properties": {"nom": "Musée National de La Marine - Ancienne école de médecine navale", "code_insee": "17299", "commune": "Rochefort", "categorie": "musee", "label": "Musée de France", "poids": 1.0, "visiteurs": null, "jauge": null}, "geometry": {"type": "Point", "coordinates": [-0.965005, 45.942214]}}, {"type": "Feature", "properties": {"nom": "musée municipal", "code_insee": "12203", "commune": "Roquefort-sur-Soulzon", "categorie": "musee", "label": "Musée de France", "poids": 1.0, "visiteurs": null, "jauge": null}, "geometry": {"type": "Point", "coordinates": [2.991899, 43.974952]}}, {"type": "Feature", "properties": {"nom": "musée municipal", "code_insee": "93070", "commune": "Saint-Ouen-sur-Seine", "categorie": "musee", "label": "Musée de France", "poids": 1.0, "visiteurs": null, "jauge": null}, "geometry": {"type": "Point", "coordinates": [2.330208, 48.916536]}}, {"type": "Feature", "properties": {"nom": "musée du bois", "code_insee": "01407", "commune": "Seyssel", "categorie": "musee", "label": "Musée de France", "poids": 1.0, "visiteurs": null, "jauge": null}, "geometry": {"type": "Point", "coordinates": [5.831665, 45.959254]}}, {"type": "Feature", "properties": {"nom": "Conservatoire", "code_insee": "47001", "commune": "Agen", "categorie": "scene", "label": "Conservatoire", "poids": 1.0, "visiteurs": null, "jauge": null}, "geometry": {"type": "Point", "coordinates": [0.615509, 44.206791]}}, {"type": "Feature", "properties": {"nom": "Conservatoire de Corse Henri Tomasi", "code_insee": "2A004", "commune": "Ajaccio", "categorie": "scene", "label": "Conservatoire", "poids": 1.0, "visiteurs": null, "jauge": null}, "geometry": {"type": "Point", "coordinates": [8.733766, 41.930189]}}, {"type": "Feature", "properties": {"nom": "Conservatoire", "code_insee": "94002", "commune": "Alfortville", "categorie": "scene", "label": "Conservatoire", "poids": 1.0, "visiteurs": null, "jauge": null}, "geometry": {"type": "Point", "coordinates": [2.427216, 48.792416]}}, {"type": "Feature", "properties": {"nom": "Conservatoire", "code_insee": "16015", "commune": "Angoulême", "categorie": "scene", "label": "Conservatoire", "poids": 1.0, "visiteurs": null, "jauge": null}, "geometry": {"type": "Point", "coordinates": [0.153041, 45.648178]}}, {"type": "Feature", "properties": {"nom": "Conservatoire", "code_insee": "74012", "commune": "Annemasse", "categorie": "scene", "label": "Conservatoire", "poids": 1.0, "visiteurs": null, "jauge": null}, "geometry": {"type": "Point", "coordinates": [6.243116, 46.184598]}}, {"type": "Feature", "properties": {"nom": "Conservatoire", "code_insee": "91027", "commune": "Athis-Mons", "categorie": "scene", "label": "Conservatoire", "poids": 1.0, "visiteurs": null, "jauge": null}, "geometry": {"type": "Point", "coordinates": [2.39576, 48.705374]}}, {"type": "Feature", "properties": {"nom": "Conservatoire", "code_insee": "64102", "commune": "Bayonne", "categorie": "scene", "label": "Conservatoire", "poids": 1.0, "visiteurs": null, "jauge": null}, "geometry": {"type": "Point", "coordinates": [-1.486588, 43.481705]}}, {"type": "Feature", "properties": {"nom": "Conservatoire", "code_insee": "90010", "commune": "Belfort", "categorie": "scene", "label": "Conservatoire", "poids": 1.0, "visiteurs": null, "jauge": null}, "geometry": {"type": "Point", "coordinates": [6.848565, 47.637803]}}, {"type": "Feature", "properties": {"nom": "Conservatoire", "code_insee": "93010", "commune": "Bondy", "categorie": "scene", "label": "Conservatoire", "poids": 1.0, "visiteurs": null, "jauge": null}, "geometry": {"type": "Point", "coordinates": [2.479353, 48.901222]}}, {"type": "Feature", "properties": {"nom": "Conservatoire", "code_insee": "33063", "commune": "Bordeaux", "categorie": "scene", "label": "Conservatoire", "poids": 1.0, "visiteurs": null, "jauge": null}, "geometry": {"type": "Point", "coordinates": [-0.55972, 44.831697]}}, {"type": "Feature", "properties": {"nom": "Conservatoire", "code_insee": "18033", "commune": "Bourges", "categorie": "scene", "label": "Conservatoire", "poids": 1.0, "visiteurs": null, "jauge": null}, "geometry": {"type": "Point", "coordinates": [2.396317, 47.075229]}}, {"type": "Feature", "properties": {"nom": "Conservatoire de la Provence Verte - EIMAD", "code_insee": "83023", "commune": "Brignoles", "categorie": "scene", "label": "Conservatoire", "poids": 1.0, "visiteurs": null, "jauge": null}, "geometry": {"type": "Point", "coordinates": [6.065179, 43.405182]}}, {"type": "Feature", "properties": {"nom": "Conservatoire", "code_insee": "94016", "commune": "Cachan", "categorie": "scene", "label": "Conservatoire", "poids": 1.0, "visiteurs": null, "jauge": null}, "geometry": {"type": "Point", "coordinates": [2.332673, 48.798955]}}, {"type": "Feature", "properties": {"nom": "Conservatoire", "code_insee": "06029", "commune": "Cannes", "categorie": "scene", "label": "Conservatoire", "poids": 1.0, "visiteurs": null, "jauge": null}, "geometry": {"type": "Point", "coordinates": [6.988671, 43.551047]}}, {"type": "Feature", "properties": {"nom": "Conservatoire", "code_insee": "76159", "commune": "Cany-Barville", "categorie": "scene", "label": "Conservatoire", "poids": 1.0, "visiteurs": null, "jauge": null}, "geometry": {"type": "Point", "coordinates": [0.641269, 49.783143]}}, {"type": "Feature", "properties": {"nom": "Conservatoire", "code_insee": "84031", "commune": "Carpentras", "categorie": "scene", "label": "Conservatoire", "poids": 1.0, "visiteurs": null, "jauge": null}, "geometry": {"type": "Point", "coordinates": [5.050071, 44.054321]}}, {"type": "Feature", "properties": {"nom": "Conservatoire", "code_insee": "95127", "commune": "Cergy", "categorie": "scene", "label": "Conservatoire", "poids": 1.0, "visiteurs": null, "jauge": null}, "geometry": {"type": "Point", "coordinates": [2.076989, 49.03591]}}, {"type": "Feature", "properties": {"nom": "Conservatoire", "code_insee": "35055", "commune": "Chantepie", "categorie": "scene", "label": "Conservatoire", "poids": 1.0, "visiteurs": null, "jauge": null}, "geometry": {"type": "Point", "coordinates": [-1.622647, 48.0901]}}, {"type": "Feature", "properties": {"nom": "Conservatoire", "code_insee": "92020", "commune": "Châtillon", "categorie": "scene", "label": "Conservatoire", "poids": 1.0, "visiteurs": null, "jauge": null}, "geometry": {"type": "Point", "coordinates": [2.291228, 48.803916]}}, {"type": "Feature", "properties": {"nom": "Conservatoire", "code_insee": "52121", "commune": "Chaumont", "categorie": "scene", "label": "Conservatoire", "poids": 1.0, "visiteurs": null, "jauge": null}, "geometry": {"type": "Point", "coordinates": [5.138666, 48.113784]}}, {"type": "Feature", "properties": {"nom": "Conservatoire", "code_insee": "92023", "commune": "Clamart", "categorie": "scene", "label": "Conservatoire", "poids": 1.0, "visiteurs": null, "jauge": null}, "geometry": {"type": "Point", "coordinates": [2.259504, 48.79907]}}, {"type": "Feature", "properties": {"nom": "Conservatoire", "code_insee": "83042", "commune": "Cogolin", "categorie": "scene", "label": "Conservatoire", "poids": 1.0, "visiteurs": null, "jauge": null}, "geometry": {"type": "Point", "coordinates": [6.532605, 43.248202]}}, {"type": "Feature", "properties": {"nom": "Conservatoire", "code_insee": "68066", "commune": "Colmar", "categorie": "scene", "label": "Conservatoire", "poids": 1.0, "visiteurs": null, "jauge": null}, "geometry": {"type": "Point", "coordinates": [7.355076, 48.07527]}}, {"type": "Feature", "properties": {"nom": "Conservatoire", "code_insee": "92026", "commune": "Courbevoie", "categorie": "scene", "label": "Conservatoire", "poids": 1.0, "visiteurs": null, "jauge": null}, "geometry": {"type": "Point", "coordinates": [2.257768, 48.899189]}}, {"type": "Feature", "properties": {"nom": "Conservatoire", "code_insee": "94028", "commune": "Créteil", "categorie": "scene", "label": "Conservatoire", "poids": 1.0, "visiteurs": null, "jauge": null}, "geometry": {"type": "Point", "coordinates": [2.453281, 48.789826]}}, {"type": "Feature", "properties": {"nom": "Conservatoire", "code_insee": "59163", "commune": "Croix", "categorie": "scene", "label": "Conservatoire", "poids": 1.0, "visiteurs": null, "jauge": null}, "geometry": {"type": "Point", "coordinates": [3.150607, 50.676234]}}, {"type": "Feature", "properties": {"nom": "Conservatoire", "code_insee": "80253", "commune": "Doullens", "categorie": "scene", "label": "Conservatoire", "poids": 1.0, "visiteurs": null, "jauge": null}, "geometry": {"type": "Point", "coordinates": [2.338413, 50.155999]}}, {"type": "Feature", "properties": {"nom": "Conservatoire", "code_insee": "59183", "commune": "Dunkerque", "categorie": "scene", "label": "Conservatoire", "poids": 1.0, "visiteurs": null, "jauge": null}, "geometry": {"type": "Point", "coordinates": [2.382465, 51.032717]}}, {"type": "Feature", "properties": {"nom": "Conservatoire", "code_insee": "95203", "commune": "Eaubonne", "categorie": "scene", "label": "Conservatoire", "poids": 1.0, "visiteurs": null, "jauge": null}, "geometry": {"type": "Point", "coordinates": [2.277252, 48.993372]}}, {"type": "Feature", "properties": {"nom": "Conservatoire", "code_insee": "27229", "commune": "Évreux", "categorie": "scene", "label": "Conservatoire", "poids": 1.0, "visiteurs": null, "jauge": null}, "geometry": {"type": "Point", "coordinates": [1.150986, 49.022054]}}, {"type": "Feature", "properties": {"nom": "Conservatoire", "code_insee": "91228", "commune": "Évry-Courcouronnes", "categorie": "scene", "label": "Conservatoire", "poids": 1.0, "visiteurs": null, "jauge": null}, "geometry": {"type": "Point", "coordinates": [2.430275, 48.623461]}}, {"type": "Feature", "properties": {"nom": "Conservatoire", "code_insee": "38158", "commune": "Eybens", "categorie": "scene", "label": "Conservatoire", "poids": 1.0, "visiteurs": null, "jauge": null}, "geometry": {"type": "Point", "coordinates": [5.748594, 45.153223]}}, {"type": "Feature", "properties": {"nom": "Conservatoire", "code_insee": "76259", "commune": "Fécamp", "categorie": "scene", "label": "Conservatoire", "poids": 1.0, "visiteurs": null, "jauge": null}, "geometry": {"type": "Point", "coordinates": [0.385035, 49.757537]}}, {"type": "Feature", "properties": {"nom": "Conservatoire", "code_insee": "94033", "commune": "Fontenay-sous-Bois", "categorie": "scene", "label": "Conservatoire", "poids": 1.0, "visiteurs": null, "jauge": null}, "geometry": {"type": "Point", "coordinates": [2.469537, 48.843066]}}, {"type": "Feature", "properties": {"nom": "Conservatoire", "code_insee": "35115", "commune": "Fougères", "categorie": "scene", "label": "Conservatoire", "poids": 1.0, "visiteurs": null, "jauge": null}, "geometry": {"type": "Point", "coordinates": [-1.198843, 48.357408]}}, {"type": "Feature", "properties": {"nom": "Conservatoire", "code_insee": "95268", "commune": "Garges-lès-Gonesse", "categorie": "scene", "label": "Conservatoire", "poids": 1.0, "visiteurs": null, "jauge": null}, "geometry": {"type": "Point", "coordinates": [2.402374, 48.967888]}}, {"type": "Feature", "properties": {"nom": "École intercommunale de musique et de danse", "code_insee": "87070", "commune": "La Geneytouse", "categorie": "scene", "label": "Conservatoire", "poids": 1.0, "visiteurs": null, "jauge": null}, "geometry": {"type": "Point", "coordinates": [1.466956, 45.785801]}}, {"type": "Feature", "properties": {"nom": "Conservatoire", "code_insee": "17300", "commune": "La Rochelle", "categorie": "scene", "label": "Conservatoire", "poids": 1.0, "visiteurs": null, "jauge": null}, "geometry": {"type": "Point", "coordinates": [-1.146479, 46.161131]}}, {"type": "Feature", "properties": {"nom": "Conservatoire", "code_insee": "02408", "commune": "Laon", "categorie": "scene", "label": "Conservatoire", "poids": 1.0, "visiteurs": null, "jauge": null}, "geometry": {"type": "Point", "coordinates": [3.60395, 49.557705]}}, {"type": "Feature", "properties": {"nom": "Conservatoire", "code_insee": "53130", "commune": "Laval", "categorie": "scene", "label": "Conservatoire", "poids": 1.0, "visiteurs": null, "jauge": null}, "geometry": {"type": "Point", "coordinates": [-0.779314, 48.069762]}}, {"type": "Feature", "properties": {"nom": "Conservatoire", "code_insee": "93045", "commune": "Les Lilas", "categorie": "scene", "label": "Conservatoire", "poids": 1.0, "visiteurs": null, "jauge": null}, "geometry": {"type": "Point", "coordinates": [2.418933, 48.882672]}}, {"type": "Feature", "properties": {"nom": "Conservatoire", "code_insee": "93057", "commune": "Les Pavillons-sous-Bois", "categorie": "scene", "label": "Conservatoire", "poids": 1.0, "visiteurs": null, "jauge": null}, "geometry": {"type": "Point", "coordinates": [2.49912, 48.905058]}}, {"type": "Feature", "properties": {"nom": "Conservatoire", "code_insee": "92044", "commune": "Levallois-Perret", "categorie": "scene", "label": "Conservatoire", "poids": 1.0, "visiteurs": null, "jauge": null}, "geometry": {"type": "Point", "coordinates": [2.287512, 48.891909]}}, {"type": "Feature", "properties": {"nom": "Conservatoire", "code_insee": "59378", "commune": "Marcq-en-Barœul", "categorie": "scene", "label": "Conservatoire", "poids": 1.0, "visiteurs": null, "jauge": null}, "geometry": {"type": "Point", "coordinates": [3.095284, 50.662046]}}, {"type": "Feature", "properties": {"nom": "Conservatoire", "code_insee": "59392", "commune": "Maubeuge", "categorie": "scene", "label": "Conservatoire", "poids": 1.0, "visiteurs": null, "jauge": null}, "geometry": {"type": "Point", "coordinates": [3.975614, 50.283515]}}, {"type": "Feature", "properties": {"nom": "Conservatoire", "code_insee": "53147", "commune": "Mayenne", "categorie": "scene", "label": "Conservatoire", "poids": 1.0, "visiteurs": null, "jauge": null}, "geometry": {"type": "Point", "coordinates": [-0.611738, 48.29791]}}, {"type": "Feature", "properties": {"nom": "Conservatoire", "code_insee": "82121", "commune": "Montauban", "categorie": "scene", "label": "Conservatoire", "poids": 1.0, "visiteurs": null, "jauge": null}, "geometry": {"type": "Point", "coordinates": [1.3526, 44.016013]}}, {"type": "Feature", "properties": {"nom": "École de musique du Pays de Brocéliande", "code_insee": "35184", "commune": "Montauban-de-Bretagne", "categorie": "scene", "label": "Conservatoire", "poids": 1.0, "visiteurs": null, "jauge": null}, "geometry": {"type": "Point", "coordinates": [-2.051755, 48.196903]}}, {"type": "Feature", "properties": {"nom": "Conservatoire", "code_insee": "77305", "commune": "Montereau-Fault-Yonne", "categorie": "scene", "label": "Conservatoire", "poids": 1.0, "visiteurs": null, "jauge": null}, "geometry": {"type": "Point", "coordinates": [2.953262, 48.379763]}}, {"type": "Feature", "properties": {"nom": "Conservatoire", "code_insee": "95428", "commune": "Montmorency", "categorie": "scene", "label": "Conservatoire", "poids": 1.0, "visiteurs": null, "jauge": null}, "geometry": {"type": "Point", "coordinates": [2.316994, 48.983833]}}, {"type": "Feature", "properties": {"nom": "Conservatoire", "code_insee": "68224", "commune": "Mulhouse", "categorie": "scene", "label": "Conservatoire", "poids": 1.0, "visiteurs": null, "jauge": null}, "geometry": {"type": "Point", "coordinates": [7.343747, 47.74077]}}, {"type": "Feature", "properties": {"nom": "Conservatoire", "code_insee": "44109", "commune": "Nantes", "categorie": "scene", "label": "Conservatoire", "poids": 1.0, "visiteurs": null, "jauge": null}, "geometry": {"type": "Point", "coordinates": [-1.532367, 47.207418]}}, {"type": "Feature", "properties": {"nom": "Conservatoire", "code_insee": "91471", "commune": "Orsay", "categorie": "scene", "label": "Conservatoire", "poids": 1.0, "visiteurs": null, "jauge": null}, "geometry": {"type": "Point", "coordinates": [2.178338, 48.699465]}}, {"type": "Feature", "properties": {"nom": "Conservatoire", "code_insee": "01283", "commune": "Oyonnax", "categorie": "scene", "label": "Conservatoire", "poids": 1.0, "visiteurs": null, "jauge": null}, "geometry": {"type": "Point", "coordinates": [5.645455, 46.261177]}}, {"type": "Feature", "properties": {"nom": "Conservatoire", "code_insee": "77350", "commune": "Ozoir-la-Ferrière", "categorie": "scene", "label": "Conservatoire", "poids": 1.0, "visiteurs": null, "jauge": null}, "geometry": {"type": "Point", "coordinates": [2.698399, 48.758108]}}, {"type": "Feature", "properties": {"nom": "Conservatoire", "code_insee": "87114", "commune": "Panazol", "categorie": "scene", "label": "Conservatoire", "poids": 1.0, "visiteurs": null, "jauge": null}, "geometry": {"type": "Point", "coordinates": [1.308624, 45.836544]}}, {"type": "Feature", "properties": {"nom": "Conservatoire", "code_insee": "75120", "commune": "Paris 20e Arrondissement", "categorie": "scene", "label": "Conservatoire", "poids": 1.0, "visiteurs": null, "jauge": null}, "geometry": {"type": "Point", "coordinates": [2.389233, 48.866136]}}, {"type": "Feature", "properties": {"nom": "Conservatoire", "code_insee": "75105", "commune": "Paris 5e Arrondissement", "categorie": "scene", "label": "Conservatoire", "poids": 1.0, "visiteurs": null, "jauge": null}, "geometry": {"type": "Point", "coordinates": [2.351947, 48.849967]}}, {"type": "Feature", "properties": {"nom": "Conservatoire", "code_insee": "75106", "commune": "Paris 6e Arrondissement", "categorie": "scene", "label": "Conservatoire", "poids": 1.0, "visiteurs": null, "jauge": null}, "geometry": {"type": "Point", "coordinates": [2.335401, 48.85198]}}, {"type": "Feature", "properties": {"nom": "Conservatoire", "code_insee": "75109", "commune": "Paris 9e Arrondissement", "categorie": "scene", "label": "Conservatoire", "poids": 1.0, "visiteurs": null, "jauge": null}, "geometry": {"type": "Point", "coordinates": [2.344588, 48.877474]}}, {"type": "Feature", "properties": {"nom": "Conservatoire", "code_insee": "95487", "commune": "Persan", "categorie": "scene", "label": "Conservatoire", "poids": 1.0, "visiteurs": null, "jauge": null}, "geometry": {"type": "Point", "coordinates": [2.276371, 49.151387]}}, {"type": "Feature", "properties": {"nom": "Conservatoire", "code_insee": "86194", "commune": "Poitiers", "categorie": "scene", "label": "Conservatoire", "poids": 1.0, "visiteurs": null, "jauge": null}, "geometry": {"type": "Point", "coordinates": [0.343408, 46.586334]}}, {"type": "Feature", "properties": {"nom": "Conservatoire de Caux Seine agglo", "code_insee": "76476", "commune": "Port-Jérôme-sur-Seine", "categorie": "scene", "label": "Conservatoire", "poids": 1.0, "visiteurs": null, "jauge": null}, "geometry": {"type": "Point", "coordinates": [0.569851, 49.488769]}}, {"type": "Feature", "properties": {"nom": "Conservatoire Olivier Messiaen", "code_insee": "91521", "commune": "Ris-Orangis", "categorie": "scene", "label": "Conservatoire", "poids": 1.0, "visiteurs": null, "jauge": null}, "geometry": {"type": "Point", "coordinates": [2.400972, 48.64605]}}, {"type": "Feature", "properties": {"nom": "Conservatoire", "code_insee": "93063", "commune": "Romainville", "categorie": "scene", "label": "Conservatoire", "poids": 1.0, "visiteurs": null, "jauge": null}, "geometry": {"type": "Point", "coordinates": [2.434834, 48.882885]}}, {"type": "Feature", "properties": {"nom": "Conservatoire", "code_insee": "31458", "commune": "Roques", "categorie": "scene", "label": "Conservatoire", "poids": 1.0, "visiteurs": null, "jauge": null}, "geometry": {"type": "Point", "coordinates": [1.336974, 43.511013]}}, {"type": "Feature", "properties": {"nom": "Conservatoire", "code_insee": "93064", "commune": "Rosny-sous-Bois", "categorie": "scene", "label": "Conservatoire", "poids": 1.0, "visiteurs": null, "jauge": null}, "geometry": {"type": "Point", "coordinates": [2.482405, 48.87299]}}, {"type": "Feature", "properties": {"nom": "Conservatoire", "code_insee": "91549", "commune": "Sainte-Geneviève-des-Bois", "categorie": "scene", "label": "Conservatoire", "poids": 1.0, "visiteurs": null, "jauge": null}, "geometry": {"type": "Point", "coordinates": [2.318442, 48.648475]}}, {"type": "Feature", "properties": {"nom": "Conservatoire", "code_insee": "45285", "commune": "Saint-Jean-de-la-Ruelle", "categorie": "scene", "label": "Conservatoire", "poids": 1.0, "visiteurs": null, "jauge": null}, "geometry": {"type": "Point", "coordinates": [1.879973, 47.914276]}}, {"type": "Feature", "properties": {"nom": "Conservatoire", "code_insee": "94068", "commune": "Saint-Maur-des-Fossés", "categorie": "scene", "label": "Conservatoire", "poids": 1.0, "visiteurs": null, "jauge": null}, "geometry": {"type": "Point", "coordinates": [2.491098, 48.799058]}}, {"type": "Feature", "properties": {"nom": "Conservatoire du Soissonnais - Pôle d’Enseignement Artistique de la Cité de la musique et de la danse", "code_insee": "02722", "commune": "Soissons", "categorie": "scene", "label": "Conservatoire", "poids": 1.0, "visiteurs": null, "jauge": null}, "geometry": {"type": "Point", "coordinates": [1.080889, 49.461319]}}, {"type": "Feature", "properties": {"nom": "Conservatoire", "code_insee": "02722", "commune": "Soissons", "categorie": "scene", "label": "Conservatoire", "poids": 1.0, "visiteurs": null, "jauge": null}, "geometry": {"type": "Point", "coordinates": [3.317315, 49.376848]}}, {"type": "Feature", "properties": {"nom": "Conservatoire", "code_insee": "67482", "commune": "Strasbourg", "categorie": "scene", "label": "Conservatoire", "poids": 1.0, "visiteurs": null, "jauge": null}, "geometry": {"type": "Point", "coordinates": [7.783461, 48.539821]}}, {"type": "Feature", "properties": {"nom": "Conservatoire", "code_insee": "65440", "commune": "Tarbes", "categorie": "scene", "label": "Conservatoire", "poids": 1.0, "visiteurs": null, "jauge": null}, "geometry": {"type": "Point", "coordinates": [0.074756, 43.230662]}}, {"type": "Feature", "properties": {"nom": "Conservatoire", "code_insee": "63430", "commune": "Thiers", "categorie": "scene", "label": "Conservatoire", "poids": 1.0, "visiteurs": null, "jauge": null}, "geometry": {"type": "Point", "coordinates": [3.544667, 45.857693]}}, {"type": "Feature", "properties": {"nom": "Conservatoire", "code_insee": "79329", "commune": "Thouars", "categorie": "scene", "label": "Conservatoire", "poids": 1.0, "visiteurs": null, "jauge": null}, "geometry": {"type": "Point", "coordinates": [-0.212739, 46.976105]}}, {"type": "Feature", "properties": {"nom": "Conservatoire", "code_insee": "31555", "commune": "Toulouse", "categorie": "scene", "label": "Conservatoire", "poids": 1.0, "visiteurs": null, "jauge": null}, "geometry": {"type": "Point", "coordinates": [1.438102, 43.604144]}}, {"type": "Feature", "properties": {"nom": "Conservatoire", "code_insee": "26362", "commune": "Valence", "categorie": "scene", "label": "Conservatoire", "poids": 1.0, "visiteurs": null, "jauge": null}, "geometry": {"type": "Point", "coordinates": [4.901539, 44.937216]}}, {"type": "Feature", "properties": {"nom": "Conservatoire", "code_insee": "56260", "commune": "Vannes", "categorie": "scene", "label": "Conservatoire", "poids": 1.0, "visiteurs": null, "jauge": null}, "geometry": {"type": "Point", "coordinates": [-2.759681, 47.652004]}}, {"type": "Feature", "properties": {"nom": "Conservatoire", "code_insee": "94076", "commune": "Villejuif", "categorie": "scene", "label": "Conservatoire", "poids": 1.0, "visiteurs": null, "jauge": null}, "geometry": {"type": "Point", "coordinates": [2.366375, 48.798028]}}, {"type": "Feature", "properties": {"nom": "Conservatoire", "code_insee": "69266", "commune": "Villeurbanne", "categorie": "scene", "label": "Conservatoire", "poids": 1.0, "visiteurs": null, "jauge": null}, "geometry": {"type": "Point", "coordinates": [4.873806, 45.766992]}}, {"type": "Feature", "properties": {"nom": "Conservatoire", "code_insee": "59650", "commune": "Wattrelos", "categorie": "scene", "label": "Conservatoire", "poids": 1.0, "visiteurs": null, "jauge": null}, "geometry": {"type": "Point", "coordinates": [3.212653, 50.70184]}}, {"type": "Feature", "properties": {"nom": "Conservatoire", "code_insee": "76758", "commune": "Yvetot", "categorie": "scene", "label": "Conservatoire", "poids": 1.0, "visiteurs": null, "jauge": null}, "geometry": {"type": "Point", "coordinates": [0.76122, 49.61431]}}, {"type": "Feature", "properties": {"nom": "musée Verger-Tarin", "code_insee": "71014", "commune": "Autun", "categorie": "musee", "label": "Musée de France", "poids": 1.0, "visiteurs": null, "jauge": null}, "geometry": {"type": "Point", "coordinates": [4.299606, 46.944229]}}, {"type": "Feature", "properties": {"nom": "musée d'histoire et d'archéologie", "code_insee": "59036", "commune": "Avesnes-sur-Helpe", "categorie": "musee", "label": "Musée de France", "poids": 1.0, "visiteurs": null, "jauge": null}, "geometry": {"type": "Point", "coordinates": [3.931705, 50.122621]}}, {"type": "Feature", "properties": {"nom": "musée Salies", "code_insee": "65059", "commune": "Bagnères-de-Bigorre", "categorie": "musee", "label": "Musée de France", "poids": 1.0, "visiteurs": null, "jauge": null}, "geometry": {"type": "Point", "coordinates": [0.148437, 43.063293]}}, {"type": "Feature", "properties": {"nom": "musée rural de la Sologne bourbonnaise", "code_insee": "03019", "commune": "Beaulon", "categorie": "musee", "label": "Musée de France", "poids": 1.0, "visiteurs": null, "jauge": null}, "geometry": {"type": "Point", "coordinates": [3.672545, 46.602279]}}, {"type": "Feature", "properties": {"nom": "centre national Jean Moulin", "code_insee": "33063", "commune": "Bordeaux", "categorie": "musee", "label": "Musée de France", "poids": 1.0, "visiteurs": null, "jauge": null}, "geometry": {"type": "Point", "coordinates": [-0.57785, 44.838174]}}, {"type": "Feature", "properties": {"nom": "musée municipal du Cognac", "code_insee": "16102", "commune": "Cognac", "categorie": "musee", "label": "Musée de France", "poids": 1.0, "visiteurs": 10009, "jauge": null}, "geometry": {"type": "Point", "coordinates": [-0.325869, 45.695892]}}, {"type": "Feature", "properties": {"nom": "musée de la société d'études scientifiques et archéologiques", "code_insee": "83050", "commune": "Draguignan", "categorie": "musee", "label": "Musée de France", "poids": 1.0, "visiteurs": null, "jauge": null}, "geometry": {"type": "Point", "coordinates": [6.461588, 43.536558]}}, {"type": "Feature", "properties": {"nom": "Musée Et Site D'olbia", "code_insee": "83069", "commune": "Hyères", "categorie": "musee", "label": "Musée de France", "poids": 1.0, "visiteurs": null, "jauge": null}, "geometry": {"type": "Point", "coordinates": [6.123172, 43.080287]}}, {"type": "Feature", "properties": {"nom": "musée d'Orbigny-Bernon", "code_insee": "17300", "commune": "La Rochelle", "categorie": "musee", "label": "Musée de France", "poids": 1.0, "visiteurs": null, "jauge": null}, "geometry": {"type": "Point", "coordinates": [-1.155323, 46.160696]}}, {"type": "Feature", "properties": {"nom": "musée municipal", "code_insee": "11194", "commune": "Lastours", "categorie": "musee", "label": "Musée de France", "poids": 1.0, "visiteurs": null, "jauge": null}, "geometry": {"type": "Point", "coordinates": [2.378547, 43.334539]}}, {"type": "Feature", "properties": {"nom": "musée de la lutherie", "code_insee": "88304", "commune": "Mirecourt", "categorie": "musee", "label": "Musée de France", "poids": 1.0, "visiteurs": 10052, "jauge": null}, "geometry": {"type": "Point", "coordinates": [6.13585, 48.301638]}}, {"type": "Feature", "properties": {"nom": "musée languedocien", "code_insee": "34172", "commune": "Montpellier", "categorie": "musee", "label": "Musée de France", "poids": 1.0, "visiteurs": null, "jauge": null}, "geometry": {"type": "Point", "coordinates": [3.879151, 43.609525]}}, {"type": "Feature", "properties": {"nom": "Musée du Louvre", "code_insee": "75101", "commune": "Paris 1er Arrondissement", "categorie": "musee", "label": "Musée de France", "poids": 1.0, "visiteurs": null, "jauge": null}, "geometry": {"type": "Point", "coordinates": [2.337177, 48.859826]}}, {"type": "Feature", "properties": {"nom": "Musée Carnavalet-Histoire de Paris", "code_insee": "75104", "commune": "Paris 4e Arrondissement", "categorie": "musee", "label": "Musée de France", "poids": 1.0, "visiteurs": null, "jauge": null}, "geometry": {"type": "Point", "coordinates": [2.362454, 48.856092]}}, {"type": "Feature", "properties": {"nom": "Crypte Archéologique du Parvis Notre-Dame", "code_insee": "75104", "commune": "Paris 4e Arrondissement", "categorie": "musee", "label": "Musée de France", "poids": 1.0, "visiteurs": null, "jauge": null}, "geometry": {"type": "Point", "coordinates": [2.348222, 48.853533]}}, {"type": "Feature", "properties": {"nom": "musée archéologique de Ruscino", "code_insee": "66136", "commune": "Perpignan", "categorie": "musee", "label": "Musée de France", "poids": 1.0, "visiteurs": null, "jauge": null}, "geometry": {"type": "Point", "coordinates": [2.946628, 42.710873]}}, {"type": "Feature", "properties": {"nom": "écomusée de la montagne de Reims", "code_insee": "51445", "commune": "Pourcy", "categorie": "musee", "label": "Musée de France", "poids": 1.0, "visiteurs": null, "jauge": null}, "geometry": {"type": "Point", "coordinates": [3.91104, 49.157252]}}, {"type": "Feature", "properties": {"nom": "musée de la terre ardéchoise", "code_insee": "07186", "commune": "Privas", "categorie": "musee", "label": "Musée de France", "poids": 1.0, "visiteurs": null, "jauge": null}, "geometry": {"type": "Point", "coordinates": [4.595355, 44.735972]}}, {"type": "Feature", "properties": {"nom": "Musée Franco-Suisse", "code_insee": "92063", "commune": "Rueil-Malmaison", "categorie": "musee", "label": "Musée de France", "poids": 1.0, "visiteurs": null, "jauge": null}, "geometry": {"type": "Point", "coordinates": [2.180957, 48.877976]}}, {"type": "Feature", "properties": {"nom": "musée de la ferblanterie", "code_insee": "43167", "commune": "Saint-Arcons-d'Allier", "categorie": "musee", "label": "Musée de France", "poids": 1.0, "visiteurs": null, "jauge": null}, "geometry": {"type": "Point", "coordinates": [3.564713, 45.094605]}}, {"type": "Feature", "properties": {"nom": "musée de site médiéval", "code_insee": "24379", "commune": "Saint-Avit-Sénieur", "categorie": "musee", "label": "Musée de France", "poids": 1.0, "visiteurs": null, "jauge": null}, "geometry": {"type": "Point", "coordinates": [0.817973, 44.775394]}}, {"type": "Feature", "properties": {"nom": "Musée du Chaume/Kerhinet - Pnr Brière", "code_insee": "44175", "commune": "Saint-Lyphard", "categorie": "musee", "label": "Musée de France", "poids": 1.0, "visiteurs": null, "jauge": null}, "geometry": {"type": "Point", "coordinates": [-2.349038, 47.364193]}}, {"type": "Feature", "properties": {"nom": "Batoude, Centre des arts du cirque et de la rue - Salle Jacques Brel", "code_insee": "60057", "commune": "Beauvais", "categorie": "scene", "label": "Théâtre hors label", "poids": 1.0, "visiteurs": null, "jauge": null}, "geometry": {"type": "Point", "coordinates": [2.076232, 49.418887]}}, {"type": "Feature", "properties": {"nom": "Franciscaines - Auditorium", "code_insee": "14220", "commune": "Deauville", "categorie": "scene", "label": "Théâtre hors label", "poids": 1.0, "visiteurs": null, "jauge": null}, "geometry": {"type": "Point", "coordinates": [0.06761, 49.353417]}}, {"type": "Feature", "properties": {"nom": "Toboggan", "code_insee": "69275", "commune": "Décines-Charpieu", "categorie": "scene", "label": "Théâtre hors label", "poids": 1.0, "visiteurs": null, "jauge": null}, "geometry": {"type": "Point", "coordinates": [4.95501, 45.768918]}}, {"type": "Feature", "properties": {"nom": "Scène de recherche", "code_insee": "91272", "commune": "Gif-sur-Yvette", "categorie": "scene", "label": "Théâtre hors label", "poids": 1.0, "visiteurs": null, "jauge": null}, "geometry": {"type": "Point", "coordinates": [2.164107, 48.712285]}}, {"type": "Feature", "properties": {"nom": "Bords de Scènes - Salle Agnès Varda", "code_insee": "91326", "commune": "Juvisy-sur-Orge", "categorie": "scene", "label": "Théâtre hors label", "poids": 1.0, "visiteurs": null, "jauge": null}, "geometry": {"type": "Point", "coordinates": [2.375192, 48.690328]}}, {"type": "Feature", "properties": {"nom": "Cité Musicale de Metz - L'Arsenal", "code_insee": "57463", "commune": "Metz", "categorie": "scene", "label": "Théâtre hors label", "poids": 1.0, "visiteurs": null, "jauge": 1906}, "geometry": {"type": "Point", "coordinates": [6.170108, 49.11469]}}, {"type": "Feature", "properties": {"nom": "Centre des arts du cirque Balthazar", "code_insee": "34172", "commune": "Montpellier", "categorie": "scene", "label": "Théâtre hors label", "poids": 1.0, "visiteurs": null, "jauge": null}, "geometry": {"type": "Point", "coordinates": [3.870612, 43.605916]}}, {"type": "Feature", "properties": {"nom": "Domaine d'O", "code_insee": "34172", "commune": "Montpellier", "categorie": "scene", "label": "Théâtre hors label", "poids": 1.0, "visiteurs": null, "jauge": 2700}, "geometry": {"type": "Point", "coordinates": [3.834988, 43.6354]}}, {"type": "Feature", "properties": {"nom": "Bords de Scènes - Espace Pierre Amoyal", "code_insee": "91432", "commune": "Morangis", "categorie": "scene", "label": "Théâtre hors label", "poids": 1.0, "visiteurs": null, "jauge": null}, "geometry": {"type": "Point", "coordinates": [2.332508, 48.704777]}}, {"type": "Feature", "properties": {"nom": "Maison d'Europe et d'Orient", "code_insee": "75112", "commune": "Paris 12e Arrondissement", "categorie": "scene", "label": "Théâtre hors label", "poids": 1.0, "visiteurs": null, "jauge": 49}, "geometry": {"type": "Point", "coordinates": [2.376843, 48.847544]}}, {"type": "Feature", "properties": {"nom": "Gaîté Lyrique", "code_insee": "75103", "commune": "Paris 3e Arrondissement", "categorie": "scene", "label": "Théâtre hors label", "poids": 1.0, "visiteurs": null, "jauge": 312}, "geometry": {"type": "Point", "coordinates": [2.353591, 48.866831]}}, {"type": "Feature", "properties": {"nom": "Théâtre Claude Lévi-Strauss", "code_insee": "75107", "commune": "Paris 7e Arrondissement", "categorie": "scene", "label": "Théâtre hors label", "poids": 1.0, "visiteurs": null, "jauge": 701}, "geometry": {"type": "Point", "coordinates": [2.295461, 48.860285]}}, {"type": "Feature", "properties": {"nom": "Athénée Théâtre Louis-Jouvet", "code_insee": "75109", "commune": "Paris 9e Arrondissement", "categorie": "scene", "label": "Théâtre hors label", "poids": 1.0, "visiteurs": null, "jauge": 640}, "geometry": {"type": "Point", "coordinates": [2.328258, 48.871855]}}, {"type": "Feature", "properties": {"nom": "Chapiteau d’Adrienne", "code_insee": "91521", "commune": "Ris-Orangis", "categorie": "scene", "label": "Théâtre hors label", "poids": 1.0, "visiteurs": null, "jauge": null}, "geometry": {"type": "Point", "coordinates": [2.420995, 48.657026]}}, {"type": "Feature", "properties": {"nom": "CPPC – Théâtre L’Aire Libre", "code_insee": "35281", "commune": "Saint-Jacques-de-la-Lande", "categorie": "scene", "label": "Théâtre hors label", "poids": 1.0, "visiteurs": null, "jauge": 300}, "geometry": {"type": "Point", "coordinates": [-1.720801, 48.06783]}}, {"type": "Feature", "properties": {"nom": "Volière - LRDA", "code_insee": "44184", "commune": "Saint-Nazaire", "categorie": "scene", "label": "Théâtre hors label", "poids": 1.0, "visiteurs": null, "jauge": null}, "geometry": {"type": "Point", "coordinates": [-2.208043, 47.285212]}}, {"type": "Feature", "properties": {"nom": "Mains d'Œuvres", "code_insee": "93070", "commune": "Saint-Ouen-sur-Seine", "categorie": "scene", "label": "Théâtre hors label", "poids": 1.0, "visiteurs": null, "jauge": 445}, "geometry": {"type": "Point", "coordinates": [2.338983, 48.905193]}}, {"type": "Feature", "properties": {"nom": "Arche", "code_insee": "54580", "commune": "Villerupt", "categorie": "scene", "label": "Théâtre hors label", "poids": 1.0, "visiteurs": null, "jauge": null}, "geometry": {"type": "Point", "coordinates": [5.932394, 49.475248]}}, {"type": "Feature", "properties": {"nom": "Théâtre Au Chapeau Rouge", "code_insee": "84007", "commune": "Avignon", "categorie": "scene", "label": "Théâtre privé", "poids": 1.0, "visiteurs": null, "jauge": null}, "geometry": {"type": "Point", "coordinates": [4.811549, 43.949014]}}, {"type": "Feature", "properties": {"nom": "11 - Avignon", "code_insee": "84007", "commune": "Avignon", "categorie": "scene", "label": "Théâtre privé", "poids": 1.0, "visiteurs": null, "jauge": 495}, "geometry": {"type": "Point", "coordinates": [4.804142, 43.944396]}}, {"type": "Feature", "properties": {"nom": "Théâtre du Petit Saint-Martin", "code_insee": "75110", "commune": "Paris 10e Arrondissement", "categorie": "scene", "label": "Théâtre privé", "poids": 1.0, "visiteurs": null, "jauge": 195}, "geometry": {"type": "Point", "coordinates": [2.356915, 48.869214]}}, {"type": "Feature", "properties": {"nom": "Théâtre de la Porte Saint-Martin", "code_insee": "75110", "commune": "Paris 10e Arrondissement", "categorie": "scene", "label": "Théâtre privé", "poids": 1.0, "visiteurs": null, "jauge": 1050}, "geometry": {"type": "Point", "coordinates": [2.356718, 48.868938]}}, {"type": "Feature", "properties": {"nom": "Scala", "code_insee": "75110", "commune": "Paris 10e Arrondissement", "categorie": "scene", "label": "Théâtre privé", "poids": 1.0, "visiteurs": null, "jauge": 550}, "geometry": {"type": "Point", "coordinates": [2.354567, 48.87029]}}, {"type": "Feature", "properties": {"nom": "Théâtre Rive Gauche", "code_insee": "75114", "commune": "Paris 14e Arrondissement", "categorie": "scene", "label": "Théâtre privé", "poids": 1.0, "visiteurs": null, "jauge": 350}, "geometry": {"type": "Point", "coordinates": [2.324362, 48.840716]}}, {"type": "Feature", "properties": {"nom": "Théâtre de la Gaité Montparnasse", "code_insee": "75114", "commune": "Paris 14e Arrondissement", "categorie": "scene", "label": "Théâtre privé", "poids": 1.0, "visiteurs": null, "jauge": 399}, "geometry": {"type": "Point", "coordinates": [2.323017, 48.839343]}}, {"type": "Feature", "properties": {"nom": "Théâtre le Ranelagh", "code_insee": "75116", "commune": "Paris 16e Arrondissement", "categorie": "scene", "label": "Théâtre privé", "poids": 1.0, "visiteurs": null, "jauge": 300}, "geometry": {"type": "Point", "coordinates": [2.277741, 48.854572]}}, {"type": "Feature", "properties": {"nom": "Théâtre des Béliers parisiens", "code_insee": "75118", "commune": "Paris 18e Arrondissement", "categorie": "scene", "label": "Théâtre privé", "poids": 1.0, "visiteurs": null, "jauge": 190}, "geometry": {"type": "Point", "coordinates": [2.344259, 48.893639]}}, {"type": "Feature", "properties": {"nom": "Théâtre Les Déchargeurs", "code_insee": "75101", "commune": "Paris 1er Arrondissement", "categorie": "scene", "label": "Théâtre privé", "poids": 1.0, "visiteurs": null, "jauge": 99}, "geometry": {"type": "Point", "coordinates": [2.345965, 48.859707]}}, {"type": "Feature", "properties": {"nom": "Théatre des gémeaux parisiens", "code_insee": "75120", "commune": "Paris 20e Arrondissement", "categorie": "scene", "label": "Théâtre privé", "poids": 1.0, "visiteurs": null, "jauge": null}, "geometry": {"type": "Point", "coordinates": [2.394931, 48.868184]}}, {"type": "Feature", "properties": {"nom": "Théâtre de la Huchette", "code_insee": "75105", "commune": "Paris 5e Arrondissement", "categorie": "scene", "label": "Théâtre privé", "poids": 1.0, "visiteurs": null, "jauge": 90}, "geometry": {"type": "Point", "coordinates": [2.34534, 48.853024]}}, {"type": "Feature", "properties": {"nom": "Lucernaire", "code_insee": "75106", "commune": "Paris 6e Arrondissement", "categorie": "scene", "label": "Théâtre privé", "poids": 1.0, "visiteurs": null, "jauge": 272}, "geometry": {"type": "Point", "coordinates": [2.330407, 48.844244]}}, {"type": "Feature", "properties": {"nom": "Théâtre de Poche-Montparnasse", "code_insee": "75106", "commune": "Paris 6e Arrondissement", "categorie": "scene", "label": "Théâtre privé", "poids": 1.0, "visiteurs": null, "jauge": 120}, "geometry": {"type": "Point", "coordinates": [2.325349, 48.844007]}}, {"type": "Feature", "properties": {"nom": "Théâtre Michel", "code_insee": "75108", "commune": "Paris 8e Arrondissement", "categorie": "scene", "label": "Théâtre privé", "poids": 1.0, "visiteurs": null, "jauge": 336}, "geometry": {"type": "Point", "coordinates": [2.325488, 48.873386]}}, {"type": "Feature", "properties": {"nom": "Théâtre de la Madeleine", "code_insee": "75108", "commune": "Paris 8e Arrondissement", "categorie": "scene", "label": "Théâtre privé", "poids": 1.0, "visiteurs": null, "jauge": 709}, "geometry": {"type": "Point", "coordinates": [2.320443, 48.870982]}}, {"type": "Feature", "properties": {"nom": "Théâtre de Paris", "code_insee": "75109", "commune": "Paris 9e Arrondissement", "categorie": "scene", "label": "Théâtre privé", "poids": 1.0, "visiteurs": null, "jauge": 1450}, "geometry": {"type": "Point", "coordinates": [2.331518, 48.878671]}}, {"type": "Feature", "properties": {"nom": "Théâtre du Grand Rond", "code_insee": "31555", "commune": "Toulouse", "categorie": "scene", "label": "Théâtre privé", "poids": 1.0, "visiteurs": null, "jauge": 100}, "geometry": {"type": "Point", "coordinates": [1.453938, 43.598631]}}, {"type": "Feature", "properties": {"nom": "Conservatoire", "code_insee": "13001", "commune": "Aix-en-Provence", "categorie": "scene", "label": "Conservatoire", "poids": 1.0, "visiteurs": null, "jauge": null}, "geometry": {"type": "Point", "coordinates": [5.439437, 43.525674]}}, {"type": "Feature", "properties": {"nom": "Conservatoire", "code_insee": "61001", "commune": "Alençon", "categorie": "scene", "label": "Conservatoire", "poids": 1.0, "visiteurs": null, "jauge": null}, "geometry": {"type": "Point", "coordinates": [0.083407, 48.431227]}}, {"type": "Feature", "properties": {"nom": "Conservatoire", "code_insee": "80021", "commune": "Amiens", "categorie": "scene", "label": "Conservatoire", "poids": 1.0, "visiteurs": null, "jauge": null}, "geometry": {"type": "Point", "coordinates": [2.290721, 49.891664]}}, {"type": "Feature", "properties": {"nom": "Conservatoire", "code_insee": "16015", "commune": "Angoulême", "categorie": "scene", "label": "Conservatoire", "poids": 1.0, "visiteurs": null, "jauge": null}, "geometry": {"type": "Point", "coordinates": [0.157954, 45.645759]}}, {"type": "Feature", "properties": {"nom": "Conservatoire", "code_insee": "13005", "commune": "Aubagne", "categorie": "scene", "label": "Conservatoire", "poids": 1.0, "visiteurs": null, "jauge": null}, "geometry": {"type": "Point", "coordinates": [5.569188, 43.29071]}}, {"type": "Feature", "properties": {"nom": "Conservatoire", "code_insee": "15014", "commune": "Aurillac", "categorie": "scene", "label": "Conservatoire", "poids": 1.0, "visiteurs": null, "jauge": null}, "geometry": {"type": "Point", "coordinates": [2.441947, 44.925394]}}, {"type": "Feature", "properties": {"nom": "Conservatoire", "code_insee": "2B033", "commune": "Bastia", "categorie": "scene", "label": "Conservatoire", "poids": 1.0, "visiteurs": null, "jauge": null}, "geometry": {"type": "Point", "coordinates": [9.448087, 42.697516]}}, {"type": "Feature", "properties": {"nom": "Conservatoire", "code_insee": "34032", "commune": "Béziers", "categorie": "scene", "label": "Conservatoire", "poids": 1.0, "visiteurs": null, "jauge": null}, "geometry": {"type": "Point", "coordinates": [3.259666, 43.334635]}}, {"type": "Feature", "properties": {"nom": "Conservatoire Charles Gounod", "code_insee": "91086", "commune": "Bondoufle", "categorie": "scene", "label": "Conservatoire", "poids": 1.0, "visiteurs": null, "jauge": null}, "geometry": {"type": "Point", "coordinates": [2.372874, 48.611847]}}, {"type": "Feature", "properties": {"nom": "Conservatoire", "code_insee": "01053", "commune": "Bourg-en-Bresse", "categorie": "scene", "label": "Conservatoire", "poids": 1.0, "visiteurs": null, "jauge": null}, "geometry": {"type": "Point", "coordinates": [5.22325, 46.205344]}}, {"type": "Feature", "properties": {"nom": "Conservatoire", "code_insee": "14118", "commune": "Caen", "categorie": "scene", "label": "Conservatoire", "poids": 1.0, "visiteurs": null, "jauge": null}, "geometry": {"type": "Point", "coordinates": [-0.372401, 49.17952]}}, {"type": "Feature", "properties": {"nom": "Conservatoire", "code_insee": "06027", "commune": "Cagnes-sur-Mer", "categorie": "scene", "label": "Conservatoire", "poids": 1.0, "visiteurs": null, "jauge": null}, "geometry": {"type": "Point", "coordinates": [7.15394, 43.665822]}}, {"type": "Feature", "properties": {"nom": "Conservatoire", "code_insee": "51108", "commune": "Châlons-en-Champagne", "categorie": "scene", "label": "Conservatoire", "poids": 1.0, "visiteurs": null, "jauge": null}, "geometry": {"type": "Point", "coordinates": [4.370499, 48.955599]}}, {"type": "Feature", "properties": {"nom": "Conservatoire", "code_insee": "24102", "commune": "Chancelade", "categorie": "scene", "label": "Conservatoire", "poids": 1.0, "visiteurs": null, "jauge": null}, "geometry": {"type": "Point", "coordinates": [0.665749, 45.203466]}}, {"type": "Feature", "properties": {"nom": "Conservatoire", "code_insee": "21166", "commune": "Chenôve", "categorie": "scene", "label": "Conservatoire", "poids": 1.0, "visiteurs": null, "jauge": null}, "geometry": {"type": "Point", "coordinates": [5.006933, 47.295222]}}, {"type": "Feature", "properties": {"nom": "Conservatoire", "code_insee": "63113", "commune": "Clermont-Ferrand", "categorie": "scene", "label": "Conservatoire", "poids": 1.0, "visiteurs": null, "jauge": null}, "geometry": {"type": "Point", "coordinates": [3.087598, 45.776294]}}, {"type": "Feature", "properties": {"nom": "Conservatoire", "code_insee": "31149", "commune": "Colomiers", "categorie": "scene", "label": "Conservatoire", "poids": 1.0, "visiteurs": null, "jauge": null}, "geometry": {"type": "Point", "coordinates": [1.340925, 43.610176]}}, {"type": "Feature", "properties": {"nom": "Conservatoire", "code_insee": "21231", "commune": "Dijon", "categorie": "scene", "label": "Conservatoire", "poids": 1.0, "visiteurs": null, "jauge": null}, "geometry": {"type": "Point", "coordinates": [5.050143, 47.327939]}}, {"type": "Feature", "properties": {"nom": "Conservatoire", "code_insee": "91226", "commune": "Étréchy", "categorie": "scene", "label": "Conservatoire", "poids": 1.0, "visiteurs": null, "jauge": null}, "geometry": {"type": "Point", "coordinates": [2.19357, 48.493795]}}, {"type": "Feature", "properties": {"nom": "Conservatoire des Coëvrons", "code_insee": "53097", "commune": "Évron", "categorie": "scene", "label": "Conservatoire", "poids": 1.0, "visiteurs": null, "jauge": null}, "geometry": {"type": "Point", "coordinates": [-0.41324, 48.148632]}}, {"type": "Feature", "properties": {"nom": "Conservatoire", "code_insee": "01160", "commune": "Ferney-Voltaire", "categorie": "scene", "label": "Conservatoire", "poids": 1.0, "visiteurs": null, "jauge": null}, "geometry": {"type": "Point", "coordinates": [6.114522, 46.254556]}}, {"type": "Feature", "properties": {"nom": "Conservatoire Maurice Ravel", "code_insee": "45147", "commune": "Fleury-les-Aubrais", "categorie": "scene", "label": "Conservatoire", "poids": 1.0, "visiteurs": null, "jauge": null}, "geometry": {"type": "Point", "coordinates": [1.920994, 47.925154]}}, {"type": "Feature", "properties": {"nom": "Conservatoire", "code_insee": "57227", "commune": "Forbach", "categorie": "scene", "label": "Conservatoire", "poids": 1.0, "visiteurs": null, "jauge": null}, "geometry": {"type": "Point", "coordinates": [6.904916, 49.187211]}}, {"type": "Feature", "properties": {"nom": "Conservatoire", "code_insee": "94034", "commune": "Fresnes", "categorie": "scene", "label": "Conservatoire", "poids": 1.0, "visiteurs": null, "jauge": null}, "geometry": {"type": "Point", "coordinates": [2.326283, 48.755306]}}, {"type": "Feature", "properties": {"nom": "Conservatoire", "code_insee": "27275", "commune": "Gaillon", "categorie": "scene", "label": "Conservatoire", "poids": 1.0, "visiteurs": null, "jauge": null}, "geometry": {"type": "Point", "coordinates": [1.32802, 49.162492]}}, {"type": "Feature", "properties": {"nom": "Conservatoire", "code_insee": "92036", "commune": "Gennevilliers", "categorie": "scene", "label": "Conservatoire", "poids": 1.0, "visiteurs": null, "jauge": null}, "geometry": {"type": "Point", "coordinates": [2.293292, 48.926404]}}, {"type": "Feature", "properties": {"nom": "Conservatoire", "code_insee": "06069", "commune": "Grasse", "categorie": "scene", "label": "Conservatoire", "poids": 1.0, "visiteurs": null, "jauge": null}, "geometry": {"type": "Point", "coordinates": [6.92609, 43.657928]}}, {"type": "Feature", "properties": {"nom": "Conservatoire", "code_insee": "91286", "commune": "Grigny", "categorie": "scene", "label": "Conservatoire", "poids": 1.0, "visiteurs": null, "jauge": null}, "geometry": {"type": "Point", "coordinates": [2.385008, 48.656133]}}, {"type": "Feature", "properties": {"nom": "Conservatoire", "code_insee": "33199", "commune": "Gujan-Mestras", "categorie": "scene", "label": "Conservatoire", "poids": 1.0, "visiteurs": null, "jauge": null}, "geometry": {"type": "Point", "coordinates": [-1.06208, 44.619576]}}, {"type": "Feature", "properties": {"nom": "Conservatoire", "code_insee": "33529", "commune": "La Teste-de-Buch", "categorie": "scene", "label": "Conservatoire", "poids": 1.0, "visiteurs": null, "jauge": null}, "geometry": {"type": "Point", "coordinates": [-1.148771, 44.633513]}}, {"type": "Feature", "properties": {"nom": "Conservatoire", "code_insee": "22113", "commune": "Lannion", "categorie": "scene", "label": "Conservatoire", "poids": 1.0, "visiteurs": null, "jauge": null}, "geometry": {"type": "Point", "coordinates": [-3.454121, 48.73002]}}, {"type": "Feature", "properties": {"nom": "Conservatoire", "code_insee": "71153", "commune": "Le Creusot", "categorie": "scene", "label": "Conservatoire", "poids": 1.0, "visiteurs": null, "jauge": null}, "geometry": {"type": "Point", "coordinates": [4.429687, 46.807444]}}, {"type": "Feature", "properties": {"nom": "Conservatoire", "code_insee": "86128", "commune": "Lencloître", "categorie": "scene", "label": "Conservatoire", "poids": 1.0, "visiteurs": null, "jauge": null}, "geometry": {"type": "Point", "coordinates": [0.329003, 46.812909]}}, {"type": "Feature", "properties": {"nom": "Conservatoire", "code_insee": "71270", "commune": "Mâcon", "categorie": "scene", "label": "Conservatoire", "poids": 1.0, "visiteurs": null, "jauge": null}, "geometry": {"type": "Point", "coordinates": [4.833999, 46.30728]}}, {"type": "Feature", "properties": {"nom": "Conservatoire", "code_insee": "13056", "commune": "Martigues", "categorie": "scene", "label": "Conservatoire", "poids": 1.0, "visiteurs": null, "jauge": null}, "geometry": {"type": "Point", "coordinates": [5.040233, 43.397846]}}, {"type": "Feature", "properties": {"nom": "Conservatoire  Les deux muses", "code_insee": "77288", "commune": "Melun", "categorie": "scene", "label": "Conservatoire", "poids": 1.0, "visiteurs": null, "jauge": null}, "geometry": {"type": "Point", "coordinates": [2.650499, 48.549829]}}, {"type": "Feature", "properties": {"nom": "Conservatoire", "code_insee": "57463", "commune": "Metz", "categorie": "scene", "label": "Conservatoire", "poids": 1.0, "visiteurs": null, "jauge": null}, "geometry": {"type": "Point", "coordinates": [6.181221, 49.120544]}}, {"type": "Feature", "properties": {"nom": "Conservatoire", "code_insee": "38229", "commune": "Meylan", "categorie": "scene", "label": "Conservatoire", "poids": 1.0, "visiteurs": null, "jauge": null}, "geometry": {"type": "Point", "coordinates": [5.780434, 45.209643]}}, {"type": "Feature", "properties": {"nom": "Conservatoire", "code_insee": "59410", "commune": "Mons-en-Barœul", "categorie": "scene", "label": "Conservatoire", "poids": 1.0, "visiteurs": null, "jauge": null}, "geometry": {"type": "Point", "coordinates": [3.116514, 50.643828]}}, {"type": "Feature", "properties": {"nom": "Conservatoire", "code_insee": "91421", "commune": "Montgeron", "categorie": "scene", "label": "Conservatoire", "poids": 1.0, "visiteurs": null, "jauge": null}, "geometry": {"type": "Point", "coordinates": [2.464316, 48.704049]}}, {"type": "Feature", "properties": {"nom": "Conservatoire", "code_insee": "54395", "commune": "Nancy", "categorie": "scene", "label": "Conservatoire", "poids": 1.0, "visiteurs": null, "jauge": null}, "geometry": {"type": "Point", "coordinates": [6.172617, 48.696366]}}, {"type": "Feature", "properties": {"nom": "Conservatoire", "code_insee": "58194", "commune": "Nevers", "categorie": "scene", "label": "Conservatoire", "poids": 1.0, "visiteurs": null, "jauge": null}, "geometry": {"type": "Point", "coordinates": [3.166911, 46.994136]}}, {"type": "Feature", "properties": {"nom": "Conservatoire", "code_insee": "77337", "commune": "Noisiel", "categorie": "scene", "label": "Conservatoire", "poids": 1.0, "visiteurs": null, "jauge": null}, "geometry": {"type": "Point", "coordinates": [2.614228, 48.844087]}}, {"type": "Feature", "properties": {"nom": "Conservatoire", "code_insee": "45232", "commune": "Olivet", "categorie": "scene", "label": "Conservatoire", "poids": 1.0, "visiteurs": null, "jauge": null}, "geometry": {"type": "Point", "coordinates": [1.895734, 47.866015]}}, {"type": "Feature", "properties": {"nom": "Conservatoire", "code_insee": "84087", "commune": "Orange", "categorie": "scene", "label": "Conservatoire", "poids": 1.0, "visiteurs": null, "jauge": null}, "geometry": {"type": "Point", "coordinates": [4.806693, 44.136136]}}, {"type": "Feature", "properties": {"nom": "Conservatoire", "code_insee": "91477", "commune": "Palaiseau", "categorie": "scene", "label": "Conservatoire", "poids": 1.0, "visiteurs": null, "jauge": null}, "geometry": {"type": "Point", "coordinates": [2.2485, 48.711803]}}, {"type": "Feature", "properties": {"nom": "Conservatoire", "code_insee": "09225", "commune": "Pamiers", "categorie": "scene", "label": "Conservatoire", "poids": 1.0, "visiteurs": null, "jauge": null}, "geometry": {"type": "Point", "coordinates": [1.609165, 43.111833]}}, {"type": "Feature", "properties": {"nom": "École de Musique Le Grand Charolais", "code_insee": "71342", "commune": "Paray-le-Monial", "categorie": "scene", "label": "Conservatoire", "poids": 1.0, "visiteurs": null, "jauge": null}, "geometry": {"type": "Point", "coordinates": [4.118216, 46.453866]}}, {"type": "Feature", "properties": {"nom": "Conservatoire", "code_insee": "75112", "commune": "Paris 12e Arrondissement", "categorie": "scene", "label": "Conservatoire", "poids": 1.0, "visiteurs": null, "jauge": null}, "geometry": {"type": "Point", "coordinates": [2.384155, 48.84222]}}, {"type": "Feature", "properties": {"nom": "Conservatoire", "code_insee": "75116", "commune": "Paris 16e Arrondissement", "categorie": "scene", "label": "Conservatoire", "poids": 1.0, "visiteurs": null, "jauge": null}, "geometry": {"type": "Point", "coordinates": [2.274787, 48.852171]}}, {"type": "Feature", "properties": {"nom": "Conservatoire", "code_insee": "75118", "commune": "Paris 18e Arrondissement", "categorie": "scene", "label": "Conservatoire", "poids": 1.0, "visiteurs": null, "jauge": null}, "geometry": {"type": "Point", "coordinates": [2.347643, 48.893363]}}, {"type": "Feature", "properties": {"nom": "Conservatoire Édith Nave-Olivaux", "code_insee": "93059", "commune": "Pierrefitte-sur-Seine", "categorie": "scene", "label": "Conservatoire", "poids": 1.0, "visiteurs": null, "jauge": null}, "geometry": {"type": "Point", "coordinates": [2.365571, 48.963176]}}, {"type": "Feature", "properties": {"nom": "Conservatoire", "code_insee": "78490", "commune": "Plaisir", "categorie": "scene", "label": "Conservatoire", "poids": 1.0, "visiteurs": null, "jauge": null}, "geometry": {"type": "Point", "coordinates": [1.954398, 48.816513]}}, {"type": "Feature", "properties": {"nom": "Conservatoire", "code_insee": "07186", "commune": "Privas", "categorie": "scene", "label": "Conservatoire", "poids": 1.0, "visiteurs": null, "jauge": null}, "geometry": {"type": "Point", "coordinates": [4.595355, 44.735972]}}, {"type": "Feature", "properties": {"nom": "Conservatoire", "code_insee": "29232", "commune": "Quimper", "categorie": "scene", "label": "Conservatoire", "poids": 1.0, "visiteurs": null, "jauge": null}, "geometry": {"type": "Point", "coordinates": [-4.100806, 47.998026]}}, {"type": "Feature", "properties": {"nom": "Conservatoire", "code_insee": "44143", "commune": "Rezé", "categorie": "scene", "label": "Conservatoire", "poids": 1.0, "visiteurs": null, "jauge": null}, "geometry": {"type": "Point", "coordinates": [-1.552616, 47.183096]}}, {"type": "Feature", "properties": {"nom": "Conservatoire", "code_insee": "12202", "commune": "Rodez", "categorie": "scene", "label": "Conservatoire", "poids": 1.0, "visiteurs": null, "jauge": null}, "geometry": {"type": "Point", "coordinates": [2.577036, 44.349861]}}, {"type": "Feature", "properties": {"nom": "Conservatoire", "code_insee": "10323", "commune": "Romilly-sur-Seine", "categorie": "scene", "label": "Conservatoire", "poids": 1.0, "visiteurs": null, "jauge": null}, "geometry": {"type": "Point", "coordinates": [3.725765, 48.520437]}}, {"type": "Feature", "properties": {"nom": "Conservatoire", "code_insee": "76540", "commune": "Rouen", "categorie": "scene", "label": "Conservatoire", "poids": 1.0, "visiteurs": null, "jauge": null}, "geometry": {"type": "Point", "coordinates": [1.105653, 49.443758]}}, {"type": "Feature", "properties": {"nom": "Conservatoire", "code_insee": "72264", "commune": "Sablé-sur-Sarthe", "categorie": "scene", "label": "Conservatoire", "poids": 1.0, "visiteurs": null, "jauge": null}, "geometry": {"type": "Point", "coordinates": [-0.338262, 47.83916]}}, {"type": "Feature", "properties": {"nom": "Conservatoire", "code_insee": "69202", "commune": "Sainte-Foy-lès-Lyon", "categorie": "scene", "label": "Conservatoire", "poids": 1.0, "visiteurs": null, "jauge": null}, "geometry": {"type": "Point", "coordinates": [4.791919, 45.740378]}}, {"type": "Feature", "properties": {"nom": "Conservatoire", "code_insee": "17415", "commune": "Saintes", "categorie": "scene", "label": "Conservatoire", "poids": 1.0, "visiteurs": null, "jauge": null}, "geometry": {"type": "Point", "coordinates": [-0.634003, 45.744941]}}, {"type": "Feature", "properties": {"nom": "Conservatoire", "code_insee": "44162", "commune": "Saint-Herblain", "categorie": "scene", "label": "Conservatoire", "poids": 1.0, "visiteurs": null, "jauge": null}, "geometry": {"type": "Point", "coordinates": [-1.615025, 47.21164]}}, {"type": "Feature", "properties": {"nom": "Conservatoire Jean Ferrat", "code_insee": "87154", "commune": "Saint-Junien", "categorie": "scene", "label": "Conservatoire", "poids": 1.0, "visiteurs": null, "jauge": null}, "geometry": {"type": "Point", "coordinates": [0.893692, 45.889138]}}, {"type": "Feature", "properties": {"nom": "Conservatoire", "code_insee": "68297", "commune": "Saint-Louis", "categorie": "scene", "label": "Conservatoire", "poids": 1.0, "visiteurs": null, "jauge": null}, "geometry": {"type": "Point", "coordinates": [7.561161, 47.585939]}}, {"type": "Feature", "properties": {"nom": "Conservatoire", "code_insee": "13097", "commune": "Saint-Martin-de-Crau", "categorie": "scene", "label": "Conservatoire", "poids": 1.0, "visiteurs": null, "jauge": null}, "geometry": {"type": "Point", "coordinates": [4.80511, 43.637792]}}, {"type": "Feature", "properties": {"nom": "Conservatoire", "code_insee": "83116", "commune": "Saint-Maximin-la-Sainte-Baume", "categorie": "scene", "label": "Conservatoire", "poids": 1.0, "visiteurs": null, "jauge": null}, "geometry": {"type": "Point", "coordinates": [5.858884, 43.453138]}}, {"type": "Feature", "properties": {"nom": "Conservatoire", "code_insee": "91570", "commune": "Saint-Michel-sur-Orge", "categorie": "scene", "label": "Conservatoire", "poids": 1.0, "visiteurs": null, "jauge": null}, "geometry": {"type": "Point", "coordinates": [2.310495, 48.637299]}}, {"type": "Feature", "properties": {"nom": "Conservatoire", "code_insee": "93070", "commune": "Saint-Ouen-sur-Seine", "categorie": "scene", "label": "Conservatoire", "poids": 1.0, "visiteurs": null, "jauge": null}, "geometry": {"type": "Point", "coordinates": [2.330208, 48.916536]}}, {"type": "Feature", "properties": {"nom": "Conservatoire", "code_insee": "69290", "commune": "Saint-Priest", "categorie": "scene", "label": "Conservatoire", "poids": 1.0, "visiteurs": null, "jauge": null}, "geometry": {"type": "Point", "coordinates": [4.942895, 45.699101]}}, {"type": "Feature", "properties": {"nom": "Conservatoire", "code_insee": "02691", "commune": "Saint-Quentin", "categorie": "scene", "label": "Conservatoire", "poids": 1.0, "visiteurs": null, "jauge": null}, "geometry": {"type": "Point", "coordinates": [3.291357, 49.844391]}}, {"type": "Feature", "properties": {"nom": "Conservatoire", "code_insee": "83118", "commune": "Saint-Raphaël", "categorie": "scene", "label": "Conservatoire", "poids": 1.0, "visiteurs": null, "jauge": null}, "geometry": {"type": "Point", "coordinates": [6.85154, 43.427874]}}, {"type": "Feature", "properties": {"nom": "Conservatoire", "code_insee": "76655", "commune": "Saint-Valery-en-Caux", "categorie": "scene", "label": "Conservatoire", "poids": 1.0, "visiteurs": null, "jauge": null}, "geometry": {"type": "Point", "coordinates": [0.715195, 49.862905]}}, {"type": "Feature", "properties": {"nom": "Conservatoire", "code_insee": "95585", "commune": "Sarcelles", "categorie": "scene", "label": "Conservatoire", "poids": 1.0, "visiteurs": null, "jauge": null}, "geometry": {"type": "Point", "coordinates": [2.380791, 48.982809]}}, {"type": "Feature", "properties": {"nom": "Conservatoire", "code_insee": "57630", "commune": "Sarrebourg", "categorie": "scene", "label": "Conservatoire", "poids": 1.0, "visiteurs": null, "jauge": null}, "geometry": {"type": "Point", "coordinates": [7.057702, 48.732369]}}, {"type": "Feature", "properties": {"nom": "Conservatoire", "code_insee": "57631", "commune": "Sarreguemines", "categorie": "scene", "label": "Conservatoire", "poids": 1.0, "visiteurs": null, "jauge": null}, "geometry": {"type": "Point", "coordinates": [7.064834, 49.112061]}}, {"type": "Feature", "properties": {"nom": "Conservatoire", "code_insee": "93071", "commune": "Sevran", "categorie": "scene", "label": "Conservatoire", "poids": 1.0, "visiteurs": null, "jauge": null}, "geometry": {"type": "Point", "coordinates": [2.522653, 48.939942]}}, {"type": "Feature", "properties": {"nom": "Conservatoire", "code_insee": "92072", "commune": "Sèvres", "categorie": "scene", "label": "Conservatoire", "poids": 1.0, "visiteurs": null, "jauge": null}, "geometry": {"type": "Point", "coordinates": [2.221343, 48.826601]}}, {"type": "Feature", "properties": {"nom": "Conservatoire", "code_insee": "76681", "commune": "Sotteville-lès-Rouen", "categorie": "scene", "label": "Conservatoire", "poids": 1.0, "visiteurs": null, "jauge": null}, "geometry": {"type": "Point", "coordinates": [1.090661, 49.420876]}}, {"type": "Feature", "properties": {"nom": "Conservatoire", "code_insee": "94071", "commune": "Sucy-en-Brie", "categorie": "scene", "label": "Conservatoire", "poids": 1.0, "visiteurs": null, "jauge": null}, "geometry": {"type": "Point", "coordinates": [2.522111, 48.771372]}}, {"type": "Feature", "properties": {"nom": "Conservatoire", "code_insee": "95607", "commune": "Taverny", "categorie": "scene", "label": "Conservatoire", "poids": 1.0, "visiteurs": null, "jauge": null}, "geometry": {"type": "Point", "coordinates": [2.226812, 49.02572]}}, {"type": "Feature", "properties": {"nom": "Conservatoire", "code_insee": "78621", "commune": "Trappes", "categorie": "scene", "label": "Conservatoire", "poids": 1.0, "visiteurs": null, "jauge": null}, "geometry": {"type": "Point", "coordinates": [2.244539, 49.354603]}}, {"type": "Feature", "properties": {"nom": "Conservatoire", "code_insee": "10387", "commune": "Troyes", "categorie": "scene", "label": "Conservatoire", "poids": 1.0, "visiteurs": null, "jauge": null}, "geometry": {"type": "Point", "coordinates": [4.071311, 48.30051]}}, {"type": "Feature", "properties": {"nom": "Conservatoire", "code_insee": "27701", "commune": "Val-de-Reuil", "categorie": "scene", "label": "Conservatoire", "poids": 1.0, "visiteurs": null, "jauge": null}, "geometry": {"type": "Point", "coordinates": [1.211949, 49.274141]}}, {"type": "Feature", "properties": {"nom": "Conservatoire", "code_insee": "59606", "commune": "Valenciennes", "categorie": "scene", "label": "Conservatoire", "poids": 1.0, "visiteurs": null, "jauge": null}, "geometry": {"type": "Point", "coordinates": [3.518811, 50.359886]}}, {"type": "Feature", "properties": {"nom": "Conservatoire", "code_insee": "01033", "commune": "Valserhône", "categorie": "scene", "label": "Conservatoire", "poids": 1.0, "visiteurs": null, "jauge": null}, "geometry": {"type": "Point", "coordinates": [5.825205, 46.109682]}}, {"type": "Feature", "properties": {"nom": "Conservatoire", "code_insee": "06157", "commune": "Vence", "categorie": "scene", "label": "Conservatoire", "poids": 1.0, "visiteurs": null, "jauge": null}, "geometry": {"type": "Point", "coordinates": [7.117654, 43.719883]}}, {"type": "Feature", "properties": {"nom": "Conservatoire", "code_insee": "78646", "commune": "Versailles", "categorie": "scene", "label": "Conservatoire", "poids": 1.0, "visiteurs": null, "jauge": null}, "geometry": {"type": "Point", "coordinates": [2.122503, 48.803103]}}, {"type": "Feature", "properties": {"nom": "Conservatoire", "code_insee": "70550", "commune": "Vesoul", "categorie": "scene", "label": "Conservatoire", "poids": 1.0, "visiteurs": null, "jauge": null}, "geometry": {"type": "Point", "coordinates": [6.159446, 47.626066]}}, {"type": "Feature", "properties": {"nom": "Conservatoire", "code_insee": "38544", "commune": "Vienne", "categorie": "scene", "label": "Conservatoire", "poids": 1.0, "visiteurs": null, "jauge": null}, "geometry": {"type": "Point", "coordinates": [4.865758, 45.513213]}}, {"type": "Feature", "properties": {"nom": "Conservatoire", "code_insee": "18279", "commune": "Vierzon", "categorie": "scene", "label": "Conservatoire", "poids": 1.0, "visiteurs": null, "jauge": null}, "geometry": {"type": "Point", "coordinates": [2.061579, 47.229027]}}, {"type": "Feature", "properties": {"nom": "Conservatoire", "code_insee": "92077", "commune": "Ville-d'Avray", "categorie": "scene", "label": "Conservatoire", "poids": 1.0, "visiteurs": null, "jauge": null}, "geometry": {"type": "Point", "coordinates": [2.186089, 48.827244]}}, {"type": "Feature", "properties": {"nom": "Conservatoire", "code_insee": "14762", "commune": "Vire Normandie", "categorie": "scene", "label": "Conservatoire", "poids": 1.0, "visiteurs": null, "jauge": null}, "geometry": {"type": "Point", "coordinates": [-0.893462, 48.839177]}}, {"type": "Feature", "properties": {"nom": "Conservatoire", "code_insee": "59646", "commune": "Wasquehal", "categorie": "scene", "label": "Conservatoire", "poids": 1.0, "visiteurs": null, "jauge": null}, "geometry": {"type": "Point", "coordinates": [3.11835, 50.664836]}}, {"type": "Feature", "properties": {"nom": "musée des tourneurs", "code_insee": "83002", "commune": "Aiguines", "categorie": "musee", "label": "Musée de France", "poids": 1.0, "visiteurs": null, "jauge": null}, "geometry": {"type": "Point", "coordinates": [6.242879, 43.775518]}}, {"type": "Feature", "properties": {"nom": "musée d'histoire naturelle", "code_insee": "80021", "commune": "Amiens", "categorie": "musee", "label": "Musée de France", "poids": 1.0, "visiteurs": null, "jauge": null}, "geometry": {"type": "Point", "coordinates": [2.295546, 49.890494]}}, {"type": "Feature", "properties": {"nom": "musée de la vie quotidienne dans les Pyrénées", "code_insee": "65059", "commune": "Bagnères-de-Bigorre", "categorie": "musee", "label": "Musée de France", "poids": 1.0, "visiteurs": null, "jauge": null}, "geometry": {"type": "Point", "coordinates": [0.154124, 43.065528]}}, {"type": "Feature", "properties": {"nom": "musée de la société d'histoire et d'archéologie", "code_insee": "01064", "commune": "Briord", "categorie": "musee", "label": "Musée de France", "poids": 1.0, "visiteurs": null, "jauge": null}, "geometry": {"type": "Point", "coordinates": [5.4575, 45.783328]}}, {"type": "Feature", "properties": {"nom": "musée de la sidérurgie en Bourgogne du Nord", "code_insee": "21114", "commune": "Buffon", "categorie": "musee", "label": "Musée de France", "poids": 1.0, "visiteurs": null, "jauge": null}, "geometry": {"type": "Point", "coordinates": [4.26131, 47.649865]}}, {"type": "Feature", "properties": {"nom": "musée de la Libération", "code_insee": "50129", "commune": "Cherbourg-en-Cotentin", "categorie": "musee", "label": "Musée de France", "poids": 1.0, "visiteurs": 9895, "jauge": null}, "geometry": {"type": "Point", "coordinates": [-1.586854, 49.642098]}}, {"type": "Feature", "properties": {"nom": "musée municipal", "code_insee": "77142", "commune": "Crécy-la-Chapelle", "categorie": "musee", "label": "Musée de France", "poids": 1.0, "visiteurs": null, "jauge": null}, "geometry": {"type": "Point", "coordinates": [2.90817, 48.858026]}}, {"type": "Feature", "properties": {"nom": "musée - centre de documentation Alfred Desmasures", "code_insee": "02381", "commune": "Hirson", "categorie": "musee", "label": "Musée de France", "poids": 1.0, "visiteurs": null, "jauge": null}, "geometry": {"type": "Point", "coordinates": [4.079231, 49.926003]}}, {"type": "Feature", "properties": {"nom": "musée du terroir", "code_insee": "37132", "commune": "Loches", "categorie": "musee", "label": "Musée de France", "poids": 1.0, "visiteurs": null, "jauge": null}, "geometry": {"type": "Point", "coordinates": [0.985373, 47.128306]}}, {"type": "Feature", "properties": {"nom": "musée d'archéologie", "code_insee": "39300", "commune": "Lons-le-Saunier", "categorie": "musee", "label": "Musée de France", "poids": 1.0, "visiteurs": null, "jauge": null}, "geometry": {"type": "Point", "coordinates": [5.555732, 46.674268]}}, {"type": "Feature", "properties": {"nom": "Musée des Civilisations de L'europe Et de La Méditerranée", "code_insee": "13202", "commune": "Marseille 2e Arrondissement", "categorie": "musee", "label": "Musée de France", "poids": 1.0, "visiteurs": null, "jauge": null}, "geometry": {"type": "Point", "coordinates": [5.360374, 43.297725]}}, {"type": "Feature", "properties": {"nom": "musée municipal", "code_insee": "84072", "commune": "Mazan", "categorie": "musee", "label": "Musée de France", "poids": 1.0, "visiteurs": null, "jauge": null}, "geometry": {"type": "Point", "coordinates": [5.12794, 44.056779]}}, {"type": "Feature", "properties": {"nom": "écomusée du pays de Monfort", "code_insee": "35188", "commune": "Montfort-sur-Meu", "categorie": "musee", "label": "Musée de France", "poids": 1.0, "visiteurs": null, "jauge": null}, "geometry": {"type": "Point", "coordinates": [-1.955976, 48.137372]}}, {"type": "Feature", "properties": {"nom": "Musée des Cultures Taurines (Annexe du Vieux Nîmes)", "code_insee": "30189", "commune": "Nîmes", "categorie": "musee", "label": "Musée de France", "poids": 1.0, "visiteurs": null, "jauge": null}, "geometry": {"type": "Point", "coordinates": [4.358623, 43.833806]}}, {"type": "Feature", "properties": {"nom": "musée de la construction navale artisanale", "code_insee": "85163", "commune": "Noirmoutier-en-l'Île", "categorie": "musee", "label": "Musée de France", "poids": 1.0, "visiteurs": null, "jauge": null}, "geometry": {"type": "Point", "coordinates": [-2.245776, 46.999043]}}, {"type": "Feature", "properties": {"nom": "Les Catacombes", "code_insee": "75114", "commune": "Paris 14e Arrondissement", "categorie": "musee", "label": "Musée de France", "poids": 1.0, "visiteurs": null, "jauge": null}, "geometry": {"type": "Point", "coordinates": [2.332506, 48.833981]}}, {"type": "Feature", "properties": {"nom": "Musée National de La Marine", "code_insee": "17299", "commune": "Rochefort", "categorie": "musee", "label": "Musée de France", "poids": 1.0, "visiteurs": null, "jauge": null}, "geometry": {"type": "Point", "coordinates": [-0.958076, 45.93478]}}, {"type": "Feature", "properties": {"nom": "Maison de L'eclusier /Parc Naturel régional de Brière", "code_insee": "44176", "commune": "Saint-Malo-de-Guersac", "categorie": "musee", "label": "Musée de France", "poids": 1.0, "visiteurs": null, "jauge": null}, "geometry": {"type": "Point", "coordinates": [-2.186934, 47.359651]}}, {"type": "Feature", "properties": {"nom": "musée des techniques fromagères", "code_insee": "14654", "commune": "Saint-Pierre-en-Auge", "categorie": "musee", "label": "Musée de France", "poids": 1.0, "visiteurs": null, "jauge": null}, "geometry": {"type": "Point", "coordinates": [-0.033281, 49.019489]}}, {"type": "Feature", "properties": {"nom": "musée départemental de la vie rurale", "code_insee": "80716", "commune": "Saint-Riquier", "categorie": "musee", "label": "Musée de France", "poids": 1.0, "visiteurs": null, "jauge": null}, "geometry": {"type": "Point", "coordinates": [1.947086, 50.13378]}}, {"type": "Feature", "properties": {"nom": "Musée du Chablais", "code_insee": "74281", "commune": "Thonon-les-Bains", "categorie": "musee", "label": "Musée de France", "poids": 1.0, "visiteurs": null, "jauge": null}, "geometry": {"type": "Point", "coordinates": [6.478563, 46.373502]}}, {"type": "Feature", "properties": {"nom": "musée municipal", "code_insee": "89418", "commune": "Tonnerre", "categorie": "musee", "label": "Musée de France", "poids": 1.0, "visiteurs": null, "jauge": null}, "geometry": {"type": "Point", "coordinates": [3.974872, 47.855077]}}, {"type": "Feature", "properties": {"nom": "Musée National de La Marine de Toulon", "code_insee": "83137", "commune": "Toulon", "categorie": "musee", "label": "Musée de France", "poids": 1.0, "visiteurs": null, "jauge": null}, "geometry": {"type": "Point", "coordinates": [5.967566, 43.123867]}}, {"type": "Feature", "properties": {"nom": "musée bourguignon Perrin de Puycousin", "code_insee": "71543", "commune": "Tournus", "categorie": "musee", "label": "Musée de France", "poids": 1.0, "visiteurs": null, "jauge": null}, "geometry": {"type": "Point", "coordinates": [4.908984, 46.566144]}}, {"type": "Feature", "properties": {"nom": "musée du vin de Touraine", "code_insee": "37261", "commune": "Tours", "categorie": "musee", "label": "Musée de France", "poids": 1.0, "visiteurs": null, "jauge": null}, "geometry": {"type": "Point", "coordinates": [0.68719, 47.394921]}}, {"type": "Feature", "properties": {"nom": "collections du musée de la société archéologique de Touraine", "code_insee": "37261", "commune": "Tours", "categorie": "musee", "label": "Musée de France", "poids": 1.0, "visiteurs": null, "jauge": null}, "geometry": {"type": "Point", "coordinates": [0.684744, 47.395347]}}, {"type": "Feature", "properties": {"nom": "Bords de Scènes - Espace culturel Alain Poher", "code_insee": "94001", "commune": "Ablon-sur-Seine", "categorie": "scene", "label": "Théâtre hors label", "poids": 1.0, "visiteurs": null, "jauge": null}, "geometry": {"type": "Point", "coordinates": [2.420131, 48.72436]}}, {"type": "Feature", "properties": {"nom": "Théâtre de Chaoué", "code_insee": "72003", "commune": "Allonnes", "categorie": "scene", "label": "Théâtre hors label", "poids": 1.0, "visiteurs": null, "jauge": null}, "geometry": {"type": "Point", "coordinates": [0.16588, 47.971255]}}, {"type": "Feature", "properties": {"nom": "Bords de Scènes - Salle Lino Ventura", "code_insee": "91027", "commune": "Athis-Mons", "categorie": "scene", "label": "Théâtre hors label", "poids": 1.0, "visiteurs": null, "jauge": null}, "geometry": {"type": "Point", "coordinates": [2.387265, 48.709656]}}, {"type": "Feature", "properties": {"nom": "Théâtre des Carmes André Benedetto", "code_insee": "84007", "commune": "Avignon", "categorie": "scene", "label": "Théâtre hors label", "poids": 1.0, "visiteurs": null, "jauge": 187}, "geometry": {"type": "Point", "coordinates": [4.812815, 43.950822]}}, {"type": "Feature", "properties": {"nom": "Théâtre du Peuple - Maurice Pottecher", "code_insee": "88081", "commune": "Bussang", "categorie": "scene", "label": "Théâtre hors label", "poids": 1.0, "visiteurs": null, "jauge": 850}, "geometry": {"type": "Point", "coordinates": [6.84709, 47.882225]}}, {"type": "Feature", "properties": {"nom": "Ecole nationale de cirque de Châtellerault", "code_insee": "86066", "commune": "Châtellerault", "categorie": "scene", "label": "Théâtre hors label", "poids": 1.0, "visiteurs": null, "jauge": null}, "geometry": {"type": "Point", "coordinates": [0.534791, 46.812679]}}, {"type": "Feature", "properties": {"nom": "Ateliers Médicis", "code_insee": "93014", "commune": "Clichy-sous-Bois", "categorie": "scene", "label": "Théâtre hors label", "poids": 1.0, "visiteurs": null, "jauge": null}, "geometry": {"type": "Point", "coordinates": [2.55262, 48.90394]}}, {"type": "Feature", "properties": {"nom": "Service Commun de la Culture / La Piscine", "code_insee": "59183", "commune": "Dunkerque", "categorie": "scene", "label": "Théâtre hors label", "poids": 1.0, "visiteurs": null, "jauge": 100}, "geometry": {"type": "Point", "coordinates": [2.371046, 51.037663]}}, {"type": "Feature", "properties": {"nom": "xml:space=\"preserve\">Bobine_x000D_", "code_insee": "38185", "commune": "Grenoble", "categorie": "scene", "label": "Théâtre hors label", "poids": 1.0, "visiteurs": null, "jauge": null}, "geometry": {"type": "Point", "coordinates": [5.735328, 45.183031]}}, {"type": "Feature", "properties": {"nom": "SUBS - Lieu vivant d'expériences artistiques", "code_insee": "69381", "commune": "Lyon 1er Arrondissement", "categorie": "scene", "label": "Théâtre hors label", "poids": 1.0, "visiteurs": null, "jauge": null}, "geometry": {"type": "Point", "coordinates": [4.817426, 45.76797]}}, {"type": "Feature", "properties": {"nom": "Théâtre du Pays de Morlaix", "code_insee": "29151", "commune": "Morlaix", "categorie": "scene", "label": "Théâtre hors label", "poids": 1.0, "visiteurs": null, "jauge": 413}, "geometry": {"type": "Point", "coordinates": [-3.829183, 48.576003]}}, {"type": "Feature", "properties": {"nom": "Fabrique des Possibles", "code_insee": "60462", "commune": "Noailles", "categorie": "scene", "label": "Théâtre hors label", "poids": 1.0, "visiteurs": null, "jauge": null}, "geometry": {"type": "Point", "coordinates": [2.19809, 49.339993]}}, {"type": "Feature", "properties": {"nom": "Théâtre du temps", "code_insee": "75111", "commune": "Paris 11e Arrondissement", "categorie": "scene", "label": "Théâtre hors label", "poids": 1.0, "visiteurs": null, "jauge": null}, "geometry": {"type": "Point", "coordinates": [2.381571, 48.860075]}}, {"type": "Feature", "properties": {"nom": "Compagnie Varsorio / Espace Culturel des Arts du Masque", "code_insee": "75119", "commune": "Paris 19e Arrondissement", "categorie": "scene", "label": "Théâtre hors label", "poids": 1.0, "visiteurs": null, "jauge": null}, "geometry": {"type": "Point", "coordinates": [2.392476, 48.884021]}}, {"type": "Feature", "properties": {"nom": "Cabaret sauvage", "code_insee": "75119", "commune": "Paris 19e Arrondissement", "categorie": "scene", "label": "Théâtre hors label", "poids": 1.0, "visiteurs": null, "jauge": null}, "geometry": {"type": "Point", "coordinates": [2.387871, 48.877096]}}, {"type": "Feature", "properties": {"nom": "Théâtre aux Mains Nues - Salle Recoing", "code_insee": "75120", "commune": "Paris 20e Arrondissement", "categorie": "scene", "label": "Théâtre hors label", "poids": 1.0, "visiteurs": null, "jauge": 49}, "geometry": {"type": "Point", "coordinates": [2.408449, 48.858437]}}, {"type": "Feature", "properties": {"nom": "Centre Georges Pompidou", "code_insee": "75104", "commune": "Paris 4e Arrondissement", "categorie": "scene", "label": "Théâtre hors label", "poids": 1.0, "visiteurs": null, "jauge": 558}, "geometry": {"type": "Point", "coordinates": [2.351132, 48.860307]}}, {"type": "Feature", "properties": {"nom": "Cirqu'en cavale", "code_insee": "62652", "commune": "Pernes", "categorie": "scene", "label": "Théâtre hors label", "poids": 1.0, "visiteurs": null, "jauge": null}, "geometry": {"type": "Point", "coordinates": [2.415155, 50.482038]}}, {"type": "Feature", "properties": {"nom": "Théâtre de marionnettes", "code_insee": "59507", "commune": "Ronchin", "categorie": "scene", "label": "Théâtre hors label", "poids": 1.0, "visiteurs": null, "jauge": 135}, "geometry": {"type": "Point", "coordinates": [3.092128, 50.595501]}}, {"type": "Feature", "properties": {"nom": "Palène", "code_insee": "16286", "commune": "Rouillac", "categorie": "scene", "label": "Théâtre hors label", "poids": 1.0, "visiteurs": null, "jauge": 1160}, "geometry": {"type": "Point", "coordinates": [-0.067295, 45.774783]}}, {"type": "Feature", "properties": {"nom": "6b", "code_insee": "93066", "commune": "Saint-Denis", "categorie": "scene", "label": "Théâtre hors label", "poids": 1.0, "visiteurs": null, "jauge": 50}, "geometry": {"type": "Point", "coordinates": [2.342548, 48.938593]}}, {"type": "Feature", "properties": {"nom": "Virgule, Centre Transfrontalier de Création Théâtrale - Théâtre Municipal Raymond Devos", "code_insee": "59599", "commune": "Tourcoing", "categorie": "scene", "label": "Théâtre hors label", "poids": 1.0, "visiteurs": null, "jauge": 81}, "geometry": {"type": "Point", "coordinates": [3.158588, 50.71159]}}, {"type": "Feature", "properties": {"nom": "Filature du Mazel", "code_insee": "30339", "commune": "Val-d'Aigoual", "categorie": "scene", "label": "Théâtre hors label", "poids": 1.0, "visiteurs": null, "jauge": null}, "geometry": {"type": "Point", "coordinates": [3.686051, 44.050157]}}, {"type": "Feature", "properties": {"nom": "Théâtre de la Clarté", "code_insee": "92012", "commune": "Boulogne-Billancourt", "categorie": "scene", "label": "Théâtre privé", "poids": 1.0, "visiteurs": null, "jauge": null}, "geometry": {"type": "Point", "coordinates": [2.237251, 48.831858]}}, {"type": "Feature", "properties": {"nom": "Théâtre Antoine", "code_insee": "75110", "commune": "Paris 10e Arrondissement", "categorie": "scene", "label": "Théâtre privé", "poids": 1.0, "visiteurs": null, "jauge": 790}, "geometry": {"type": "Point", "coordinates": [2.356196, 48.870359]}}, {"type": "Feature", "properties": {"nom": "Palais des Glaces", "code_insee": "75110", "commune": "Paris 10e Arrondissement", "categorie": "scene", "label": "Théâtre privé", "poids": 1.0, "visiteurs": null, "jauge": 600}, "geometry": {"type": "Point", "coordinates": [2.368283, 48.869146]}}, {"type": "Feature", "properties": {"nom": "Théâtre de Belleville", "code_insee": "75111", "commune": "Paris 11e Arrondissement", "categorie": "scene", "label": "Théâtre privé", "poids": 1.0, "visiteurs": null, "jauge": 96}, "geometry": {"type": "Point", "coordinates": [2.374281, 48.8709]}}, {"type": "Feature", "properties": {"nom": "Théâtre Déjazet", "code_insee": "75111", "commune": "Paris 11e Arrondissement", "categorie": "scene", "label": "Théâtre privé", "poids": 1.0, "visiteurs": null, "jauge": 495}, "geometry": {"type": "Point", "coordinates": [2.365612, 48.865617]}}, {"type": "Feature", "properties": {"nom": "Café de la Danse", "code_insee": "75111", "commune": "Paris 11e Arrondissement", "categorie": "scene", "label": "Théâtre privé", "poids": 1.0, "visiteurs": null, "jauge": 500}, "geometry": {"type": "Point", "coordinates": [2.372842, 48.854114]}}, {"type": "Feature", "properties": {"nom": "Théâtre Montparnasse &amp; Petit Montparnasse", "code_insee": "75114", "commune": "Paris 14e Arrondissement", "categorie": "scene", "label": "Théâtre privé", "poids": 1.0, "visiteurs": null, "jauge": 132}, "geometry": {"type": "Point", "coordinates": [2.324432, 48.841509]}}, {"type": "Feature", "properties": {"nom": "Théâtre des Deux Ânes", "code_insee": "75118", "commune": "Paris 18e Arrondissement", "categorie": "scene", "label": "Théâtre privé", "poids": 1.0, "visiteurs": null, "jauge": 300}, "geometry": {"type": "Point", "coordinates": [2.331609, 48.884256]}}, {"type": "Feature", "properties": {"nom": "Théâtre de la Michodière", "code_insee": "75102", "commune": "Paris 2e Arrondissement", "categorie": "scene", "label": "Théâtre privé", "poids": 1.0, "visiteurs": null, "jauge": 700}, "geometry": {"type": "Point", "coordinates": [2.334627, 48.869235]}}, {"type": "Feature", "properties": {"nom": "Point Virgule", "code_insee": "75104", "commune": "Paris 4e Arrondissement", "categorie": "scene", "label": "Théâtre privé", "poids": 1.0, "visiteurs": null, "jauge": 120}, "geometry": {"type": "Point", "coordinates": [2.356926, 48.85783]}}, {"type": "Feature", "properties": {"nom": "Théâtre des Champs-Élysées", "code_insee": "75108", "commune": "Paris 8e Arrondissement", "categorie": "scene", "label": "Théâtre privé", "poids": 1.0, "visiteurs": null, "jauge": 2002}, "geometry": {"type": "Point", "coordinates": [2.302815, 48.865934]}}, {"type": "Feature", "properties": {"nom": "Comédie de Paris", "code_insee": "75109", "commune": "Paris 9e Arrondissement", "categorie": "scene", "label": "Théâtre privé", "poids": 1.0, "visiteurs": null, "jauge": 194}, "geometry": {"type": "Point", "coordinates": [2.333229, 48.882909]}}, {"type": "Feature", "properties": {"nom": "Théâtre des Variétés", "code_insee": "75109", "commune": "Paris 9e Arrondissement", "categorie": "scene", "label": "Théâtre privé", "poids": 1.0, "visiteurs": null, "jauge": 928}, "geometry": {"type": "Point", "coordinates": [2.342413, 48.871786]}}, {"type": "Feature", "properties": {"nom": "Théâtre Edouard VII", "code_insee": "75109", "commune": "Paris 9e Arrondissement", "categorie": "scene", "label": "Théâtre privé", "poids": 1.0, "visiteurs": null, "jauge": 714}, "geometry": {"type": "Point", "coordinates": [2.329138, 48.87107]}}, {"type": "Feature", "properties": {"nom": "Théâtre Antoine Vitez", "code_insee": "13001", "commune": "Aix-en-Provence", "categorie": "scene", "label": "Théâtre hors label", "poids": 1.0, "visiteurs": null, "jauge": 192}, "geometry": {"type": "Point", "coordinates": [5.415403, 43.479188]}}, {"type": "Feature", "properties": {"nom": "Samovar", "code_insee": "93006", "commune": "Bagnolet", "categorie": "scene", "label": "Théâtre hors label", "poids": 1.0, "visiteurs": null, "jauge": 130}, "geometry": {"type": "Point", "coordinates": [2.420727, 48.876334]}}, {"type": "Feature", "properties": {"nom": "Théâtre de Chelles - Auditorium Jean-Pierre Vernant", "code_insee": "77108", "commune": "Chelles", "categorie": "scene", "label": "Théâtre hors label", "poids": 1.0, "visiteurs": null, "jauge": 236}, "geometry": {"type": "Point", "coordinates": [2.59563, 48.875717]}}, {"type": "Feature", "properties": {"nom": "Échalier - Agence de Développement Culturel", "code_insee": "41248", "commune": "Couëtron-au-Perche", "categorie": "scene", "label": "Théâtre hors label", "poids": 1.0, "visiteurs": null, "jauge": 92}, "geometry": {"type": "Point", "coordinates": [0.927617, 48.036119]}}, {"type": "Feature", "properties": {"nom": "Centre Culturel François Villon", "code_insee": "95210", "commune": "Enghien-les-Bains", "categorie": "scene", "label": "Théâtre hors label", "poids": 1.0, "visiteurs": null, "jauge": null}, "geometry": {"type": "Point", "coordinates": [2.303297, 48.966815]}}, {"type": "Feature", "properties": {"nom": "Atelier Val d'Aubois", "code_insee": "18101", "commune": "Germigny-l'Exempt", "categorie": "scene", "label": "Théâtre hors label", "poids": 1.0, "visiteurs": null, "jauge": null}, "geometry": {"type": "Point", "coordinates": [2.897392, 46.918672]}}, {"type": "Feature", "properties": {"nom": "Temps Machine - L'Asso", "code_insee": "37122", "commune": "Joué-lès-Tours", "categorie": "scene", "label": "Théâtre hors label", "poids": 1.0, "visiteurs": null, "jauge": null}, "geometry": {"type": "Point", "coordinates": [0.664657, 47.351846]}}, {"type": "Feature", "properties": {"nom": "Bords de Scènes - Théâtre Jean Dasté", "code_insee": "91326", "commune": "Juvisy-sur-Orge", "categorie": "scene", "label": "Théâtre hors label", "poids": 1.0, "visiteurs": null, "jauge": null}, "geometry": {"type": "Point", "coordinates": [2.375121, 48.692048]}}, {"type": "Feature", "properties": {"nom": "Komonò Circus", "code_insee": "33529", "commune": "La Teste-de-Buch", "categorie": "scene", "label": "Théâtre hors label", "poids": 1.0, "visiteurs": null, "jauge": null}, "geometry": {"type": "Point", "coordinates": [-1.117452, 44.619913]}}, {"type": "Feature", "properties": {"nom": "Centre régional des arts du cirque Lomme-Lille", "code_insee": "59350", "commune": "Lille", "categorie": "scene", "label": "Théâtre hors label", "poids": 1.0, "visiteurs": null, "jauge": null}, "geometry": {"type": "Point", "coordinates": [2.984106, 50.653984]}}, {"type": "Feature", "properties": {"nom": "Théâtre de la Passerelle", "code_insee": "87085", "commune": "Limoges", "categorie": "scene", "label": "Théâtre hors label", "poids": 1.0, "visiteurs": null, "jauge": null}, "geometry": {"type": "Point", "coordinates": [1.264224, 45.836664]}}, {"type": "Feature", "properties": {"nom": "Bancs Publics", "code_insee": "13201", "commune": "Marseille 1er Arrondissement", "categorie": "scene", "label": "Théâtre hors label", "poids": 1.0, "visiteurs": null, "jauge": 60}, "geometry": {"type": "Point", "coordinates": [4.723785, 43.6462]}}, {"type": "Feature", "properties": {"nom": "Memô, lieu de fabrique artistique", "code_insee": "54357", "commune": "Maxéville", "categorie": "scene", "label": "Théâtre hors label", "poids": 1.0, "visiteurs": null, "jauge": null}, "geometry": {"type": "Point", "coordinates": [6.166315, 48.70495]}}, {"type": "Feature", "properties": {"nom": "Théâtre de la Tempête", "code_insee": "75112", "commune": "Paris 12e Arrondissement", "categorie": "scene", "label": "Théâtre hors label", "poids": 1.0, "visiteurs": null, "jauge": 325}, "geometry": {"type": "Point", "coordinates": [2.449228, 48.835106]}}, {"type": "Feature", "properties": {"nom": "Théâtre des Bouffes du Nord", "code_insee": "75118", "commune": "Paris 18e Arrondissement", "categorie": "scene", "label": "Théâtre hors label", "poids": 1.0, "visiteurs": null, "jauge": 500}, "geometry": {"type": "Point", "coordinates": [2.360052, 48.885004]}}, {"type": "Feature", "properties": {"nom": "Louvre", "code_insee": "75101", "commune": "Paris 1er Arrondissement", "categorie": "scene", "label": "Théâtre hors label", "poids": 1.0, "visiteurs": null, "jauge": 420}, "geometry": {"type": "Point", "coordinates": [2.337816, 48.860795]}}, {"type": "Feature", "properties": {"nom": "Théâtre Ouvert - Centre national des dramaturgies contemporaines", "code_insee": "75120", "commune": "Paris 20e Arrondissement", "categorie": "scene", "label": "Théâtre hors label", "poids": 1.0, "visiteurs": null, "jauge": 420}, "geometry": {"type": "Point", "coordinates": [2.402978, 48.870673]}}, {"type": "Feature", "properties": {"nom": "Cité internationale des arts", "code_insee": "75104", "commune": "Paris 4e Arrondissement", "categorie": "scene", "label": "Théâtre hors label", "poids": 1.0, "visiteurs": null, "jauge": 128}, "geometry": {"type": "Point", "coordinates": [2.357188, 48.853922]}}, {"type": "Feature", "properties": {"nom": "Maison des Cultures du Monde", "code_insee": "75106", "commune": "Paris 6e Arrondissement", "categorie": "scene", "label": "Théâtre hors label", "poids": 1.0, "visiteurs": null, "jauge": 380}, "geometry": {"type": "Point", "coordinates": [2.328546, 48.84634]}}, {"type": "Feature", "properties": {"nom": "Théâtre Spirale", "code_insee": "32344", "commune": "Riscle", "categorie": "scene", "label": "Théâtre hors label", "poids": 1.0, "visiteurs": null, "jauge": null}, "geometry": {"type": "Point", "coordinates": [-0.095864, 43.654321]}}, {"type": "Feature", "properties": {"nom": "Lacaze aux sottises", "code_insee": "64499", "commune": "Salies-de-Béarn", "categorie": "scene", "label": "Théâtre hors label", "poids": 1.0, "visiteurs": null, "jauge": null}, "geometry": {"type": "Point", "coordinates": [-0.933019, 43.461081]}}, {"type": "Feature", "properties": {"nom": "Nouveau Gare au théâtre", "code_insee": "94081", "commune": "Vitry-sur-Seine", "categorie": "scene", "label": "Théâtre hors label", "poids": 1.0, "visiteurs": null, "jauge": null}, "geometry": {"type": "Point", "coordinates": [2.403114, 48.800181]}}, {"type": "Feature", "properties": {"nom": "Théâtre de la Tête d'Or", "code_insee": "69383", "commune": "Lyon 3e Arrondissement", "categorie": "scene", "label": "Théâtre privé", "poids": 1.0, "visiteurs": null, "jauge": 373}, "geometry": {"type": "Point", "coordinates": [4.844725, 45.76322]}}, {"type": "Feature", "properties": {"nom": "Comédie Bastille", "code_insee": "75111", "commune": "Paris 11e Arrondissement", "categorie": "scene", "label": "Théâtre privé", "poids": 1.0, "visiteurs": null, "jauge": 183}, "geometry": {"type": "Point", "coordinates": [2.370225, 48.858843]}}, {"type": "Feature", "properties": {"nom": "Théâtre Edgar", "code_insee": "75114", "commune": "Paris 14e Arrondissement", "categorie": "scene", "label": "Théâtre privé", "poids": 1.0, "visiteurs": null, "jauge": 915}, "geometry": {"type": "Point", "coordinates": [2.323532, 48.839495]}}, {"type": "Feature", "properties": {"nom": "Théâtre le Funambule", "code_insee": "75118", "commune": "Paris 18e Arrondissement", "categorie": "scene", "label": "Théâtre privé", "poids": 1.0, "visiteurs": null, "jauge": 120}, "geometry": {"type": "Point", "coordinates": [2.340312, 48.890767]}}, {"type": "Feature", "properties": {"nom": "Théâtre Lepic", "code_insee": "75118", "commune": "Paris 18e Arrondissement", "categorie": "scene", "label": "Théâtre privé", "poids": 1.0, "visiteurs": null, "jauge": 150}, "geometry": {"type": "Point", "coordinates": [2.336641, 48.887604]}}, {"type": "Feature", "properties": {"nom": "Mélo d'Amélie", "code_insee": "75102", "commune": "Paris 2e Arrondissement", "categorie": "scene", "label": "Théâtre privé", "poids": 1.0, "visiteurs": null, "jauge": 90}, "geometry": {"type": "Point", "coordinates": [2.348344, 48.865002]}}, {"type": "Feature", "properties": {"nom": "Café de la Gare", "code_insee": "75104", "commune": "Paris 4e Arrondissement", "categorie": "scene", "label": "Théâtre privé", "poids": 1.0, "visiteurs": null, "jauge": 300}, "geometry": {"type": "Point", "coordinates": [2.353978, 48.859562]}}, {"type": "Feature", "properties": {"nom": "Théâtre de la Contrescape", "code_insee": "75105", "commune": "Paris 5e Arrondissement", "categorie": "scene", "label": "Théâtre privé", "poids": 1.0, "visiteurs": null, "jauge": 110}, "geometry": {"type": "Point", "coordinates": [2.348842, 48.844462]}}, {"type": "Feature", "properties": {"nom": "Théâtre des Mathurins", "code_insee": "75108", "commune": "Paris 8e Arrondissement", "categorie": "scene", "label": "Théâtre privé", "poids": 1.0, "visiteurs": null, "jauge": 470}, "geometry": {"type": "Point", "coordinates": [2.325623, 48.873275]}}, {"type": "Feature", "properties": {"nom": "Théâtre Fontaine", "code_insee": "75109", "commune": "Paris 9e Arrondissement", "categorie": "scene", "label": "Théâtre privé", "poids": 1.0, "visiteurs": null, "jauge": 621}, "geometry": {"type": "Point", "coordinates": [2.334744, 48.881001]}}, {"type": "Feature", "properties": {"nom": "Théâtre Saint-Georges", "code_insee": "75109", "commune": "Paris 9e Arrondissement", "categorie": "scene", "label": "Théâtre privé", "poids": 1.0, "visiteurs": null, "jauge": 498}, "geometry": {"type": "Point", "coordinates": [2.337084, 48.878183]}}, {"type": "Feature", "properties": {"nom": "musée de la Grande Loge de France", "code_insee": "75117", "commune": "Paris 17e Arrondissement", "categorie": "musee", "label": "Musée de France", "poids": 1.0, "visiteurs": null, "jauge": null}, "geometry": {"type": "Point", "coordinates": [2.321833, 48.883201]}}, {"type": "Feature", "properties": {"nom": "musée Gassendi", "code_insee": "04070", "commune": "Digne-les-Bains", "categorie": "musee", "label": "Musée de France", "poids": 0.99, "visiteurs": 9768, "jauge": null}, "geometry": {"type": "Point", "coordinates": [6.238447, 44.093808]}}, {"type": "Feature", "properties": {"nom": "musée Fragonard", "code_insee": "94046", "commune": "Maisons-Alfort", "categorie": "musee", "label": "Musée de France", "poids": 0.99, "visiteurs": 9677, "jauge": null}, "geometry": {"type": "Point", "coordinates": [2.421248, 48.814302]}}, {"type": "Feature", "properties": {"nom": "musée du Revermont", "code_insee": "01426", "commune": "Val-Revermont", "categorie": "musee", "label": "Musée de France", "poids": 0.99, "visiteurs": 9762, "jauge": null}, "geometry": {"type": "Point", "coordinates": [5.388859, 46.300457]}}, {"type": "Feature", "properties": {"nom": "musée de la vallée", "code_insee": "04019", "commune": "Barcelonnette", "categorie": "musee", "label": "Musée de France", "poids": 0.99, "visiteurs": 9848, "jauge": null}, "geometry": {"type": "Point", "coordinates": [6.655292, 44.387197]}}, {"type": "Feature", "properties": {"nom": "château musée de Nemours", "code_insee": "77333", "commune": "Nemours", "categorie": "musee", "label": "Musée de France", "poids": 0.99, "visiteurs": 9857, "jauge": null}, "geometry": {"type": "Point", "coordinates": [2.696111, 48.266197]}}, {"type": "Feature", "properties": {"nom": "musée archéologique", "code_insee": "11369", "commune": "Sallèles-d'Aude", "categorie": "musee", "label": "Musée de France", "poids": 0.99, "visiteurs": 9816, "jauge": null}, "geometry": {"type": "Point", "coordinates": [2.942935, 43.260698]}}, {"type": "Feature", "properties": {"nom": "musée de céramique gallo-romaine", "code_insee": "63195", "commune": "Lezoux", "categorie": "musee", "label": "Musée de France", "poids": 0.99, "visiteurs": 9778, "jauge": null}, "geometry": {"type": "Point", "coordinates": [3.384492, 45.825676]}}, {"type": "Feature", "properties": {"nom": "musée de Sologne", "code_insee": "41194", "commune": "Romorantin-Lanthenay", "categorie": "musee", "label": "Musée de France", "poids": 0.99, "visiteurs": 9674, "jauge": null}, "geometry": {"type": "Point", "coordinates": [1.743217, 47.357089]}}, {"type": "Feature", "properties": {"nom": "musée Saint-Marc", "code_insee": "03275", "commune": "Souvigny", "categorie": "musee", "label": "Musée de France", "poids": 0.99, "visiteurs": 9847, "jauge": null}, "geometry": {"type": "Point", "coordinates": [3.192442, 46.534864]}}, {"type": "Feature", "properties": {"nom": "musée du vieux Pérouges", "code_insee": "01290", "commune": "Pérouges", "categorie": "musee", "label": "Musée de France", "poids": 0.98, "visiteurs": 9463, "jauge": null}, "geometry": {"type": "Point", "coordinates": [5.179154, 45.903495]}}, {"type": "Feature", "properties": {"nom": "musée des sapeurs pompiers de France", "code_insee": "76452", "commune": "Montville", "categorie": "musee", "label": "Musée de France", "poids": 0.98, "visiteurs": 9535, "jauge": null}, "geometry": {"type": "Point", "coordinates": [1.076825, 49.546662]}}, {"type": "Feature", "properties": {"nom": "musée archéologique de l'Oise", "code_insee": "60664", "commune": "Vendeuil-Caply", "categorie": "musee", "label": "Musée de France", "poids": 0.98, "visiteurs": 9640, "jauge": null}, "geometry": {"type": "Point", "coordinates": [2.296964, 49.610232]}}, {"type": "Feature", "properties": {"nom": "musée de la reine Bérengère", "code_insee": "72181", "commune": "Le Mans", "categorie": "musee", "label": "Musée de France", "poids": 0.98, "visiteurs": 9579, "jauge": null}, "geometry": {"type": "Point", "coordinates": [0.19727, 48.008258]}}, {"type": "Feature", "properties": {"nom": "musée de l'hôtel-Dieu", "code_insee": "78361", "commune": "Mantes-la-Jolie", "categorie": "musee", "label": "Musée de France", "poids": 0.98, "visiteurs": 9540, "jauge": null}, "geometry": {"type": "Point", "coordinates": [1.718956, 48.990134]}}, {"type": "Feature", "properties": {"nom": "musée de la céramique", "code_insee": "62268", "commune": "Desvres", "categorie": "musee", "label": "Musée de France", "poids": 0.97, "visiteurs": 9254, "jauge": null}, "geometry": {"type": "Point", "coordinates": [1.837202, 50.66607]}}, {"type": "Feature", "properties": {"nom": "musée de l'école rurale en Bretagne", "code_insee": "29289", "commune": "Trégarvan", "categorie": "musee", "label": "Musée de France", "poids": 0.97, "visiteurs": 9240, "jauge": null}, "geometry": {"type": "Point", "coordinates": [-4.225013, 48.244222]}}, {"type": "Feature", "properties": {"nom": "musée de la Tour-aux-Puces", "code_insee": "57672", "commune": "Thionville", "categorie": "musee", "label": "Musée de France", "poids": 0.97, "visiteurs": 9422, "jauge": null}, "geometry": {"type": "Point", "coordinates": [6.169404, 49.358195]}}, {"type": "Feature", "properties": {"nom": "musée régional", "code_insee": "17168", "commune": "Fouras", "categorie": "musee", "label": "Musée de France", "poids": 0.97, "visiteurs": 9430, "jauge": null}, "geometry": {"type": "Point", "coordinates": [-1.097355, 45.986068]}}, {"type": "Feature", "properties": {"nom": "musée du dessin et de l'estampe originale", "code_insee": "59273", "commune": "Gravelines", "categorie": "musee", "label": "Musée de France", "poids": 0.97, "visiteurs": 9371, "jauge": null}, "geometry": {"type": "Point", "coordinates": [2.125811, 50.986369]}}, {"type": "Feature", "properties": {"nom": "musée de la Tour abbatiale", "code_insee": "59526", "commune": "Saint-Amand-les-Eaux", "categorie": "musee", "label": "Musée de France", "poids": 0.97, "visiteurs": 9361, "jauge": null}, "geometry": {"type": "Point", "coordinates": [3.428625, 50.449009]}}, {"type": "Feature", "properties": {"nom": "musée des sciences", "code_insee": "15014", "commune": "Aurillac", "categorie": "musee", "label": "Musée de France", "poids": 0.96, "visiteurs": 9088, "jauge": null}, "geometry": {"type": "Point", "coordinates": [2.445351, 44.934717]}}, {"type": "Feature", "properties": {"nom": "musée d'art et d'histoire", "code_insee": "52269", "commune": "Langres", "categorie": "musee", "label": "Musée de France", "poids": 0.96, "visiteurs": 9067, "jauge": null}, "geometry": {"type": "Point", "coordinates": [5.333628, 47.864758]}}, {"type": "Feature", "properties": {"nom": "musée d'art naïf Anatole Jakovsky", "code_insee": "06088", "commune": "Nice", "categorie": "musee", "label": "Musée de France", "poids": 0.96, "visiteurs": 9174, "jauge": null}, "geometry": {"type": "Point", "coordinates": [7.267971, 43.726982]}}, {"type": "Feature", "properties": {"nom": "musée d'Opale Sud", "code_insee": "62108", "commune": "Berck", "categorie": "musee", "label": "Musée de France", "poids": 0.96, "visiteurs": 9152, "jauge": null}, "geometry": {"type": "Point", "coordinates": [1.567687, 50.405092]}}, {"type": "Feature", "properties": {"nom": "musée d'histoire et d'archéologie", "code_insee": "56260", "commune": "Vannes", "categorie": "musee", "label": "Musée de France", "poids": 0.96, "visiteurs": 9208, "jauge": null}, "geometry": {"type": "Point", "coordinates": [-2.757726, 47.656705]}}, {"type": "Feature", "properties": {"nom": "musée Napoléon 1er", "code_insee": "10064", "commune": "Brienne-le-Château", "categorie": "musee", "label": "Musée de France", "poids": 0.96, "visiteurs": 9142, "jauge": null}, "geometry": {"type": "Point", "coordinates": [4.527685, 48.388781]}}, {"type": "Feature", "properties": {"nom": "musée Jean Garcin 39-45 : l'appel de la liberté", "code_insee": "84139", "commune": "Fontaine-de-Vaucluse", "categorie": "musee", "label": "Musée de France", "poids": 0.96, "visiteurs": 9057, "jauge": null}, "geometry": {"type": "Point", "coordinates": [5.128904, 43.92272]}}, {"type": "Feature", "properties": {"nom": "muséum d'histoire naturelle", "code_insee": "13001", "commune": "Aix-en-Provence", "categorie": "musee", "label": "Musée de France", "poids": 0.96, "visiteurs": 9153, "jauge": null}, "geometry": {"type": "Point", "coordinates": [5.448932, 43.528175]}}, {"type": "Feature", "properties": {"nom": "muséum d'histoire naturelle", "code_insee": "06088", "commune": "Nice", "categorie": "musee", "label": "Musée de France", "poids": 0.96, "visiteurs": 9111, "jauge": null}, "geometry": {"type": "Point", "coordinates": [7.279791, 43.701697]}}, {"type": "Feature", "properties": {"nom": "musée de préhistoire corse", "code_insee": "2A272", "commune": "Sartène", "categorie": "musee", "label": "Musée de France", "poids": 0.96, "visiteurs": 9069, "jauge": null}, "geometry": {"type": "Point", "coordinates": [8.973869, 41.617513]}}, {"type": "Feature", "properties": {"nom": "musée de Borda", "code_insee": "40088", "commune": "Dax", "categorie": "musee", "label": "Musée de France", "poids": 0.95, "visiteurs": 8889, "jauge": null}, "geometry": {"type": "Point", "coordinates": [-1.053954, 43.710585]}}, {"type": "Feature", "properties": {"nom": "musée du vieux Toulouse", "code_insee": "31555", "commune": "Toulouse", "categorie": "musee", "label": "Musée de France", "poids": 0.95, "visiteurs": 8957, "jauge": null}, "geometry": {"type": "Point", "coordinates": [1.443143, 43.602262]}}, {"type": "Feature", "properties": {"nom": "musée franco-américain du château de Blérancourt", "code_insee": "02093", "commune": "Blérancourt", "categorie": "musee", "label": "Musée de France", "poids": 0.95, "visiteurs": 8967, "jauge": null}, "geometry": {"type": "Point", "coordinates": [3.153352, 49.517625]}}, {"type": "Feature", "properties": {"nom": "musée Baron Martin", "code_insee": "70279", "commune": "Gray", "categorie": "musee", "label": "Musée de France", "poids": 0.95, "visiteurs": 9000, "jauge": null}, "geometry": {"type": "Point", "coordinates": [5.59351, 47.446389]}}, {"type": "Feature", "properties": {"nom": "musée du Grand Siècle", "code_insee": "92064", "commune": "Saint-Cloud", "categorie": "musee", "label": "Musée de France", "poids": 0.95, "visiteurs": 8988, "jauge": null}, "geometry": {"type": "Point", "coordinates": [2.21992, 48.83901]}}, {"type": "Feature", "properties": {"nom": "musée municipal", "code_insee": "27375", "commune": "Louviers", "categorie": "musee", "label": "Musée de France", "poids": 0.95, "visiteurs": 8835, "jauge": null}, "geometry": {"type": "Point", "coordinates": [1.169269, 49.214044]}}, {"type": "Feature", "properties": {"nom": "musée Gatien Bonnet", "code_insee": "77243", "commune": "Lagny-sur-Marne", "categorie": "musee", "label": "Musée de France", "poids": 0.94, "visiteurs": 8774, "jauge": null}, "geometry": {"type": "Point", "coordinates": [2.707767, 48.879644]}}, {"type": "Feature", "properties": {"nom": "musée d'Allard", "code_insee": "42147", "commune": "Montbrison", "categorie": "musee", "label": "Musée de France", "poids": 0.94, "visiteurs": 8766, "jauge": null}, "geometry": {"type": "Point", "coordinates": [4.061741, 45.608233]}}, {"type": "Feature", "properties": {"nom": "musée du Colombier", "code_insee": "30007", "commune": "Alès", "categorie": "musee", "label": "Musée de France", "poids": 0.94, "visiteurs": 8790, "jauge": null}, "geometry": {"type": "Point", "coordinates": [4.079697, 44.129423]}}, {"type": "Feature", "properties": {"nom": "musée Emmanuel Liais", "code_insee": "50129", "commune": "Cherbourg-en-Cotentin", "categorie": "musee", "label": "Musée de France", "poids": 0.94, "visiteurs": 8778, "jauge": null}, "geometry": {"type": "Point", "coordinates": [-1.602919, 49.637605]}}, {"type": "Feature", "properties": {"nom": "musée d'art et d'histoire", "code_insee": "49018", "commune": "Baugé-en-Anjou", "categorie": "musee", "label": "Musée de France", "poids": 0.93, "visiteurs": 8448, "jauge": null}, "geometry": {"type": "Point", "coordinates": [-0.101242, 47.540464]}}, {"type": "Feature", "properties": {"nom": "musée archéologique", "code_insee": "32119", "commune": "Eauze", "categorie": "musee", "label": "Musée de France", "poids": 0.93, "visiteurs": 8518, "jauge": null}, "geometry": {"type": "Point", "coordinates": [0.101447, 43.861183]}}, {"type": "Feature", "properties": {"nom": "musée municipal des cordeliers", "code_insee": "17347", "commune": "Saint-Jean-d'Angély", "categorie": "musee", "label": "Musée de France", "poids": 0.93, "visiteurs": 8580, "jauge": null}, "geometry": {"type": "Point", "coordinates": [-0.52403, 45.942789]}}, {"type": "Feature", "properties": {"nom": "musée Flaubert et d'histoire de la médecine", "code_insee": "76540", "commune": "Rouen", "categorie": "musee", "label": "Musée de France", "poids": 0.93, "visiteurs": 8596, "jauge": null}, "geometry": {"type": "Point", "coordinates": [1.08283, 49.446305]}}, {"type": "Feature", "properties": {"nom": "musée de beaux-arts", "code_insee": "39478", "commune": "Saint-Claude", "categorie": "musee", "label": "Musée de France", "poids": 0.93, "visiteurs": 8419, "jauge": null}, "geometry": {"type": "Point", "coordinates": [5.865239, 46.386209]}}, {"type": "Feature", "properties": {"nom": "musée de l'ardoise", "code_insee": "49353", "commune": "Trélazé", "categorie": "musee", "label": "Musée de France", "poids": 0.93, "visiteurs": 8594, "jauge": null}, "geometry": {"type": "Point", "coordinates": [-0.491498, 47.450779]}}, {"type": "Feature", "properties": {"nom": "musée départemental d’art moderne, collection Zervos", "code_insee": "89446", "commune": "Vézelay", "categorie": "musee", "label": "Musée de France", "poids": 0.93, "visiteurs": 8476, "jauge": null}, "geometry": {"type": "Point", "coordinates": [3.742708, 47.464139]}}, {"type": "Feature", "properties": {"nom": "musée du cloître Saint-André-le-Bas", "code_insee": "38544", "commune": "Vienne", "categorie": "musee", "label": "Musée de France", "poids": 0.93, "visiteurs": 8464, "jauge": null}, "geometry": {"type": "Point", "coordinates": [4.873497, 45.527172]}}, {"type": "Feature", "properties": {"nom": "musée de la faïence", "code_insee": "04135", "commune": "Moustiers-Sainte-Marie", "categorie": "musee", "label": "Musée de France", "poids": 0.93, "visiteurs": 8493, "jauge": null}, "geometry": {"type": "Point", "coordinates": [6.221456, 43.845897]}}, {"type": "Feature", "properties": {"nom": "musée archéologique", "code_insee": "26324", "commune": "Saint-Paul-Trois-Châteaux", "categorie": "musee", "label": "Musée de France", "poids": 0.93, "visiteurs": 8595, "jauge": null}, "geometry": {"type": "Point", "coordinates": [4.768309, 44.348676]}}, {"type": "Feature", "properties": {"nom": "musée François Pompon", "code_insee": "21584", "commune": "Saulieu", "categorie": "musee", "label": "Musée de France", "poids": 0.93, "visiteurs": 8435, "jauge": null}, "geometry": {"type": "Point", "coordinates": [4.229844, 47.279531]}}, {"type": "Feature", "properties": {"nom": "musée Gallé-Juillet", "code_insee": "60175", "commune": "Creil", "categorie": "musee", "label": "Musée de France", "poids": 0.92, "visiteurs": 8408, "jauge": null}, "geometry": {"type": "Point", "coordinates": [2.473388, 49.260793]}}, {"type": "Feature", "properties": {"nom": "musée de préhistoire régionale", "code_insee": "06083", "commune": "Menton", "categorie": "musee", "label": "Musée de France", "poids": 0.92, "visiteurs": 8393, "jauge": null}, "geometry": {"type": "Point", "coordinates": [7.503848, 43.777513]}}, {"type": "Feature", "properties": {"nom": "musée d'art et d'histoire", "code_insee": "54528", "commune": "Toul", "categorie": "musee", "label": "Musée de France", "poids": 0.92, "visiteurs": 8249, "jauge": null}, "geometry": {"type": "Point", "coordinates": [5.890994, 48.678376]}}, {"type": "Feature", "properties": {"nom": "musée Girodet", "code_insee": "45208", "commune": "Montargis", "categorie": "musee", "label": "Musée de France", "poids": 0.92, "visiteurs": 8314, "jauge": null}, "geometry": {"type": "Point", "coordinates": [2.737485, 47.997599]}}, {"type": "Feature", "properties": {"nom": "musée des beaux-arts Denys Puech", "code_insee": "12202", "commune": "Rodez", "categorie": "musee", "label": "Musée de France", "poids": 0.92, "visiteurs": 8404, "jauge": null}, "geometry": {"type": "Point", "coordinates": [2.577893, 44.349029]}}, {"type": "Feature", "properties": {"nom": "musée de Salon et de la Crau", "code_insee": "13103", "commune": "Salon-de-Provence", "categorie": "musee", "label": "Musée de France", "poids": 0.92, "visiteurs": 8387, "jauge": null}, "geometry": {"type": "Point", "coordinates": [5.098085, 43.638763]}}, {"type": "Feature", "properties": {"nom": "musée de l'Alta-Rocca", "code_insee": "2A142", "commune": "Levie", "categorie": "musee", "label": "Musée de France", "poids": 0.92, "visiteurs": 8304, "jauge": null}, "geometry": {"type": "Point", "coordinates": [9.123935, 41.698492]}}, {"type": "Feature", "properties": {"nom": "musée Urbain Cabrol", "code_insee": "12300", "commune": "Villefranche-de-Rouergue", "categorie": "musee", "label": "Musée de France", "poids": 0.92, "visiteurs": 8240, "jauge": null}, "geometry": {"type": "Point", "coordinates": [2.037131, 44.35147]}}, {"type": "Feature", "properties": {"nom": "archéosite de Montans", "code_insee": "81171", "commune": "Montans", "categorie": "musee", "label": "Musée de France", "poids": 0.91, "visiteurs": 8197, "jauge": null}, "geometry": {"type": "Point", "coordinates": [1.886025, 43.866544]}}, {"type": "Feature", "properties": {"nom": "musée Buffon", "code_insee": "21425", "commune": "Montbard", "categorie": "musee", "label": "Musée de France", "poids": 0.91, "visiteurs": 8121, "jauge": null}, "geometry": {"type": "Point", "coordinates": [4.336691, 47.625689]}}, {"type": "Feature", "properties": {"nom": "musée départemental de la montagne Albert Demard", "code_insee": "70283", "commune": "Haut-du-Them-Château-Lambert", "categorie": "musee", "label": "Musée de France", "poids": 0.91, "visiteurs": 8168, "jauge": null}, "geometry": {"type": "Point", "coordinates": [6.756626, 47.856682]}}, {"type": "Feature", "properties": {"nom": "musée du prieuré de Graville", "code_insee": "76351", "commune": "Le Havre", "categorie": "musee", "label": "Musée de France", "poids": 0.91, "visiteurs": 8151, "jauge": null}, "geometry": {"type": "Point", "coordinates": [0.162885, 49.502468]}}, {"type": "Feature", "properties": {"nom": "musée départemental d'art sacré", "code_insee": "30202", "commune": "Pont-Saint-Esprit", "categorie": "musee", "label": "Musée de France", "poids": 0.91, "visiteurs": 8164, "jauge": null}, "geometry": {"type": "Point", "coordinates": [4.650869, 44.255204]}}, {"type": "Feature", "properties": {"nom": "musée municipal", "code_insee": "18279", "commune": "Vierzon", "categorie": "musee", "label": "Musée de France", "poids": 0.91, "visiteurs": 8084, "jauge": null}, "geometry": {"type": "Point", "coordinates": [2.066989, 47.221572]}}, {"type": "Feature", "properties": {"nom": "musée municipal", "code_insee": "25462", "commune": "Pontarlier", "categorie": "musee", "label": "Musée de France", "poids": 0.9, "visiteurs": 7975, "jauge": null}, "geometry": {"type": "Point", "coordinates": [6.354233, 46.904535]}}, {"type": "Feature", "properties": {"nom": "musée de plein air du Quercy", "code_insee": "46299", "commune": "Sauliac-sur-Célé", "categorie": "musee", "label": "Musée de France", "poids": 0.9, "visiteurs": 7951, "jauge": null}, "geometry": {"type": "Point", "coordinates": [1.69649, 44.533437]}}, {"type": "Feature", "properties": {"nom": "musée de la figurine historique", "code_insee": "60159", "commune": "Compiègne", "categorie": "musee", "label": "Musée de France", "poids": 0.9, "visiteurs": 8020, "jauge": null}, "geometry": {"type": "Point", "coordinates": [2.826358, 49.417761]}}, {"type": "Feature", "properties": {"nom": "musée des Alpilles Pierre de Brun", "code_insee": "13100", "commune": "Saint-Rémy-de-Provence", "categorie": "musee", "label": "Musée de France", "poids": 0.9, "visiteurs": 7946, "jauge": null}, "geometry": {"type": "Point", "coordinates": [4.83096, 43.789176]}}, {"type": "Feature", "properties": {"nom": "musée de la résistance nationale", "code_insee": "94017", "commune": "Champigny-sur-Marne", "categorie": "musee", "label": "Musée de France", "poids": 0.9, "visiteurs": 7902, "jauge": null}, "geometry": {"type": "Point", "coordinates": [2.525385, 48.807367]}}, {"type": "Feature", "properties": {"nom": "musée d'archéologie gallo-romaine du Var", "code_insee": "83061", "commune": "Fréjus", "categorie": "musee", "label": "Musée de France", "poids": 0.89, "visiteurs": 7831, "jauge": null}, "geometry": {"type": "Point", "coordinates": [6.736721, 43.433569]}}, {"type": "Feature", "properties": {"nom": "musée Lansyer", "code_insee": "37132", "commune": "Loches", "categorie": "musee", "label": "Musée de France", "poids": 0.89, "visiteurs": 7837, "jauge": null}, "geometry": {"type": "Point", "coordinates": [0.997388, 47.126822]}}, {"type": "Feature", "properties": {"nom": "musée du Septennat", "code_insee": "58062", "commune": "Château-Chinon (Ville)", "categorie": "musee", "label": "Musée de France", "poids": 0.88, "visiteurs": 7533, "jauge": null}, "geometry": {"type": "Point", "coordinates": [3.93367, 47.067021]}}, {"type": "Feature", "properties": {"nom": "musée du sel", "code_insee": "57448", "commune": "Marsal", "categorie": "musee", "label": "Musée de France", "poids": 0.88, "visiteurs": 7558, "jauge": null}, "geometry": {"type": "Point", "coordinates": [6.605955, 48.788517]}}, {"type": "Feature", "properties": {"nom": "musée de la chartreuse", "code_insee": "67300", "commune": "Molsheim", "categorie": "musee", "label": "Musée de France", "poids": 0.88, "visiteurs": 7506, "jauge": null}, "geometry": {"type": "Point", "coordinates": [7.490515, 48.543127]}}, {"type": "Feature", "properties": {"nom": "musée des arts et traditions populaires de la Chalosse", "code_insee": "40194", "commune": "Montfort-en-Chalosse", "categorie": "musee", "label": "Musée de France", "poids": 0.88, "visiteurs": 7661, "jauge": null}, "geometry": {"type": "Point", "coordinates": [-0.833916, 43.715749]}}, {"type": "Feature", "properties": {"nom": "musée du Véron", "code_insee": "37242", "commune": "Savigny-en-Véron", "categorie": "musee", "label": "Musée de France", "poids": 0.88, "visiteurs": 7640, "jauge": null}, "geometry": {"type": "Point", "coordinates": [0.123967, 47.209386]}}, {"type": "Feature", "properties": {"nom": "musée de l'abbaye", "code_insee": "50110", "commune": "Cerisy-la-Forêt", "categorie": "musee", "label": "Musée de France", "poids": 0.87, "visiteurs": 7463, "jauge": null}, "geometry": {"type": "Point", "coordinates": [-0.934751, 49.198952]}}, {"type": "Feature", "properties": {"nom": "cabinet d'un amateur - donation Maurice Jardot", "code_insee": "90010", "commune": "Belfort", "categorie": "musee", "label": "Musée de France", "poids": 0.87, "visiteurs": 7472, "jauge": null}, "geometry": {"type": "Point", "coordinates": [6.855694, 47.642429]}}, {"type": "Feature", "properties": {"nom": "musée d'art et d'histoire", "code_insee": "14366", "commune": "Lisieux", "categorie": "musee", "label": "Musée de France", "poids": 0.87, "visiteurs": 7427, "jauge": null}, "geometry": {"type": "Point", "coordinates": [0.219307, 49.144572]}}, {"type": "Feature", "properties": {"nom": "musée de la mine", "code_insee": "58151", "commune": "La Machine", "categorie": "musee", "label": "Musée de France", "poids": 0.87, "visiteurs": 7386, "jauge": null}, "geometry": {"type": "Point", "coordinates": [3.463674, 46.888738]}}, {"type": "Feature", "properties": {"nom": "conservatoire-musée des industries hydroélectriques", "code_insee": "38527", "commune": "Vaujany", "categorie": "musee", "label": "Musée de France", "poids": 0.87, "visiteurs": 7448, "jauge": null}, "geometry": {"type": "Point", "coordinates": [6.049375, 45.146301]}}, {"type": "Feature", "properties": {"nom": "musée de la soierie", "code_insee": "42052", "commune": "Charlieu", "categorie": "musee", "label": "Musée de France", "poids": 0.86, "visiteurs": 7235, "jauge": null}, "geometry": {"type": "Point", "coordinates": [4.171055, 46.159768]}}, {"type": "Feature", "properties": {"nom": "muséum d'histoire naturelle", "code_insee": "71014", "commune": "Autun", "categorie": "musee", "label": "Musée de France", "poids": 0.86, "visiteurs": 7183, "jauge": null}, "geometry": {"type": "Point", "coordinates": [4.301812, 46.947996]}}, {"type": "Feature", "properties": {"nom": "musée Jean Jaurès", "code_insee": "81065", "commune": "Castres", "categorie": "musee", "label": "Musée de France", "poids": 0.86, "visiteurs": 7220, "jauge": null}, "geometry": {"type": "Point", "coordinates": [2.240474, 43.607135]}}, {"type": "Feature", "properties": {"nom": "musée du Berry", "code_insee": "18033", "commune": "Bourges", "categorie": "musee", "label": "Musée de France", "poids": 0.86, "visiteurs": 7326, "jauge": null}, "geometry": {"type": "Point", "coordinates": [2.392744, 47.085298]}}, {"type": "Feature", "properties": {"nom": "musée des meilleurs ouvriers de France", "code_insee": "18033", "commune": "Bourges", "categorie": "musee", "label": "Musée de France", "poids": 0.85, "visiteurs": 7121, "jauge": null}, "geometry": {"type": "Point", "coordinates": [2.399342, 47.081422]}}, {"type": "Feature", "properties": {"nom": "musée Quesnel-Morinière", "code_insee": "50147", "commune": "Coutances", "categorie": "musee", "label": "Musée de France", "poids": 0.85, "visiteurs": 7129, "jauge": null}, "geometry": {"type": "Point", "coordinates": [-1.446951, 49.047259]}}, {"type": "Feature", "properties": {"nom": "musée de Melun", "code_insee": "77288", "commune": "Melun", "categorie": "musee", "label": "Musée de France", "poids": 0.85, "visiteurs": 7130, "jauge": null}, "geometry": {"type": "Point", "coordinates": [2.658907, 48.536617]}}, {"type": "Feature", "properties": {"nom": "musée des arts et métiers traditionnels", "code_insee": "12254", "commune": "Salles-la-Source", "categorie": "musee", "label": "Musée de France", "poids": 0.85, "visiteurs": 7156, "jauge": null}, "geometry": {"type": "Point", "coordinates": [2.51413, 44.437589]}}, {"type": "Feature", "properties": {"nom": "musée départemental Georges de la Tour", "code_insee": "57712", "commune": "Vic-sur-Seille", "categorie": "musee", "label": "Musée de France", "poids": 0.85, "visiteurs": 7099, "jauge": null}, "geometry": {"type": "Point", "coordinates": [6.53077, 48.782047]}}, {"type": "Feature", "properties": {"nom": "musée municipal", "code_insee": "76384", "commune": "Lillebonne", "categorie": "musee", "label": "Musée de France", "poids": 0.85, "visiteurs": 7087, "jauge": null}, "geometry": {"type": "Point", "coordinates": [0.536632, 49.51824]}}, {"type": "Feature", "properties": {"nom": "musée Louis Médard", "code_insee": "34145", "commune": "Lunel", "categorie": "musee", "label": "Musée de France", "poids": 0.85, "visiteurs": 7036, "jauge": null}, "geometry": {"type": "Point", "coordinates": [4.133656, 43.675458]}}, {"type": "Feature", "properties": {"nom": "musée Colette", "code_insee": "89368", "commune": "Saint-Sauveur-en-Puisaye", "categorie": "musee", "label": "Musée de France", "poids": 0.85, "visiteurs": 7083, "jauge": null}, "geometry": {"type": "Point", "coordinates": [3.198877, 47.617276]}}, {"type": "Feature", "properties": {"nom": "musée des arts décoratifs", "code_insee": "18033", "commune": "Bourges", "categorie": "musee", "label": "Musée de France", "poids": 0.85, "visiteurs": 7125, "jauge": null}, "geometry": {"type": "Point", "coordinates": [2.398132, 47.084943]}}, {"type": "Feature", "properties": {"nom": "musée Estève", "code_insee": "18033", "commune": "Bourges", "categorie": "musee", "label": "Musée de France", "poids": 0.84, "visiteurs": 6966, "jauge": null}, "geometry": {"type": "Point", "coordinates": [2.396195, 47.085951]}}, {"type": "Feature", "properties": {"nom": "musée de Saint-Maur - Villa Médicis", "code_insee": "94068", "commune": "Saint-Maur-des-Fossés", "categorie": "musee", "label": "Musée de France", "poids": 0.84, "visiteurs": 6938, "jauge": null}, "geometry": {"type": "Point", "coordinates": [2.514695, 48.792662]}}, {"type": "Feature", "properties": {"nom": "maison du patrimoine", "code_insee": "38190", "commune": "Hières-sur-Amby", "categorie": "musee", "label": "Musée de France", "poids": 0.84, "visiteurs": 6904, "jauge": null}, "geometry": {"type": "Point", "coordinates": [5.29471, 45.797475]}}, {"type": "Feature", "properties": {"nom": "musée municipal de Gajac", "code_insee": "47323", "commune": "Villeneuve-sur-Lot", "categorie": "musee", "label": "Musée de France", "poids": 0.84, "visiteurs": 6924, "jauge": null}, "geometry": {"type": "Point", "coordinates": [0.708263, 44.405652]}}, {"type": "Feature", "properties": {"nom": "musée municipal", "code_insee": "14762", "commune": "Vire Normandie", "categorie": "musee", "label": "Musée de France", "poids": 0.84, "visiteurs": 6910, "jauge": null}, "geometry": {"type": "Point", "coordinates": [-0.888245, 48.835996]}}, {"type": "Feature", "properties": {"nom": "musée Despiau-Wlérick", "code_insee": "40192", "commune": "Mont-de-Marsan", "categorie": "musee", "label": "Musée de France", "poids": 0.84, "visiteurs": 6995, "jauge": null}, "geometry": {"type": "Point", "coordinates": [-0.498837, 43.892598]}}, {"type": "Feature", "properties": {"nom": "écomusée d'Ouessant - Vivre sur une île", "code_insee": "29155", "commune": "Ouessant", "categorie": "musee", "label": "Musée de France", "poids": 0.84, "visiteurs": 6934, "jauge": null}, "geometry": {"type": "Point", "coordinates": [-5.11024, 48.460329]}}, {"type": "Feature", "properties": {"nom": "musée municipal théâtre forain et archéologique", "code_insee": "45008", "commune": "Artenay", "categorie": "musee", "label": "Musée de France", "poids": 0.83, "visiteurs": 6810, "jauge": null}, "geometry": {"type": "Point", "coordinates": [1.87992, 48.0817]}}, {"type": "Feature", "properties": {"nom": "musée du pays de Hanau - histoire et vies d'un territoire", "code_insee": "67061", "commune": "Bouxwiller", "categorie": "musee", "label": "Musée de France", "poids": 0.83, "visiteurs": 6754, "jauge": null}, "geometry": {"type": "Point", "coordinates": [7.482636, 48.824938]}}, {"type": "Feature", "properties": {"nom": "musée Alfred Canel", "code_insee": "27467", "commune": "Pont-Audemer", "categorie": "musee", "label": "Musée de France", "poids": 0.83, "visiteurs": 6818, "jauge": null}, "geometry": {"type": "Point", "coordinates": [0.515765, 49.356671]}}, {"type": "Feature", "properties": {"nom": "musée du verre François Décorchemont", "code_insee": "27165", "commune": "Conches-en-Ouche", "categorie": "musee", "label": "Musée de France", "poids": 0.83, "visiteurs": 6788, "jauge": null}, "geometry": {"type": "Point", "coordinates": [0.93774, 48.956122]}}, {"type": "Feature", "properties": {"nom": "musée Roybet-Fould", "code_insee": "92026", "commune": "Courbevoie", "categorie": "musee", "label": "Musée de France", "poids": 0.83, "visiteurs": 6800, "jauge": null}, "geometry": {"type": "Point", "coordinates": [2.271279, 48.900998]}}, {"type": "Feature", "properties": {"nom": "musée", "code_insee": "94052", "commune": "Nogent-sur-Marne", "categorie": "musee", "label": "Musée de France", "poids": 0.82, "visiteurs": 6617, "jauge": null}, "geometry": {"type": "Point", "coordinates": [2.484384, 48.840451]}}, {"type": "Feature", "properties": {"nom": "musée municipal d'art et d'histoire", "code_insee": "92025", "commune": "Colombes", "categorie": "musee", "label": "Musée de France", "poids": 0.82, "visiteurs": 6547, "jauge": null}, "geometry": {"type": "Point", "coordinates": [2.251835, 48.923564]}}, {"type": "Feature", "properties": {"nom": "musée archéologique municipal", "code_insee": "02408", "commune": "Laon", "categorie": "musee", "label": "Musée de France", "poids": 0.82, "visiteurs": 6566, "jauge": null}, "geometry": {"type": "Point", "coordinates": [3.626986, 49.562996]}}, {"type": "Feature", "properties": {"nom": "musée des arts et traditions populaires", "code_insee": "43117", "commune": "Lavaudieu", "categorie": "musee", "label": "Musée de France", "poids": 0.82, "visiteurs": 6534, "jauge": null}, "geometry": {"type": "Point", "coordinates": [3.453914, 45.262428]}}, {"type": "Feature", "properties": {"nom": "musée municipal d'arts et traditions populaires", "code_insee": "13022", "commune": "Cassis", "categorie": "musee", "label": "Musée de France", "poids": 0.82, "visiteurs": 6655, "jauge": null}, "geometry": {"type": "Point", "coordinates": [5.539716, 43.214411]}}, {"type": "Feature", "properties": {"nom": "musée du château de Flers", "code_insee": "61169", "commune": "Flers", "categorie": "musee", "label": "Musée de France", "poids": 0.82, "visiteurs": 6665, "jauge": null}, "geometry": {"type": "Point", "coordinates": [-0.575821, 48.750247]}}, {"type": "Feature", "properties": {"nom": "musée archéologique de Mariana - Prince Rainier III de Monaco", "code_insee": "2B148", "commune": "Lucciana", "categorie": "musee", "label": "Musée de France", "poids": 0.82, "visiteurs": 6670, "jauge": null}, "geometry": {"type": "Point", "coordinates": [9.4959, 42.538757]}}, {"type": "Feature", "properties": {"nom": "musée du tabac", "code_insee": "24037", "commune": "Bergerac", "categorie": "musee", "label": "Musée de France", "poids": 0.81, "visiteurs": 6423, "jauge": null}, "geometry": {"type": "Point", "coordinates": [0.483551, 44.849774]}}, {"type": "Feature", "properties": {"nom": "musée campanaire", "code_insee": "32160", "commune": "L'Isle-Jourdain", "categorie": "musee", "label": "Musée de France", "poids": 0.81, "visiteurs": 6507, "jauge": null}, "geometry": {"type": "Point", "coordinates": [1.081642, 43.613369]}}, {"type": "Feature", "properties": {"nom": "musée d'art et d'histoire Georges Turpin", "code_insee": "79202", "commune": "Parthenay", "categorie": "musee", "label": "Musée de France", "poids": 0.81, "visiteurs": 6511, "jauge": null}, "geometry": {"type": "Point", "coordinates": [-0.249146, 46.651982]}}, {"type": "Feature", "properties": {"nom": "musée du cloître", "code_insee": "19272", "commune": "Tulle", "categorie": "musee", "label": "Musée de France", "poids": 0.8, "visiteurs": 6241, "jauge": null}, "geometry": {"type": "Point", "coordinates": [1.770791, 45.267654]}}, {"type": "Feature", "properties": {"nom": "musée français de la photographie", "code_insee": "91064", "commune": "Bièvres", "categorie": "musee", "label": "Musée de France", "poids": 0.8, "visiteurs": 6271, "jauge": null}, "geometry": {"type": "Point", "coordinates": [2.226602, 48.763553]}}, {"type": "Feature", "properties": {"nom": "musée Pissarro", "code_insee": "95500", "commune": "Pontoise", "categorie": "musee", "label": "Musée de France", "poids": 0.8, "visiteurs": 6343, "jauge": null}, "geometry": {"type": "Point", "coordinates": [2.099887, 49.048396]}}, {"type": "Feature", "properties": {"nom": "musée de la chemiserie et de l'élégance masculine", "code_insee": "36006", "commune": "Argenton-sur-Creuse", "categorie": "musee", "label": "Musée de France", "poids": 0.79, "visiteurs": 6173, "jauge": null}, "geometry": {"type": "Point", "coordinates": [1.518181, 46.588112]}}, {"type": "Feature", "properties": {"nom": "musée du vignoble nantais", "code_insee": "44117", "commune": "Le Pallet", "categorie": "musee", "label": "Musée de France", "poids": 0.79, "visiteurs": 6145, "jauge": null}, "geometry": {"type": "Point", "coordinates": [-1.329859, 47.134491]}}, {"type": "Feature", "properties": {"nom": "musée Pierre de Luxembourg", "code_insee": "30351", "commune": "Villeneuve-lès-Avignon", "categorie": "musee", "label": "Musée de France", "poids": 0.79, "visiteurs": 6162, "jauge": null}, "geometry": {"type": "Point", "coordinates": [4.796683, 43.965452]}}, {"type": "Feature", "properties": {"nom": "musée d’Apt", "code_insee": "84003", "commune": "Apt", "categorie": "musee", "label": "Musée de France", "poids": 0.79, "visiteurs": 6135, "jauge": null}, "geometry": {"type": "Point", "coordinates": [5.397698, 43.876077]}}, {"type": "Feature", "properties": {"nom": "écomusée de la Margeride", "code_insee": "15168", "commune": "Ruynes-en-Margeride", "categorie": "musee", "label": "Musée de France", "poids": 0.79, "visiteurs": 6171, "jauge": null}, "geometry": {"type": "Point", "coordinates": [3.225502, 44.99967]}}, {"type": "Feature", "properties": {"nom": "musée Théodore Deck et des pays du Florival", "code_insee": "68112", "commune": "Guebwiller", "categorie": "musee", "label": "Musée de France", "poids": 0.79, "visiteurs": 6189, "jauge": null}, "geometry": {"type": "Point", "coordinates": [7.215563, 47.905638]}}, {"type": "Feature", "properties": {"nom": "musée du Valois et de l'archerie", "code_insee": "60176", "commune": "Crépy-en-Valois", "categorie": "musee", "label": "Musée de France", "poids": 0.79, "visiteurs": 6146, "jauge": null}, "geometry": {"type": "Point", "coordinates": [2.883989, 49.236976]}}, {"type": "Feature", "properties": {"nom": "musée Joseph Denais", "code_insee": "49021", "commune": "Beaufort-en-Anjou", "categorie": "musee", "label": "Musée de France", "poids": 0.78, "visiteurs": 6002, "jauge": null}, "geometry": {"type": "Point", "coordinates": [-0.21781, 47.440153]}}, {"type": "Feature", "properties": {"nom": "musée du Pays de Cocagne", "code_insee": "81140", "commune": "Lavaur", "categorie": "musee", "label": "Musée de France", "poids": 0.78, "visiteurs": 6016, "jauge": null}, "geometry": {"type": "Point", "coordinates": [1.820763, 43.698318]}}, {"type": "Feature", "properties": {"nom": "musée de la Haute Auvergne", "code_insee": "15187", "commune": "Saint-Flour", "categorie": "musee", "label": "Musée de France", "poids": 0.78, "visiteurs": 6058, "jauge": null}, "geometry": {"type": "Point", "coordinates": [3.095105, 45.032995]}}, {"type": "Feature", "properties": {"nom": "maison natale de Louis Braille", "code_insee": "77132", "commune": "Coupvray", "categorie": "musee", "label": "Musée de France", "poids": 0.78, "visiteurs": 5984, "jauge": null}, "geometry": {"type": "Point", "coordinates": [2.793373, 48.89428]}}, {"type": "Feature", "properties": {"nom": "musée Paul Belmondo et de la sculpture figurative du XXe siècle", "code_insee": "92012", "commune": "Boulogne-Billancourt", "categorie": "musee", "label": "Musée de France", "poids": 0.78, "visiteurs": 6006, "jauge": null}, "geometry": {"type": "Point", "coordinates": [2.232861, 48.847457]}}, {"type": "Feature", "properties": {"nom": "apothicairerie de l'hôtel-Dieu-le-Comte", "code_insee": "10387", "commune": "Troyes", "categorie": "musee", "label": "Musée de France", "poids": 0.78, "visiteurs": 6065, "jauge": null}, "geometry": {"type": "Point", "coordinates": [4.075475, 48.301289]}}, {"type": "Feature", "properties": {"nom": "musée du Poiré", "code_insee": "50029", "commune": "Barenton", "categorie": "musee", "label": "Musée de France", "poids": 0.78, "visiteurs": 6027, "jauge": null}, "geometry": {"type": "Point", "coordinates": [-0.806444, 48.587693]}}, {"type": "Feature", "properties": {"nom": "musée de la Préhistoire Raymond Touchard", "code_insee": "86140", "commune": "Lussac-les-Châteaux", "categorie": "musee", "label": "Musée de France", "poids": 0.77, "visiteurs": 5950, "jauge": null}, "geometry": {"type": "Point", "coordinates": [0.72589, 46.403698]}}, {"type": "Feature", "properties": {"nom": "musée de la mytiliculture", "code_insee": "17153", "commune": "Esnandes", "categorie": "musee", "label": "Musée de France", "poids": 0.77, "visiteurs": 5878, "jauge": null}, "geometry": {"type": "Point", "coordinates": [-1.109688, 46.249236]}}, {"type": "Feature", "properties": {"nom": "écomusée", "code_insee": "94034", "commune": "Fresnes", "categorie": "musee", "label": "Musée de France", "poids": 0.77, "visiteurs": 5862, "jauge": null}, "geometry": {"type": "Point", "coordinates": [2.326389, 48.75525]}}, {"type": "Feature", "properties": {"nom": "musée d'initiation à la nature", "code_insee": "14118", "commune": "Caen", "categorie": "musee", "label": "Musée de France", "poids": 0.77, "visiteurs": 5950, "jauge": null}, "geometry": {"type": "Point", "coordinates": [-0.359854, 49.19486]}}, {"type": "Feature", "properties": {"nom": "musée des civilisations : Daniel Pouget", "code_insee": "42279", "commune": "Saint-Just-Saint-Rambert", "categorie": "musee", "label": "Musée de France", "poids": 0.77, "visiteurs": 5918, "jauge": null}, "geometry": {"type": "Point", "coordinates": [4.24197, 45.500595]}}, {"type": "Feature", "properties": {"nom": "musée Greuze - hôtel-Dieu", "code_insee": "71543", "commune": "Tournus", "categorie": "musee", "label": "Musée de France", "poids": 0.76, "visiteurs": 5714, "jauge": null}, "geometry": {"type": "Point", "coordinates": [4.91123, 46.561794]}}, {"type": "Feature", "properties": {"nom": "musée du vieux Montpellier", "code_insee": "34172", "commune": "Montpellier", "categorie": "musee", "label": "Musée de France", "poids": 0.76, "visiteurs": 5709, "jauge": null}, "geometry": {"type": "Point", "coordinates": [3.878204, 43.610739]}}, {"type": "Feature", "properties": {"nom": "musée de la vigne et du vin", "code_insee": "39013", "commune": "Arbois", "categorie": "musee", "label": "Musée de France", "poids": 0.75, "visiteurs": 5676, "jauge": null}, "geometry": {"type": "Point", "coordinates": [5.775038, 46.903617]}}, {"type": "Feature", "properties": {"nom": "musée Joseph Vaylet", "code_insee": "12096", "commune": "Espalion", "categorie": "musee", "label": "Musée de France", "poids": 0.75, "visiteurs": 5575, "jauge": null}, "geometry": {"type": "Point", "coordinates": [2.76256, 44.521077]}}, {"type": "Feature", "properties": {"nom": "musée de Feurs", "code_insee": "42094", "commune": "Feurs", "categorie": "musee", "label": "Musée de France", "poids": 0.75, "visiteurs": 5614, "jauge": null}, "geometry": {"type": "Point", "coordinates": [4.21915, 45.744439]}}, {"type": "Feature", "properties": {"nom": "musée municipal", "code_insee": "59295", "commune": "Hazebrouck", "categorie": "musee", "label": "Musée de France", "poids": 0.75, "visiteurs": 5571, "jauge": null}, "geometry": {"type": "Point", "coordinates": [2.534475, 50.721385]}}, {"type": "Feature", "properties": {"nom": "musée du château", "code_insee": "14512", "commune": "Pontécoulant", "categorie": "musee", "label": "Musée de France", "poids": 0.75, "visiteurs": 5608, "jauge": null}, "geometry": {"type": "Point", "coordinates": [-0.589646, 48.896419]}}, {"type": "Feature", "properties": {"nom": "musée de Thonon-les-Bains", "code_insee": "74281", "commune": "Thonon-les-Bains", "categorie": "musee", "label": "Musée de France", "poids": 0.75, "visiteurs": 5652, "jauge": null}, "geometry": {"type": "Point", "coordinates": [6.48177, 46.37487]}}, {"type": "Feature", "properties": {"nom": "musée municipal d'Albertville-Conflans", "code_insee": "73011", "commune": "Albertville", "categorie": "musee", "label": "Musée de France", "poids": 0.75, "visiteurs": 5600, "jauge": null}, "geometry": {"type": "Point", "coordinates": [6.397372, 45.67068]}}, {"type": "Feature", "properties": {"nom": "musée municipal Georges Garret", "code_insee": "70550", "commune": "Vesoul", "categorie": "musee", "label": "Musée de France", "poids": 0.75, "visiteurs": 5597, "jauge": null}, "geometry": {"type": "Point", "coordinates": [6.155754, 47.624017]}}, {"type": "Feature", "properties": {"nom": "musée Pierre Corneille", "code_insee": "76540", "commune": "Rouen", "categorie": "musee", "label": "Musée de France", "poids": 0.74, "visiteurs": 5535, "jauge": null}, "geometry": {"type": "Point", "coordinates": [1.08681, 49.443107]}}, {"type": "Feature", "properties": {"nom": "musée Jean Aicard", "code_insee": "83132", "commune": "Solliès-Ville", "categorie": "musee", "label": "Musée de France", "poids": 0.74, "visiteurs": 5459, "jauge": null}, "geometry": {"type": "Point", "coordinates": [6.038563, 43.181775]}}, {"type": "Feature", "properties": {"nom": "musée de la voiture à cheval. Au temps des calèches", "code_insee": "33067", "commune": "Bourg", "categorie": "musee", "label": "Musée de France", "poids": 0.74, "visiteurs": 5504, "jauge": null}, "geometry": {"type": "Point", "coordinates": [-0.56023, 45.039725]}}, {"type": "Feature", "properties": {"nom": "musée des beaux-arts", "code_insee": "39300", "commune": "Lons-le-Saunier", "categorie": "musee", "label": "Musée de France", "poids": 0.74, "visiteurs": 5512, "jauge": null}, "geometry": {"type": "Point", "coordinates": [5.553657, 46.676056]}}, {"type": "Feature", "properties": {"nom": "musée des beaux-arts et d'archéologie", "code_insee": "38544", "commune": "Vienne", "categorie": "musee", "label": "Musée de France", "poids": 0.74, "visiteurs": 5533, "jauge": null}, "geometry": {"type": "Point", "coordinates": [4.874745, 45.524046]}}, {"type": "Feature", "properties": {"nom": "musée de la Thiérache", "code_insee": "02789", "commune": "Vervins", "categorie": "musee", "label": "Musée de France", "poids": 0.74, "visiteurs": 5558, "jauge": null}, "geometry": {"type": "Point", "coordinates": [3.906327, 49.834897]}}, {"type": "Feature", "properties": {"nom": "Le Beffoi - musée Boucher de Perthes - Manessier", "code_insee": "80001", "commune": "Abbeville", "categorie": "musee", "label": "Musée de France", "poids": 0.73, "visiteurs": 5425, "jauge": null}, "geometry": {"type": "Point", "coordinates": [1.833231, 50.107126]}}, {"type": "Feature", "properties": {"nom": "musée Clémenceau et de Lattre de Tassigny", "code_insee": "85154", "commune": "Mouilleron-Saint-Germain", "categorie": "musee", "label": "Musée de France", "poids": 0.73, "visiteurs": 5314, "jauge": null}, "geometry": {"type": "Point", "coordinates": [-0.849519, 46.675285]}}, {"type": "Feature", "properties": {"nom": "musée Chintreuil", "code_insee": "01305", "commune": "Pont-de-Vaux", "categorie": "musee", "label": "Musée de France", "poids": 0.73, "visiteurs": 5320, "jauge": null}, "geometry": {"type": "Point", "coordinates": [4.93785, 46.43023]}}, {"type": "Feature", "properties": {"nom": "musée municipal", "code_insee": "27056", "commune": "Bernay", "categorie": "musee", "label": "Musée de France", "poids": 0.73, "visiteurs": 5421, "jauge": null}, "geometry": {"type": "Point", "coordinates": [0.598771, 49.088953]}}, {"type": "Feature", "properties": {"nom": "Musée d'histoire et d'archéologie de l'Alpe d'Huez", "code_insee": "38191", "commune": "Huez", "categorie": "musee", "label": "Musée de France", "poids": 0.73, "visiteurs": 5352, "jauge": null}, "geometry": {"type": "Point", "coordinates": [6.063814, 45.091268]}}, {"type": "Feature", "properties": {"nom": "musée de la coutellerie", "code_insee": "52353", "commune": "Nogent", "categorie": "musee", "label": "Musée de France", "poids": 0.73, "visiteurs": 5327, "jauge": null}, "geometry": {"type": "Point", "coordinates": [5.341281, 48.027466]}}, {"type": "Feature", "properties": {"nom": "musée de la Princerie", "code_insee": "55545", "commune": "Verdun", "categorie": "musee", "label": "Musée de France", "poids": 0.73, "visiteurs": 5366, "jauge": null}, "geometry": {"type": "Point", "coordinates": [5.382844, 49.161134]}}, {"type": "Feature", "properties": {"nom": "musée Alice Taverne", "code_insee": "42003", "commune": "Ambierle", "categorie": "musee", "label": "Musée de France", "poids": 0.72, "visiteurs": 5232, "jauge": null}, "geometry": {"type": "Point", "coordinates": [3.895223, 46.105215]}}, {"type": "Feature", "properties": {"nom": "musée de Cerdagne", "code_insee": "66181", "commune": "Sainte-Léocadie", "categorie": "musee", "label": "Musée de France", "poids": 0.72, "visiteurs": 5189, "jauge": null}, "geometry": {"type": "Point", "coordinates": [2.003383, 42.436649]}}, {"type": "Feature", "properties": {"nom": "musée des antiquités gallo-romaines", "code_insee": "38012", "commune": "Aoste", "categorie": "musee", "label": "Musée de France", "poids": 0.72, "visiteurs": 5209, "jauge": null}, "geometry": {"type": "Point", "coordinates": [5.606378, 45.587993]}}, {"type": "Feature", "properties": {"nom": "musée des beaux-arts et d'histoire naturelle", "code_insee": "28088", "commune": "Châteaudun", "categorie": "musee", "label": "Musée de France", "poids": 0.72, "visiteurs": 5233, "jauge": null}, "geometry": {"type": "Point", "coordinates": [1.327968, 48.071183]}}, {"type": "Feature", "properties": {"nom": "musée d'art et d'histoire de l'hôpital Sainte-Anne", "code_insee": "75114", "commune": "Paris 14e Arrondissement", "categorie": "musee", "label": "Musée de France", "poids": 0.72, "visiteurs": 5278, "jauge": null}, "geometry": {"type": "Point", "coordinates": [2.340449, 48.830228]}}, {"type": "Feature", "properties": {"nom": "musée folklorique et des traditions populaires", "code_insee": "69018", "commune": "Beaujeu", "categorie": "musee", "label": "Musée de France", "poids": 0.71, "visiteurs": 5104, "jauge": null}, "geometry": {"type": "Point", "coordinates": [4.588092, 46.154311]}}, {"type": "Feature", "properties": {"nom": "musée historique", "code_insee": "67180", "commune": "Haguenau", "categorie": "musee", "label": "Musée de France", "poids": 0.71, "visiteurs": 5085, "jauge": null}, "geometry": {"type": "Point", "coordinates": [7.791479, 48.812831]}}, {"type": "Feature", "properties": {"nom": "musée ciotaden", "code_insee": "13028", "commune": "La Ciotat", "categorie": "musee", "label": "Musée de France", "poids": 0.71, "visiteurs": 5111, "jauge": null}, "geometry": {"type": "Point", "coordinates": [5.609918, 43.173703]}}, {"type": "Feature", "properties": {"nom": "musée des arts africains et asiatiques (maison du missionnaire)", "code_insee": "03310", "commune": "Vichy", "categorie": "musee", "label": "Musée de France", "poids": 0.7, "visiteurs": 4978, "jauge": null}, "geometry": {"type": "Point", "coordinates": [3.420465, 46.128479]}}, {"type": "Feature", "properties": {"nom": "musée Benoît de Puydt", "code_insee": "59043", "commune": "Bailleul", "categorie": "musee", "label": "Musée de France", "poids": 0.7, "visiteurs": 4970, "jauge": null}, "geometry": {"type": "Point", "coordinates": [2.734443, 50.740683]}}, {"type": "Feature", "properties": {"nom": "musée de l'horlogerie", "code_insee": "76624", "commune": "Saint-Nicolas-d'Aliermont", "categorie": "musee", "label": "Musée de France", "poids": 0.7, "visiteurs": 5026, "jauge": null}, "geometry": {"type": "Point", "coordinates": [1.220486, 49.879582]}}, {"type": "Feature", "properties": {"nom": "musée du pays de Retz", "code_insee": "44021", "commune": "Villeneuve-en-Retz", "categorie": "musee", "label": "Musée de France", "poids": 0.7, "visiteurs": 5003, "jauge": null}, "geometry": {"type": "Point", "coordinates": [-1.951793, 47.042103]}}, {"type": "Feature", "properties": {"nom": "musée de la Loire", "code_insee": "58086", "commune": "Cosne-Cours-sur-Loire", "categorie": "musee", "label": "Musée de France", "poids": 0.7, "visiteurs": 5001, "jauge": null}, "geometry": {"type": "Point", "coordinates": [2.922687, 47.410507]}}, {"type": "Feature", "properties": {"nom": "écomusée de la Roudoule", "code_insee": "06098", "commune": "Puget-Rostang", "categorie": "musee", "label": "Musée de France", "poids": 0.7, "visiteurs": 5000, "jauge": null}, "geometry": {"type": "Point", "coordinates": [6.918747, 43.973881]}}, {"type": "Feature", "properties": {"nom": "musée des traditions", "code_insee": "85106", "commune": "La Guérinière", "categorie": "musee", "label": "Musée de France", "poids": 0.69, "visiteurs": 4896, "jauge": null}, "geometry": {"type": "Point", "coordinates": [-2.233804, 46.967009]}}, {"type": "Feature", "properties": {"nom": "musée du pays rabastinois", "code_insee": "81220", "commune": "Rabastens", "categorie": "musee", "label": "Musée de France", "poids": 0.69, "visiteurs": 4850, "jauge": null}, "geometry": {"type": "Point", "coordinates": [1.724647, 43.820436]}}, {"type": "Feature", "properties": {"nom": "musée Jadis Allevard", "code_insee": "38006", "commune": "Allevard", "categorie": "musee", "label": "Musée de France", "poids": 0.69, "visiteurs": 4859, "jauge": null}, "geometry": {"type": "Point", "coordinates": [6.076278, 45.392233]}}, {"type": "Feature", "properties": {"nom": "synagogue musée juif comtadin", "code_insee": "84035", "commune": "Cavaillon", "categorie": "musee", "label": "Musée de France", "poids": 0.68, "visiteurs": 4737, "jauge": null}, "geometry": {"type": "Point", "coordinates": [5.038599, 43.836937]}}, {"type": "Feature", "properties": {"nom": "musée Raymond Lafage", "code_insee": "81145", "commune": "Lisle-sur-Tarn", "categorie": "musee", "label": "Musée de France", "poids": 0.68, "visiteurs": 4741, "jauge": null}, "geometry": {"type": "Point", "coordinates": [1.811459, 43.852815]}}, {"type": "Feature", "properties": {"nom": "musée de l'histoire vivante", "code_insee": "93048", "commune": "Montreuil", "categorie": "musee", "label": "Musée de France", "poids": 0.68, "visiteurs": 4741, "jauge": null}, "geometry": {"type": "Point", "coordinates": [2.469723, 48.866211]}}, {"type": "Feature", "properties": {"nom": "musée de la vénerie", "code_insee": "60612", "commune": "Senlis", "categorie": "musee", "label": "Musée de France", "poids": 0.68, "visiteurs": 4742, "jauge": null}, "geometry": {"type": "Point", "coordinates": [2.585529, 49.207061]}}, {"type": "Feature", "properties": {"nom": "musée de la poêlerie", "code_insee": "50639", "commune": "Villedieu-les-Poêles-Rouffigny", "categorie": "musee", "label": "Musée de France", "poids": 0.68, "visiteurs": 4828, "jauge": null}, "geometry": {"type": "Point", "coordinates": [-1.221648, 48.840754]}}, {"type": "Feature", "properties": {"nom": "musée Fragonard", "code_insee": "06069", "commune": "Grasse", "categorie": "musee", "label": "Musée de France", "poids": 0.68, "visiteurs": 4738, "jauge": null}, "geometry": {"type": "Point", "coordinates": [6.921089, 43.65674]}}, {"type": "Feature", "properties": {"nom": "musée départemental de la Faïence et des Arts de la table", "code_insee": "40286", "commune": "Samadet", "categorie": "musee", "label": "Musée de France", "poids": 0.68, "visiteurs": 4743, "jauge": null}, "geometry": {"type": "Point", "coordinates": [-0.510726, 43.64118]}}, {"type": "Feature", "properties": {"nom": "musée des Saintes-Maries-de-la-Mer", "code_insee": "13096", "commune": "Saintes-Maries-de-la-Mer", "categorie": "musee", "label": "Musée de France", "poids": 0.67, "visiteurs": 4716, "jauge": null}, "geometry": {"type": "Point", "coordinates": [4.427775, 43.45124]}}, {"type": "Feature", "properties": {"nom": "musée de l'Echevinage", "code_insee": "17415", "commune": "Saintes", "categorie": "musee", "label": "Musée de France", "poids": 0.67, "visiteurs": 4659, "jauge": null}, "geometry": {"type": "Point", "coordinates": [-0.633138, 45.745887]}}, {"type": "Feature", "properties": {"nom": "musée d'art et d'histoire Louis Senlecq", "code_insee": "95313", "commune": "L'Isle-Adam", "categorie": "musee", "label": "Musée de France", "poids": 0.67, "visiteurs": 4707, "jauge": null}, "geometry": {"type": "Point", "coordinates": [2.218832, 49.112091]}}, {"type": "Feature", "properties": {"nom": "château-musée du Cayla", "code_insee": "81309", "commune": "Vaour", "categorie": "musee", "label": "Musée de France", "poids": 0.66, "visiteurs": 4553, "jauge": null}, "geometry": {"type": "Point", "coordinates": [1.899362, 44.010433]}}, {"type": "Feature", "properties": {"nom": "écomusée de l'île de Groix", "code_insee": "56069", "commune": "Groix", "categorie": "musee", "label": "Musée de France", "poids": 0.66, "visiteurs": 4616, "jauge": null}, "geometry": {"type": "Point", "coordinates": [-3.445128, 47.639304]}}, {"type": "Feature", "properties": {"nom": "musée Pascal Paoli", "code_insee": "2B169", "commune": "Morosaglia", "categorie": "musee", "label": "Musée de France", "poids": 0.66, "visiteurs": 4566, "jauge": null}, "geometry": {"type": "Point", "coordinates": [9.308909, 42.437753]}}, {"type": "Feature", "properties": {"nom": "musée départemental Stéphane Mallarmé", "code_insee": "77533", "commune": "Vulaines-sur-Seine", "categorie": "musee", "label": "Musée de France", "poids": 0.66, "visiteurs": 4565, "jauge": null}, "geometry": {"type": "Point", "coordinates": [2.746605, 48.430323]}}, {"type": "Feature", "properties": {"nom": "musée d'histoire locale", "code_insee": "06018", "commune": "Biot", "categorie": "musee", "label": "Musée de France", "poids": 0.65, "visiteurs": 4518, "jauge": null}, "geometry": {"type": "Point", "coordinates": [7.098193, 43.62753]}}, {"type": "Feature", "properties": {"nom": "musée municipal", "code_insee": "71263", "commune": "Louhans", "categorie": "musee", "label": "Musée de France", "poids": 0.65, "visiteurs": 4493, "jauge": null}, "geometry": {"type": "Point", "coordinates": [5.224505, 46.630536]}}, {"type": "Feature", "properties": {"nom": "musée municipal des Capucins", "code_insee": "77131", "commune": "Coulommiers", "categorie": "musee", "label": "Musée de France", "poids": 0.65, "visiteurs": 4438, "jauge": null}, "geometry": {"type": "Point", "coordinates": [3.087488, 48.809887]}}, {"type": "Feature", "properties": {"nom": "musée municipal", "code_insee": "21464", "commune": "Nuits-Saint-Georges", "categorie": "musee", "label": "Musée de France", "poids": 0.65, "visiteurs": 4467, "jauge": null}, "geometry": {"type": "Point", "coordinates": [4.950549, 47.138756]}}, {"type": "Feature", "properties": {"nom": "musée Tavet Delacour", "code_insee": "95500", "commune": "Pontoise", "categorie": "musee", "label": "Musée de France", "poids": 0.65, "visiteurs": 4428, "jauge": null}, "geometry": {"type": "Point", "coordinates": [2.099776, 49.050929]}}, {"type": "Feature", "properties": {"nom": "musée Milcendeau-Jean Yole", "code_insee": "85284", "commune": "Soullans", "categorie": "musee", "label": "Musée de France", "poids": 0.65, "visiteurs": 4476, "jauge": null}, "geometry": {"type": "Point", "coordinates": [-1.909997, 46.77855]}}, {"type": "Feature", "properties": {"nom": "musée municipal Georges Borias", "code_insee": "30334", "commune": "Uzès", "categorie": "musee", "label": "Musée de France", "poids": 0.65, "visiteurs": 4487, "jauge": null}, "geometry": {"type": "Point", "coordinates": [4.422092, 44.01242]}}, {"type": "Feature", "properties": {"nom": "musée \"Au fil du papier\"", "code_insee": "54431", "commune": "Pont-à-Mousson", "categorie": "musee", "label": "Musée de France", "poids": 0.64, "visiteurs": 4381, "jauge": null}, "geometry": {"type": "Point", "coordinates": [6.056161, 48.901703]}}, {"type": "Feature", "properties": {"nom": "musée de la carte postale", "code_insee": "56010", "commune": "Baud", "categorie": "musee", "label": "Musée de France", "poids": 0.64, "visiteurs": 4415, "jauge": null}, "geometry": {"type": "Point", "coordinates": [-3.016862, 47.875277]}}, {"type": "Feature", "properties": {"nom": "musée Bernadotte", "code_insee": "64445", "commune": "Pau", "categorie": "musee", "label": "Musée de France", "poids": 0.64, "visiteurs": 4348, "jauge": null}, "geometry": {"type": "Point", "coordinates": [-0.372526, 43.297209]}}, {"type": "Feature", "properties": {"nom": "musée départemental du textile", "code_insee": "81115", "commune": "Labastide-Rouairoux", "categorie": "musee", "label": "Musée de France", "poids": 0.64, "visiteurs": 4379, "jauge": null}, "geometry": {"type": "Point", "coordinates": [2.637391, 43.477636]}}, {"type": "Feature", "properties": {"nom": "musée municipal", "code_insee": "52448", "commune": "Saint-Dizier", "categorie": "musee", "label": "Musée de France", "poids": 0.64, "visiteurs": 4390, "jauge": null}, "geometry": {"type": "Point", "coordinates": [4.948145, 48.637882]}}, {"type": "Feature", "properties": {"nom": "musée municipal Albert Marzelles", "code_insee": "47157", "commune": "Marmande", "categorie": "musee", "label": "Musée de France", "poids": 0.64, "visiteurs": 4377, "jauge": null}, "geometry": {"type": "Point", "coordinates": [0.16608, 44.498902]}}, {"type": "Feature", "properties": {"nom": "musée des beaux-arts et d'archéologie", "code_insee": "52121", "commune": "Chaumont", "categorie": "musee", "label": "Musée de France", "poids": 0.63, "visiteurs": 4310, "jauge": null}, "geometry": {"type": "Point", "coordinates": [5.137996, 48.112133]}}, {"type": "Feature", "properties": {"nom": "musée du peigne et de la plasturgie", "code_insee": "01283", "commune": "Oyonnax", "categorie": "musee", "label": "Musée de France", "poids": 0.63, "visiteurs": 4251, "jauge": null}, "geometry": {"type": "Point", "coordinates": [5.652097, 46.255908]}}, {"type": "Feature", "properties": {"nom": "musée d'histoire naturelle Philadelphe-Thomas", "code_insee": "81099", "commune": "Gaillac", "categorie": "musee", "label": "Musée de France", "poids": 0.63, "visiteurs": 4310, "jauge": null}, "geometry": {"type": "Point", "coordinates": [1.894151, 43.899156]}}, {"type": "Feature", "properties": {"nom": "musée agathois", "code_insee": "34003", "commune": "Agde", "categorie": "musee", "label": "Musée de France", "poids": 0.63, "visiteurs": 4299, "jauge": null}, "geometry": {"type": "Point", "coordinates": [3.468735, 43.311797]}}, {"type": "Feature", "properties": {"nom": "musée des beaux-arts", "code_insee": "34032", "commune": "Béziers", "categorie": "musee", "label": "Musée de France", "poids": 0.63, "visiteurs": 4286, "jauge": null}, "geometry": {"type": "Point", "coordinates": [3.211197, 43.341459]}}, {"type": "Feature", "properties": {"nom": "musée d'art et d'histoire Romain Rolland", "code_insee": "58079", "commune": "Clamecy", "categorie": "musee", "label": "Musée de France", "poids": 0.63, "visiteurs": 4288, "jauge": null}, "geometry": {"type": "Point", "coordinates": [3.52056, 47.460752]}}, {"type": "Feature", "properties": {"nom": "musée archéologique", "code_insee": "17415", "commune": "Saintes", "categorie": "musee", "label": "Musée de France", "poids": 0.63, "visiteurs": 4231, "jauge": null}, "geometry": {"type": "Point", "coordinates": [-0.628864, 45.745106]}}, {"type": "Feature", "properties": {"nom": "musée rural", "code_insee": "42318", "commune": "Usson-en-Forez", "categorie": "musee", "label": "Musée de France", "poids": 0.63, "visiteurs": 4302, "jauge": null}, "geometry": {"type": "Point", "coordinates": [3.941897, 45.390998]}}, {"type": "Feature", "properties": {"nom": "musée Grobet-Labadié", "code_insee": "13201", "commune": "Marseille 1er Arrondissement", "categorie": "musee", "label": "Musée de France", "poids": 0.62, "visiteurs": 4140, "jauge": null}, "geometry": {"type": "Point", "coordinates": [5.393048, 43.303238]}}, {"type": "Feature", "properties": {"nom": "musée Jean Aicard", "code_insee": "83062", "commune": "La Garde", "categorie": "musee", "label": "Musée de France", "poids": 0.62, "visiteurs": 4124, "jauge": null}, "geometry": {"type": "Point", "coordinates": [6.004393, 43.114675]}}, {"type": "Feature", "properties": {"nom": "musée municipal", "code_insee": "63247", "commune": "Murol", "categorie": "musee", "label": "Musée de France", "poids": 0.62, "visiteurs": 4127, "jauge": null}, "geometry": {"type": "Point", "coordinates": [2.942697, 45.574528]}}, {"type": "Feature", "properties": {"nom": "musée de l'Avallonnais Jean Després", "code_insee": "89025", "commune": "Avallon", "categorie": "musee", "label": "Musée de France", "poids": 0.61, "visiteurs": 4074, "jauge": null}, "geometry": {"type": "Point", "coordinates": [3.906589, 47.486906]}}, {"type": "Feature", "properties": {"nom": "musée Lombart", "code_insee": "80253", "commune": "Doullens", "categorie": "musee", "label": "Musée de France", "poids": 0.61, "visiteurs": 4080, "jauge": null}, "geometry": {"type": "Point", "coordinates": [2.343761, 50.154475]}}, {"type": "Feature", "properties": {"nom": "musée Marcel Proust", "code_insee": "28196", "commune": "Illiers-Combray", "categorie": "musee", "label": "Musée de France", "poids": 0.61, "visiteurs": 4041, "jauge": null}, "geometry": {"type": "Point", "coordinates": [1.243452, 48.29985]}}, {"type": "Feature", "properties": {"nom": "musée de la résistance et de la déportation", "code_insee": "02738", "commune": "Tergnier", "categorie": "musee", "label": "Musée de France", "poids": 0.61, "visiteurs": 4078, "jauge": null}, "geometry": {"type": "Point", "coordinates": [3.313525, 49.659059]}}, {"type": "Feature", "properties": {"nom": "musée de la vigne et du vin d'Anjou", "code_insee": "49292", "commune": "Val-du-Layon", "categorie": "musee", "label": "Musée de France", "poids": 0.61, "visiteurs": 4107, "jauge": null}, "geometry": {"type": "Point", "coordinates": [-0.633268, 47.299833]}}, {"type": "Feature", "properties": {"nom": "musée de la cloche et de la sonnaille", "code_insee": "34119", "commune": "Hérépian", "categorie": "musee", "label": "Musée de France", "poids": 0.6, "visiteurs": 3984, "jauge": null}, "geometry": {"type": "Point", "coordinates": [3.112242, 43.593812]}}, {"type": "Feature", "properties": {"nom": "musée gallo-romain", "code_insee": "64190", "commune": "Claracq", "categorie": "musee", "label": "Musée de France", "poids": 0.6, "visiteurs": 3997, "jauge": null}, "geometry": {"type": "Point", "coordinates": [-0.299852, 43.510384]}}, {"type": "Feature", "properties": {"nom": "musée Guillon du compagnonnage", "code_insee": "71372", "commune": "Romanèche-Thorins", "categorie": "musee", "label": "Musée de France", "poids": 0.6, "visiteurs": 4027, "jauge": null}, "geometry": {"type": "Point", "coordinates": [4.733915, 46.187997]}}, {"type": "Feature", "properties": {"nom": "musée George Sand et de la vallée noire", "code_insee": "36046", "commune": "La Châtre", "categorie": "musee", "label": "Musée de France", "poids": 0.59, "visiteurs": 3919, "jauge": null}, "geometry": {"type": "Point", "coordinates": [1.983231, 46.582105]}}, {"type": "Feature", "properties": {"nom": "bibliothèque-musée Inguimbertine", "code_insee": "84031", "commune": "Carpentras", "categorie": "musee", "label": "Musée de France", "poids": 0.59, "visiteurs": 3898, "jauge": null}, "geometry": {"type": "Point", "coordinates": [5.045171, 44.054254]}}, {"type": "Feature", "properties": {"nom": "musée d'archéologie", "code_insee": "32208", "commune": "Lectoure", "categorie": "musee", "label": "Musée de France", "poids": 0.59, "visiteurs": 3908, "jauge": null}, "geometry": {"type": "Point", "coordinates": [0.623987, 43.933431]}}, {"type": "Feature", "properties": {"nom": "musée de la Tour des échevins", "code_insee": "70311", "commune": "Luxeuil-les-Bains", "categorie": "musee", "label": "Musée de France", "poids": 0.59, "visiteurs": 3861, "jauge": null}, "geometry": {"type": "Point", "coordinates": [6.380343, 47.817868]}}, {"type": "Feature", "properties": {"nom": "musée Alfred Douët", "code_insee": "15187", "commune": "Saint-Flour", "categorie": "musee", "label": "Musée de France", "poids": 0.59, "visiteurs": 3890, "jauge": null}, "geometry": {"type": "Point", "coordinates": [3.095067, 45.034016]}}, {"type": "Feature", "properties": {"nom": "musée d'art et d'histoire de Montmorillon", "code_insee": "86165", "commune": "Montmorillon", "categorie": "musee", "label": "Musée de France", "poids": 0.58, "visiteurs": 3825, "jauge": null}, "geometry": {"type": "Point", "coordinates": [0.873271, 46.428256]}}, {"type": "Feature", "properties": {"nom": "musée du feutre", "code_insee": "08311", "commune": "Mouzon", "categorie": "musee", "label": "Musée de France", "poids": 0.58, "visiteurs": 3808, "jauge": null}, "geometry": {"type": "Point", "coordinates": [5.075091, 49.605912]}}, {"type": "Feature", "properties": {"nom": "musée archéologique", "code_insee": "01192", "commune": "Izernore", "categorie": "musee", "label": "Musée de France", "poids": 0.58, "visiteurs": 3841, "jauge": null}, "geometry": {"type": "Point", "coordinates": [5.555697, 46.220023]}}, {"type": "Feature", "properties": {"nom": "musée du bocage normand, ferme du bois Jugan", "code_insee": "50502", "commune": "Saint-Lô", "categorie": "musee", "label": "Musée de France", "poids": 0.58, "visiteurs": 3812, "jauge": null}, "geometry": {"type": "Point", "coordinates": [-1.127771, 49.138314]}}, {"type": "Feature", "properties": {"nom": "musée Saint-Vic", "code_insee": "18197", "commune": "Saint-Amand-Montrond", "categorie": "musee", "label": "Musée de France", "poids": 0.57, "visiteurs": 3701, "jauge": null}, "geometry": {"type": "Point", "coordinates": [2.507167, 46.720899]}}, {"type": "Feature", "properties": {"nom": "musée archéologique", "code_insee": "40287", "commune": "Sanguinet", "categorie": "musee", "label": "Musée de France", "poids": 0.57, "visiteurs": 3689, "jauge": null}, "geometry": {"type": "Point", "coordinates": [-1.075284, 44.482955]}}, {"type": "Feature", "properties": {"nom": "musée d'ethnologie régionale", "code_insee": "62119", "commune": "Béthune", "categorie": "musee", "label": "Musée de France", "poids": 0.57, "visiteurs": 3735, "jauge": null}, "geometry": {"type": "Point", "coordinates": [2.647313, 50.535869]}}, {"type": "Feature", "properties": {"nom": "musée du liège et du bouchon", "code_insee": "47167", "commune": "Mézin", "categorie": "musee", "label": "Musée de France", "poids": 0.57, "visiteurs": 3708, "jauge": null}, "geometry": {"type": "Point", "coordinates": [0.256203, 44.056455]}}, {"type": "Feature", "properties": {"nom": "musée de l'armée secrète et de la résistance", "code_insee": "42091", "commune": "Estivareilles", "categorie": "musee", "label": "Musée de France", "poids": 0.56, "visiteurs": 3597, "jauge": null}, "geometry": {"type": "Point", "coordinates": [4.010717, 45.41622]}}, {"type": "Feature", "properties": {"nom": "musée du Pic-Saint-Loup", "code_insee": "34153", "commune": "Les Matelles", "categorie": "musee", "label": "Musée de France", "poids": 0.56, "visiteurs": 3645, "jauge": null}, "geometry": {"type": "Point", "coordinates": [3.808607, 43.725307]}}, {"type": "Feature", "properties": {"nom": "musée municipal", "code_insee": "37196", "commune": "Richelieu", "categorie": "musee", "label": "Musée de France", "poids": 0.56, "visiteurs": 3619, "jauge": null}, "geometry": {"type": "Point", "coordinates": [0.324082, 47.01229]}}, {"type": "Feature", "properties": {"nom": "musée barrois", "code_insee": "55029", "commune": "Bar-le-Duc", "categorie": "musee", "label": "Musée de France", "poids": 0.55, "visiteurs": 3509, "jauge": null}, "geometry": {"type": "Point", "coordinates": [5.156889, 48.771755]}}, {"type": "Feature", "properties": {"nom": "écomusée industriel des forges", "code_insee": "56090", "commune": "Inzinzac-Lochrist", "categorie": "musee", "label": "Musée de France", "poids": 0.55, "visiteurs": 3585, "jauge": null}, "geometry": {"type": "Point", "coordinates": [-3.253481, 47.823825]}}, {"type": "Feature", "properties": {"nom": "musée du vieux Saint-Chamas", "code_insee": "13092", "commune": "Saint-Chamas", "categorie": "musee", "label": "Musée de France", "poids": 0.55, "visiteurs": 3540, "jauge": null}, "geometry": {"type": "Point", "coordinates": [5.033341, 43.549239]}}, {"type": "Feature", "properties": {"nom": "musée municipal", "code_insee": "21603", "commune": "Semur-en-Auxois", "categorie": "musee", "label": "Musée de France", "poids": 0.55, "visiteurs": 3551, "jauge": null}, "geometry": {"type": "Point", "coordinates": [4.334408, 47.490125]}}, {"type": "Feature", "properties": {"nom": "maison du blé et du pain", "code_insee": "71566", "commune": "Verdun-sur-le-Doubs", "categorie": "musee", "label": "Musée de France", "poids": 0.54, "visiteurs": 3475, "jauge": null}, "geometry": {"type": "Point", "coordinates": [5.022031, 46.898783]}}, {"type": "Feature", "properties": {"nom": "musée cévenol", "code_insee": "30350", "commune": "Le Vigan", "categorie": "musee", "label": "Musée de France", "poids": 0.54, "visiteurs": 3470, "jauge": null}, "geometry": {"type": "Point", "coordinates": [3.607102, 43.988819]}}, {"type": "Feature", "properties": {"nom": "musée des manufactures de dentelles", "code_insee": "43162", "commune": "Retournac", "categorie": "musee", "label": "Musée de France", "poids": 0.54, "visiteurs": 3492, "jauge": null}, "geometry": {"type": "Point", "coordinates": [4.034354, 45.202567]}}, {"type": "Feature", "properties": {"nom": "musée du sapeur-pompier", "code_insee": "68347", "commune": "Vieux-Ferrette", "categorie": "musee", "label": "Musée de France", "poids": 0.54, "visiteurs": 3460, "jauge": null}, "geometry": {"type": "Point", "coordinates": [7.304659, 47.503668]}}, {"type": "Feature", "properties": {"nom": "musée des beaux-arts", "code_insee": "81099", "commune": "Gaillac", "categorie": "musee", "label": "Musée de France", "poids": 0.54, "visiteurs": 3486, "jauge": null}, "geometry": {"type": "Point", "coordinates": [1.898122, 43.894939]}}, {"type": "Feature", "properties": {"nom": "musée de la Folie Marco", "code_insee": "67021", "commune": "Barr", "categorie": "musee", "label": "Musée de France", "poids": 0.53, "visiteurs": 3379, "jauge": null}, "geometry": {"type": "Point", "coordinates": [7.451037, 48.410532]}}, {"type": "Feature", "properties": {"nom": "collections de la fondation de Coubertin", "code_insee": "78575", "commune": "Saint-Rémy-lès-Chevreuse", "categorie": "musee", "label": "Musée de France", "poids": 0.53, "visiteurs": 3417, "jauge": null}, "geometry": {"type": "Point", "coordinates": [2.061506, 48.701753]}}, {"type": "Feature", "properties": {"nom": "musée municipal", "code_insee": "79049", "commune": "Bressuire", "categorie": "musee", "label": "Musée de France", "poids": 0.53, "visiteurs": 3357, "jauge": null}, "geometry": {"type": "Point", "coordinates": [-0.492957, 46.841795]}}, {"type": "Feature", "properties": {"nom": "musée-bibliothèque Pétrarque", "code_insee": "84139", "commune": "Fontaine-de-Vaucluse", "categorie": "musee", "label": "Musée de France", "poids": 0.53, "visiteurs": 3366, "jauge": null}, "geometry": {"type": "Point", "coordinates": [5.128439, 43.92191]}}, {"type": "Feature", "properties": {"nom": "musée départemental Raymond Poincaré", "code_insee": "55467", "commune": "Sampigny", "categorie": "musee", "label": "Musée de France", "poids": 0.52, "visiteurs": 3347, "jauge": null}, "geometry": {"type": "Point", "coordinates": [5.510806, 48.824071]}}, {"type": "Feature", "properties": {"nom": "musée municipal", "code_insee": "62767", "commune": "Saint-Pol-sur-Ternoise", "categorie": "musee", "label": "Musée de France", "poids": 0.52, "visiteurs": 3318, "jauge": null}, "geometry": {"type": "Point", "coordinates": [2.33644, 50.381181]}}, {"type": "Feature", "properties": {"nom": "musée Mainssieux", "code_insee": "38563", "commune": "Voiron", "categorie": "musee", "label": "Musée de France", "poids": 0.52, "visiteurs": 3293, "jauge": null}, "geometry": {"type": "Point", "coordinates": [5.593873, 45.367025]}}, {"type": "Feature", "properties": {"nom": "musée du Bugey-Valromey", "code_insee": "01453", "commune": "Arvière-en-Valromey", "categorie": "musee", "label": "Musée de France", "poids": 0.52, "visiteurs": 3348, "jauge": null}, "geometry": {"type": "Point", "coordinates": [5.726814, 45.930522]}}, {"type": "Feature", "properties": {"nom": "musée Albert André", "code_insee": "30028", "commune": "Bagnols-sur-Cèze", "categorie": "musee", "label": "Musée de France", "poids": 0.51, "visiteurs": 3225, "jauge": null}, "geometry": {"type": "Point", "coordinates": [4.620325, 44.16193]}}, {"type": "Feature", "properties": {"nom": "musée de l'image populaire", "code_insee": "67372", "commune": "Val-de-Moder", "categorie": "musee", "label": "Musée de France", "poids": 0.51, "visiteurs": 3270, "jauge": null}, "geometry": {"type": "Point", "coordinates": [7.61159, 48.84479]}}, {"type": "Feature", "properties": {"nom": "musée du pays brignolais", "code_insee": "83023", "commune": "Brignoles", "categorie": "musee", "label": "Musée de France", "poids": 0.51, "visiteurs": 3240, "jauge": null}, "geometry": {"type": "Point", "coordinates": [6.058531, 43.407217]}}, {"type": "Feature", "properties": {"nom": "musée Vauban", "code_insee": "68231", "commune": "Neuf-Brisach", "categorie": "musee", "label": "Musée de France", "poids": 0.51, "visiteurs": 3247, "jauge": null}, "geometry": {"type": "Point", "coordinates": [7.52573, 48.015718]}}, {"type": "Feature", "properties": {"nom": "musée ornithologique", "code_insee": "36018", "commune": "Le Blanc", "categorie": "musee", "label": "Musée de France", "poids": 0.51, "visiteurs": 3241, "jauge": null}, "geometry": {"type": "Point", "coordinates": [1.062963, 46.628601]}}, {"type": "Feature", "properties": {"nom": "musée du cartonnage et de l'imprimerie", "code_insee": "84138", "commune": "Valréas", "categorie": "musee", "label": "Musée de France", "poids": 0.51, "visiteurs": 3260, "jauge": null}, "geometry": {"type": "Point", "coordinates": [4.987457, 44.382598]}}, {"type": "Feature", "properties": {"nom": "musée du vignoble et des vins d'Alsace", "code_insee": "68005", "commune": "Ammerschwihr", "categorie": "musee", "label": "Musée de France", "poids": 0.5, "visiteurs": 2431, "jauge": null}, "geometry": {"type": "Point", "coordinates": [7.280128, 48.126069]}}, {"type": "Feature", "properties": {"nom": "musée Sarret de Grozon", "code_insee": "39013", "commune": "Arbois", "categorie": "musee", "label": "Musée de France", "poids": 0.5, "visiteurs": 1579, "jauge": null}, "geometry": {"type": "Point", "coordinates": [5.774564, 46.902646]}}, {"type": "Feature", "properties": {"nom": "musée du vieil Argenteuil", "code_insee": "95018", "commune": "Argenteuil", "categorie": "musee", "label": "Musée de France", "poids": 0.5, "visiteurs": 2899, "jauge": null}, "geometry": {"type": "Point", "coordinates": [2.25723, 48.943636]}}, {"type": "Feature", "properties": {"nom": "musée municipal de la Vignasse", "code_insee": "30032", "commune": "Beaucaire", "categorie": "musee", "label": "Musée de France", "poids": 0.5, "visiteurs": 2189, "jauge": null}, "geometry": {"type": "Point", "coordinates": [4.644668, 43.806859]}}, {"type": "Feature", "properties": {"nom": "musée du Mont-de-Piété", "code_insee": "59067", "commune": "Bergues", "categorie": "musee", "label": "Musée de France", "poids": 0.5, "visiteurs": 2517, "jauge": null}, "geometry": {"type": "Point", "coordinates": [2.43026, 50.969487]}}, {"type": "Feature", "properties": {"nom": "musée de la poterie", "code_insee": "67339", "commune": "Betschdorf", "categorie": "musee", "label": "Musée de France", "poids": 0.5, "visiteurs": 2832, "jauge": null}, "geometry": {"type": "Point", "coordinates": [7.913961, 48.899888]}}, {"type": "Feature", "properties": {"nom": "musée des arts et traditions populaires", "code_insee": "44015", "commune": "Blain", "categorie": "musee", "label": "Musée de France", "poids": 0.5, "visiteurs": 2547, "jauge": null}, "geometry": {"type": "Point", "coordinates": [-1.764632, 47.475723]}}, {"type": "Feature", "properties": {"nom": "musée de l'Ostrevant", "code_insee": "59092", "commune": "Bouchain", "categorie": "musee", "label": "Musée de France", "poids": 0.5, "visiteurs": 471, "jauge": null}, "geometry": {"type": "Point", "coordinates": [3.310973, 50.284939]}}, {"type": "Feature", "properties": {"nom": "musée diocésain d'art sacré", "code_insee": "59122", "commune": "Cambrai", "categorie": "musee", "label": "Musée de France", "poids": 0.5, "visiteurs": 250, "jauge": null}, "geometry": {"type": "Point", "coordinates": [3.231369, 50.17298]}}, {"type": "Feature", "properties": {"nom": "musée municipal", "code_insee": "44036", "commune": "Châteaubriant", "categorie": "musee", "label": "Musée de France", "poids": 0.5, "visiteurs": 1353, "jauge": null}, "geometry": {"type": "Point", "coordinates": [-1.376101, 47.720818]}}, {"type": "Feature", "properties": {"nom": "Le Carroi, musée d'arts et d'histoire", "code_insee": "37072", "commune": "Chinon", "categorie": "musee", "label": "Musée de France", "poids": 0.5, "visiteurs": 2738, "jauge": null}, "geometry": {"type": "Point", "coordinates": [0.23765, 47.167271]}}, {"type": "Feature", "properties": {"nom": "fondation Arp", "code_insee": "92023", "commune": "Clamart", "categorie": "musee", "label": "Musée de France", "poids": 0.5, "visiteurs": 3006, "jauge": null}, "geometry": {"type": "Point", "coordinates": [2.244527, 48.803546]}}, {"type": "Feature", "properties": {"nom": "musée régional de géologie Pierre Vetter", "code_insee": "12089", "commune": "Decazeville", "categorie": "musee", "label": "Musée de France", "poids": 0.5, "visiteurs": 100, "jauge": null}, "geometry": {"type": "Point", "coordinates": [2.258803, 44.55511]}}, {"type": "Feature", "properties": {"nom": "musée municipal", "code_insee": "59205", "commune": "Escaudain", "categorie": "musee", "label": "Musée de France", "poids": 0.5, "visiteurs": 479, "jauge": null}, "geometry": {"type": "Point", "coordinates": [3.343355, 50.326219]}}, {"type": "Feature", "properties": {"nom": "musée des mœurs et coutumes", "code_insee": "12096", "commune": "Espalion", "categorie": "musee", "label": "Musée de France", "poids": 0.5, "visiteurs": 1648, "jauge": null}, "geometry": {"type": "Point", "coordinates": [2.760602, 44.52109]}}, {"type": "Feature", "properties": {"nom": "forge-musée", "code_insee": "90041", "commune": "Étueffont", "categorie": "musee", "label": "Musée de France", "poids": 0.5, "visiteurs": 1450, "jauge": null}, "geometry": {"type": "Point", "coordinates": [6.920976, 47.722507]}}, {"type": "Feature", "properties": {"nom": "musée d'histoire et de société", "code_insee": "95277", "commune": "Gonesse", "categorie": "musee", "label": "Musée de France", "poids": 0.5, "visiteurs": 1010, "jauge": null}, "geometry": {"type": "Point", "coordinates": [2.449988, 48.985926]}}, {"type": "Feature", "properties": {"nom": "musée Stendhal", "code_insee": "38185", "commune": "Grenoble", "categorie": "musee", "label": "Musée de France", "poids": 0.5, "visiteurs": 2955, "jauge": null}, "geometry": {"type": "Point", "coordinates": [5.728164, 45.19157]}}, {"type": "Feature", "properties": {"nom": "musée d'histoire et d'archéologie", "code_insee": "62413", "commune": "Harnes", "categorie": "musee", "label": "Musée de France", "poids": 0.5, "visiteurs": 345, "jauge": null}, "geometry": {"type": "Point", "coordinates": [2.91073, 50.447577]}}, {"type": "Feature", "properties": {"nom": "musée historique", "code_insee": "68162", "commune": "Kaysersberg Vignoble", "categorie": "musee", "label": "Musée de France", "poids": 0.5, "visiteurs": 2707, "jauge": null}, "geometry": {"type": "Point", "coordinates": [7.261362, 48.139101]}}, {"type": "Feature", "properties": {"nom": "musée municipal - musée du jouet", "code_insee": "61168", "commune": "La Ferté Macé", "categorie": "musee", "label": "Musée de France", "poids": 0.5, "visiteurs": 1404, "jauge": null}, "geometry": {"type": "Point", "coordinates": [-0.359164, 48.590372]}}, {"type": "Feature", "properties": {"nom": "musée des sciences", "code_insee": "53130", "commune": "Laval", "categorie": "musee", "label": "Musée de France", "poids": 0.5, "visiteurs": 1485, "jauge": null}, "geometry": {"type": "Point", "coordinates": [-0.773236, 48.065804]}}, {"type": "Feature", "properties": {"nom": "musée Nicolas Poussin", "code_insee": "27016", "commune": "Les Andelys", "categorie": "musee", "label": "Musée de France", "poids": 0.5, "visiteurs": 2575, "jauge": null}, "geometry": {"type": "Point", "coordinates": [1.420072, 49.246462]}}, {"type": "Feature", "properties": {"nom": "musée municipal des émaux et faïence", "code_insee": "54323", "commune": "Longwy", "categorie": "musee", "label": "Musée de France", "poids": 0.5, "visiteurs": 2235, "jauge": null}, "geometry": {"type": "Point", "coordinates": [5.764123, 49.52262]}}, {"type": "Feature", "properties": {"nom": "musée de la tour du moulin", "code_insee": "71275", "commune": "Marcigny", "categorie": "musee", "label": "Musée de France", "poids": 0.5, "visiteurs": 1650, "jauge": null}, "geometry": {"type": "Point", "coordinates": [4.042933, 46.274605]}}, {"type": "Feature", "properties": {"nom": "musée gallo-romain d'Uxellodunum", "code_insee": "46185", "commune": "Martel", "categorie": "musee", "label": "Musée de France", "poids": 0.5, "visiteurs": 627, "jauge": null}, "geometry": {"type": "Point", "coordinates": [1.609041, 44.93678]}}, {"type": "Feature", "properties": {"nom": "musée Victor Aubert", "code_insee": "78380", "commune": "Maule", "categorie": "musee", "label": "Musée de France", "poids": 0.5, "visiteurs": 510, "jauge": null}, "geometry": {"type": "Point", "coordinates": [1.849145, 48.909028]}}, {"type": "Feature", "properties": {"nom": "musée archéologique", "code_insee": "34158", "commune": "Minerve", "categorie": "musee", "label": "Musée de France", "poids": 0.5, "visiteurs": 2629, "jauge": null}, "geometry": {"type": "Point", "coordinates": [2.746451, 43.35407]}}, {"type": "Feature", "properties": {"nom": "musée Mathon-Durand", "code_insee": "76462", "commune": "Neufchâtel-en-Bray", "categorie": "musee", "label": "Musée de France", "poids": 0.5, "visiteurs": 869, "jauge": null}, "geometry": {"type": "Point", "coordinates": [1.439215, 49.731048]}}, {"type": "Feature", "properties": {"nom": "musée Joseph Puig", "code_insee": "66136", "commune": "Perpignan", "categorie": "musee", "label": "Musée de France", "poids": 0.5, "visiteurs": 1868, "jauge": null}, "geometry": {"type": "Point", "coordinates": [2.883256, 42.69945]}}, {"type": "Feature", "properties": {"nom": "musée Vulliod de Saint-Germain", "code_insee": "34199", "commune": "Pézenas", "categorie": "musee", "label": "Musée de France", "poids": 0.5, "visiteurs": 1898, "jauge": null}, "geometry": {"type": "Point", "coordinates": [3.423056, 43.461401]}}, {"type": "Feature", "properties": {"nom": "musée d'art et d'histoire", "code_insee": "78498", "commune": "Poissy", "categorie": "musee", "label": "Musée de France", "poids": 0.5, "visiteurs": 3116, "jauge": null}, "geometry": {"type": "Point", "coordinates": [2.038449, 48.931068]}}, {"type": "Feature", "properties": {"nom": "musée du Rethelois et du Porcien", "code_insee": "08362", "commune": "Rethel", "categorie": "musee", "label": "Musée de France", "poids": 0.5, "visiteurs": 908, "jauge": null}, "geometry": {"type": "Point", "coordinates": [4.361582, 49.508035]}}, {"type": "Feature", "properties": {"nom": "musée du grès", "code_insee": "58227", "commune": "Saint-Amand-en-Puisaye", "categorie": "musee", "label": "Musée de France", "poids": 0.5, "visiteurs": 2475, "jauge": null}, "geometry": {"type": "Point", "coordinates": [3.074007, 47.531706]}}, {"type": "Feature", "properties": {"nom": "bibliothèque-musée", "code_insee": "72269", "commune": "Saint-Calais", "categorie": "musee", "label": "Musée de France", "poids": 0.5, "visiteurs": 793, "jauge": null}, "geometry": {"type": "Point", "coordinates": [0.743056, 47.920962]}}, {"type": "Feature", "properties": {"nom": "Le Musée - Arts et Figures des Pyrénées Centrales", "code_insee": "31483", "commune": "Saint-Gaudens", "categorie": "musee", "label": "Musée de France", "poids": 0.5, "visiteurs": 1256, "jauge": null}, "geometry": {"type": "Point", "coordinates": [0.725592, 43.107548]}}, {"type": "Feature", "properties": {"nom": "musées du parc naturel régional de Brière", "code_insee": "44168", "commune": "Saint-Joachim", "categorie": "musee", "label": "Musée de France", "poids": 0.5, "visiteurs": 744, "jauge": null}, "geometry": {"type": "Point", "coordinates": [-2.21362, 47.372443]}}, {"type": "Feature", "properties": {"nom": "musée Louis Jourdan", "code_insee": "01383", "commune": "Saint-Paul-de-Varax", "categorie": "musee", "label": "Musée de France", "poids": 0.5, "visiteurs": 234, "jauge": null}, "geometry": {"type": "Point", "coordinates": [5.129093, 46.098472]}}, {"type": "Feature", "properties": {"nom": "musée du charroi rural", "code_insee": "12255", "commune": "Salmiech", "categorie": "musee", "label": "Musée de France", "poids": 0.5, "visiteurs": 805, "jauge": null}, "geometry": {"type": "Point", "coordinates": [2.611416, 44.200431]}}, {"type": "Feature", "properties": {"nom": "musée départemental d'art sacré", "code_insee": "61464", "commune": "Sées", "categorie": "musee", "label": "Musée de France", "poids": 0.5, "visiteurs": 1043, "jauge": null}, "geometry": {"type": "Point", "coordinates": [0.171574, 48.605263]}}, {"type": "Feature", "properties": {"nom": "musée de la batellerie du Rhône", "code_insee": "07313", "commune": "Serrières", "categorie": "musee", "label": "Musée de France", "poids": 0.5, "visiteurs": 714, "jauge": null}, "geometry": {"type": "Point", "coordinates": [4.763282, 45.317963]}}, {"type": "Feature", "properties": {"nom": "musée des Corbières", "code_insee": "11379", "commune": "Sigean", "categorie": "musee", "label": "Musée de France", "poids": 0.5, "visiteurs": 1138, "jauge": null}, "geometry": {"type": "Point", "coordinates": [2.979242, 43.028769]}}, {"type": "Feature", "properties": {"nom": "musée de la société d'histoire \"les amis de Thann\"", "code_insee": "68334", "commune": "Thann", "categorie": "musee", "label": "Musée de France", "poids": 0.5, "visiteurs": 1702, "jauge": null}, "geometry": {"type": "Point", "coordinates": [7.101737, 47.812283]}}, {"type": "Feature", "properties": {"nom": "musée Auguste Grasset", "code_insee": "58304", "commune": "Varzy", "categorie": "musee", "label": "Musée de France", "poids": 0.5, "visiteurs": 1456, "jauge": null}, "geometry": {"type": "Point", "coordinates": [3.388458, 47.358844]}}, {"type": "Feature", "properties": {"nom": "musée municipal", "code_insee": "33547", "commune": "Villandraut", "categorie": "musee", "label": "Musée de France", "poids": 0.5, "visiteurs": 700, "jauge": null}, "geometry": {"type": "Point", "coordinates": [-0.373191, 44.45714]}}, {"type": "Feature", "properties": {"nom": "musée d'art et d'histoire de Puisaye", "code_insee": "89472", "commune": "Villiers-Saint-Benoît", "categorie": "musee", "label": "Musée de France", "poids": 0.5, "visiteurs": 1313, "jauge": null}, "geometry": {"type": "Point", "coordinates": [3.20739, 47.780142]}}, {"type": "Feature", "properties": {"nom": "musée Emile Jean", "code_insee": "94079", "commune": "Villiers-sur-Marne", "categorie": "musee", "label": "Musée de France", "poids": 0.5, "visiteurs": 52, "jauge": null}, "geometry": {"type": "Point", "coordinates": [2.543144, 48.826701]}}, {"type": "Feature", "properties": {"nom": "musée municipal des ivoires", "code_insee": "76758", "commune": "Yvetot", "categorie": "musee", "label": "Musée de France", "poids": 0.5, "visiteurs": 1002, "jauge": null}, "geometry": {"type": "Point", "coordinates": [0.755132, 49.617421]}}, {"type": "Feature", "properties": {"nom": "musée archéologique et minéralogique Pierre Borrione", "code_insee": "73006", "commune": "Aime-la-Plagne", "categorie": "musee", "label": "Musée de France", "poids": 0.5, "visiteurs": 394, "jauge": null}, "geometry": {"type": "Point", "coordinates": [6.646111, 45.555375]}}, {"type": "Feature", "properties": {"nom": "musée lapidaire Saint-Nicolas", "code_insee": "71014", "commune": "Autun", "categorie": "musee", "label": "Musée de France", "poids": 0.5, "visiteurs": 500, "jauge": null}, "geometry": {"type": "Point", "coordinates": [4.300181, 46.955342]}}, {"type": "Feature", "properties": {"nom": "musée du pays de Luchon", "code_insee": "31042", "commune": "Bagnères-de-Luchon", "categorie": "musee", "label": "Musée de France", "poids": 0.5, "visiteurs": 719, "jauge": null}, "geometry": {"type": "Point", "coordinates": [0.591715, 42.7892]}}, {"type": "Feature", "properties": {"nom": "muséum d'histoire naturelle", "code_insee": "34032", "commune": "Béziers", "categorie": "musee", "label": "Musée de France", "poids": 0.5, "visiteurs": 112, "jauge": null}, "geometry": {"type": "Point", "coordinates": [3.211238, 43.343248]}}, {"type": "Feature", "properties": {"nom": "musée archéologique", "code_insee": "33057", "commune": "Blasimon", "categorie": "musee", "label": "Musée de France", "poids": 0.5, "visiteurs": 730, "jauge": null}, "geometry": {"type": "Point", "coordinates": [-0.075174, 44.748886]}}, {"type": "Feature", "properties": {"nom": "musée archéologique du Lauragais", "code_insee": "11076", "commune": "Castelnaudary", "categorie": "musee", "label": "Musée de France", "poids": 0.5, "visiteurs": 930, "jauge": null}, "geometry": {"type": "Point", "coordinates": [1.958771, 43.315626]}}, {"type": "Feature", "properties": {"nom": "musée de l'hôtel-Dieu", "code_insee": "84035", "commune": "Cavaillon", "categorie": "musee", "label": "Musée de France", "poids": 0.5, "visiteurs": 1195, "jauge": null}, "geometry": {"type": "Point", "coordinates": [5.038056, 43.837126]}}, {"type": "Feature", "properties": {"nom": "musée de la porte de Thann", "code_insee": "68063", "commune": "Cernay", "categorie": "musee", "label": "Musée de France", "poids": 0.5, "visiteurs": 151, "jauge": null}, "geometry": {"type": "Point", "coordinates": [7.174289, 47.809504]}}, {"type": "Feature", "properties": {"nom": "musée Garinet", "code_insee": "51108", "commune": "Châlons-en-Champagne", "categorie": "musee", "label": "Musée de France", "poids": 0.5, "visiteurs": 1113, "jauge": null}, "geometry": {"type": "Point", "coordinates": [4.366499, 48.955864]}}, {"type": "Feature", "properties": {"nom": "muséum d'histoire naturelle", "code_insee": "73065", "commune": "Chambéry", "categorie": "musee", "label": "Musée de France", "poids": 0.5, "visiteurs": 3081, "jauge": null}, "geometry": {"type": "Point", "coordinates": [5.91626, 45.563936]}}, {"type": "Feature", "properties": {"nom": "musée de l'Armagnac", "code_insee": "32107", "commune": "Condom", "categorie": "musee", "label": "Musée de France", "poids": 0.5, "visiteurs": 1345, "jauge": null}, "geometry": {"type": "Point", "coordinates": [0.371609, 43.958813]}}, {"type": "Feature", "properties": {"nom": "musée Quentovic", "code_insee": "62318", "commune": "Étaples", "categorie": "musee", "label": "Musée de France", "poids": 0.5, "visiteurs": 555, "jauge": null}, "geometry": {"type": "Point", "coordinates": [1.637715, 50.51398]}}, {"type": "Feature", "properties": {"nom": "musée d'histoire de Figeac", "code_insee": "46102", "commune": "Figeac", "categorie": "musee", "label": "Musée de France", "poids": 0.5, "visiteurs": 786, "jauge": null}, "geometry": {"type": "Point", "coordinates": [2.036486, 44.610743]}}, {"type": "Feature", "properties": {"nom": "musée municipal", "code_insee": "34108", "commune": "Frontignan", "categorie": "musee", "label": "Musée de France", "poids": 0.5, "visiteurs": 3038, "jauge": null}, "geometry": {"type": "Point", "coordinates": [3.75489, 43.447102]}}, {"type": "Feature", "properties": {"nom": "musée de l'abbaye Saint-Michel", "code_insee": "81099", "commune": "Gaillac", "categorie": "musee", "label": "Musée de France", "poids": 0.5, "visiteurs": 2161, "jauge": null}, "geometry": {"type": "Point", "coordinates": [1.896083, 43.89695]}}, {"type": "Feature", "properties": {"nom": "musée d'Art et d'Histoire de Granville", "code_insee": "50218", "commune": "Granville", "categorie": "musee", "label": "Musée de France", "poids": 0.5, "visiteurs": 36, "jauge": null}, "geometry": {"type": "Point", "coordinates": [-1.602833, 48.837243]}}, {"type": "Feature", "properties": {"nom": "musée Théodore Calbet", "code_insee": "82075", "commune": "Grisolles", "categorie": "musee", "label": "Musée de France", "poids": 0.5, "visiteurs": 2523, "jauge": null}, "geometry": {"type": "Point", "coordinates": [1.294568, 43.827671]}}, {"type": "Feature", "properties": {"nom": "musée des instruments à vent", "code_insee": "27183", "commune": "La Couture-Boussey", "categorie": "musee", "label": "Musée de France", "poids": 0.5, "visiteurs": 2644, "jauge": null}, "geometry": {"type": "Point", "coordinates": [1.407717, 48.897304]}}, {"type": "Feature", "properties": {"nom": "musée protestant", "code_insee": "17300", "commune": "La Rochelle", "categorie": "musee", "label": "Musée de France", "poids": 0.5, "visiteurs": 2687, "jauge": null}, "geometry": {"type": "Point", "coordinates": [-1.150024, 46.159482]}}, {"type": "Feature", "properties": {"nom": "musée du textile et du peigne en corne", "code_insee": "09160", "commune": "Lavelanet", "categorie": "musee", "label": "Musée de France", "poids": 0.5, "visiteurs": 2454, "jauge": null}, "geometry": {"type": "Point", "coordinates": [1.845684, 42.929638]}}, {"type": "Feature", "properties": {"nom": "musée Petiet", "code_insee": "11206", "commune": "Limoux", "categorie": "musee", "label": "Musée de France", "poids": 0.5, "visiteurs": 2252, "jauge": null}, "geometry": {"type": "Point", "coordinates": [2.21323, 43.054382]}}, {"type": "Feature", "properties": {"nom": "musée municipal", "code_insee": "65295", "commune": "Luz-Saint-Sauveur", "categorie": "musee", "label": "Musée de France", "poids": 0.5, "visiteurs": 234, "jauge": null}, "geometry": {"type": "Point", "coordinates": [-0.002674, 42.872719]}}, {"type": "Feature", "properties": {"nom": "musée municipal d'histoire locale", "code_insee": "59375", "commune": "Marchiennes", "categorie": "musee", "label": "Musée de France", "poids": 0.5, "visiteurs": 536, "jauge": null}, "geometry": {"type": "Point", "coordinates": [3.281653, 50.408209]}}, {"type": "Feature", "properties": {"nom": "musée Henri Boez", "code_insee": "59392", "commune": "Maubeuge", "categorie": "musee", "label": "Musée de France", "poids": 0.5, "visiteurs": 1145, "jauge": null}, "geometry": {"type": "Point", "coordinates": [3.967344, 50.279872]}}, {"type": "Feature", "properties": {"nom": "musée de la Diana", "code_insee": "42147", "commune": "Montbrison", "categorie": "musee", "label": "Musée de France", "poids": 0.5, "visiteurs": 1602, "jauge": null}, "geometry": {"type": "Point", "coordinates": [4.066793, 45.605503]}}, {"type": "Feature", "properties": {"nom": "musée gallo-romain", "code_insee": "03195", "commune": "Néris-les-Bains", "categorie": "musee", "label": "Musée de France", "poids": 0.5, "visiteurs": 1027, "jauge": null}, "geometry": {"type": "Point", "coordinates": [2.662598, 46.287552]}}, {"type": "Feature", "properties": {"nom": "musée municipal le vieux manoir", "code_insee": "14478", "commune": "Orbec", "categorie": "musee", "label": "Musée de France", "poids": 0.5, "visiteurs": 2077, "jauge": null}, "geometry": {"type": "Point", "coordinates": [0.406583, 49.02226]}}, {"type": "Feature", "properties": {"nom": "musée d'Ennery", "code_insee": "75116", "commune": "Paris 16e Arrondissement", "categorie": "musee", "label": "Musée de France", "poids": 0.5, "visiteurs": 1086, "jauge": null}, "geometry": {"type": "Point", "coordinates": [2.278477, 48.873127]}}, {"type": "Feature", "properties": {"nom": "musée de l'assistance publique - hôpitaux de Paris", "code_insee": "75105", "commune": "Paris 5e Arrondissement", "categorie": "musee", "label": "Musée de France", "poids": 0.5, "visiteurs": 1023, "jauge": null}, "geometry": {"type": "Point", "coordinates": [2.355969, 48.838848]}}, {"type": "Feature", "properties": {"nom": "musée militaire - souvenirs du Périgord", "code_insee": "24322", "commune": "Périgueux", "categorie": "musee", "label": "Musée de France", "poids": 0.5, "visiteurs": 3138, "jauge": null}, "geometry": {"type": "Point", "coordinates": [0.720952, 45.183212]}}, {"type": "Feature", "properties": {"nom": "musée Danicourt", "code_insee": "80620", "commune": "Péronne", "categorie": "musee", "label": "Musée de France", "poids": 0.5, "visiteurs": 1700, "jauge": null}, "geometry": {"type": "Point", "coordinates": [2.935994, 49.929708]}}, {"type": "Feature", "properties": {"nom": "musée de Rumilly et de l'Albanais", "code_insee": "74225", "commune": "Rumilly", "categorie": "musee", "label": "Musée de France", "poids": 0.5, "visiteurs": 3067, "jauge": null}, "geometry": {"type": "Point", "coordinates": [5.947884, 45.861858]}}, {"type": "Feature", "properties": {"nom": "musée Dupuy-Mestreau", "code_insee": "17415", "commune": "Saintes", "categorie": "musee", "label": "Musée de France", "poids": 0.5, "visiteurs": 1816, "jauge": null}, "geometry": {"type": "Point", "coordinates": [-0.634007, 45.743147]}}, {"type": "Feature", "properties": {"nom": "musée Barbey d'Aurevilly", "code_insee": "50551", "commune": "Saint-Sauveur-le-Vicomte", "categorie": "musee", "label": "Musée de France", "poids": 0.5, "visiteurs": 1137, "jauge": null}, "geometry": {"type": "Point", "coordinates": [-1.533077, 49.384613]}}, {"type": "Feature", "properties": {"nom": "musée archéologique", "code_insee": "04227", "commune": "Vachères", "categorie": "musee", "label": "Musée de France", "poids": 0.5, "visiteurs": 511, "jauge": null}, "geometry": {"type": "Point", "coordinates": [5.637111, 43.931048]}}, {"type": "Feature", "properties": {"nom": "musée des rochers de Sévigné", "code_insee": "35360", "commune": "Vitré", "categorie": "musee", "label": "Musée de France", "poids": 0.5, "visiteurs": 2602, "jauge": null}, "geometry": {"type": "Point", "coordinates": [-1.169804, 48.080419]}}, {"type": "Feature", "properties": {"nom": "musée des tisserands mayennais", "code_insee": "53003", "commune": "Ambrières-les-Vallées", "categorie": "musee", "label": "Musée de France", "poids": 0.5, "visiteurs": 285, "jauge": null}, "geometry": {"type": "Point", "coordinates": [-0.630285, 48.402907]}}, {"type": "Feature", "properties": {"nom": "musée Barthélemy-Thimonier", "code_insee": "69006", "commune": "Amplepuis", "categorie": "musee", "label": "Musée de France", "poids": 0.5, "visiteurs": 2515, "jauge": null}, "geometry": {"type": "Point", "coordinates": [4.331133, 45.972911]}}, {"type": "Feature", "properties": {"nom": "musée archéologique et historique", "code_insee": "16015", "commune": "Angoulême", "categorie": "musee", "label": "Musée de France", "poids": 0.5, "visiteurs": 736, "jauge": null}, "geometry": {"type": "Point", "coordinates": [0.161066, 45.647604]}}, {"type": "Feature", "properties": {"nom": "musée de la dentelle", "code_insee": "63010", "commune": "Arlanc", "categorie": "musee", "label": "Musée de France", "poids": 0.5, "visiteurs": 1086, "jauge": null}, "geometry": {"type": "Point", "coordinates": [3.724644, 45.414388]}}, {"type": "Feature", "properties": {"nom": "musée Leblanc-Duvernoy", "code_insee": "89024", "commune": "Auxerre", "categorie": "musee", "label": "Musée de France", "poids": 0.5, "visiteurs": 1130, "jauge": null}, "geometry": {"type": "Point", "coordinates": [3.566248, 47.795393]}}, {"type": "Feature", "properties": {"nom": "musée municipal de l'Avranchin", "code_insee": "50025", "commune": "Avranches", "categorie": "musee", "label": "Musée de France", "poids": 0.5, "visiteurs": 2803, "jauge": null}, "geometry": {"type": "Point", "coordinates": [-1.363639, 48.687843]}}, {"type": "Feature", "properties": {"nom": "musée municipal \"Eburomagus, musée archéologique\"", "code_insee": "11049", "commune": "Bram", "categorie": "musee", "label": "Musée de France", "poids": 0.5, "visiteurs": 1996, "jauge": null}, "geometry": {"type": "Point", "coordinates": [2.116094, 43.243576]}}, {"type": "Feature", "properties": {"nom": "musée municipal Robert Dubois-Corneau", "code_insee": "91114", "commune": "Brunoy", "categorie": "musee", "label": "Musée de France", "poids": 0.5, "visiteurs": 2880, "jauge": null}, "geometry": {"type": "Point", "coordinates": [2.499599, 48.702818]}}, {"type": "Feature", "properties": {"nom": "musée Adrien Mentienne", "code_insee": "94015", "commune": "Bry-sur-Marne", "categorie": "musee", "label": "Musée de France", "poids": 0.5, "visiteurs": 2667, "jauge": null}, "geometry": {"type": "Point", "coordinates": [2.519827, 48.835224]}}, {"type": "Feature", "properties": {"nom": "musée du cloître de Notre-Dame-en-Vaux", "code_insee": "51108", "commune": "Châlons-en-Champagne", "categorie": "musee", "label": "Musée de France", "poids": 0.5, "visiteurs": 2667, "jauge": null}, "geometry": {"type": "Point", "coordinates": [4.363579, 48.958646]}}, {"type": "Feature", "properties": {"nom": "musée René Baubérot", "code_insee": "87041", "commune": "Châteauponsac", "categorie": "musee", "label": "Musée de France", "poids": 0.5, "visiteurs": 1786, "jauge": null}, "geometry": {"type": "Point", "coordinates": [1.274553, 46.131221]}}, {"type": "Feature", "properties": {"nom": "musée Pillon", "code_insee": "60143", "commune": "Chaumont-en-Vexin", "categorie": "musee", "label": "Musée de France", "poids": 0.5, "visiteurs": 782, "jauge": null}, "geometry": {"type": "Point", "coordinates": [1.882065, 49.262421]}}, {"type": "Feature", "properties": {"nom": "musée des transports urbains, interurbains et ruraux", "code_insee": "77108", "commune": "Chelles", "categorie": "musee", "label": "Musée de France", "poids": 0.5, "visiteurs": 1690, "jauge": null}, "geometry": {"type": "Point", "coordinates": [2.603045, 48.87725]}}, {"type": "Feature", "properties": {"nom": "musée Alfred Bonno", "code_insee": "77108", "commune": "Chelles", "categorie": "musee", "label": "Musée de France", "poids": 0.5, "visiteurs": 3121, "jauge": null}, "geometry": {"type": "Point", "coordinates": [2.59165, 48.877574]}}, {"type": "Feature", "properties": {"nom": "musée municipal", "code_insee": "50129", "commune": "Cherbourg-en-Cotentin", "categorie": "musee", "label": "Musée de France", "poids": 0.5, "visiteurs": 2610, "jauge": null}, "geometry": {"type": "Point", "coordinates": [-1.653021, 49.649261]}}, {"type": "Feature", "properties": {"nom": "musée Les sources d'Hercule", "code_insee": "54154", "commune": "Deneuvre", "categorie": "musee", "label": "Musée de France", "poids": 0.5, "visiteurs": 1949, "jauge": null}, "geometry": {"type": "Point", "coordinates": [6.73509, 48.446244]}}, {"type": "Feature", "properties": {"nom": "musée du protestantisme, de la Réforme à la laïcité", "code_insee": "81062", "commune": "Fontrieu", "categorie": "musee", "label": "Musée de France", "poids": 0.5, "visiteurs": 1919, "jauge": null}, "geometry": {"type": "Point", "coordinates": [2.587541, 43.685279]}}, {"type": "Feature", "properties": {"nom": "musée municipal", "code_insee": "04088", "commune": "Forcalquier", "categorie": "musee", "label": "Musée de France", "poids": 0.5, "visiteurs": 1576, "jauge": null}, "geometry": {"type": "Point", "coordinates": [5.780577, 43.960093]}}, {"type": "Feature", "properties": {"nom": "musée municipal", "code_insee": "03118", "commune": "Gannat", "categorie": "musee", "label": "Musée de France", "poids": 0.5, "visiteurs": 1322, "jauge": null}, "geometry": {"type": "Point", "coordinates": [3.196482, 46.101625]}}, {"type": "Feature", "properties": {"nom": "musée d'art et d'archéologie", "code_insee": "23096", "commune": "Guéret", "categorie": "musee", "label": "Musée de France", "poids": 0.5, "visiteurs": 2187, "jauge": null}, "geometry": {"type": "Point", "coordinates": [1.870637, 46.166077]}}, {"type": "Feature", "properties": {"nom": "musée historique et militaire", "code_insee": "68149", "commune": "Huningue", "categorie": "musee", "label": "Musée de France", "poids": 0.5, "visiteurs": 423, "jauge": null}, "geometry": {"type": "Point", "coordinates": [7.585328, 47.591608]}}, {"type": "Feature", "properties": {"nom": "musée du pays matheysin", "code_insee": "38269", "commune": "La Mure", "categorie": "musee", "label": "Musée de France", "poids": 0.5, "visiteurs": 2030, "jauge": null}, "geometry": {"type": "Point", "coordinates": [5.784367, 44.904302]}}, {"type": "Feature", "properties": {"nom": "château de Montaigu", "code_insee": "54300", "commune": "Laneuveville-devant-Nancy", "categorie": "musee", "label": "Musée de France", "poids": 0.5, "visiteurs": 1890, "jauge": null}, "geometry": {"type": "Point", "coordinates": [6.215361, 48.665013]}}, {"type": "Feature", "properties": {"nom": "musée Henri Chapu", "code_insee": "77285", "commune": "Le Mée-sur-Seine", "categorie": "musee", "label": "Musée de France", "poids": 0.5, "visiteurs": 1500, "jauge": null}, "geometry": {"type": "Point", "coordinates": [2.635235, 48.534859]}}, {"type": "Feature", "properties": {"nom": "musée régional", "code_insee": "07334", "commune": "Les Vans", "categorie": "musee", "label": "Musée de France", "poids": 0.5, "visiteurs": 1889, "jauge": null}, "geometry": {"type": "Point", "coordinates": [4.133978, 44.404266]}}, {"type": "Feature", "properties": {"nom": "musée Frédéric Mistral", "code_insee": "13052", "commune": "Maillane", "categorie": "musee", "label": "Musée de France", "poids": 0.5, "visiteurs": 1090, "jauge": null}, "geometry": {"type": "Point", "coordinates": [4.78273, 43.831243]}}, {"type": "Feature", "properties": {"nom": "musée Joseph Abeilhe", "code_insee": "32233", "commune": "Marciac", "categorie": "musee", "label": "Musée de France", "poids": 0.5, "visiteurs": 207, "jauge": null}, "geometry": {"type": "Point", "coordinates": [0.16083, 43.524593]}}, {"type": "Feature", "properties": {"nom": "cabinet des monnaies et médailles", "code_insee": "13201", "commune": "Marseille 1er Arrondissement", "categorie": "musee", "label": "Musée de France", "poids": 0.5, "visiteurs": 1157, "jauge": null}, "geometry": {"type": "Point", "coordinates": [5.383313, 43.295789]}}, {"type": "Feature", "properties": {"nom": "musée municipal", "code_insee": "31324", "commune": "Martres-Tolosane", "categorie": "musee", "label": "Musée de France", "poids": 0.5, "visiteurs": 2696, "jauge": null}, "geometry": {"type": "Point", "coordinates": [1.011066, 43.199034]}}, {"type": "Feature", "properties": {"nom": "musée de la Corbillière", "code_insee": "41136", "commune": "Mer", "categorie": "musee", "label": "Musée de France", "poids": 0.5, "visiteurs": 2462, "jauge": null}, "geometry": {"type": "Point", "coordinates": [1.504679, 47.698817]}}, {"type": "Feature", "properties": {"nom": "musée de l'académie de la Val d'Isère", "code_insee": "73181", "commune": "Moûtiers", "categorie": "musee", "label": "Musée de France", "poids": 0.5, "visiteurs": 147, "jauge": null}, "geometry": {"type": "Point", "coordinates": [6.532882, 45.483688]}}, {"type": "Feature", "properties": {"nom": "musée lapidaire", "code_insee": "63245", "commune": "Mozac", "categorie": "musee", "label": "Musée de France", "poids": 0.5, "visiteurs": 500, "jauge": null}, "geometry": {"type": "Point", "coordinates": [3.094849, 45.891696]}}, {"type": "Feature", "properties": {"nom": "musée des arts et traditions populaires", "code_insee": "24299", "commune": "Mussidan", "categorie": "musee", "label": "Musée de France", "poids": 0.5, "visiteurs": 2798, "jauge": null}, "geometry": {"type": "Point", "coordinates": [0.362716, 45.038389]}}, {"type": "Feature", "properties": {"nom": "musée Jules-Desbois", "code_insee": "49228", "commune": "Noyant-Villages", "categorie": "musee", "label": "Musée de France", "poids": 0.5, "visiteurs": 2228, "jauge": null}, "geometry": {"type": "Point", "coordinates": [0.159928, 47.436475]}}, {"type": "Feature", "properties": {"nom": "musée Charles de Bruyères", "code_insee": "88383", "commune": "Remiremont", "categorie": "musee", "label": "Musée de France", "poids": 0.5, "visiteurs": 3052, "jauge": null}, "geometry": {"type": "Point", "coordinates": [6.593166, 48.016021]}}, {"type": "Feature", "properties": {"nom": "musée de préhistoire", "code_insee": "82155", "commune": "Saint-Antonin-Noble-Val", "categorie": "musee", "label": "Musée de France", "poids": 0.5, "visiteurs": 40, "jauge": null}, "geometry": {"type": "Point", "coordinates": [1.75609, 44.150931]}}, {"type": "Feature", "properties": {"nom": "musée de l'Argonne Viard-Morel", "code_insee": "51507", "commune": "Sainte-Menehould", "categorie": "musee", "label": "Musée de France", "poids": 0.5, "visiteurs": 2230, "jauge": null}, "geometry": {"type": "Point", "coordinates": [4.898031, 49.092886]}}, {"type": "Feature", "properties": {"nom": "musée de la maison Romane", "code_insee": "30258", "commune": "Saint-Gilles", "categorie": "musee", "label": "Musée de France", "poids": 0.5, "visiteurs": 139, "jauge": null}, "geometry": {"type": "Point", "coordinates": [4.431396, 43.677568]}}, {"type": "Feature", "properties": {"nom": "musée d'art sacré de la Meuse", "code_insee": "55463", "commune": "Saint-Mihiel", "categorie": "musee", "label": "Musée de France", "poids": 0.5, "visiteurs": 2014, "jauge": null}, "geometry": {"type": "Point", "coordinates": [5.540352, 48.888197]}}, {"type": "Feature", "properties": {"nom": "musée Henri Dupuis", "code_insee": "62765", "commune": "Saint-Omer", "categorie": "musee", "label": "Musée de France", "poids": 0.5, "visiteurs": 240, "jauge": null}, "geometry": {"type": "Point", "coordinates": [2.25114, 50.748391]}}, {"type": "Feature", "properties": {"nom": "musée du Savignéen", "code_insee": "37241", "commune": "Savigné-sur-Lathan", "categorie": "musee", "label": "Musée de France", "poids": 0.5, "visiteurs": 526, "jauge": null}, "geometry": {"type": "Point", "coordinates": [0.319927, 47.445924]}}, {"type": "Feature", "properties": {"nom": "musée archéologique", "code_insee": "41258", "commune": "Thésée", "categorie": "musee", "label": "Musée de France", "poids": 0.5, "visiteurs": 612, "jauge": null}, "geometry": {"type": "Point", "coordinates": [1.30604, 47.328232]}}, {"type": "Feature", "properties": {"nom": "musée des Vallées de Thônes", "code_insee": "74280", "commune": "Thônes", "categorie": "musee", "label": "Musée de France", "poids": 0.5, "visiteurs": 1606, "jauge": null}, "geometry": {"type": "Point", "coordinates": [6.323973, 45.881562]}}, {"type": "Feature", "properties": {"nom": "musée de la mémoire et des industries tullistes", "code_insee": "19272", "commune": "Tulle", "categorie": "musee", "label": "Musée de France", "poids": 0.5, "visiteurs": 2353, "jauge": null}, "geometry": {"type": "Point", "coordinates": [1.751576, 45.260326]}}, {"type": "Feature", "properties": {"nom": "musée Jeanne d'Arc", "code_insee": "55533", "commune": "Vaucouleurs", "categorie": "musee", "label": "Musée de France", "poids": 0.5, "visiteurs": 994, "jauge": null}, "geometry": {"type": "Point", "coordinates": [5.665786, 48.60188]}}, {"type": "Feature", "properties": {"nom": "musée Alexandre Dumas", "code_insee": "02810", "commune": "Villers-Cotterêts", "categorie": "musee", "label": "Musée de France", "poids": 0.5, "visiteurs": 2142, "jauge": null}, "geometry": {"type": "Point", "coordinates": [3.089436, 49.253096]}}, {"type": "Feature", "properties": {"nom": "musée Westercamp", "code_insee": "67544", "commune": "Wissembourg", "categorie": "musee", "label": "Musée de France", "poids": 0.5, "visiteurs": 1409, "jauge": null}, "geometry": {"type": "Point", "coordinates": [7.945326, 49.039062]}}, {"type": "Feature", "properties": {"nom": "musée de la bataille du 6 août 1870", "code_insee": "67550", "commune": "Wœrth", "categorie": "musee", "label": "Musée de France", "poids": 0.5, "visiteurs": 2392, "jauge": null}, "geometry": {"type": "Point", "coordinates": [7.74787, 48.93877]}}, {"type": "Feature", "properties": {"nom": "musée sundgauvien", "code_insee": "68004", "commune": "Altkirch", "categorie": "musee", "label": "Musée de France", "poids": 0.5, "visiteurs": 2892, "jauge": null}, "geometry": {"type": "Point", "coordinates": [7.237432, 47.623564]}}, {"type": "Feature", "properties": {"nom": "musée Léon Alègre", "code_insee": "30028", "commune": "Bagnols-sur-Cèze", "categorie": "musee", "label": "Musée de France", "poids": 0.5, "visiteurs": 1360, "jauge": null}, "geometry": {"type": "Point", "coordinates": [4.621345, 44.164636]}}, {"type": "Feature", "properties": {"nom": "musée Bonnat - Helleu, musée des beaux-arts de Bayonne", "code_insee": "64102", "commune": "Bayonne", "categorie": "musee", "label": "Musée de France", "poids": 0.5, "visiteurs": 1050, "jauge": null}, "geometry": {"type": "Point", "coordinates": [-1.472317, 43.49213]}}, {"type": "Feature", "properties": {"nom": "musée municipal", "code_insee": "52060", "commune": "Bourbonne-les-Bains", "categorie": "musee", "label": "Musée de France", "poids": 0.5, "visiteurs": 1721, "jauge": null}, "geometry": {"type": "Point", "coordinates": [5.74921, 47.954524]}}, {"type": "Feature", "properties": {"nom": "musée Dunoyer de Segonzac", "code_insee": "91097", "commune": "Boussy-Saint-Antoine", "categorie": "musee", "label": "Musée de France", "poids": 0.5, "visiteurs": 172, "jauge": null}, "geometry": {"type": "Point", "coordinates": [2.53038, 48.688282]}}, {"type": "Feature", "properties": {"nom": "musée du vieux château", "code_insee": "50082", "commune": "Bricquebec-en-Cotentin", "categorie": "musee", "label": "Musée de France", "poids": 0.5, "visiteurs": 621, "jauge": null}, "geometry": {"type": "Point", "coordinates": [-1.631789, 49.470098]}}, {"type": "Feature", "properties": {"nom": "musée Charles-Louis Philippe", "code_insee": "03048", "commune": "Cérilly", "categorie": "musee", "label": "Musée de France", "poids": 0.5, "visiteurs": 106, "jauge": null}, "geometry": {"type": "Point", "coordinates": [2.823064, 46.617884]}}, {"type": "Feature", "properties": {"nom": "musée municipal d'archéologie", "code_insee": "39097", "commune": "Champagnole", "categorie": "musee", "label": "Musée de France", "poids": 0.5, "visiteurs": 1083, "jauge": null}, "geometry": {"type": "Point", "coordinates": [5.907332, 46.746474]}}, {"type": "Feature", "properties": {"nom": "musée René Davoine", "code_insee": "71106", "commune": "Charolles", "categorie": "musee", "label": "Musée de France", "poids": 0.5, "visiteurs": 114, "jauge": null}, "geometry": {"type": "Point", "coordinates": [4.273201, 46.431325]}}, {"type": "Feature", "properties": {"nom": "musée d'art et d'archéologie", "code_insee": "53062", "commune": "Château-Gontier-sur-Mayenne", "categorie": "musee", "label": "Musée de France", "poids": 0.5, "visiteurs": 1918, "jauge": null}, "geometry": {"type": "Point", "coordinates": [-0.705135, 47.828879]}}, {"type": "Feature", "properties": {"nom": "musée Emile Chénon", "code_insee": "18057", "commune": "Châteaumeillant", "categorie": "musee", "label": "Musée de France", "poids": 0.5, "visiteurs": 1640, "jauge": null}, "geometry": {"type": "Point", "coordinates": [2.196562, 46.561218]}}, {"type": "Feature", "properties": {"nom": "musée d'art et d'archéologie", "code_insee": "45085", "commune": "Châtillon-Coligny", "categorie": "musee", "label": "Musée de France", "poids": 0.5, "visiteurs": 250, "jauge": null}, "geometry": {"type": "Point", "coordinates": [2.84475, 47.820687]}}, {"type": "Feature", "properties": {"nom": "musée municipal", "code_insee": "86078", "commune": "Civray", "categorie": "musee", "label": "Musée de France", "poids": 0.5, "visiteurs": 52, "jauge": null}, "geometry": {"type": "Point", "coordinates": [0.296027, 46.147996]}}, {"type": "Feature", "properties": {"nom": "musée Murat", "code_insee": "46138", "commune": "Cœur de Causse", "categorie": "musee", "label": "Musée de France", "poids": 0.5, "visiteurs": 753, "jauge": null}, "geometry": {"type": "Point", "coordinates": [1.567394, 44.646388]}}, {"type": "Feature", "properties": {"nom": "musée de la céramique et de l'ivoire", "code_insee": "55122", "commune": "Commercy", "categorie": "musee", "label": "Musée de France", "poids": 0.5, "visiteurs": 2576, "jauge": null}, "geometry": {"type": "Point", "coordinates": [5.58914, 48.763383]}}, {"type": "Feature", "properties": {"nom": "musée Charles Portal : art, histoire et, patrimoine du pays cordais", "code_insee": "81069", "commune": "Cordes-sur-Ciel", "categorie": "musee", "label": "Musée de France", "poids": 0.5, "visiteurs": 2084, "jauge": null}, "geometry": {"type": "Point", "coordinates": [1.94934, 44.063752]}}, {"type": "Feature", "properties": {"nom": "musée Marc Deydier", "code_insee": "84042", "commune": "Cucuron", "categorie": "musee", "label": "Musée de France", "poids": 0.5, "visiteurs": 1540, "jauge": null}, "geometry": {"type": "Point", "coordinates": [5.441227, 43.773022]}}, {"type": "Feature", "properties": {"nom": "musée d'archéologie et d'histoire locale", "code_insee": "59172", "commune": "Denain", "categorie": "musee", "label": "Musée de France", "poids": 0.5, "visiteurs": 958, "jauge": null}, "geometry": {"type": "Point", "coordinates": [3.399954, 50.327381]}}, {"type": "Feature", "properties": {"nom": "musée d'histoire et d'archéologie", "code_insee": "26113", "commune": "Die", "categorie": "musee", "label": "Musée de France", "poids": 0.5, "visiteurs": 2770, "jauge": null}, "geometry": {"type": "Point", "coordinates": [5.369865, 44.75505]}}, {"type": "Feature", "properties": {"nom": "musée Noisot", "code_insee": "21265", "commune": "Fixin", "categorie": "musee", "label": "Musée de France", "poids": 0.5, "visiteurs": 620, "jauge": null}, "geometry": {"type": "Point", "coordinates": [4.962317, 47.245409]}}, {"type": "Feature", "properties": {"nom": "musée municipal", "code_insee": "64249", "commune": "Guéthary", "categorie": "musee", "label": "Musée de France", "poids": 0.5, "visiteurs": 2591, "jauge": null}, "geometry": {"type": "Point", "coordinates": [-1.607796, 43.421516]}}, {"type": "Feature", "properties": {"nom": "musée alsacien", "code_insee": "67180", "commune": "Haguenau", "categorie": "musee", "label": "Musée de France", "poids": 0.5, "visiteurs": 1605, "jauge": null}, "geometry": {"type": "Point", "coordinates": [7.789527, 48.814611]}}, {"type": "Feature", "properties": {"nom": "musée du prieuré", "code_insee": "76341", "commune": "Harfleur", "categorie": "musee", "label": "Musée de France", "poids": 0.5, "visiteurs": 1898, "jauge": null}, "geometry": {"type": "Point", "coordinates": [0.201246, 49.507692]}}, {"type": "Feature", "properties": {"nom": "musée de la meunerie - moulin de Marcy", "code_insee": "14370", "commune": "Le Molay-Littry", "categorie": "musee", "label": "Musée de France", "poids": 0.5, "visiteurs": 2774, "jauge": null}, "geometry": {"type": "Point", "coordinates": [-0.904777, 49.227573]}}, {"type": "Feature", "properties": {"nom": "musée Beurnier-Rossel", "code_insee": "25388", "commune": "Montbéliard", "categorie": "musee", "label": "Musée de France", "poids": 0.5, "visiteurs": 2781, "jauge": null}, "geometry": {"type": "Point", "coordinates": [6.797684, 47.509957]}}, {"type": "Feature", "properties": {"nom": "maison-musée Maurice Ravel", "code_insee": "78420", "commune": "Montfort-l'Amaury", "categorie": "musee", "label": "Musée de France", "poids": 0.5, "visiteurs": 2075, "jauge": null}, "geometry": {"type": "Point", "coordinates": [1.805474, 48.776128]}}, {"type": "Feature", "properties": {"nom": "musée d'art sacré", "code_insee": "26218", "commune": "Mours-Saint-Eusèbe", "categorie": "musee", "label": "Musée de France", "poids": 0.5, "visiteurs": 350, "jauge": null}, "geometry": {"type": "Point", "coordinates": [5.056307, 45.068657]}}, {"type": "Feature", "properties": {"nom": "musée de la Résistance de l'Aube", "code_insee": "10261", "commune": "Mussy-sur-Seine", "categorie": "musee", "label": "Musée de France", "poids": 0.5, "visiteurs": 875, "jauge": null}, "geometry": {"type": "Point", "coordinates": [4.499185, 47.977182]}}, {"type": "Feature", "properties": {"nom": "musée Calvin", "code_insee": "60471", "commune": "Noyon", "categorie": "musee", "label": "Musée de France", "poids": 0.5, "visiteurs": 2555, "jauge": null}, "geometry": {"type": "Point", "coordinates": [2.998397, 49.581259]}}, {"type": "Feature", "properties": {"nom": "musée paysan", "code_insee": "68248", "commune": "Oltingue", "categorie": "musee", "label": "Musée de France", "poids": 0.5, "visiteurs": 452, "jauge": null}, "geometry": {"type": "Point", "coordinates": [7.390863, 47.492825]}}, {"type": "Feature", "properties": {"nom": "musée militaire et Erckmann-Chatrian", "code_insee": "57540", "commune": "Phalsbourg", "categorie": "musee", "label": "Musée de France", "poids": 0.5, "visiteurs": 563, "jauge": null}, "geometry": {"type": "Point", "coordinates": [7.258815, 48.767021]}}, {"type": "Feature", "properties": {"nom": "musée municipal", "code_insee": "45252", "commune": "Pithiviers", "categorie": "musee", "label": "Musée de France", "poids": 0.5, "visiteurs": 741, "jauge": null}, "geometry": {"type": "Point", "coordinates": [2.255187, 48.172491]}}, {"type": "Feature", "properties": {"nom": "musée du vieux Pommiers", "code_insee": "42173", "commune": "Pommiers-en-Forez", "categorie": "musee", "label": "Musée de France", "poids": 0.5, "visiteurs": 30, "jauge": null}, "geometry": {"type": "Point", "coordinates": [4.063021, 45.830175]}}, {"type": "Feature", "properties": {"nom": "écomusée du mont Lozère", "code_insee": "48116", "commune": "Pont de Montvert - Sud Mont Lozère", "categorie": "musee", "label": "Musée de France", "poids": 0.5, "visiteurs": 850, "jauge": null}, "geometry": {"type": "Point", "coordinates": [3.74844, 44.363577]}}, {"type": "Feature", "properties": {"nom": "musée historique et industriel - musée du fer", "code_insee": "67388", "commune": "Reichshoffen", "categorie": "musee", "label": "Musée de France", "poids": 0.5, "visiteurs": 919, "jauge": null}, "geometry": {"type": "Point", "coordinates": [7.664804, 48.932277]}}, {"type": "Feature", "properties": {"nom": "musée Charles Friry", "code_insee": "88383", "commune": "Remiremont", "categorie": "musee", "label": "Musée de France", "poids": 0.5, "visiteurs": 2169, "jauge": null}, "geometry": {"type": "Point", "coordinates": [6.590031, 48.015174]}}, {"type": "Feature", "properties": {"nom": "musée du terroir", "code_insee": "71373", "commune": "Romenay", "categorie": "musee", "label": "Musée de France", "poids": 0.5, "visiteurs": 1746, "jauge": null}, "geometry": {"type": "Point", "coordinates": [5.063766, 46.502195]}}, {"type": "Feature", "properties": {"nom": "musée de l'aventure du son", "code_insee": "89344", "commune": "Saint-Fargeau", "categorie": "musee", "label": "Musée de France", "poids": 0.5, "visiteurs": 2771, "jauge": null}, "geometry": {"type": "Point", "coordinates": [3.070662, 47.64114]}}, {"type": "Feature", "properties": {"nom": "musée du Granit", "code_insee": "50525", "commune": "Saint-Michel-de-Montjoie", "categorie": "musee", "label": "Musée de France", "poids": 0.5, "visiteurs": 2573, "jauge": null}, "geometry": {"type": "Point", "coordinates": [-1.027175, 48.764025]}}, {"type": "Feature", "properties": {"nom": "musée municipal", "code_insee": "84123", "commune": "Sault", "categorie": "musee", "label": "Musée de France", "poids": 0.5, "visiteurs": 602, "jauge": null}, "geometry": {"type": "Point", "coordinates": [5.408694, 44.091811]}}, {"type": "Feature", "properties": {"nom": "musée municipal", "code_insee": "47292", "commune": "Sauveterre-la-Lémance", "categorie": "musee", "label": "Musée de France", "poids": 0.5, "visiteurs": 2324, "jauge": null}, "geometry": {"type": "Point", "coordinates": [1.013907, 44.590667]}}, {"type": "Feature", "properties": {"nom": "cabinet des estampes et des dessins", "code_insee": "67482", "commune": "Strasbourg", "categorie": "musee", "label": "Musée de France", "poids": 0.5, "visiteurs": 260, "jauge": null}, "geometry": {"type": "Point", "coordinates": [7.75084, 48.581098]}}, {"type": "Feature", "properties": {"nom": "musée de la bataille de Tilly-sur-Seulles", "code_insee": "14692", "commune": "Tilly-sur-Seulles", "categorie": "musee", "label": "Musée de France", "poids": 0.5, "visiteurs": 1469, "jauge": null}, "geometry": {"type": "Point", "coordinates": [-0.626425, 49.174742]}}, {"type": "Feature", "properties": {"nom": "musée du château", "code_insee": "50601", "commune": "Torigny-les-Villes", "categorie": "musee", "label": "Musée de France", "poids": 0.5, "visiteurs": 577, "jauge": null}, "geometry": {"type": "Point", "coordinates": [-0.978882, 49.034125]}}, {"type": "Feature", "properties": {"nom": "musée régional du cidre et du calvados", "code_insee": "50615", "commune": "Valognes", "categorie": "musee", "label": "Musée de France", "poids": 0.5, "visiteurs": 2434, "jauge": null}, "geometry": {"type": "Point", "coordinates": [-1.470529, 49.505985]}}, {"type": "Feature", "properties": {"nom": "musée villeneuvien", "code_insee": "89464", "commune": "Villeneuve-sur-Yonne", "categorie": "musee", "label": "Musée de France", "poids": 0.5, "visiteurs": 3055, "jauge": null}, "geometry": {"type": "Point", "coordinates": [3.294088, 48.080297]}}, {"type": "Feature", "properties": {"nom": "musée archéologique", "code_insee": "73008", "commune": "Aix-les-Bains", "categorie": "musee", "label": "Musée de France", "poids": 0.5, "visiteurs": 500, "jauge": null}, "geometry": {"type": "Point", "coordinates": [5.915634, 45.688567]}}, {"type": "Feature", "properties": {"nom": "musée municipal", "code_insee": "64062", "commune": "Arudy", "categorie": "musee", "label": "Musée de France", "poids": 0.5, "visiteurs": 1656, "jauge": null}, "geometry": {"type": "Point", "coordinates": [-0.427678, 43.105287]}}, {"type": "Feature", "properties": {"nom": "musée du vieil Auvillar", "code_insee": "82008", "commune": "Auvillar", "categorie": "musee", "label": "Musée de France", "poids": 0.5, "visiteurs": 3097, "jauge": null}, "geometry": {"type": "Point", "coordinates": [0.899924, 44.070309]}}, {"type": "Feature", "properties": {"nom": "musée municipal", "code_insee": "76057", "commune": "Barentin", "categorie": "musee", "label": "Musée de France", "poids": 0.5, "visiteurs": 250, "jauge": null}, "geometry": {"type": "Point", "coordinates": [0.952726, 49.545567]}}, {"type": "Feature", "properties": {"nom": "musée de la maison de la dernière cartouche", "code_insee": "08053", "commune": "Bazeilles", "categorie": "musee", "label": "Musée de France", "poids": 0.5, "visiteurs": 2775, "jauge": null}, "geometry": {"type": "Point", "coordinates": [4.975479, 49.681697]}}, {"type": "Feature", "properties": {"nom": "musée Frédéric Japy", "code_insee": "90009", "commune": "Beaucourt", "categorie": "musee", "label": "Musée de France", "poids": 0.5, "visiteurs": 1172, "jauge": null}, "geometry": {"type": "Point", "coordinates": [6.922591, 47.485011]}}, {"type": "Feature", "properties": {"nom": "musée gallo-romain", "code_insee": "68036", "commune": "Biesheim", "categorie": "musee", "label": "Musée de France", "poids": 0.5, "visiteurs": 2257, "jauge": null}, "geometry": {"type": "Point", "coordinates": [7.545798, 48.039446]}}, {"type": "Feature", "properties": {"nom": "musée Saint-Nazaire", "code_insee": "71047", "commune": "Bourbon-Lancy", "categorie": "musee", "label": "Musée de France", "poids": 0.5, "visiteurs": 904, "jauge": null}, "geometry": {"type": "Point", "coordinates": [3.771764, 46.624814]}}, {"type": "Feature", "properties": {"nom": "pavillon Flaubert", "code_insee": "76157", "commune": "Canteleu", "categorie": "musee", "label": "Musée de France", "poids": 0.5, "visiteurs": 805, "jauge": null}, "geometry": {"type": "Point", "coordinates": [1.030161, 49.434704]}}, {"type": "Feature", "properties": {"nom": "musée du Prieuré Jean Laronze", "code_insee": "71106", "commune": "Charolles", "categorie": "musee", "label": "Musée de France", "poids": 0.5, "visiteurs": 2606, "jauge": null}, "geometry": {"type": "Point", "coordinates": [4.279872, 46.432412]}}, {"type": "Feature", "properties": {"nom": "musée de paléontologie", "code_insee": "43070", "commune": "Chilhac", "categorie": "musee", "label": "Musée de France", "poids": 0.5, "visiteurs": 1690, "jauge": null}, "geometry": {"type": "Point", "coordinates": [3.434961, 45.1582]}}, {"type": "Feature", "properties": {"nom": "musée Descartes", "code_insee": "37115", "commune": "Descartes", "categorie": "musee", "label": "Musée de France", "poids": 0.5, "visiteurs": 1692, "jauge": null}, "geometry": {"type": "Point", "coordinates": [0.699988, 46.972623]}}, {"type": "Feature", "properties": {"nom": "musée de Fontenay-le-Comte", "code_insee": "85092", "commune": "Fontenay-le-Comte", "categorie": "musee", "label": "Musée de France", "poids": 0.5, "visiteurs": 2566, "jauge": null}, "geometry": {"type": "Point", "coordinates": [-0.807644, 46.467142]}}, {"type": "Feature", "properties": {"nom": "musée Alphonse Daudet", "code_insee": "13038", "commune": "Fontvieille", "categorie": "musee", "label": "Musée de France", "poids": 0.5, "visiteurs": 2867, "jauge": null}, "geometry": {"type": "Point", "coordinates": [4.713836, 43.726148]}}, {"type": "Feature", "properties": {"nom": "musée ornithologique Charles-Payraudeau", "code_insee": "85046", "commune": "La Chaize-le-Vicomte", "categorie": "musee", "label": "Musée de France", "poids": 0.5, "visiteurs": 472, "jauge": null}, "geometry": {"type": "Point", "coordinates": [-1.296902, 46.672141]}}, {"type": "Feature", "properties": {"nom": "musée Jeanne d'Aboville", "code_insee": "02304", "commune": "La Fère", "categorie": "musee", "label": "Musée de France", "poids": 0.5, "visiteurs": 1609, "jauge": null}, "geometry": {"type": "Point", "coordinates": [3.367893, 49.661867]}}, {"type": "Feature", "properties": {"nom": "musée municipal d'archéologie", "code_insee": "61214", "commune": "L'Aigle", "categorie": "musee", "label": "Musée de France", "poids": 0.5, "visiteurs": 977, "jauge": null}, "geometry": {"type": "Point", "coordinates": [0.628992, 48.764806]}}, {"type": "Feature", "properties": {"nom": "musée de la mine", "code_insee": "14370", "commune": "Le Molay-Littry", "categorie": "musee", "label": "Musée de France", "poids": 0.5, "visiteurs": 3192, "jauge": null}, "geometry": {"type": "Point", "coordinates": [-0.87717, 49.243406]}}, {"type": "Feature", "properties": {"nom": "musée-fondation Louis Jou", "code_insee": "13011", "commune": "Les Baux-de-Provence", "categorie": "musee", "label": "Musée de France", "poids": 0.5, "visiteurs": 1850, "jauge": null}, "geometry": {"type": "Point", "coordinates": [4.795572, 43.744172]}}, {"type": "Feature", "properties": {"nom": "musée Charbonneau-Lassay", "code_insee": "86137", "commune": "Loudun", "categorie": "musee", "label": "Musée de France", "poids": 0.5, "visiteurs": 292, "jauge": null}, "geometry": {"type": "Point", "coordinates": [0.075801, 47.010086]}}, {"type": "Feature", "properties": {"nom": "musée archéologique", "code_insee": "46182", "commune": "Luzech", "categorie": "musee", "label": "Musée de France", "poids": 0.5, "visiteurs": 959, "jauge": null}, "geometry": {"type": "Point", "coordinates": [1.286324, 44.479251]}}, {"type": "Feature", "properties": {"nom": "musée des pénitents blancs", "code_insee": "63211", "commune": "Marsac-en-Livradois", "categorie": "musee", "label": "Musée de France", "poids": 0.5, "visiteurs": 133, "jauge": null}, "geometry": {"type": "Point", "coordinates": [3.728823, 45.478881]}}, {"type": "Feature", "properties": {"nom": "musée Gaston Couté", "code_insee": "45203", "commune": "Meung-sur-Loire", "categorie": "musee", "label": "Musée de France", "poids": 0.5, "visiteurs": 2277, "jauge": null}, "geometry": {"type": "Point", "coordinates": [1.694874, 47.82551]}}, {"type": "Feature", "properties": {"nom": "musée des beaux-arts et des arts décoratifs", "code_insee": "32256", "commune": "Mirande", "categorie": "musee", "label": "Musée de France", "poids": 0.5, "visiteurs": 2253, "jauge": null}, "geometry": {"type": "Point", "coordinates": [0.40337, 43.515242]}}, {"type": "Feature", "properties": {"nom": "musée des beaux-arts", "code_insee": "21425", "commune": "Montbard", "categorie": "musee", "label": "Musée de France", "poids": 0.5, "visiteurs": 130, "jauge": null}, "geometry": {"type": "Point", "coordinates": [4.337471, 47.624476]}}, {"type": "Feature", "properties": {"nom": "musée Jean-Jacques Rousseau", "code_insee": "95428", "commune": "Montmorency", "categorie": "musee", "label": "Musée de France", "poids": 0.5, "visiteurs": 2877, "jauge": null}, "geometry": {"type": "Point", "coordinates": [2.320916, 48.986892]}}, {"type": "Feature", "properties": {"nom": "musée municipal", "code_insee": "72071", "commune": "Montval-sur-Loir", "categorie": "musee", "label": "Musée de France", "poids": 0.5, "visiteurs": 988, "jauge": null}, "geometry": {"type": "Point", "coordinates": [0.411541, 47.690652]}}, {"type": "Feature", "properties": {"nom": "musée municipal", "code_insee": "77316", "commune": "Moret-Loing-et-Orvanne", "categorie": "musee", "label": "Musée de France", "poids": 0.5, "visiteurs": 2574, "jauge": null}, "geometry": {"type": "Point", "coordinates": [2.814995, 48.373746]}}, {"type": "Feature", "properties": {"nom": "musée minéralogique de la société industrielle de Mulhouse", "code_insee": "68224", "commune": "Mulhouse", "categorie": "musee", "label": "Musée de France", "poids": 0.5, "visiteurs": 60, "jauge": null}, "geometry": {"type": "Point", "coordinates": [7.313874, 47.732818]}}, {"type": "Feature", "properties": {"nom": "musée municipal", "code_insee": "34179", "commune": "Murviel-lès-Montpellier", "categorie": "musee", "label": "Musée de France", "poids": 0.5, "visiteurs": 1035, "jauge": null}, "geometry": {"type": "Point", "coordinates": [3.737366, 43.605301]}}, {"type": "Feature", "properties": {"nom": "musée archéologique de la porte du Croux", "code_insee": "58194", "commune": "Nevers", "categorie": "musee", "label": "Musée de France", "poids": 0.5, "visiteurs": 1106, "jauge": null}, "geometry": {"type": "Point", "coordinates": [3.153279, 46.986565]}}, {"type": "Feature", "properties": {"nom": "maison de l'archéologie des Vosges du Nord", "code_insee": "67324", "commune": "Niederbronn-les-Bains", "categorie": "musee", "label": "Musée de France", "poids": 0.5, "visiteurs": 1724, "jauge": null}, "geometry": {"type": "Point", "coordinates": [7.650316, 48.947206]}}, {"type": "Feature", "properties": {"nom": "Ethnothèque, Musée des Boucles de la Seine Normande", "code_insee": "76473", "commune": "Notre-Dame-de-Bliquetuit", "categorie": "musee", "label": "Musée de France", "poids": 0.5, "visiteurs": 1685, "jauge": null}, "geometry": {"type": "Point", "coordinates": [0.769767, 49.488237]}}, {"type": "Feature", "properties": {"nom": "musée d'art naïf", "code_insee": "89279", "commune": "Noyers", "categorie": "musee", "label": "Musée de France", "poids": 0.5, "visiteurs": 2272, "jauge": null}, "geometry": {"type": "Point", "coordinates": [3.99315, 47.696457]}}, {"type": "Feature", "properties": {"nom": "musée du Noyonnais", "code_insee": "60471", "commune": "Noyon", "categorie": "musee", "label": "Musée de France", "poids": 0.5, "visiteurs": 2405, "jauge": null}, "geometry": {"type": "Point", "coordinates": [3.000367, 49.581419]}}, {"type": "Feature", "properties": {"nom": "musée Pierre Corneille", "code_insee": "76497", "commune": "Petit-Couronne", "categorie": "musee", "label": "Musée de France", "poids": 0.5, "visiteurs": 2450, "jauge": null}, "geometry": {"type": "Point", "coordinates": [1.02123, 49.389488]}}, {"type": "Feature", "properties": {"nom": "musée de l'hypogée des Dunes", "code_insee": "86194", "commune": "Poitiers", "categorie": "musee", "label": "Musée de France", "poids": 0.5, "visiteurs": 380, "jauge": null}, "geometry": {"type": "Point", "coordinates": [0.359366, 46.575833]}}, {"type": "Feature", "properties": {"nom": "musée de l'ardoise", "code_insee": "53188", "commune": "Renazé", "categorie": "musee", "label": "Musée de France", "poids": 0.5, "visiteurs": 945, "jauge": null}, "geometry": {"type": "Point", "coordinates": [-1.041278, 47.794643]}}, {"type": "Feature", "properties": {"nom": "musée régional d'Auvergne", "code_insee": "63300", "commune": "Riom", "categorie": "musee", "label": "Musée de France", "poids": 0.5, "visiteurs": 2276, "jauge": null}, "geometry": {"type": "Point", "coordinates": [3.116323, 45.894726]}}, {"type": "Feature", "properties": {"nom": "maison des templiers", "code_insee": "76164", "commune": "Rives-en-Seine", "categorie": "musee", "label": "Musée de France", "poids": 0.5, "visiteurs": 3000, "jauge": null}, "geometry": {"type": "Point", "coordinates": [0.725878, 49.525434]}}, {"type": "Feature", "properties": {"nom": "musée Suffren et du vieux Saint-Cannat", "code_insee": "13091", "commune": "Saint-Cannat", "categorie": "musee", "label": "Musée de France", "poids": 0.5, "visiteurs": 58, "jauge": null}, "geometry": {"type": "Point", "coordinates": [5.298401, 43.621119]}}, {"type": "Feature", "properties": {"nom": "musée de préhistoire", "code_insee": "34284", "commune": "Saint-Pons-de-Thomières", "categorie": "musee", "label": "Musée de France", "poids": 0.5, "visiteurs": 1296, "jauge": null}, "geometry": {"type": "Point", "coordinates": [2.758752, 43.488775]}}, {"type": "Feature", "properties": {"nom": "musée d'Art et d'Histoire du Cap de Gascogne", "code_insee": "40282", "commune": "Saint-Sever", "categorie": "musee", "label": "Musée de France", "poids": 0.5, "visiteurs": 2600, "jauge": null}, "geometry": {"type": "Point", "coordinates": [-0.572437, 43.757999]}}, {"type": "Feature", "properties": {"nom": "musée Farcot", "code_insee": "28363", "commune": "Sainville", "categorie": "musee", "label": "Musée de France", "poids": 0.5, "visiteurs": 89, "jauge": null}, "geometry": {"type": "Point", "coordinates": [1.879241, 48.415451]}}, {"type": "Feature", "properties": {"nom": "musée Cazin", "code_insee": "62773", "commune": "Samer", "categorie": "musee", "label": "Musée de France", "poids": 0.5, "visiteurs": 54, "jauge": null}, "geometry": {"type": "Point", "coordinates": [1.745316, 50.639702]}}, {"type": "Feature", "properties": {"nom": "musée d'art et d'histoire Henri Barré", "code_insee": "79329", "commune": "Thouars", "categorie": "musee", "label": "Musée de France", "poids": 0.5, "visiteurs": 2407, "jauge": null}, "geometry": {"type": "Point", "coordinates": [-0.217965, 46.973631]}}, {"type": "Feature", "properties": {"nom": "musée du pays d'Ussel", "code_insee": "19275", "commune": "Ussel", "categorie": "musee", "label": "Musée de France", "poids": 0.5, "visiteurs": 3036, "jauge": null}, "geometry": {"type": "Point", "coordinates": [2.307424, 45.546866]}}, {"type": "Feature", "properties": {"nom": "musée d'Argonne", "code_insee": "55527", "commune": "Varennes-en-Argonne", "categorie": "musee", "label": "Musée de France", "poids": 0.5, "visiteurs": 1336, "jauge": null}, "geometry": {"type": "Point", "coordinates": [5.033434, 49.227502]}}, {"type": "Feature", "properties": {"nom": "musée municipal", "code_insee": "46330", "commune": "Vayrac", "categorie": "musee", "label": "Musée de France", "poids": 0.5, "visiteurs": 102, "jauge": null}, "geometry": {"type": "Point", "coordinates": [1.702949, 44.952829]}}, {"type": "Feature", "properties": {"nom": "musée municipal", "code_insee": "24584", "commune": "Villefranche-de-Lonchat", "categorie": "musee", "label": "Musée de France", "poids": 0.5, "visiteurs": 402, "jauge": null}, "geometry": {"type": "Point", "coordinates": [0.057849, 44.948222]}}, {"type": "Feature", "properties": {"nom": "musée Marcel Sahut", "code_insee": "63470", "commune": "Volvic", "categorie": "musee", "label": "Musée de France", "poids": 0.5, "visiteurs": 1714, "jauge": null}, "geometry": {"type": "Point", "coordinates": [3.039049, 45.872507]}}, {"type": "Feature", "properties": {"nom": "musée de Minerve", "code_insee": "37282", "commune": "Yzeures-sur-Creuse", "categorie": "musee", "label": "Musée de France", "poids": 0.5, "visiteurs": 217, "jauge": null}, "geometry": {"type": "Point", "coordinates": [0.870734, 46.78564]}}]}