{"type":"FeatureCollection", "features": [
{"type":"Feature","geometry":{"type":"Point","coordinates":[2.3429,48.8566]},"properties":{"nom":"Paris","population":2103778}},
{"type":"Feature","geometry":{"type":"Point","coordinates":[5.4271,43.2865]},"properties":{"nom":"Marseille","population":886040}},
{"type":"Feature","geometry":{"type":"Point","coordinates":[4.8395,45.7562]},"properties":{"nom":"Lyon","population":519127}},
{"type":"Feature","geometry":{"type":"Point","coordinates":[1.4336,43.5944]},"properties":{"nom":"Toulouse","population":514819}},
{"type":"Feature","geometry":{"type":"Point","coordinates":[7.235,43.7166]},"properties":{"nom":"Nice","population":357737}},
{"type":"Feature","geometry":{"type":"Point","coordinates":[-1.5485,47.2294]},"properties":{"nom":"Nantes","population":327734}},
{"type":"Feature","geometry":{"type":"Point","coordinates":[3.8687,43.6129]},"properties":{"nom":"Montpellier","population":310240}},
{"type":"Feature","geometry":{"type":"Point","coordinates":[7.7677,48.5713]},"properties":{"nom":"Strasbourg","population":293771}},
{"type":"Feature","geometry":{"type":"Point","coordinates":[-0.5689,44.8456]},"properties":{"nom":"Bordeaux","population":267991}},
{"type":"Feature","geometry":{"type":"Point","coordinates":[3.0508,50.629]},"properties":{"nom":"Lille","population":238246}},
{"type":"Feature","geometry":{"type":"Point","coordinates":[-1.6696,48.1117]},"properties":{"nom":"Rennes","population":230890}},
{"type":"Feature","geometry":{"type":"Point","coordinates":[5.9338,43.1421]},"properties":{"nom":"Toulon","population":179116}},
{"type":"Feature","geometry":{"type":"Point","coordinates":[4.0393,49.2502]},"properties":{"nom":"Reims","population":177674}},
{"type":"Feature","geometry":{"type":"Point","coordinates":[4.4033,45.4267]},"properties":{"nom":"Saint-Étienne","population":173136}},
{"type":"Feature","geometry":{"type":"Point","coordinates":[0.141,49.499]},"properties":{"nom":"Le Havre","population":166687}},
{"type":"Feature","geometry":{"type":"Point","coordinates":[4.8878,45.771]},"properties":{"nom":"Villeurbanne","population":163684}},
{"type":"Feature","geometry":{"type":"Point","coordinates":[5.0383,47.3191]},"properties":{"nom":"Dijon","population":161830}},
{"type":"Feature","geometry":{"type":"Point","coordinates":[-0.554,47.4761]},"properties":{"nom":"Angers","population":159022}},
{"type":"Feature","geometry":{"type":"Point","coordinates":[5.7212,45.1808]},"properties":{"nom":"Grenoble","population":156140}},
{"type":"Feature","geometry":{"type":"Point","coordinates":[4.3476,43.8447]},"properties":{"nom":"Nîmes","population":151839}},
{"type":"Feature","geometry":{"type":"Point","coordinates":[5.419,43.5271]},"properties":{"nom":"Aix-en-Provence","population":149695}},
{"type":"Feature","geometry":{"type":"Point","coordinates":[2.3601,48.9365]},"properties":{"nom":"Saint-Denis","population":149077}},
{"type":"Feature","geometry":{"type":"Point","coordinates":[3.1154,45.7881]},"properties":{"nom":"Clermont-Ferrand","population":146351}},
{"type":"Feature","geometry":{"type":"Point","coordinates":[0.2,47.9874]},"properties":{"nom":"Le Mans","population":146249}},
{"type":"Feature","geometry":{"type":"Point","coordinates":[-4.4968,48.403]},"properties":{"nom":"Brest","population":142346}},
{"type":"Feature","geometry":{"type":"Point","coordinates":[0.6897,47.3855]},"properties":{"nom":"Tours","population":139259}},
{"type":"Feature","geometry":{"type":"Point","coordinates":[2.2862,49.9018]},"properties":{"nom":"Amiens","population":136449}},
{"type":"Feature","geometry":{"type":"Point","coordinates":[6.1187,45.8989]},"properties":{"nom":"Annecy","population":132117}},
{"type":"Feature","geometry":{"type":"Point","coordinates":[1.2577,45.8382]},"properties":{"nom":"Limoges","population":129937}},
{"type":"Feature","geometry":{"type":"Point","coordinates":[6.1942,49.1028]},"properties":{"nom":"Metz","population":122572}},
{"type":"Feature","geometry":{"type":"Point","coordinates":[2.8963,42.697]},"properties":{"nom":"Perpignan","population":121616}},
{"type":"Feature","geometry":{"type":"Point","coordinates":[2.2391,48.8364]},"properties":{"nom":"Boulogne-Billancourt","population":119019}},
{"type":"Feature","geometry":{"type":"Point","coordinates":[6.0219,47.2523]},"properties":{"nom":"Besançon","population":118489}},
{"type":"Feature","geometry":{"type":"Point","coordinates":[1.094,49.4399]},"properties":{"nom":"Rouen","population":117662}},
{"type":"Feature","geometry":{"type":"Point","coordinates":[1.9003,47.9047]},"properties":{"nom":"Orléans","population":116357}},
{"type":"Feature","geometry":{"type":"Point","coordinates":[2.4536,48.8656]},"properties":{"nom":"Montreuil","population":111934}},
{"type":"Feature","geometry":{"type":"Point","coordinates":[-0.3699,49.1876]},"properties":{"nom":"Caen","population":109400}},
{"type":"Feature","geometry":{"type":"Point","coordinates":[2.2386,48.9506]},"properties":{"nom":"Argenteuil","population":106130}},
{"type":"Feature","geometry":{"type":"Point","coordinates":[7.3285,47.7498]},"properties":{"nom":"Mulhouse","population":104978}},
{"type":"Feature","geometry":{"type":"Point","coordinates":[6.1752,48.6901]},"properties":{"nom":"Nancy","population":103671}},
{"type":"Feature","geometry":{"type":"Point","coordinates":[3.1597,50.7254]},"properties":{"nom":"Tourcoing","population":98772}},
{"type":"Feature","geometry":{"type":"Point","coordinates":[3.1818,50.6884]},"properties":{"nom":"Roubaix","population":98286}},
{"type":"Feature","geometry":{"type":"Point","coordinates":[2.2075,48.8951]},"properties":{"nom":"Nanterre","population":97783}},
{"type":"Feature","geometry":{"type":"Point","coordinates":[2.4015,48.7885]},"properties":{"nom":"Vitry-sur-Seine","population":93963}},
{"type":"Feature","geometry":{"type":"Point","coordinates":[2.2857,48.9131]},"properties":{"nom":"Asnières-sur-Seine","population":93941}},
{"type":"Feature","geometry":{"type":"Point","coordinates":[2.4549,48.7843]},"properties":{"nom":"Créteil","population":93397}},
{"type":"Feature","geometry":{"type":"Point","coordinates":[4.8253,43.9347]},"properties":{"nom":"Avignon","population":92188}},
{"type":"Feature","geometry":{"type":"Point","coordinates":[2.2471,48.9228]},"properties":{"nom":"Colombes","population":91053}},
{"type":"Feature","geometry":{"type":"Point","coordinates":[0.3752,46.5747]},"properties":{"nom":"Poitiers","population":89916}},
{"type":"Feature","geometry":{"type":"Point","coordinates":[2.3842,48.9109]},"properties":{"nom":"Aubervilliers","population":88365}},
{"type":"Feature","geometry":{"type":"Point","coordinates":[2.4947,48.9484]},"properties":{"nom":"Aulnay-sous-Bois","population":87599}},
{"type":"Feature","geometry":{"type":"Point","coordinates":[2.3456,51.0307]},"properties":{"nom":"Dunkerque","population":86263}},
{"type":"Feature","geometry":{"type":"Point","coordinates":[2.1153,48.7997]},"properties":{"nom":"Versailles","population":84095}},
{"type":"Feature","geometry":{"type":"Point","coordinates":[2.2558,48.8973]},"properties":{"nom":"Courbevoie","population":82902}},
{"type":"Feature","geometry":{"type":"Point","coordinates":[2.1777,48.8694]},"properties":{"nom":"Rueil-Malmaison","population":82874}},
{"type":"Feature","geometry":{"type":"Point","coordinates":[3.2199,43.3403]},"properties":{"nom":"Béziers","population":81545}},
{"type":"Feature","geometry":{"type":"Point","coordinates":[-0.3513,43.3186]},"properties":{"nom":"Pau","population":80441}},
{"type":"Feature","geometry":{"type":"Point","coordinates":[-1.1915,46.1681]},"properties":{"nom":"La Rochelle","population":79851}},
{"type":"Feature","geometry":{"type":"Point","coordinates":[-1.5917,49.624]},"properties":{"nom":"Cherbourg-en-Cotentin","population":78258}},
{"type":"Feature","geometry":{"type":"Point","coordinates":[-0.682,44.8337]},"properties":{"nom":"Mérignac","population":78090}},
{"type":"Feature","geometry":{"type":"Point","coordinates":[2.5165,48.8182]},"properties":{"nom":"Champigny-sur-Marne","population":78072}},
{"type":"Feature","geometry":{"type":"Point","coordinates":[7.103,43.5895]},"properties":{"nom":"Antibes","population":77637}},
{"type":"Feature","geometry":{"type":"Point","coordinates":[2.4944,48.7983]},"properties":{"nom":"Saint-Maur-des-Fossés","population":76572}},
{"type":"Feature","geometry":{"type":"Point","coordinates":[8.6547,41.931]},"properties":{"nom":"Ajaccio","population":76320}},
{"type":"Feature","geometry":{"type":"Point","coordinates":[-2.2523,47.2827]},"properties":{"nom":"Saint-Nazaire","population":74568}},
{"type":"Feature","geometry":{"type":"Point","coordinates":[7.028,43.5586]},"properties":{"nom":"Cannes","population":74350}},
{"type":"Feature","geometry":{"type":"Point","coordinates":[2.5663,48.8395]},"properties":{"nom":"Noisy-le-Grand","population":72978}},
{"type":"Feature","geometry":{"type":"Point","coordinates":[2.4479,48.9235]},"properties":{"nom":"Drancy","population":72390}},
{"type":"Feature","geometry":{"type":"Point","coordinates":[2.0518,49.0414]},"properties":{"nom":"Cergy","population":70906}},
{"type":"Feature","geometry":{"type":"Point","coordinates":[2.2869,48.8951]},"properties":{"nom":"Levallois-Perret","population":68092}},
{"type":"Feature","geometry":{"type":"Point","coordinates":[2.2641,48.8219]},"properties":{"nom":"Issy-les-Moulineaux","population":67669}},
{"type":"Feature","geometry":{"type":"Point","coordinates":[1.8703,50.9566]},"properties":{"nom":"Calais","population":67571}},
{"type":"Feature","geometry":{"type":"Point","coordinates":[-0.6757,44.7934]},"properties":{"nom":"Pessac","population":67339}},
{"type":"Feature","geometry":{"type":"Point","coordinates":[7.36,48.0904]},"properties":{"nom":"Colmar","population":66970}},
{"type":"Feature","geometry":{"type":"Point","coordinates":[2.4301,48.6269]},"properties":{"nom":"Évry-Courcouronnes","population":66919}},
{"type":"Feature","geometry":{"type":"Point","coordinates":[4.8812,45.7043]},"properties":{"nom":"Vénissieux","population":65502}},
{"type":"Feature","geometry":{"type":"Point","coordinates":[2.3878,48.8134]},"properties":{"nom":"Ivry-sur-Seine","population":65064}},
{"type":"Feature","geometry":{"type":"Point","coordinates":[4.9124,44.9204]},"properties":{"nom":"Valence","population":64458}},
{"type":"Feature","geometry":{"type":"Point","coordinates":[2.306,48.9041]},"properties":{"nom":"Clichy","population":64410}},
{"type":"Feature","geometry":{"type":"Point","coordinates":[-4.0971,48.0063]},"properties":{"nom":"Quimper","population":64385}},
{"type":"Feature","geometry":{"type":"Point","coordinates":[2.2989,48.7507]},"properties":{"nom":"Antony","population":64263}},
{"type":"Feature","geometry":{"type":"Point","coordinates":[2.41,47.0758]},"properties":{"nom":"Bourges","population":64186}},
{"type":"Feature","geometry":{"type":"Point","coordinates":[5.8708,43.0893]},"properties":{"nom":"La Seyne-sur-Mer","population":63732}},
{"type":"Feature","geometry":{"type":"Point","coordinates":[1.3641,44.0223]},"properties":{"nom":"Montauban","population":62945}},
{"type":"Feature","geometry":{"type":"Point","coordinates":[3.1528,50.6324]},"properties":{"nom":"Villeneuve-d'Ascq","population":62868}},
{"type":"Feature","geometry":{"type":"Point","coordinates":[2.4636,48.942]},"properties":{"nom":"Le Blanc-Mesnil","population":62376}},
{"type":"Feature","geometry":{"type":"Point","coordinates":[4.08,48.2985]},"properties":{"nom":"Troyes","population":62088}},
{"type":"Feature","geometry":{"type":"Point","coordinates":[2.4089,48.898]},"properties":{"nom":"Pantin","population":61929}},
{"type":"Feature","geometry":{"type":"Point","coordinates":[2.3598,48.7924]},"properties":{"nom":"Villejuif","population":60183}},
{"type":"Feature","geometry":{"type":"Point","coordinates":[5.9107,45.589]},"properties":{"nom":"Chambéry","population":59964}},
{"type":"Feature","geometry":{"type":"Point","coordinates":[-0.4646,46.3291]},"properties":{"nom":"Niort","population":59854}},
{"type":"Feature","geometry":{"type":"Point","coordinates":[6.7584,43.4808]},"properties":{"nom":"Fréjus","population":59719}},
{"type":"Feature","geometry":{"type":"Point","coordinates":[2.2671,48.8873]},"properties":{"nom":"Neuilly-sur-Seine","population":59538}},
{"type":"Feature","geometry":{"type":"Point","coordinates":[2.3809,48.9893]},"properties":{"nom":"Sarcelles","population":59173}},
{"type":"Feature","geometry":{"type":"Point","coordinates":[2.2561,48.7968]},"properties":{"nom":"Clamart","population":58576}},
{"type":"Feature","geometry":{"type":"Point","coordinates":[-3.3764,47.7506]},"properties":{"nom":"Lorient","population":58329}},
{"type":"Feature","geometry":{"type":"Point","coordinates":[3.0131,43.1801]},"properties":{"nom":"Narbonne","population":57587}},
{"type":"Feature","geometry":{"type":"Point","coordinates":[2.4343,48.9053]},"properties":{"nom":"Bobigny","population":56927}},
{"type":"Feature","geometry":{"type":"Point","coordinates":[2.8997,48.9566]},"properties":{"nom":"Meaux","population":56905}},
{"type":"Feature","geometry":{"type":"Point","coordinates":[2.4379,48.8062]},"properties":{"nom":"Maisons-Alfort","population":56799}},
{"type":"Feature","geometry":{"type":"Point","coordinates":[6.1477,43.1273]},"properties":{"nom":"Hyères","population":55858}},
{"type":"Feature","geometry":{"type":"Point","coordinates":[-2.7686,47.6593]},"properties":{"nom":"Vannes","population":55790}},
{"type":"Feature","geometry":{"type":"Point","coordinates":[2.0859,49.4351]},"properties":{"nom":"Beauvais","population":55550}},
{"type":"Feature","geometry":{"type":"Point","coordinates":[-1.4079,46.6677]},"properties":{"nom":"La Roche-sur-Yon","population":54849}},
{"type":"Feature","geometry":{"type":"Point","coordinates":[2.5994,48.883]},"properties":{"nom":"Chelles","population":54620}},
{"type":"Feature","geometry":{"type":"Point","coordinates":[2.4712,48.6062]},"properties":{"nom":"Corbeil-Essonnes","population":54471}},
{"type":"Feature","geometry":{"type":"Point","coordinates":[-0.8824,47.0514]},"properties":{"nom":"Cholet","population":54404}},
{"type":"Feature","geometry":{"type":"Point","coordinates":[-1.4677,43.4959]},"properties":{"nom":"Bayonne","population":54306}},
{"type":"Feature","geometry":{"type":"Point","coordinates":[2.4741,48.8512]},"properties":{"nom":"Fontenay-sous-Bois","population":53757}},
{"type":"Feature","geometry":{"type":"Point","coordinates":[2.3327,48.9091]},"properties":{"nom":"Saint-Ouen-sur-Seine","population":53615}},
{"type":"Feature","geometry":{"type":"Point","coordinates":[7.1524,43.6723]},"properties":{"nom":"Cagnes-sur-Mer","population":53354}},
{"type":"Feature","geometry":{"type":"Point","coordinates":[4.9267,45.7861]},"properties":{"nom":"Vaulx-en-Velin","population":53069}},
{"type":"Feature","geometry":{"type":"Point","coordinates":[2.3006,48.9581]},"properties":{"nom":"Épinay-sur-Seine","population":52833}},
{"type":"Feature","geometry":{"type":"Point","coordinates":[3.2779,49.8499]},"properties":{"nom":"Saint-Quentin","population":52813}},
{"type":"Feature","geometry":{"type":"Point","coordinates":[2.1683,48.9397]},"properties":{"nom":"Sartrouville","population":52763}},
{"type":"Feature","geometry":{"type":"Point","coordinates":[2.5306,48.9387]},"properties":{"nom":"Sevran","population":52535}},
{"type":"Feature","geometry":{"type":"Point","coordinates":[4.6972,43.5738]},"properties":{"nom":"Arles","population":51811}},
{"type":"Feature","geometry":{"type":"Point","coordinates":[2.2716,48.7271]},"properties":{"nom":"Massy","population":51729}},
{"type":"Feature","geometry":{"type":"Point","coordinates":[2.1482,43.9265]},"properties":{"nom":"Albi","population":51290}},
{"type":"Feature","geometry":{"type":"Point","coordinates":[2.2955,48.9353]},"properties":{"nom":"Gennevilliers","population":50979}},
{"type":"Feature","geometry":{"type":"Point","coordinates":[-1.6341,47.2249]},"properties":{"nom":"Saint-Herblain","population":50973}},
{"type":"Feature","geometry":{"type":"Point","coordinates":[6.9319,43.6559]},"properties":{"nom":"Grasse","population":50970}},
{"type":"Feature","geometry":{"type":"Point","coordinates":[2.484,48.9021]},"properties":{"nom":"Bondy","population":50595}},
{"type":"Feature","geometry":{"type":"Point","coordinates":[-1.7568,46.5161]},"properties":{"nom":"Les Sables-d'Olonne","population":49603}},
{"type":"Feature","geometry":{"type":"Point","coordinates":[-0.7657,48.063]},"properties":{"nom":"Laval","population":49400}},
{"type":"Feature","geometry":{"type":"Point","coordinates":[1.1415,49.0195]},"properties":{"nom":"Évreux","population":49360}},
{"type":"Feature","geometry":{"type":"Point","coordinates":[4.949,45.7021]},"properties":{"nom":"Saint-Priest","population":49229}},
{"type":"Feature","geometry":{"type":"Point","coordinates":[2.2202,48.8697]},"properties":{"nom":"Suresnes","population":48956}},
{"type":"Feature","geometry":{"type":"Point","coordinates":[5.054,43.3687]},"properties":{"nom":"Martigues","population":48298}},
{"type":"Feature","geometry":{"type":"Point","coordinates":[2.434,48.8465]},"properties":{"nom":"Vincennes","population":48193}},
{"type":"Feature","geometry":{"type":"Point","coordinates":[5.563,43.2968]},"properties":{"nom":"Aubagne","population":47529}},
{"type":"Feature","geometry":{"type":"Point","coordinates":[-1.9805,48.6399]},"properties":{"nom":"Saint-Malo","population":47439}},
{"type":"Feature","geometry":{"type":"Point","coordinates":[2.533,48.918]},"properties":{"nom":"Livry-Gargan","population":47228}},
{"type":"Feature","geometry":{"type":"Point","coordinates":[1.3147,47.5881]},"properties":{"nom":"Blois","population":47219}},
{"type":"Feature","geometry":{"type":"Point","coordinates":[2.4861,48.8755]},"properties":{"nom":"Rosny-sous-Bois","population":47180}},
{"type":"Feature","geometry":{"type":"Point","coordinates":[2.3994,48.9332]},"properties":{"nom":"La Courneuve","population":47167}},
{"type":"Feature","geometry":{"type":"Point","coordinates":[1.5206,45.1486]},"properties":{"nom":"Brive-la-Gaillarde","population":47095}},
{"type":"Feature","geometry":{"type":"Point","coordinates":[9.4251,42.6864]},"properties":{"nom":"Bastia","population":46867}},
{"type":"Feature","geometry":{"type":"Point","coordinates":[-0.5912,44.8059]},"properties":{"nom":"Talence","population":46338}},
{"type":"Feature","geometry":{"type":"Point","coordinates":[2.2261,48.8042]},"properties":{"nom":"Meudon","population":46334}},
{"type":"Feature","geometry":{"type":"Point","coordinates":[2.3172,48.8152]},"properties":{"nom":"Montrouge","population":46324}},
{"type":"Feature","geometry":{"type":"Point","coordinates":[4.0885,44.1252]},"properties":{"nom":"Alès","population":46125}},
{"type":"Feature","geometry":{"type":"Point","coordinates":[2.3435,43.2094]},"properties":{"nom":"Carcassonne","population":46080}},
{"type":"Feature","geometry":{"type":"Point","coordinates":[2.6581,48.5445]},"properties":{"nom":"Melun","population":45995}},
{"type":"Feature","geometry":{"type":"Point","coordinates":[2.4172,48.7643]},"properties":{"nom":"Choisy-le-Roi","population":45946}},
{"type":"Feature","geometry":{"type":"Point","coordinates":[2.0966,48.9422]},"properties":{"nom":"Saint-Germain-en-Laye","population":45931}},
{"type":"Feature","geometry":{"type":"Point","coordinates":[6.8494,47.6442]},"properties":{"nom":"Belfort","population":45912}},
{"type":"Feature","geometry":{"type":"Point","coordinates":[4.7166,49.7731]},"properties":{"nom":"Charleville-Mézières","population":45560}},
{"type":"Feature","geometry":{"type":"Point","coordinates":[2.4203,48.8031]},"properties":{"nom":"Alfortville","population":45531}},
{"type":"Feature","geometry":{"type":"Point","coordinates":[2.4589,48.8923]},"properties":{"nom":"Noisy-le-Sec","population":45510}},
{"type":"Feature","geometry":{"type":"Point","coordinates":[3.6697,43.4104]},"properties":{"nom":"Sète","population":45337}},
{"type":"Feature","geometry":{"type":"Point","coordinates":[4.8522,46.7899]},"properties":{"nom":"Chalon-sur-Saône","population":45102}},
{"type":"Feature","geometry":{"type":"Point","coordinates":[2.3101,48.7982]},"properties":{"nom":"Bagneux","population":44572}},
{"type":"Feature","geometry":{"type":"Point","coordinates":[0.0662,43.2346]},"properties":{"nom":"Tarbes","population":44399}},
{"type":"Feature","geometry":{"type":"Point","coordinates":[-2.75,48.5107]},"properties":{"nom":"Saint-Brieuc","population":44364}},
{"type":"Feature","geometry":{"type":"Point","coordinates":[4.9506,43.5505]},"properties":{"nom":"Istres","population":44292}},
{"type":"Feature","geometry":{"type":"Point","coordinates":[5.0793,43.6541]},"properties":{"nom":"Salon-de-Provence","population":44194}},
{"type":"Feature","geometry":{"type":"Point","coordinates":[2.2404,48.8845]},"properties":{"nom":"Puteaux","population":44002}},
{"type":"Feature","geometry":{"type":"Point","coordinates":[4.854,45.7997]},"properties":{"nom":"Caluire-et-Cuire","population":43597}},
{"type":"Feature","geometry":{"type":"Point","coordinates":[-1.5461,47.1752]},"properties":{"nom":"Rezé","population":43556}},
{"type":"Feature","geometry":{"type":"Point","coordinates":[1.6941,48.9983]},"properties":{"nom":"Mantes-la-Jolie","population":43526}},
{"type":"Feature","geometry":{"type":"Point","coordinates":[3.5198,50.357]},"properties":{"nom":"Valenciennes","population":43468}},
{"type":"Feature","geometry":{"type":"Point","coordinates":[-1.5184,43.4953]},"properties":{"nom":"Anglet","population":43271}},
{"type":"Feature","geometry":{"type":"Point","coordinates":[2.4221,48.8696]},"properties":{"nom":"Bagnolet","population":43086}},
{"type":"Feature","geometry":{"type":"Point","coordinates":[4.912,45.7347]},"properties":{"nom":"Bron","population":42982}},
{"type":"Feature","geometry":{"type":"Point","coordinates":[4.375,48.9712]},"properties":{"nom":"Châlons-en-Champagne","population":42971}},
{"type":"Feature","geometry":{"type":"Point","coordinates":[1.6932,46.8019]},"properties":{"nom":"Châteauroux","population":42963}},
{"type":"Feature","geometry":{"type":"Point","coordinates":[2.7707,50.2907]},"properties":{"nom":"Arras","population":42875}},
{"type":"Feature","geometry":{"type":"Point","coordinates":[6.114,49.3785]},"properties":{"nom":"Thionville","population":42658}},
{"type":"Feature","geometry":{"type":"Point","coordinates":[-0.5656,44.769]},"properties":{"nom":"Villenave-d'Ornon","population":42545}},
{"type":"Feature","geometry":{"type":"Point","coordinates":[2.2383,43.6156]},"properties":{"nom":"Castres","population":42505}},
{"type":"Feature","geometry":{"type":"Point","coordinates":[5.2456,46.205]},"properties":{"nom":"Bourg-en-Bresse","population":42372}},
{"type":"Feature","geometry":{"type":"Point","coordinates":[2.5401,48.8819]},"properties":{"nom":"Gagny","population":42313}},
{"type":"Feature","geometry":{"type":"Point","coordinates":[7.0105,43.5738]},"properties":{"nom":"Le Cannet","population":41938}},
{"type":"Feature","geometry":{"type":"Point","coordinates":[0.1463,45.6459]},"properties":{"nom":"Angoulême","population":41908}},
{"type":"Feature","geometry":{"type":"Point","coordinates":[2.4046,48.9705]},"properties":{"nom":"Garges-lès-Gonesse","population":41791}},
{"type":"Feature","geometry":{"type":"Point","coordinates":[2.5472,48.9588]},"properties":{"nom":"Villepinte","population":41470}},
{"type":"Feature","geometry":{"type":"Point","coordinates":[2.3849,48.9566]},"properties":{"nom":"Stains","population":41388}},
{"type":"Feature","geometry":{"type":"Point","coordinates":[6.0767,44.5738]},"properties":{"nom":"Gap","population":41293}},
{"type":"Feature","geometry":{"type":"Point","coordinates":[2.0473,48.9329]},"properties":{"nom":"Poissy","population":40983}},
{"type":"Feature","geometry":{"type":"Point","coordinates":[1.327,43.6116]},"properties":{"nom":"Colomiers","population":40882}},
{"type":"Feature","geometry":{"type":"Point","coordinates":[3.2141,50.7016]},"properties":{"nom":"Wattrelos","population":40847}},
{"type":"Feature","geometry":{"type":"Point","coordinates":[6.4527,43.5379]},"properties":{"nom":"Draguignan","population":40826}},
{"type":"Feature","geometry":{"type":"Point","coordinates":[2.8529,49.3993]},"properties":{"nom":"Compiègne","population":40761}},
{"type":"Feature","geometry":{"type":"Point","coordinates":[4.7488,44.5534]},"properties":{"nom":"Montélimar","population":40595}},
{"type":"Feature","geometry":{"type":"Point","coordinates":[1.6093,50.7292]},"properties":{"nom":"Boulogne-sur-Mer","population":40539}},
{"type":"Feature","geometry":{"type":"Point","coordinates":[3.0791,50.3807]},"properties":{"nom":"Douai","population":40250}},
{"type":"Feature","geometry":{"type":"Point","coordinates":[3.0987,50.6749]},"properties":{"nom":"Marcq-en-Barœul","population":40184}},
{"type":"Feature","geometry":{"type":"Point","coordinates":[2.5323,48.8631]},"properties":{"nom":"Neuilly-sur-Marne","population":39800}},
{"type":"Feature","geometry":{"type":"Point","coordinates":[2.6123,48.7869]},"properties":{"nom":"Pontault-Combault","population":39096}},
{"type":"Feature","geometry":{"type":"Point","coordinates":[5.6022,43.1953]},"properties":{"nom":"La Ciotat","population":38477}},
{"type":"Feature","geometry":{"type":"Point","coordinates":[0.6529,47.3326]},"properties":{"nom":"Joué-lès-Tours","population":38423}},
{"type":"Feature","geometry":{"type":"Point","coordinates":[2.5481,48.9875]},"properties":{"nom":"Tremblay-en-France","population":38348}},
{"type":"Feature","geometry":{"type":"Point","coordinates":[1.5067,48.4437]},"properties":{"nom":"Chartres","population":38324}},
{"type":"Feature","geometry":{"type":"Point","coordinates":[4.8152,45.7085]},"properties":{"nom":"Oullins-Pierre-Bénite","population":38168}},
{"type":"Feature","geometry":{"type":"Point","coordinates":[6.4888,46.3698]},"properties":{"nom":"Thonon-les-Bains","population":37928}},
{"type":"Feature","geometry":{"type":"Point","coordinates":[2.2243,48.9884]},"properties":{"nom":"Franconville","population":37754}},
{"type":"Feature","geometry":{"type":"Point","coordinates":[5.7652,45.1762]},"properties":{"nom":"Saint-Martin-d'Hères","population":37695}},
{"type":"Feature","geometry":{"type":"Point","coordinates":[6.2395,46.1895]},"properties":{"nom":"Annemasse","population":37628}},
{"type":"Feature","geometry":{"type":"Point","coordinates":[2.349,48.6842]},"properties":{"nom":"Savigny-sur-Orge","population":37601}},
{"type":"Feature","geometry":{"type":"Point","coordinates":[5.7154,45.1471]},"properties":{"nom":"Échirolles","population":37491}},
{"type":"Feature","geometry":{"type":"Point","coordinates":[2.2288,48.7146]},"properties":{"nom":"Palaiseau","population":37471}},
{"type":"Feature","geometry":{"type":"Point","coordinates":[2.4342,48.8867]},"properties":{"nom":"Romainville","population":37152}},
{"type":"Feature","geometry":{"type":"Point","coordinates":[6.846,43.4624]},"properties":{"nom":"Saint-Raphaël","population":37113}},
{"type":"Feature","geometry":{"type":"Point","coordinates":[5.8294,43.0869]},"properties":{"nom":"Six-Fours-les-Plages","population":37109}},
{"type":"Feature","geometry":{"type":"Point","coordinates":[2.0989,48.9998]},"properties":{"nom":"Conflans-Sainte-Honorine","population":36958}},
{"type":"Feature","geometry":{"type":"Point","coordinates":[5.2634,43.4498]},"properties":{"nom":"Vitrolles","population":36758}},
{"type":"Feature","geometry":{"type":"Point","coordinates":[2.2881,48.8029]},"properties":{"nom":"Châtillon","population":36705}},
{"type":"Feature","geometry":{"type":"Point","coordinates":[5.0063,45.7773]},"properties":{"nom":"Meyzieu","population":36687}},
{"type":"Feature","geometry":{"type":"Point","coordinates":[2.387,48.7079]},"properties":{"nom":"Athis-Mons","population":36613}},
{"type":"Feature","geometry":{"type":"Point","coordinates":[2.2126,48.9265]},"properties":{"nom":"Bezons","population":36434}},
{"type":"Feature","geometry":{"type":"Point","coordinates":[7.8421,48.846]},"properties":{"nom":"Haguenau","population":36391}},
{"type":"Feature","geometry":{"type":"Point","coordinates":[2.4841,49.2532]},"properties":{"nom":"Creil","population":36301}},
{"type":"Feature","geometry":{"type":"Point","coordinates":[2.4445,48.7494]},"properties":{"nom":"Villeneuve-Saint-Georges","population":36221}},
{"type":"Feature","geometry":{"type":"Point","coordinates":[4.7307,45.9888]},"properties":{"nom":"Villefranche-sur-Saône","population":36172}},
{"type":"Feature","geometry":{"type":"Point","coordinates":[2.2717,48.7689]},"properties":{"nom":"Châtenay-Malabry","population":35825}},
{"type":"Feature","geometry":{"type":"Point","coordinates":[4.502,45.4701]},"properties":{"nom":"Saint-Chamond","population":35646}},
{"type":"Feature","geometry":{"type":"Point","coordinates":[2.3396,48.638]},"properties":{"nom":"Sainte-Geneviève-des-Bois","population":35438}},
{"type":"Feature","geometry":{"type":"Point","coordinates":[4.0861,46.0527]},"properties":{"nom":"Roanne","population":35409}},
{"type":"Feature","geometry":{"type":"Point","coordinates":[2.5035,48.8421]},"properties":{"nom":"Le Perreux-sur-Marne","population":35260}},
{"type":"Feature","geometry":{"type":"Point","coordinates":[4.8155,46.2934]},"properties":{"nom":"Mâcon","population":35177}},
{"type":"Feature","geometry":{"type":"Point","coordinates":[3.5815,47.7938]},"properties":{"nom":"Auxerre","population":35097}},
{"type":"Feature","geometry":{"type":"Point","coordinates":[7.7458,48.6057]},"properties":{"nom":"Schiltigheim","population":34708}},
{"type":"Feature","geometry":{"type":"Point","coordinates":[1.9941,48.7757]},"properties":{"nom":"Trappes","population":34689}},
{"type":"Feature","geometry":{"type":"Point","coordinates":[1.9143,48.9887]},"properties":{"nom":"Les Mureaux","population":34632}},
{"type":"Feature","geometry":{"type":"Point","coordinates":[2.1872,48.9269]},"properties":{"nom":"Houilles","population":33983}},
{"type":"Feature","geometry":{"type":"Point","coordinates":[5.2071,43.4167]},"properties":{"nom":"Marignane","population":33692}},
{"type":"Feature","geometry":{"type":"Point","coordinates":[5.0278,45.0507]},"properties":{"nom":"Romans-sur-Isère","population":33464}},
{"type":"Feature","geometry":{"type":"Point","coordinates":[2.5452,48.8273]},"properties":{"nom":"Villiers-sur-Marne","population":33162}},
{"type":"Feature","geometry":{"type":"Point","coordinates":[2.5989,46.3391]},"properties":{"nom":"Montluçon","population":33147}},
{"type":"Feature","geometry":{"type":"Point","coordinates":[3.156,46.9912]},"properties":{"nom":"Nevers","population":33085}},
{"type":"Feature","geometry":{"type":"Point","coordinates":[2.8212,50.4374]},"properties":{"nom":"Lens","population":32920}},
{"type":"Feature","geometry":{"type":"Point","coordinates":[2.3831,48.7619]},"properties":{"nom":"Thiais","population":32918}},
{"type":"Feature","geometry":{"type":"Point","coordinates":[-0.7855,44.8903]},"properties":{"nom":"Saint-Médard-en-Jalles","population":32910}},
{"type":"Feature","geometry":{"type":"Point","coordinates":[0.6239,44.2027]},"properties":{"nom":"Agen","population":32801}},
{"type":"Feature","geometry":{"type":"Point","coordinates":[2.0337,48.7769]},"properties":{"nom":"Montigny-le-Bretonneux","population":32465}},
{"type":"Feature","geometry":{"type":"Point","coordinates":[2.4852,48.837]},"properties":{"nom":"Nogent-sur-Marne","population":32455}},
{"type":"Feature","geometry":{"type":"Point","coordinates":[5.9134,45.6964]},"properties":{"nom":"Aix-les-Bains","population":32406}},
{"type":"Feature","geometry":{"type":"Point","coordinates":[6.4703,48.1636]},"properties":{"nom":"Épinal","population":32251}},
{"type":"Feature","geometry":{"type":"Point","coordinates":[7.1854,43.674]},"properties":{"nom":"Saint-Laurent-du-Var","population":32172}},
{"type":"Feature","geometry":{"type":"Point","coordinates":[2.0933,49.0527]},"properties":{"nom":"Pontoise","population":31970}},
{"type":"Feature","geometry":{"type":"Point","coordinates":[-0.5468,44.8027]},"properties":{"nom":"Bègles","population":31831}},
{"type":"Feature","geometry":{"type":"Point","coordinates":[1.9469,48.8125]},"properties":{"nom":"Plaisir","population":31811}},
{"type":"Feature","geometry":{"type":"Point","coordinates":[2.1392,48.9999]},"properties":{"nom":"Herblay-sur-Seine","population":31779}},
{"type":"Feature","geometry":{"type":"Point","coordinates":[4.8833,45.519]},"properties":{"nom":"Vienne","population":31778}},
{"type":"Feature","geometry":{"type":"Point","coordinates":[5.0607,44.0589]},"properties":{"nom":"Carpentras","population":31619}},
{"type":"Feature","geometry":{"type":"Point","coordinates":[-0.4957,43.9028]},"properties":{"nom":"Mont-de-Marsan","population":31592}},
{"type":"Feature","geometry":{"type":"Point","coordinates":[1.3545,48.7507]},"properties":{"nom":"Dreux","population":31543}},
{"type":"Feature","geometry":{"type":"Point","coordinates":[2.4236,48.7069]},"properties":{"nom":"Vigneux-sur-Seine","population":31466}},
{"type":"Feature","geometry":{"type":"Point","coordinates":[4.8996,45.8197]},"properties":{"nom":"Rillieux-la-Pape","population":31389}},
{"type":"Feature","geometry":{"type":"Point","coordinates":[2.4661,49.0246]},"properties":{"nom":"Goussainville","population":31301}},
{"type":"Feature","geometry":{"type":"Point","coordinates":[2.4079,48.646]},"properties":{"nom":"Ris-Orangis","population":31189}},
{"type":"Feature","geometry":{"type":"Point","coordinates":[2.3337,48.7783]},"properties":{"nom":"L'Haÿ-les-Roses","population":31188}},
{"type":"Feature","geometry":{"type":"Point","coordinates":[2.5793,48.5709]},"properties":{"nom":"Savigny-le-Temple","population":31148}},
{"type":"Feature","geometry":{"type":"Point","coordinates":[3.2422,50.1703]},"properties":{"nom":"Cambrai","population":31134}},
{"type":"Feature","geometry":{"type":"Point","coordinates":[2.3321,48.7916]},"properties":{"nom":"Cachan","population":31103}},
{"type":"Feature","geometry":{"type":"Point","coordinates":[0.5527,46.8156]},"properties":{"nom":"Châtellerault","population":31003}},
{"type":"Feature","geometry":{"type":"Point","coordinates":[2.3727,48.6702]},"properties":{"nom":"Viry-Châtillon","population":30838}},
{"type":"Feature","geometry":{"type":"Point","coordinates":[2.1232,48.8268]},"properties":{"nom":"Le Chesnay-Rocquencourt","population":30689}},
{"type":"Feature","geometry":{"type":"Point","coordinates":[7.4913,43.7851]},"properties":{"nom":"Menton","population":30604}},
{"type":"Feature","geometry":{"type":"Point","coordinates":[2.1563,48.897]},"properties":{"nom":"Chatou","population":30598}},
{"type":"Feature","geometry":{"type":"Point","coordinates":[2.2976,48.8165]},"properties":{"nom":"Malakoff","population":30557}},
{"type":"Feature","geometry":{"type":"Point","coordinates":[2.2465,48.9072]},"properties":{"nom":"La Garenne-Colombes","population":30197}},
{"type":"Feature","geometry":{"type":"Point","coordinates":[1.3363,43.579]},"properties":{"nom":"Tournefeuille","population":30168}},
{"type":"Feature","geometry":{"type":"Point","coordinates":[5.2741,45.6028]},"properties":{"nom":"Bourgoin-Jallieu","population":30151}},
{"type":"Feature","geometry":{"type":"Point","coordinates":[2.4215,48.6777]},"properties":{"nom":"Draveil","population":30098}},
{"type":"Feature","geometry":{"type":"Point","coordinates":[2.7749,50.4234]},"properties":{"nom":"Liévin","population":30063}},
{"type":"Feature","geometry":{"type":"Point","coordinates":[2.404,49.0076]},"properties":{"nom":"Villiers-le-Bel","population":30053}},
{"type":"Feature","geometry":{"type":"Point","coordinates":[6.1735,48.6605]},"properties":{"nom":"Vandœuvre-lès-Nancy","population":29942}},
{"type":"Feature","geometry":{"type":"Point","coordinates":[3.484,43.3095]},"properties":{"nom":"Agde","population":29939}},
{"type":"Feature","geometry":{"type":"Point","coordinates":[4.9617,45.772]},"properties":{"nom":"Décines-Charpieu","population":29877}},
{"type":"Feature","geometry":{"type":"Point","coordinates":[2.2099,48.8412]},"properties":{"nom":"Saint-Cloud","population":29855}},
{"type":"Feature","geometry":{"type":"Point","coordinates":[2.5061,48.8858]},"properties":{"nom":"Villemomble","population":29795}},
{"type":"Feature","geometry":{"type":"Point","coordinates":[2.0758,48.7731]},"properties":{"nom":"Guyancourt","population":29778}},
{"type":"Feature","geometry":{"type":"Point","coordinates":[4.8127,44.1304]},"properties":{"nom":"Orange","population":29706}},
{"type":"Feature","geometry":{"type":"Point","coordinates":[2.327,48.7583]},"properties":{"nom":"Fresnes","population":29528}},
{"type":"Feature","geometry":{"type":"Point","coordinates":[1.0896,49.381]},"properties":{"nom":"Saint-Étienne-du-Rouvray","population":29518}},
{"type":"Feature","geometry":{"type":"Point","coordinates":[2.2551,48.9881]},"properties":{"nom":"Ermont","population":29489}},
{"type":"Feature","geometry":{"type":"Point","coordinates":[2.5462,48.9081]},"properties":{"nom":"Clichy-sous-Bois","population":29354}},
{"type":"Feature","geometry":{"type":"Point","coordinates":[7.058,43.5766]},"properties":{"nom":"Vallauris","population":29259}},
{"type":"Feature","geometry":{"type":"Point","coordinates":[0.7106,45.1897]},"properties":{"nom":"Périgueux","population":29055}},
{"type":"Feature","geometry":{"type":"Point","coordinates":[1.0955,49.4098]},"properties":{"nom":"Sotteville-lès-Rouen","population":29003}},
{"type":"Feature","geometry":{"type":"Point","coordinates":[2.2684,48.9151]},"properties":{"nom":"Bois-Colombes","population":28909}},
{"type":"Feature","geometry":{"type":"Point","coordinates":[2.2597,48.7802]},"properties":{"nom":"Le Plessis-Robinson","population":28848}},
{"type":"Feature","geometry":{"type":"Point","coordinates":[2.4054,48.8228]},"properties":{"nom":"Charenton-le-Pont","population":28830}},
{"type":"Feature","geometry":{"type":"Point","coordinates":[3.9637,50.2899]},"properties":{"nom":"Maubeuge","population":28767}},
{"type":"Feature","geometry":{"type":"Point","coordinates":[2.5664,48.8985]},"properties":{"nom":"Montfermeil","population":28703}},
{"type":"Feature","geometry":{"type":"Point","coordinates":[2.2874,48.8216]},"properties":{"nom":"Vanves","population":28622}},
{"type":"Feature","geometry":{"type":"Point","coordinates":[-1.4997,47.203]},"properties":{"nom":"Saint-Sébastien-sur-Loire","population":28596}},
{"type":"Feature","geometry":{"type":"Point","coordinates":[-1.623,47.2746]},"properties":{"nom":"Orvault","population":28534}},
{"type":"Feature","geometry":{"type":"Point","coordinates":[1.0803,49.9183]},"properties":{"nom":"Dieppe","population":28496}},
{"type":"Feature","geometry":{"type":"Point","coordinates":[3.3221,49.3833]},"properties":{"nom":"Soissons","population":28046}},
{"type":"Feature","geometry":{"type":"Point","coordinates":[2.4926,48.7176]},"properties":{"nom":"Yerres","population":27906}},
{"type":"Feature","geometry":{"type":"Point","coordinates":[7.7315,48.5203]},"properties":{"nom":"Illkirch-Graffenstaden","population":27872}},
{"type":"Feature","geometry":{"type":"Point","coordinates":[2.5303,48.7652]},"properties":{"nom":"Sucy-en-Brie","population":27764}},
{"type":"Feature","geometry":{"type":"Point","coordinates":[1.8211,48.6599]},"properties":{"nom":"Rambouillet","population":27724}},
{"type":"Feature","geometry":{"type":"Point","coordinates":[2.4553,48.9842]},"properties":{"nom":"Gonesse","population":27707}},
{"type":"Feature","geometry":{"type":"Point","coordinates":[1.3798,43.6416]},"properties":{"nom":"Blagnac","population":27604}},
{"type":"Feature","geometry":{"type":"Point","coordinates":[2.2224,49.0228]},"properties":{"nom":"Taverny","population":27593}},
{"type":"Feature","geometry":{"type":"Point","coordinates":[-1.1723,44.5557]},"properties":{"nom":"La Teste-de-Buch","population":27566}},
{"type":"Feature","geometry":{"type":"Point","coordinates":[2.7314,48.8381]},"properties":{"nom":"Bussy-Saint-Georges","population":27498}},
{"type":"Feature","geometry":{"type":"Point","coordinates":[2.5964,48.8482]},"properties":{"nom":"Champs-sur-Marne","population":27451}},
{"type":"Feature","geometry":{"type":"Point","coordinates":[2.489,48.7456]},"properties":{"nom":"Limeil-Brévannes","population":27406}},
{"type":"Feature","geometry":{"type":"Point","coordinates":[2.1988,48.9693]},"properties":{"nom":"Cormeilles-en-Parisis","population":27292}},
{"type":"Feature","geometry":{"type":"Point","coordinates":[0.4865,44.8543]},"properties":{"nom":"Bergerac","population":27110}},
{"type":"Feature","geometry":{"type":"Point","coordinates":[3.2978,48.1958]},"properties":{"nom":"Sens","population":27106}},
{"type":"Feature","geometry":{"type":"Point","coordinates":[3.0254,50.6521]},"properties":{"nom":"Lambersart","population":27090}},
{"type":"Feature","geometry":{"type":"Point","coordinates":[2.88,50.6913]},"properties":{"nom":"Armentières","population":26998}},
{"type":"Feature","geometry":{"type":"Point","coordinates":[-0.617,44.7712]},"properties":{"nom":"Gradignan","population":26952}},
{"type":"Feature","geometry":{"type":"Point","coordinates":[2.6171,48.9418]},"properties":{"nom":"Villeparisis","population":26946}},
{"type":"Feature","geometry":{"type":"Point","coordinates":[2.2528,48.9719]},"properties":{"nom":"Sannois","population":26924}},
{"type":"Feature","geometry":{"type":"Point","coordinates":[2.1351,48.429]},"properties":{"nom":"Étampes","population":26857}},
{"type":"Feature","geometry":{"type":"Point","coordinates":[2.3875,48.657]},"properties":{"nom":"Grigny","population":26842}},
{"type":"Feature","geometry":{"type":"Point","coordinates":[-0.5215,44.855]},"properties":{"nom":"Cenon","population":26834}},
{"type":"Feature","geometry":{"type":"Point","coordinates":[2.3035,48.6031]},"properties":{"nom":"Brétigny-sur-Orge","population":26658}},
{"type":"Feature","geometry":{"type":"Point","coordinates":[4.1359,43.6821]},"properties":{"nom":"Lunel","population":26623}},
{"type":"Feature","geometry":{"type":"Point","coordinates":[6.0284,43.1315]},"properties":{"nom":"La Garde","population":26476}},
{"type":"Feature","geometry":{"type":"Point","coordinates":[1.9609,48.7772]},"properties":{"nom":"Élancourt","population":26365}},
{"type":"Feature","geometry":{"type":"Point","coordinates":[-0.0829,47.2701]},"properties":{"nom":"Saumur","population":26241}},
{"type":"Feature","geometry":{"type":"Point","coordinates":[-1.4706,47.1604]},"properties":{"nom":"Vertou","population":26227}},
{"type":"Feature","geometry":{"type":"Point","coordinates":[2.4403,44.9239]},"properties":{"nom":"Aurillac","population":26214}},
{"type":"Feature","geometry":{"type":"Point","coordinates":[2.2775,48.9911]},"properties":{"nom":"Eaubonne","population":26211}},
{"type":"Feature","geometry":{"type":"Point","coordinates":[-1.5521,43.4691]},"properties":{"nom":"Biarritz","population":26206}},
{"type":"Feature","geometry":{"type":"Point","coordinates":[5.0139,43.5842]},"properties":{"nom":"Miramas","population":26203}},
{"type":"Feature","geometry":{"type":"Point","coordinates":[1.3088,43.4489]},"properties":{"nom":"Muret","population":26079}},
{"type":"Feature","geometry":{"type":"Point","coordinates":[3.9124,43.6378]},"properties":{"nom":"Castelnau-le-Lez","population":26058}},
{"type":"Feature","geometry":{"type":"Point","coordinates":[2.3264,48.9383]},"properties":{"nom":"Villeneuve-la-Garenne","population":26021}},
{"type":"Feature","geometry":{"type":"Point","coordinates":[2.1953,48.6797]},"properties":{"nom":"Les Ulis","population":25886}},
{"type":"Feature","geometry":{"type":"Point","coordinates":[2.5036,48.9097]},"properties":{"nom":"Les Pavillons-sous-Bois","population":25804}},
{"type":"Feature","geometry":{"type":"Point","coordinates":[-1.0906,47.0967]},"properties":{"nom":"Sèvremoine","population":25797}},
{"type":"Feature","geometry":{"type":"Point","coordinates":[1.0396,49.4098]},"properties":{"nom":"Le Grand-Quevilly","population":25789}},
{"type":"Feature","geometry":{"type":"Point","coordinates":[-0.5196,44.8763]},"properties":{"nom":"Lormont","population":25769}},
{"type":"Feature","geometry":{"type":"Point","coordinates":[2.9572,50.4089]},"properties":{"nom":"Hénin-Beaumont","population":25688}},
{"type":"Feature","geometry":{"type":"Point","coordinates":[2.5016,48.6975]},"properties":{"nom":"Brunoy","population":25643}},
{"type":"Feature","geometry":{"type":"Point","coordinates":[5.0365,43.8516]},"properties":{"nom":"Cavaillon","population":25636}},
{"type":"Feature","geometry":{"type":"Point","coordinates":[2.1291,49.0445]},"properties":{"nom":"Saint-Ouen-l'Aumône","population":25578}},
{"type":"Feature","geometry":{"type":"Point","coordinates":[0.0927,48.4331]},"properties":{"nom":"Alençon","population":25490}},
{"type":"Feature","geometry":{"type":"Point","coordinates":[-0.6468,45.7405]},"properties":{"nom":"Saintes","population":25363}},
{"type":"Feature","geometry":{"type":"Point","coordinates":[1.4846,49.0851]},"properties":{"nom":"Vernon","population":25290}},
{"type":"Feature","geometry":{"type":"Point","coordinates":[2.643,50.529]},"properties":{"nom":"Béthune","population":25224}},
{"type":"Feature","geometry":{"type":"Point","coordinates":[3.4237,46.1286]},"properties":{"nom":"Vichy","population":25115}},
{"type":"Feature","geometry":{"type":"Point","coordinates":[-0.6026,44.8653]},"properties":{"nom":"Le Bouscat","population":25081}},
{"type":"Feature","geometry":{"type":"Point","coordinates":[2.0787,47.2369]},"properties":{"nom":"Vierzon","population":25068}},
{"type":"Feature","geometry":{"type":"Point","coordinates":[-0.2317,44.9103]},"properties":{"nom":"Libourne","population":25036}},
{"type":"Feature","geometry":{"type":"Point","coordinates":[-0.6481,44.8795]},"properties":{"nom":"Eysines","population":24825}},
{"type":"Feature","geometry":{"type":"Point","coordinates":[6.7993,47.508]},"properties":{"nom":"Montbéliard","population":24672}},
{"type":"Feature","geometry":{"type":"Point","coordinates":[2.3812,48.7403]},"properties":{"nom":"Orly","population":24658}},
{"type":"Feature","geometry":{"type":"Point","coordinates":[3.624,49.5653]},"properties":{"nom":"Laon","population":24220}},
{"type":"Feature","geometry":{"type":"Point","coordinates":[3.7491,43.4497]},"properties":{"nom":"Frontignan","population":24136}},
{"type":"Feature","geometry":{"type":"Point","coordinates":[2.3549,48.8088]},"properties":{"nom":"Le Kremlin-Bicêtre","population":24110}},
{"type":"Feature","geometry":{"type":"Point","coordinates":[-1.7147,47.2323]},"properties":{"nom":"Couëron","population":24103}},
{"type":"Feature","geometry":{"type":"Point","coordinates":[2.2866,48.7889]},"properties":{"nom":"Fontenay-aux-Roses","population":24070}},
{"type":"Feature","geometry":{"type":"Point","coordinates":[2.4615,48.6954]},"properties":{"nom":"Montgeron","population":24022}},
{"type":"Feature","geometry":{"type":"Point","coordinates":[-0.8897,47.2063]},"properties":{"nom":"Beaupréau-en-Mauges","population":23989}},
{"type":"Feature","geometry":{"type":"Point","coordinates":[2.5668,44.3584]},"properties":{"nom":"Rodez","population":23981}},
{"type":"Feature","geometry":{"type":"Point","coordinates":[2.4201,48.8815]},"properties":{"nom":"Les Lilas","population":23843}},
{"type":"Feature","geometry":{"type":"Point","coordinates":[5.497,47.0887]},"properties":{"nom":"Dole","population":23840}},
{"type":"Feature","geometry":{"type":"Point","coordinates":[5.9951,43.1492]},"properties":{"nom":"La Valette-du-Var","population":23719}},
{"type":"Feature","geometry":{"type":"Point","coordinates":[2.6311,48.5125]},"properties":{"nom":"Dammarie-les-Lys","population":23559}},
{"type":"Feature","geometry":{"type":"Point","coordinates":[1.8889,47.8552]},"properties":{"nom":"Olivet","population":23507}},
{"type":"Feature","geometry":{"type":"Point","coordinates":[-0.3307,49.2073]},"properties":{"nom":"Hérouville-Saint-Clair","population":23470}},
{"type":"Feature","geometry":{"type":"Point","coordinates":[-0.9731,45.9399]},"properties":{"nom":"Rochefort","population":23460}},
{"type":"Feature","geometry":{"type":"Point","coordinates":[2.5753,48.6577]},"properties":{"nom":"Combs-la-Ville","population":23350}},
{"type":"Feature","geometry":{"type":"Point","coordinates":[-3.3361,47.7653]},"properties":{"nom":"Lanester","population":23263}},
{"type":"Feature","geometry":{"type":"Point","coordinates":[2.6551,48.7898]},"properties":{"nom":"Roissy-en-Brie","population":23229}},
{"type":"Feature","geometry":{"type":"Point","coordinates":[4.754,45.7612]},"properties":{"nom":"Tassin-la-Demi-Lune","population":23200}},
{"type":"Feature","geometry":{"type":"Point","coordinates":[1.9735,47.9169]},"properties":{"nom":"Saint-Jean-de-Braye","population":23147}},
{"type":"Feature","geometry":{"type":"Point","coordinates":[2.3245,48.9723]},"properties":{"nom":"Deuil-la-Barre","population":23099}},
{"type":"Feature","geometry":{"type":"Point","coordinates":[2.1524,48.9526]},"properties":{"nom":"Maisons-Laffitte","population":23093}},
{"type":"Feature","geometry":{"type":"Point","coordinates":[2.1972,48.7856]},"properties":{"nom":"Vélizy-Villacoublay","population":23011}},
{"type":"Feature","geometry":{"type":"Point","coordinates":[-1.8334,46.8334]},"properties":{"nom":"Challans","population":22943}},
{"type":"Feature","geometry":{"type":"Point","coordinates":[4.9548,48.6217]},"properties":{"nom":"Saint-Dizier","population":22858}},
{"type":"Feature","geometry":{"type":"Point","coordinates":[2.6507,48.8539]},"properties":{"nom":"Torcy","population":22810}},
{"type":"Feature","geometry":{"type":"Point","coordinates":[7.5317,47.6078]},"properties":{"nom":"Saint-Louis","population":22805}},
{"type":"Feature","geometry":{"type":"Point","coordinates":[5.791,43.8352]},"properties":{"nom":"Manosque","population":22718}},
{"type":"Feature","geometry":{"type":"Point","coordinates":[3.0141,50.6129]},"properties":{"nom":"Loos","population":22567}},
{"type":"Feature","geometry":{"type":"Point","coordinates":[2.1275,48.6984]},"properties":{"nom":"Gif-sur-Yvette","population":22544}},
{"type":"Feature","geometry":{"type":"Point","coordinates":[5.3161,43.4036]},"properties":{"nom":"Les Pennes-Mirabeau","population":22537}},
{"type":"Feature","geometry":{"type":"Point","coordinates":[5.6584,46.2534]},"properties":{"nom":"Oyonnax","population":22480}},
{"type":"Feature","geometry":{"type":"Point","coordinates":[2.1949,48.9935]},"properties":{"nom":"Montigny-lès-Cormeilles","population":22457}},
{"type":"Feature","geometry":{"type":"Point","coordinates":[0.6029,43.6482]},"properties":{"nom":"Auch","population":22428}},
{"type":"Feature","geometry":{"type":"Point","coordinates":[1.8321,50.1085]},"properties":{"nom":"Abbeville","population":22395}},
{"type":"Feature","geometry":{"type":"Point","coordinates":[0.7419,44.4247]},"properties":{"nom":"Villeneuve-sur-Lot","population":22350}},
{"type":"Feature","geometry":{"type":"Point","coordinates":[1.712,48.9747]},"properties":{"nom":"Mantes-la-Ville","population":22332}},
{"type":"Feature","geometry":{"type":"Point","coordinates":[2.209,48.8204]},"properties":{"nom":"Sèvres","population":22303}},
{"type":"Feature","geometry":{"type":"Point","coordinates":[2.9571,48.391]},"properties":{"nom":"Montereau-Fault-Yonne","population":22279}},
{"type":"Feature","geometry":{"type":"Point","coordinates":[2.0633,48.962]},"properties":{"nom":"Achères","population":22241}},
{"type":"Feature","geometry":{"type":"Point","coordinates":[1.0598,49.4243]},"properties":{"nom":"Le Petit-Quevilly","population":22208}},
{"type":"Feature","geometry":{"type":"Point","coordinates":[2.3338,48.8055]},"properties":{"nom":"Arcueil","population":22200}},
{"type":"Feature","geometry":{"type":"Point","coordinates":[3.9499,49.0391]},"properties":{"nom":"Épernay","population":22174}},
{"type":"Feature","geometry":{"type":"Point","coordinates":[-1.0828,44.5974]},"properties":{"nom":"Gujan-Mestras","population":22153}},
{"type":"Feature","geometry":{"type":"Point","coordinates":[-1.0545,43.7059]},"properties":{"nom":"Dax","population":22109}},
{"type":"Feature","geometry":{"type":"Point","coordinates":[3.1357,44.0901]},"properties":{"nom":"Millau","population":22044}},
{"type":"Feature","geometry":{"type":"Point","coordinates":[5.678,45.1924]},"properties":{"nom":"Fontaine","population":22020}},
{"type":"Feature","geometry":{"type":"Point","coordinates":[-0.7059,47.2176]},"properties":{"nom":"Chemillé-en-Anjou","population":21999}},
{"type":"Feature","geometry":{"type":"Point","coordinates":[2.2982,48.6899]},"properties":{"nom":"Longjumeau","population":21996}},
{"type":"Feature","geometry":{"type":"Point","coordinates":[2.5096,48.8643]},"properties":{"nom":"Neuilly-Plaisance","population":21941}},
{"type":"Feature","geometry":{"type":"Point","coordinates":[2.5386,50.7261]},"properties":{"nom":"Hazebrouck","population":21912}},
{"type":"Feature","geometry":{"type":"Point","coordinates":[2.4647,49.276]},"properties":{"nom":"Nogent-sur-Oise","population":21907}},
{"type":"Feature","geometry":{"type":"Point","coordinates":[5.5825,45.379]},"properties":{"nom":"Voiron","population":21847}},
{"type":"Feature","geometry":{"type":"Point","coordinates":[1.9213,47.9362]},"properties":{"nom":"Fleury-les-Aubrais","population":21804}},
{"type":"Feature","geometry":{"type":"Point","coordinates":[3.0703,50.6549]},"properties":{"nom":"La Madeleine","population":21790}},
{"type":"Feature","geometry":{"type":"Point","coordinates":[2.3084,48.6325]},"properties":{"nom":"Saint-Michel-sur-Orge","population":21776}},
{"type":"Feature","geometry":{"type":"Point","coordinates":[2.3218,48.9919]},"properties":{"nom":"Montmorency","population":21763}},
{"type":"Feature","geometry":{"type":"Point","coordinates":[6.1498,49.0968]},"properties":{"nom":"Montigny-lès-Metz","population":21718}},
{"type":"Feature","geometry":{"type":"Point","coordinates":[4.7936,45.7358]},"properties":{"nom":"Sainte-Foy-lès-Lyon","population":21692}},
{"type":"Feature","geometry":{"type":"Point","coordinates":[2.3512,48.6566]},"properties":{"nom":"Morsang-sur-Orge","population":21667}},
{"type":"Feature","geometry":{"type":"Point","coordinates":[6.9181,43.5382]},"properties":{"nom":"Mandelieu-la-Napoule","population":21640}},
{"type":"Feature","geometry":{"type":"Point","coordinates":[5.4776,43.4508]},"properties":{"nom":"Gardanne","population":21597}},
{"type":"Feature","geometry":{"type":"Point","coordinates":[2.7088,48.873]},"properties":{"nom":"Lagny-sur-Marne","population":21461}},
{"type":"Feature","geometry":{"type":"Point","coordinates":[5.5114,43.3533]},"properties":{"nom":"Allauch","population":21443}},
{"type":"Feature","geometry":{"type":"Point","coordinates":[2.5523,50.4897]},"properties":{"nom":"Bruay-la-Buissière","population":21424}},
{"type":"Feature","geometry":{"type":"Point","coordinates":[4.7612,45.5884]},"properties":{"nom":"Givors","population":21379}},
{"type":"Feature","geometry":{"type":"Point","coordinates":[2.2846,48.9691]},"properties":{"nom":"Saint-Gratien","population":21336}},
{"type":"Feature","geometry":{"type":"Point","coordinates":[2.0656,48.8064]},"properties":{"nom":"Saint-Cyr-l'École","population":21268}},
{"type":"Feature","geometry":{"type":"Point","coordinates":[2.6803,48.7637]},"properties":{"nom":"Ozoir-la-Ferrière","population":21238}},
{"type":"Feature","geometry":{"type":"Point","coordinates":[4.7893,45.6943]},"properties":{"nom":"Saint-Genis-Laval","population":21212}},
{"type":"Feature","geometry":{"type":"Point","coordinates":[-1.3069,46.9636]},"properties":{"nom":"Montaigu-Vendée","population":21134}},
{"type":"Feature","geometry":{"type":"Point","coordinates":[2.5783,48.8035]},"properties":{"nom":"Le Plessis-Trévise","population":21112}},
{"type":"Feature","geometry":{"type":"Point","coordinates":[3.1079,50.6428]},"properties":{"nom":"Mons-en-Barœul","population":21105}},
{"type":"Feature","geometry":{"type":"Point","coordinates":[1.2873,43.5526]},"properties":{"nom":"Plaisance-du-Touch","population":21079}},
{"type":"Feature","geometry":{"type":"Point","coordinates":[2.4172,48.8389]},"properties":{"nom":"Saint-Mandé","population":21071}},
{"type":"Feature","geometry":{"type":"Point","coordinates":[2.3178,48.7812]},"properties":{"nom":"Bourg-la-Reine","population":21019}},
{"type":"Feature","geometry":{"type":"Point","coordinates":[2.4109,48.734]},"properties":{"nom":"Villeneuve-le-Roi","population":21000}},
{"type":"Feature","geometry":{"type":"Point","coordinates":[-1.472,47.2996]},"properties":{"nom":"Carquefou","population":20921}},
{"type":"Feature","geometry":{"type":"Point","coordinates":[2.2964,48.7765]},"properties":{"nom":"Sceaux","population":20884}},
{"type":"Feature","geometry":{"type":"Point","coordinates":[-3.9149,47.8995]},"properties":{"nom":"Concarneau","population":20845}},
{"type":"Feature","geometry":{"type":"Point","coordinates":[5.1278,48.1063]},"properties":{"nom":"Chaumont","population":20827}},
{"type":"Feature","geometry":{"type":"Point","coordinates":[7.6817,48.5553]},"properties":{"nom":"Lingolsheim","population":20826}},
{"type":"Feature","geometry":{"type":"Point","coordinates":[2.0295,48.945]},"properties":{"nom":"Carrières-sous-Poissy","population":20825}},
{"type":"Feature","geometry":{"type":"Point","coordinates":[2.3986,51.0194]},"properties":{"nom":"Coudekerque-Branche","population":20787}},
{"type":"Feature","geometry":{"type":"Point","coordinates":[3.1272,50.6716]},"properties":{"nom":"Wasquehal","population":20726}},
{"type":"Feature","geometry":{"type":"Point","coordinates":[3.1384,50.7752]},"properties":{"nom":"Halluin","population":20715}},
{"type":"Feature","geometry":{"type":"Point","coordinates":[-1.5576,47.3003]},"properties":{"nom":"La Chapelle-sur-Erdre","population":20690}},
{"type":"Feature","geometry":{"type":"Point","coordinates":[3.3899,50.3304]},"properties":{"nom":"Denain","population":20665}},
{"type":"Feature","geometry":{"type":"Point","coordinates":[1.3432,43.5449]},"properties":{"nom":"Cugnaux","population":20662}},
{"type":"Feature","geometry":{"type":"Point","coordinates":[1.924,48.7692]},"properties":{"nom":"Maurepas","population":20629}},
{"type":"Feature","geometry":{"type":"Point","coordinates":[2.1921,48.8074]},"properties":{"nom":"Chaville","population":20594}},
{"type":"Feature","geometry":{"type":"Point","coordinates":[3.1518,50.6787]},"properties":{"nom":"Croix","population":20566}},
{"type":"Feature","geometry":{"type":"Point","coordinates":[-1.6172,47.1686]},"properties":{"nom":"Bouguenais","population":20530}},
{"type":"Feature","geometry":{"type":"Point","coordinates":[2.4702,48.8207]},"properties":{"nom":"Joinville-le-Pont","population":20525}},
{"type":"Feature","geometry":{"type":"Point","coordinates":[4.4274,46.8043]},"properties":{"nom":"Le Creusot","population":20509}},
{"type":"Feature","geometry":{"type":"Point","coordinates":[6.8927,49.1915]},"properties":{"nom":"Forbach","population":20493}},
{"type":"Feature","geometry":{"type":"Point","coordinates":[2.1348,48.8462]},"properties":{"nom":"La Celle-Saint-Cloud","population":20460}},
{"type":"Feature","geometry":{"type":"Point","coordinates":[2.6123,48.9792]},"properties":{"nom":"Mitry-Mory","population":20456}},
{"type":"Feature","geometry":{"type":"Point","coordinates":[2.3133,48.708]},"properties":{"nom":"Chilly-Mazarin","population":20443}},
{"type":"Feature","geometry":{"type":"Point","coordinates":[4.8372,47.0253]},"properties":{"nom":"Beaune","population":20352}},
{"type":"Feature","geometry":{"type":"Point","coordinates":[-3.4394,48.743]},"properties":{"nom":"Lannion","population":20315}},
{"type":"Feature","geometry":{"type":"Point","coordinates":[-1.1943,48.3534]},"properties":{"nom":"Fougères","population":20307}},
{"type":"Feature","geometry":{"type":"Point","coordinates":[5.0535,43.9114]},"properties":{"nom":"L'Isle-sur-la-Sorgue","population":20244}},
{"type":"Feature","geometry":{"type":"Point","coordinates":[2.2926,51.0096]},"properties":{"nom":"Grande-Synthe","population":20239}},
{"type":"Feature","geometry":{"type":"Point","coordinates":[1.0817,49.4673]},"properties":{"nom":"Mont-Saint-Aignan","population":20165}},
{"type":"Feature","geometry":{"type":"Point","coordinates":[7.0832,49.1131]},"properties":{"nom":"Sarreguemines","population":20143}},
{"type":"Feature","geometry":{"type":"Point","coordinates":[1.4423,44.4495]},"properties":{"nom":"Cahors","population":20050}},
{"type":"Feature","geometry":{"type":"Point","coordinates":[-0.5986,44.8893]},"properties":{"nom":"Bruges","population":20020}},
{"type":"Feature","geometry":{"type":"Point","coordinates":[4.8954,44.961]},"properties":{"nom":"Bourg-lès-Valence","population":19992}},
{"type":"Feature","geometry":{"type":"Point","coordinates":[6.4082,45.6685]},"properties":{"nom":"Albertville","population":19978}},
{"type":"Feature","geometry":{"type":"Point","coordinates":[-0.4795,46.8534]},"properties":{"nom":"Bressuire","population":19970}},
{"type":"Feature","geometry":{"type":"Point","coordinates":[2.3446,48.8125]},"properties":{"nom":"Gentilly","population":19963}},
{"type":"Feature","geometry":{"type":"Point","coordinates":[3.1759,45.7435]},"properties":{"nom":"Cournon-d'Auvergne","population":19951}},
{"type":"Feature","geometry":{"type":"Point","coordinates":[7.1018,43.7386]},"properties":{"nom":"Vence","population":19917}},
{"type":"Feature","geometry":{"type":"Point","coordinates":[2.3577,48.7674]},"properties":{"nom":"Chevilly-Larue","population":19826}},
{"type":"Feature","geometry":{"type":"Point","coordinates":[3.0924,50.6048]},"properties":{"nom":"Ronchin","population":19787}},
{"type":"Feature","geometry":{"type":"Point","coordinates":[7.0011,43.5963]},"properties":{"nom":"Mougins","population":19782}},
{"type":"Feature","geometry":{"type":"Point","coordinates":[-1.7485,48.0259]},"properties":{"nom":"Bruz","population":19683}},
{"type":"Feature","geometry":{"type":"Point","coordinates":[0.2383,49.1447]},"properties":{"nom":"Lisieux","population":19645}},
{"type":"Feature","geometry":{"type":"Point","coordinates":[7.4621,48.2481]},"properties":{"nom":"Sélestat","population":19589}},
{"type":"Feature","geometry":{"type":"Point","coordinates":[6.0972,43.1575]},"properties":{"nom":"La Crau","population":19556}},
{"type":"Feature","geometry":{"type":"Point","coordinates":[5.5085,43.6916]},"properties":{"nom":"Pertuis","population":19548}},
{"type":"Feature","geometry":{"type":"Point","coordinates":[2.6315,48.5406]},"properties":{"nom":"Le Mée-sur-Seine","population":19527}},
{"type":"Feature","geometry":{"type":"Point","coordinates":[-1.0682,49.1113]},"properties":{"nom":"Saint-Lô","population":19471}},
{"type":"Feature","geometry":{"type":"Point","coordinates":[5.1483,45.6128]},"properties":{"nom":"Villefontaine","population":19445}},
{"type":"Feature","geometry":{"type":"Point","coordinates":[-1.017,45.6363]},"properties":{"nom":"Royan","population":19425}},
{"type":"Feature","geometry":{"type":"Point","coordinates":[-1.1935,48.1141]},"properties":{"nom":"Vitré","population":19365}},
{"type":"Feature","geometry":{"type":"Point","coordinates":[2.3743,48.6923]},"properties":{"nom":"Juvisy-sur-Orge","population":19292}},
{"type":"Feature","geometry":{"type":"Point","coordinates":[4.8505,45.7059]},"properties":{"nom":"Saint-Fons","population":19285}},
{"type":"Feature","geometry":{"type":"Point","coordinates":[6.938,48.2966]},"properties":{"nom":"Saint-Dié-des-Vosges","population":19251}},
{"type":"Feature","geometry":{"type":"Point","coordinates":[3.3266,46.5657]},"properties":{"nom":"Moulins","population":19206}},
{"type":"Feature","geometry":{"type":"Point","coordinates":[4.8647,44.0116]},"properties":{"nom":"Sorgues","population":19006}},
{"type":"Feature","geometry":{"type":"Point","coordinates":[2.6132,48.6934]},"properties":{"nom":"Brie-Comte-Robert","population":19003}},
{"type":"Feature","geometry":{"type":"Point","coordinates":[-3.4422,47.7326]},"properties":{"nom":"Ploemeur","population":18872}},
{"type":"Feature","geometry":{"type":"Point","coordinates":[3.133,45.895]},"properties":{"nom":"Riom","population":18820}},
{"type":"Feature","geometry":{"type":"Point","coordinates":[5.7857,45.2116]},"properties":{"nom":"Meylan","population":18770}},
{"type":"Feature","geometry":{"type":"Point","coordinates":[-1.6013,48.1116]},"properties":{"nom":"Cesson-Sévigné","population":18761}},
{"type":"Feature","geometry":{"type":"Point","coordinates":[-2.0722,47.1287]},"properties":{"nom":"Pornic","population":18745}},
{"type":"Feature","geometry":{"type":"Point","coordinates":[2.5407,48.798]},"properties":{"nom":"Chennevières-sur-Marne","population":18710}},
{"type":"Feature","geometry":{"type":"Point","coordinates":[1.1502,49.2212]},"properties":{"nom":"Louviers","population":18705}},
{"type":"Feature","geometry":{"type":"Point","coordinates":[-0.8966,47.358]},"properties":{"nom":"Mauges-sur-Loire","population":18695}},
{"type":"Feature","geometry":{"type":"Point","coordinates":[3.0726,50.5927]},"properties":{"nom":"Faches-Thumesnil","population":18619}},
{"type":"Feature","geometry":{"type":"Point","coordinates":[3.1936,50.6554]},"properties":{"nom":"Hem","population":18582}},
{"type":"Feature","geometry":{"type":"Point","coordinates":[7.7585,48.6145]},"properties":{"nom":"Bischheim","population":18558}},
{"type":"Feature","geometry":{"type":"Point","coordinates":[3.8964,45.027]},"properties":{"nom":"Le Puy-en-Velay","population":18540}},
{"type":"Feature","geometry":{"type":"Point","coordinates":[5.7969,43.1394]},"properties":{"nom":"Sanary-sur-Mer","population":18538}},
{"type":"Feature","geometry":{"type":"Point","coordinates":[-0.3355,45.6972]},"properties":{"nom":"Cognac","population":18532}},
{"type":"Feature","geometry":{"type":"Point","coordinates":[2.5907,48.6293]},"properties":{"nom":"Moissy-Cramayel","population":18511}},
{"type":"Feature","geometry":{"type":"Point","coordinates":[2.5236,48.8386]},"properties":{"nom":"Bry-sur-Marne","population":18503}},
{"type":"Feature","geometry":{"type":"Point","coordinates":[5.1594,43.3879]},"properties":{"nom":"Châteauneuf-les-Martigues","population":18455}},
{"type":"Feature","geometry":{"type":"Point","coordinates":[2.1016,49.0207]},"properties":{"nom":"Éragny-sur-Oise","population":18436}},
{"type":"Feature","geometry":{"type":"Point","coordinates":[4.8667,43.9686]},"properties":{"nom":"Le Pontet","population":18386}},
{"type":"Feature","geometry":{"type":"Point","coordinates":[1.7434,47.3749]},"properties":{"nom":"Romorantin-Lanthenay","population":18373}},
{"type":"Feature","geometry":{"type":"Point","coordinates":[-0.5208,44.8339]},"properties":{"nom":"Floirac","population":18300}},
{"type":"Feature","geometry":{"type":"Point","coordinates":[2.487,48.7739]},"properties":{"nom":"Bonneuil-sur-Marne","population":18270}},
{"type":"Feature","geometry":{"type":"Point","coordinates":[6.4897,48.5911]},"properties":{"nom":"Lunéville","population":18262}},
{"type":"Feature","geometry":{"type":"Point","coordinates":[4.6247,44.1623]},"properties":{"nom":"Bagnols-sur-Cèze","population":18112}},
{"type":"Feature","geometry":{"type":"Point","coordinates":[-1.7663,43.3641]},"properties":{"nom":"Hendaye","population":18102}},
{"type":"Feature","geometry":{"type":"Point","coordinates":[6.3913,46.909]},"properties":{"nom":"Pontarlier","population":18067}},
{"type":"Feature","geometry":{"type":"Point","coordinates":[2.2988,48.9875]},"properties":{"nom":"Soisy-sous-Montmorency","population":18008}},
{"type":"Feature","geometry":{"type":"Point","coordinates":[5.6838,45.2303]},"properties":{"nom":"Saint-Égrève","population":17986}},
{"type":"Feature","geometry":{"type":"Point","coordinates":[6.2214,44.0838]},"properties":{"nom":"Digne-les-Bains","population":17979}},
{"type":"Feature","geometry":{"type":"Point","coordinates":[2.0631,49.0679]},"properties":{"nom":"Osny","population":17954}},
{"type":"Feature","geometry":{"type":"Point","coordinates":[4.7726,45.7819]},"properties":{"nom":"Écully","population":17944}},
{"type":"Feature","geometry":{"type":"Point","coordinates":[2.9487,50.4894]},"properties":{"nom":"Carvin","population":17909}},
{"type":"Feature","geometry":{"type":"Point","coordinates":[5.8594,43.451]},"properties":{"nom":"Saint-Maximin-la-Sainte-Baume","population":17896}},
{"type":"Feature","geometry":{"type":"Point","coordinates":[1.7413,48.9945]},"properties":{"nom":"Limay","population":17885}},
{"type":"Feature","geometry":{"type":"Point","coordinates":[2.0359,49.0113]},"properties":{"nom":"Jouy-le-Moutier","population":17854}},
{"type":"Feature","geometry":{"type":"Point","coordinates":[6.08,43.41]},"properties":{"nom":"Brignoles","population":17850}},
{"type":"Feature","geometry":{"type":"Point","coordinates":[6.5787,46.0647]},"properties":{"nom":"Cluses","population":17795}},
{"type":"Feature","geometry":{"type":"Point","coordinates":[1.5035,43.6111]},"properties":{"nom":"Balma","population":17772}},
{"type":"Feature","geometry":{"type":"Point","coordinates":[2.1875,48.8456]},"properties":{"nom":"Garches","population":17743}},
{"type":"Feature","geometry":{"type":"Point","coordinates":[-0.8624,47.7037]},"properties":{"nom":"Segré-en-Anjou Bleu","population":17667}},
{"type":"Feature","geometry":{"type":"Point","coordinates":[-0.5008,44.9443]},"properties":{"nom":"Ambarès-et-Lagrave","population":17644}},
{"type":"Feature","geometry":{"type":"Point","coordinates":[7.1099,43.6544]},"properties":{"nom":"Villeneuve-Loubet","population":17548}},
{"type":"Feature","geometry":{"type":"Point","coordinates":[5.2227,45.6186]},"properties":{"nom":"L'Isle-d'Abeau","population":17515}},
{"type":"Feature","geometry":{"type":"Point","coordinates":[3.0628,45.7744]},"properties":{"nom":"Chamalières","population":17509}},
{"type":"Feature","geometry":{"type":"Point","coordinates":[-0.8733,48.8187]},"properties":{"nom":"Vire Normandie","population":17457}},
{"type":"Feature","geometry":{"type":"Point","coordinates":[2.8286,50.4041]},"properties":{"nom":"Avion","population":17435}},
{"type":"Feature","geometry":{"type":"Point","coordinates":[6.202,49.354]},"properties":{"nom":"Yutz","population":17391}},
{"type":"Feature","geometry":{"type":"Point","coordinates":[3.9019,43.5657]},"properties":{"nom":"Lattes","population":17351}},
{"type":"Feature","geometry":{"type":"Point","coordinates":[0.1722,44.5054]},"properties":{"nom":"Marmande","population":17328}},
{"type":"Feature","geometry":{"type":"Point","coordinates":[2.5273,48.7443]},"properties":{"nom":"Boissy-Saint-Léger","population":17325}},
{"type":"Feature","geometry":{"type":"Point","coordinates":[6.608,45.955]},"properties":{"nom":"Sallanches","population":17319}},
{"type":"Feature","geometry":{"type":"Point","coordinates":[1.877,47.9479]},"properties":{"nom":"Saran","population":17316}},
{"type":"Feature","geometry":{"type":"Point","coordinates":[0.3907,49.7539]},"properties":{"nom":"Fécamp","population":17313}},
{"type":"Feature","geometry":{"type":"Point","coordinates":[4.6579,45.2529]},"properties":{"nom":"Annonay","population":17274}},
{"type":"Feature","geometry":{"type":"Point","coordinates":[-2.4891,48.4844]},"properties":{"nom":"Lamballe-Armor","population":17241}},
{"type":"Feature","geometry":{"type":"Point","coordinates":[2.1717,48.8027]},"properties":{"nom":"Viroflay","population":17237}},
{"type":"Feature","geometry":{"type":"Point","coordinates":[-0.621,44.921]},"properties":{"nom":"Blanquefort","population":17215}},
{"type":"Feature","geometry":{"type":"Point","coordinates":[-1.1999,47.305]},"properties":{"nom":"Orée d'Anjou","population":17162}},
{"type":"Feature","geometry":{"type":"Point","coordinates":[4.3539,46.6758]},"properties":{"nom":"Montceau-les-Mines","population":17064}},
{"type":"Feature","geometry":{"type":"Point","coordinates":[4.2887,45.3788]},"properties":{"nom":"Firminy","population":17060}},
{"type":"Feature","geometry":{"type":"Point","coordinates":[0.6579,47.4183]},"properties":{"nom":"Saint-Cyr-sur-Loire","population":17029}},
{"type":"Feature","geometry":{"type":"Point","coordinates":[2.4057,48.8847]},"properties":{"nom":"Le Pré-Saint-Gervais","population":16993}},
{"type":"Feature","geometry":{"type":"Point","coordinates":[-2.3531,47.2909]},"properties":{"nom":"La Baule-Escoublac","population":16912}},
{"type":"Feature","geometry":{"type":"Point","coordinates":[5.3451,49.1422]},"properties":{"nom":"Verdun","population":16890}},
{"type":"Feature","geometry":{"type":"Point","coordinates":[-2.4189,47.3245]},"properties":{"nom":"Guérande","population":16804}},
{"type":"Feature","geometry":{"type":"Point","coordinates":[1.9837,48.8188]},"properties":{"nom":"Les Clayes-sous-Bois","population":16804}},
{"type":"Feature","geometry":{"type":"Point","coordinates":[1.8711,47.9118]},"properties":{"nom":"Saint-Jean-de-la-Ruelle","population":16768}},
{"type":"Feature","geometry":{"type":"Point","coordinates":[-0.3712,47.4578]},"properties":{"nom":"Loire-Authion","population":16765}},
{"type":"Feature","geometry":{"type":"Point","coordinates":[2.0915,48.865]},"properties":{"nom":"Marly-le-Roi","population":16756}},
{"type":"Feature","geometry":{"type":"Point","coordinates":[5.7843,46.1253]},"properties":{"nom":"Valserhône","population":16712}},
{"type":"Feature","geometry":{"type":"Point","coordinates":[4.9443,49.7014]},"properties":{"nom":"Sedan","population":16667}},
{"type":"Feature","geometry":{"type":"Point","coordinates":[-0.7243,44.72]},"properties":{"nom":"Cestas","population":16666}},
{"type":"Feature","geometry":{"type":"Point","coordinates":[5.5579,46.6752]},"properties":{"nom":"Lons-le-Saunier","population":16618}},
{"type":"Feature","geometry":{"type":"Point","coordinates":[2.0173,48.8048]},"properties":{"nom":"Bois-d'Arcy","population":16586}},
{"type":"Feature","geometry":{"type":"Point","coordinates":[-0.7119,47.8182]},"properties":{"nom":"Château-Gontier-sur-Mayenne","population":16584}},
{"type":"Feature","geometry":{"type":"Point","coordinates":[4.8397,43.8833]},"properties":{"nom":"Châteaurenard","population":16545}},
{"type":"Feature","geometry":{"type":"Point","coordinates":[4.0047,43.5932]},"properties":{"nom":"Mauguio","population":16522}},
{"type":"Feature","geometry":{"type":"Point","coordinates":[-1.0221,46.8669]},"properties":{"nom":"Les Herbiers","population":16521}},
{"type":"Feature","geometry":{"type":"Point","coordinates":[2.1874,48.7003]},"properties":{"nom":"Orsay","population":16498}},
{"type":"Feature","geometry":{"type":"Point","coordinates":[1.6156,43.1235]},"properties":{"nom":"Pamiers","population":16473}},
{"type":"Feature","geometry":{"type":"Point","coordinates":[5.9412,45.8541]},"properties":{"nom":"Rumilly","population":16442}},
{"type":"Feature","geometry":{"type":"Point","coordinates":[2.4376,48.5609]},"properties":{"nom":"Mennecy","population":16433}},
{"type":"Feature","geometry":{"type":"Point","coordinates":[-1.4727,47.2535]},"properties":{"nom":"Sainte-Luce-sur-Loire","population":16400}},
{"type":"Feature","geometry":{"type":"Point","coordinates":[3.0911,48.8125]},"properties":{"nom":"Coulommiers","population":16374}},
{"type":"Feature","geometry":{"type":"Point","coordinates":[-4.2615,48.4537]},"properties":{"nom":"Landerneau","population":16363}},
{"type":"Feature","geometry":{"type":"Point","coordinates":[-0.4732,47.449]},"properties":{"nom":"Trélazé","population":16333}},
{"type":"Feature","geometry":{"type":"Point","coordinates":[1.963,48.987]},"properties":{"nom":"Verneuil-sur-Seine","population":16280}},
{"type":"Feature","geometry":{"type":"Point","coordinates":[6.0849,46.1406]},"properties":{"nom":"Saint-Julien-en-Genevois","population":16222}},
{"type":"Feature","geometry":{"type":"Point","coordinates":[1.884,43.922]},"properties":{"nom":"Gaillac","population":16162}},
{"type":"Feature","geometry":{"type":"Point","coordinates":[2.2477,49.0197]},"properties":{"nom":"Saint-Leu-la-Forêt","population":16138}},
{"type":"Feature","geometry":{"type":"Point","coordinates":[4.0733,45.5961]},"properties":{"nom":"Montbrison","population":16123}},
{"type":"Feature","geometry":{"type":"Point","coordinates":[2.0243,49.0294]},"properties":{"nom":"Vauréal","population":16079}},
{"type":"Feature","geometry":{"type":"Point","coordinates":[3.11,50.3586]},"properties":{"nom":"Sin-le-Noble","population":16076}},
{"type":"Feature","geometry":{"type":"Point","coordinates":[2.3231,49.0306]},"properties":{"nom":"Domont","population":16065}},
{"type":"Feature","geometry":{"type":"Point","coordinates":[2.1064,48.8946]},"properties":{"nom":"Le Pecq","population":16059}},
{"type":"Feature","geometry":{"type":"Point","coordinates":[2.6213,48.8472]},"properties":{"nom":"Noisiel","population":16053}},
{"type":"Feature","geometry":{"type":"Point","coordinates":[3.4437,50.4394]},"properties":{"nom":"Saint-Amand-les-Eaux","population":15974}},
{"type":"Feature","geometry":{"type":"Point","coordinates":[5.3817,45.958]},"properties":{"nom":"Ambérieu-en-Bugey","population":15934}},
{"type":"Feature","geometry":{"type":"Point","coordinates":[2.4272,48.9358]},"properties":{"nom":"Le Bourget","population":15925}},
{"type":"Feature","geometry":{"type":"Point","coordinates":[1.4518,48.4351]},"properties":{"nom":"Lucé","population":15921}},
{"type":"Feature","geometry":{"type":"Point","coordinates":[-3.2704,47.8076]},"properties":{"nom":"Hennebont","population":15910}},
{"type":"Feature","geometry":{"type":"Point","coordinates":[0.7405,47.3911]},"properties":{"nom":"Saint-Pierre-des-Corps","population":15898}},
{"type":"Feature","geometry":{"type":"Point","coordinates":[4.9042,43.4648]},"properties":{"nom":"Fos-sur-Mer","population":15862}},
{"type":"Feature","geometry":{"type":"Point","coordinates":[-1.1773,44.4094]},"properties":{"nom":"Biscarrosse","population":15836}},
{"type":"Feature","geometry":{"type":"Point","coordinates":[6.0607,49.3259]},"properties":{"nom":"Hayange","population":15806}},
{"type":"Feature","geometry":{"type":"Point","coordinates":[4.9909,43.4229]},"properties":{"nom":"Port-de-Bouc","population":15802}},
{"type":"Feature","geometry":{"type":"Point","coordinates":[5.8967,48.6938]},"properties":{"nom":"Toul","population":15768}},
{"type":"Feature","geometry":{"type":"Point","coordinates":[4.2626,45.4977]},"properties":{"nom":"Saint-Just-Saint-Rambert","population":15764}},
{"type":"Feature","geometry":{"type":"Point","coordinates":[1.0446,47.8148]},"properties":{"nom":"Vendôme","population":15758}},
{"type":"Feature","geometry":{"type":"Point","coordinates":[-1.0624,47.2607]},"properties":{"nom":"Montrevault-sur-Èvre","population":15726}},
{"type":"Feature","geometry":{"type":"Point","coordinates":[2.5216,48.533]},"properties":{"nom":"Saint-Fargeau-Ponthierry","population":15724}},
{"type":"Feature","geometry":{"type":"Point","coordinates":[4.5973,43.7746]},"properties":{"nom":"Beaucaire","population":15692}},
{"type":"Feature","geometry":{"type":"Point","coordinates":[2.7463,48.8712]},"properties":{"nom":"Montévrain","population":15687}},
{"type":"Feature","geometry":{"type":"Point","coordinates":[5.7654,49.5222]},"properties":{"nom":"Longwy","population":15679}},
{"type":"Feature","geometry":{"type":"Point","coordinates":[4.7562,45.738]},"properties":{"nom":"Francheville","population":15604}},
{"type":"Feature","geometry":{"type":"Point","coordinates":[2.6656,48.4028]},"properties":{"nom":"Fontainebleau","population":15583}},
{"type":"Feature","geometry":{"type":"Point","coordinates":[2.1299,48.8942]},"properties":{"nom":"Le Vésinet","population":15554}},
{"type":"Feature","geometry":{"type":"Point","coordinates":[7.3108,47.8113]},"properties":{"nom":"Wittenheim","population":15553}},
{"type":"Feature","geometry":{"type":"Point","coordinates":[-4.3965,48.4357]},"properties":{"nom":"Guipavas","population":15538}},
{"type":"Feature","geometry":{"type":"Point","coordinates":[3.0426,50.5838]},"properties":{"nom":"Wattignies","population":15525}},
{"type":"Feature","geometry":{"type":"Point","coordinates":[0.1949,49.5403]},"properties":{"nom":"Montivilliers","population":15478}},
{"type":"Feature","geometry":{"type":"Point","coordinates":[0.9971,49.2763]},"properties":{"nom":"Elbeuf","population":15474}},
{"type":"Feature","geometry":{"type":"Point","coordinates":[6.6588,43.414]},"properties":{"nom":"Roquebrune-sur-Argens","population":15442}},
{"type":"Feature","geometry":{"type":"Point","coordinates":[4.6816,43.7992]},"properties":{"nom":"Tarascon","population":15396}},
{"type":"Feature","geometry":{"type":"Point","coordinates":[5.4112,43.4503]},"properties":{"nom":"Bouc-Bel-Air","population":15381}},
{"type":"Feature","geometry":{"type":"Point","coordinates":[1.5016,43.5169]},"properties":{"nom":"Castanet-Tolosan","population":15317}},
{"type":"Feature","geometry":{"type":"Point","coordinates":[-0.6006,47.5053]},"properties":{"nom":"Avrillé","population":15251}},
{"type":"Feature","geometry":{"type":"Point","coordinates":[4.6066,45.5264]},"properties":{"nom":"Rive-de-Gier","population":15242}},
{"type":"Feature","geometry":{"type":"Point","coordinates":[-3.8195,48.6003]},"properties":{"nom":"Morlaix","population":15194}},
{"type":"Feature","geometry":{"type":"Point","coordinates":[1.4775,43.544]},"properties":{"nom":"Ramonville-Saint-Agne","population":15158}},
{"type":"Feature","geometry":{"type":"Point","coordinates":[2.5815,49.2082]},"properties":{"nom":"Senlis","population":15157}},
{"type":"Feature","geometry":{"type":"Point","coordinates":[3.2447,45.5455]},"properties":{"nom":"Issoire","population":15115}},
{"type":"Feature","geometry":{"type":"Point","coordinates":[2.3497,48.9725]},"properties":{"nom":"Montmagny","population":15105}},
{"type":"Feature","geometry":{"type":"Point","coordinates":[3.3816,49.0564]},"properties":{"nom":"Château-Thierry","population":15097}},
{"type":"Feature","geometry":{"type":"Point","coordinates":[6.155,47.6318]},"properties":{"nom":"Vesoul","population":15078}},
{"type":"Feature","geometry":{"type":"Point","coordinates":[2.9874,50.606]},"properties":{"nom":"Haubourdin","population":15074}},
{"type":"Feature","geometry":{"type":"Point","coordinates":[2.633,48.8357]},"properties":{"nom":"Lognes","population":15074}},
{"type":"Feature","geometry":{"type":"Point","coordinates":[2.354,49.0022]},"properties":{"nom":"Saint-Brice-sous-Forêt","population":15063}},
{"type":"Feature","geometry":{"type":"Point","coordinates":[2.2521,48.7503]},"properties":{"nom":"Verrières-le-Buisson","population":15057}},
{"type":"Feature","geometry":{"type":"Point","coordinates":[2.4175,48.9868]},"properties":{"nom":"Arnouville","population":15023}},
{"type":"Feature","geometry":{"type":"Point","coordinates":[0.7387,47.3555]},"properties":{"nom":"Saint-Avertin","population":14999}},
{"type":"Feature","geometry":{"type":"Point","coordinates":[6.1603,49.16]},"properties":{"nom":"Woippy","population":14967}},
{"type":"Feature","geometry":{"type":"Point","coordinates":[3.7232,48.5194]},"properties":{"nom":"Romilly-sur-Seine","population":14959}},
{"type":"Feature","geometry":{"type":"Point","coordinates":[-0.0739,47.6922]},"properties":{"nom":"La Flèche","population":14947}},
{"type":"Feature","geometry":{"type":"Point","coordinates":[7.3533,47.7724]},"properties":{"nom":"Illzach","population":14923}},
{"type":"Feature","geometry":{"type":"Point","coordinates":[-1.6303,43.3941]},"properties":{"nom":"Saint-Jean-de-Luz","population":14857}},
{"type":"Feature","geometry":{"type":"Point","coordinates":[2.7376,47.9978]},"properties":{"nom":"Montargis","population":14825}},
{"type":"Feature","geometry":{"type":"Point","coordinates":[2.1776,48.9086]},"properties":{"nom":"Carrières-sur-Seine","population":14791}},
{"type":"Feature","geometry":{"type":"Point","coordinates":[6.1078,49.3006]},"properties":{"nom":"Fameck","population":14788}},
{"type":"Feature","geometry":{"type":"Point","coordinates":[6.1142,48.6813]},"properties":{"nom":"Laxou","population":14771}},
{"type":"Feature","geometry":{"type":"Point","coordinates":[-2.0525,48.4458]},"properties":{"nom":"Dinan","population":14764}},
{"type":"Feature","geometry":{"type":"Point","coordinates":[6.7153,49.1267]},"properties":{"nom":"Saint-Avold","population":14755}},
{"type":"Feature","geometry":{"type":"Point","coordinates":[2.5191,48.8972]},"properties":{"nom":"Le Raincy","population":14735}},
{"type":"Feature","geometry":{"type":"Point","coordinates":[4.405,43.6592]},"properties":{"nom":"Saint-Gilles","population":14734}},
{"type":"Feature","geometry":{"type":"Point","coordinates":[2.7371,50.7293]},"properties":{"nom":"Bailleul","population":14732}},
{"type":"Feature","geometry":{"type":"Point","coordinates":[6.1167,48.6577]},"properties":{"nom":"Villers-lès-Nancy","population":14718}},
{"type":"Feature","geometry":{"type":"Point","coordinates":[1.535,43.561]},"properties":{"nom":"Saint-Orens-de-Gameville","population":14646}},
{"type":"Feature","geometry":{"type":"Point","coordinates":[-2.9706,48.0732]},"properties":{"nom":"Pontivy","population":14640}},
{"type":"Feature","geometry":{"type":"Point","coordinates":[5.1545,48.7708]},"properties":{"nom":"Bar-le-Duc","population":14607}},
{"type":"Feature","geometry":{"type":"Point","coordinates":[5.8542,43.1383]},"properties":{"nom":"Ollioules","population":14568}},
{"type":"Feature","geometry":{"type":"Point","coordinates":[2.1414,48.9203]},"properties":{"nom":"Montesson","population":14549}},
{"type":"Feature","geometry":{"type":"Point","coordinates":[-2.1536,47.2441]},"properties":{"nom":"Saint-Brevin-les-Pins","population":14541}},
{"type":"Feature","geometry":{"type":"Point","coordinates":[1.1218,49.4737]},"properties":{"nom":"Bois-Guillaume","population":14539}},
{"type":"Feature","geometry":{"type":"Point","coordinates":[2.4242,48.8202]},"properties":{"nom":"Saint-Maurice","population":14506}},
{"type":"Feature","geometry":{"type":"Point","coordinates":[-1.0808,43.7445]},"properties":{"nom":"Saint-Paul-lès-Dax","population":14481}},
{"type":"Feature","geometry":{"type":"Point","coordinates":[6.0381,46.2586]},"properties":{"nom":"Saint-Genis-Pouilly","population":14432}},
{"type":"Feature","geometry":{"type":"Point","coordinates":[-0.5822,48.7305]},"properties":{"nom":"Flers","population":14432}},
{"type":"Feature","geometry":{"type":"Point","coordinates":[-2.7695,48.5445]},"properties":{"nom":"Plérin","population":14425}},
{"type":"Feature","geometry":{"type":"Point","coordinates":[2.4611,48.755]},"properties":{"nom":"Valenton","population":14406}},
{"type":"Feature","geometry":{"type":"Point","coordinates":[1.0074,49.4294]},"properties":{"nom":"Canteleu","population":14402}},
{"type":"Feature","geometry":{"type":"Point","coordinates":[-0.3931,43.3046]},"properties":{"nom":"Billère","population":14384}},
{"type":"Feature","geometry":{"type":"Point","coordinates":[2.2636,50.7678]},"properties":{"nom":"Saint-Omer","population":14382}},
{"type":"Feature","geometry":{"type":"Point","coordinates":[7.4051,47.7531]},"properties":{"nom":"Rixheim","population":14380}},
{"type":"Feature","geometry":{"type":"Point","coordinates":[2.2677,49.1478]},"properties":{"nom":"Persan","population":14359}},
{"type":"Feature","geometry":{"type":"Point","coordinates":[2.8969,49.2373]},"properties":{"nom":"Crépy-en-Valois","population":14351}},
{"type":"Feature","geometry":{"type":"Point","coordinates":[1.1271,44.0521]},"properties":{"nom":"Castelsarrasin","population":14343}},
{"type":"Feature","geometry":{"type":"Point","coordinates":[2.4311,49.2647]},"properties":{"nom":"Montataire","population":14257}},
{"type":"Feature","geometry":{"type":"Point","coordinates":[5.0092,47.2919]},"properties":{"nom":"Chenôve","population":14244}},
{"type":"Feature","geometry":{"type":"Point","coordinates":[-2.9904,47.6684]},"properties":{"nom":"Auray","population":14207}},
{"type":"Feature","geometry":{"type":"Point","coordinates":[6.0543,48.9215]},"properties":{"nom":"Pont-à-Mousson","population":14190}},
{"type":"Feature","geometry":{"type":"Point","coordinates":[3.92,50.2486]},"properties":{"nom":"Hautmont","population":14152}},
{"type":"Feature","geometry":{"type":"Point","coordinates":[4.8395,43.6222]},"properties":{"nom":"Saint-Martin-de-Crau","population":14145}},
{"type":"Feature","geometry":{"type":"Point","coordinates":[2.3372,48.7024]},"properties":{"nom":"Morangis","population":14129}},
{"type":"Feature","geometry":{"type":"Point","coordinates":[6.6188,43.3599]},"properties":{"nom":"Sainte-Maxime","population":14118}},
{"type":"Feature","geometry":{"type":"Point","coordinates":[3.1191,50.7462]},"properties":{"nom":"Roncq","population":14075}},
{"type":"Feature","geometry":{"type":"Point","coordinates":[6.8513,47.4804]},"properties":{"nom":"Audincourt","population":14071}},
{"type":"Feature","geometry":{"type":"Point","coordinates":[-4.3434,48.0818]},"properties":{"nom":"Douarnenez","population":14068}},
{"type":"Feature","geometry":{"type":"Point","coordinates":[-0.7932,46.4564]},"properties":{"nom":"Fontenay-le-Comte","population":14059}},
{"type":"Feature","geometry":{"type":"Point","coordinates":[3.7959,43.6247]},"properties":{"nom":"Juvignac","population":14055}},
{"type":"Feature","geometry":{"type":"Point","coordinates":[3.217,50.6726]},"properties":{"nom":"Lys-lez-Lannoy","population":14050}},
{"type":"Feature","geometry":{"type":"Point","coordinates":[4.7525,44.2881]},"properties":{"nom":"Bollène","population":14024}},
{"type":"Feature","geometry":{"type":"Point","coordinates":[2.5504,48.6248]},"properties":{"nom":"Lieusaint","population":14017}},
{"type":"Feature","geometry":{"type":"Point","coordinates":[4.7265,46.1156]},"properties":{"nom":"Belleville-en-Beaujolais","population":14016}},
{"type":"Feature","geometry":{"type":"Point","coordinates":[7.7032,48.5456]},"properties":{"nom":"Ostwald","population":13946}},
{"type":"Feature","geometry":{"type":"Point","coordinates":[2.6355,48.8698]},"properties":{"nom":"Vaires-sur-Marne","population":13931}},
{"type":"Feature","geometry":{"type":"Point","coordinates":[2.1353,49.244]},"properties":{"nom":"Méru","population":13897}},
{"type":"Feature","geometry":{"type":"Point","coordinates":[-0.2792,46.9846]},"properties":{"nom":"Thouars","population":13891}},
{"type":"Feature","geometry":{"type":"Point","coordinates":[4.949,45.6651]},"properties":{"nom":"Mions","population":13843}},
{"type":"Feature","geometry":{"type":"Point","coordinates":[2.0549,48.9812]},"properties":{"nom":"Andrésy","population":13834}},
{"type":"Feature","geometry":{"type":"Point","coordinates":[3.4203,50.1201]},"properties":{"nom":"Caudry","population":13833}},
{"type":"Feature","geometry":{"type":"Point","coordinates":[5.1604,43.5036]},"properties":{"nom":"Berre-l'Étang","population":13832}},
{"type":"Feature","geometry":{"type":"Point","coordinates":[7.1848,43.7867]},"properties":{"nom":"Carros","population":13803}},
{"type":"Feature","geometry":{"type":"Point","coordinates":[-1.7221,48.0751]},"properties":{"nom":"Saint-Jacques-de-la-Lande","population":13800}},
{"type":"Feature","geometry":{"type":"Point","coordinates":[4.6847,44.3594]},"properties":{"nom":"Pierrelatte","population":13756}},
{"type":"Feature","geometry":{"type":"Point","coordinates":[2.368,48.6342]},"properties":{"nom":"Fleury-Mérogis","population":13721}},
{"type":"Feature","geometry":{"type":"Point","coordinates":[2.0464,48.8153]},"properties":{"nom":"Fontenay-le-Fleury","population":13680}},
{"type":"Feature","geometry":{"type":"Point","coordinates":[2.7328,48.414]},"properties":{"nom":"Avon","population":13651}},
{"type":"Feature","geometry":{"type":"Point","coordinates":[6.0463,46.3473]},"properties":{"nom":"Gex","population":13627}},
{"type":"Feature","geometry":{"type":"Point","coordinates":[-0.4105,43.3135]},"properties":{"nom":"Lons","population":13606}},
{"type":"Feature","geometry":{"type":"Point","coordinates":[2.7826,47.9865]},"properties":{"nom":"Amilly","population":13582}},
{"type":"Feature","geometry":{"type":"Point","coordinates":[-4.5969,48.3781]},"properties":{"nom":"Plouzané","population":13567}},
{"type":"Feature","geometry":{"type":"Point","coordinates":[-0.0177,48.7427]},"properties":{"nom":"Argentan","population":13527}},
{"type":"Feature","geometry":{"type":"Point","coordinates":[2.6653,47.7122]},"properties":{"nom":"Gien","population":13459}},
{"type":"Feature","geometry":{"type":"Point","coordinates":[-4.382,48.3617]},"properties":{"nom":"Plougastel-Daoulas","population":13434}},
{"type":"Feature","geometry":{"type":"Point","coordinates":[5.0119,45.7318]},"properties":{"nom":"Genas","population":13421}},
{"type":"Feature","geometry":{"type":"Point","coordinates":[1.0942,44.1222]},"properties":{"nom":"Moissac","population":13419}},
{"type":"Feature","geometry":{"type":"Point","coordinates":[1.7631,45.2731]},"properties":{"nom":"Tulle","population":13401}},
{"type":"Feature","geometry":{"type":"Point","coordinates":[3.1367,50.704]},"properties":{"nom":"Mouvaux","population":13369}},
{"type":"Feature","geometry":{"type":"Point","coordinates":[7.3223,47.7884]},"properties":{"nom":"Kingersheim","population":13354}},
{"type":"Feature","geometry":{"type":"Point","coordinates":[2.6743,48.9407]},"properties":{"nom":"Claye-Souilly","population":13353}},
{"type":"Feature","geometry":{"type":"Point","coordinates":[6.4096,46.0647]},"properties":{"nom":"Bonneville","population":13335}},
{"type":"Feature","geometry":{"type":"Point","coordinates":[3.8324,43.5723]},"properties":{"nom":"Saint-Jean-de-Védas","population":13328}},
{"type":"Feature","geometry":{"type":"Point","coordinates":[3.4818,46.1402]},"properties":{"nom":"Cusset","population":13316}},
{"type":"Feature","geometry":{"type":"Point","coordinates":[4.9847,44.0339]},"properties":{"nom":"Monteux","population":13301}},
{"type":"Feature","geometry":{"type":"Point","coordinates":[6.0684,43.2412]},"properties":{"nom":"Cuers","population":13271}},
{"type":"Feature","geometry":{"type":"Point","coordinates":[6.7974,49.1521]},"properties":{"nom":"Freyming-Merlebach","population":13266}},
{"type":"Feature","geometry":{"type":"Point","coordinates":[-0.0413,43.0971]},"properties":{"nom":"Lourdes","population":13266}},
{"type":"Feature","geometry":{"type":"Point","coordinates":[3.0358,50.5452]},"properties":{"nom":"Seclin","population":13261}},
{"type":"Feature","geometry":{"type":"Point","coordinates":[1.229,49.2738]},"properties":{"nom":"Val-de-Reuil","population":13245}},
{"type":"Feature","geometry":{"type":"Point","coordinates":[3.0488,50.6588]},"properties":{"nom":"Saint-André-lez-Lille","population":13233}},
{"type":"Feature","geometry":{"type":"Point","coordinates":[3.0122,42.6882]},"properties":{"nom":"Canet-en-Roussillon","population":13227}},
{"type":"Feature","geometry":{"type":"Point","coordinates":[3.5063,50.3712]},"properties":{"nom":"Anzin","population":13183}},
{"type":"Feature","geometry":{"type":"Point","coordinates":[4.3106,46.9463]},"properties":{"nom":"Autun","population":13172}},
{"type":"Feature","geometry":{"type":"Point","coordinates":[-0.5141,47.4289]},"properties":{"nom":"Les Ponts-de-Cé","population":13149}},
{"type":"Feature","geometry":{"type":"Point","coordinates":[4.795,43.9755]},"properties":{"nom":"Villeneuve-lès-Avignon","population":13148}},
{"type":"Feature","geometry":{"type":"Point","coordinates":[1.592,50.6973]},"properties":{"nom":"Outreau","population":13138}},
{"type":"Feature","geometry":{"type":"Point","coordinates":[2.0068,43.7554]},"properties":{"nom":"Graulhet","population":13129}},
{"type":"Feature","geometry":{"type":"Point","coordinates":[-1.9528,46.7338]},"properties":{"nom":"Saint-Hilaire-de-Riez","population":13074}},
{"type":"Feature","geometry":{"type":"Point","coordinates":[3.3007,49.6573]},"properties":{"nom":"Tergnier","population":13045}},
{"type":"Feature","geometry":{"type":"Point","coordinates":[5.6585,43.3608]},"properties":{"nom":"Auriol","population":13037}},
{"type":"Feature","geometry":{"type":"Point","coordinates":[3.0082,49.578]},"properties":{"nom":"Noyon","population":12971}},
{"type":"Feature","geometry":{"type":"Point","coordinates":[-1.6466,48.1811]},"properties":{"nom":"Betton","population":12964}},
{"type":"Feature","geometry":{"type":"Point","coordinates":[-1.4842,43.552]},"properties":{"nom":"Tarnos","population":12957}},
{"type":"Feature","geometry":{"type":"Point","coordinates":[1.8695,46.1643]},"properties":{"nom":"Guéret","population":12955}},
{"type":"Feature","geometry":{"type":"Point","coordinates":[1.2378,43.5346]},"properties":{"nom":"Fonsorbes","population":12954}},
{"type":"Feature","geometry":{"type":"Point","coordinates":[1.5823,50.4142]},"properties":{"nom":"Berck","population":12951}},
{"type":"Feature","geometry":{"type":"Point","coordinates":[0.9933,47.391]},"properties":{"nom":"Amboise","population":12937}},
{"type":"Feature","geometry":{"type":"Point","coordinates":[3.3768,46.5608]},"properties":{"nom":"Yzeure","population":12897}},
{"type":"Feature","geometry":{"type":"Point","coordinates":[2.7113,48.2589]},"properties":{"nom":"Nemours","population":12889}},
{"type":"Feature","geometry":{"type":"Point","coordinates":[-0.6158,48.3076]},"properties":{"nom":"Mayenne","population":12883}},
{"type":"Feature","geometry":{"type":"Point","coordinates":[1.3347,48.08]},"properties":{"nom":"Châteaudun","population":12830}},
{"type":"Feature","geometry":{"type":"Point","coordinates":[2.822,48.3547]},"properties":{"nom":"Moret-Loing-et-Orvanne","population":12810}},
{"type":"Feature","geometry":{"type":"Point","coordinates":[4.0487,48.278]},"properties":{"nom":"Saint-André-les-Vergers","population":12806}},
{"type":"Feature","geometry":{"type":"Point","coordinates":[-2.3141,47.2606]},"properties":{"nom":"Pornichet","population":12800}},
{"type":"Feature","geometry":{"type":"Point","coordinates":[3.0169,50.7499]},"properties":{"nom":"Comines","population":12731}},
{"type":"Feature","geometry":{"type":"Point","coordinates":[1.8508,48.9628]},"properties":{"nom":"Aubergenville","population":12723}},
{"type":"Feature","geometry":{"type":"Point","coordinates":[0.7116,47.3311]},"properties":{"nom":"Chambray-lès-Tours","population":12720}},
{"type":"Feature","geometry":{"type":"Point","coordinates":[-1.0803,44.7538]},"properties":{"nom":"Andernos-les-Bains","population":12710}},
{"type":"Feature","geometry":{"type":"Point","coordinates":[2.7341,48.0227]},"properties":{"nom":"Châlette-sur-Loing","population":12677}},
{"type":"Feature","geometry":{"type":"Point","coordinates":[3.5764,43.4276]},"properties":{"nom":"Mèze","population":12669}},
{"type":"Feature","geometry":{"type":"Point","coordinates":[-0.7073,49.2807]},"properties":{"nom":"Bayeux","population":12659}},
{"type":"Feature","geometry":{"type":"Point","coordinates":[4.036,48.3166]},"properties":{"nom":"La Chapelle-Saint-Luc","population":12648}},
{"type":"Feature","geometry":{"type":"Point","coordinates":[1.4814,43.6566]},"properties":{"nom":"L'Union","population":12638}},
{"type":"Feature","geometry":{"type":"Point","coordinates":[-0.4354,44.9962]},"properties":{"nom":"Saint-André-de-Cubzac","population":12626}},
{"type":"Feature","geometry":{"type":"Point","coordinates":[3.0643,50.675]},"properties":{"nom":"Marquette-lez-Lille","population":12622}},
{"type":"Feature","geometry":{"type":"Point","coordinates":[6.4473,43.3959]},"properties":{"nom":"Vidauban","population":12608}},
{"type":"Feature","geometry":{"type":"Point","coordinates":[7.483,48.4604]},"properties":{"nom":"Obernai","population":12587}},
{"type":"Feature","geometry":{"type":"Point","coordinates":[5.2309,43.4963]},"properties":{"nom":"Rognac","population":12576}},
{"type":"Feature","geometry":{"type":"Point","coordinates":[2.5039,49.0422]},"properties":{"nom":"Louvres","population":12560}},
{"type":"Feature","geometry":{"type":"Point","coordinates":[2.3456,48.9575]},"properties":{"nom":"Villetaneuse","population":12530}},
{"type":"Feature","geometry":{"type":"Point","coordinates":[6.0637,43.1874]},"properties":{"nom":"Solliès-Pont","population":12521}},
{"type":"Feature","geometry":{"type":"Point","coordinates":[-1.5692,48.8313]},"properties":{"nom":"Granville","population":12510}},
{"type":"Feature","geometry":{"type":"Point","coordinates":[4.7528,45.6778]},"properties":{"nom":"Brignais","population":12503}},
{"type":"Feature","geometry":{"type":"Point","coordinates":[2.2344,49.1076]},"properties":{"nom":"L'Isle-Adam","population":12493}},
{"type":"Feature","geometry":{"type":"Point","coordinates":[-2.7418,47.6987]},"properties":{"nom":"Saint-Avé","population":12470}},
{"type":"Feature","geometry":{"type":"Point","coordinates":[-3.555,47.8562]},"properties":{"nom":"Quimperlé","population":12469}},
{"type":"Feature","geometry":{"type":"Point","coordinates":[3.4625,44.5371]},"properties":{"nom":"Mende","population":12464}},
{"type":"Feature","geometry":{"type":"Point","coordinates":[4.3978,44.6101]},"properties":{"nom":"Aubenas","population":12416}},
{"type":"Feature","geometry":{"type":"Point","coordinates":[3.2335,45.7965]},"properties":{"nom":"Pont-du-Château","population":12412}},
{"type":"Feature","geometry":{"type":"Point","coordinates":[1.7728,49.2761]},"properties":{"nom":"Gisors","population":12410}},
{"type":"Feature","geometry":{"type":"Point","coordinates":[2.5995,49.2963]},"properties":{"nom":"Pont-Sainte-Maxence","population":12361}},
{"type":"Feature","geometry":{"type":"Point","coordinates":[-3.4932,47.794]},"properties":{"nom":"Guidel","population":12338}},
{"type":"Feature","geometry":{"type":"Point","coordinates":[-0.3539,47.8372]},"properties":{"nom":"Sablé-sur-Sarthe","population":12326}},
{"type":"Feature","geometry":{"type":"Point","coordinates":[1.0678,49.3474]},"properties":{"nom":"Oissel-sur-Seine","population":12317}},
{"type":"Feature","geometry":{"type":"Point","coordinates":[4.3321,45.3892]},"properties":{"nom":"Le Chambon-Feugerolles","population":12314}},
{"type":"Feature","geometry":{"type":"Point","coordinates":[1.3515,48.7205]},"properties":{"nom":"Vernouillet","population":12310}},
{"type":"Feature","geometry":{"type":"Point","coordinates":[6.5195,43.2444]},"properties":{"nom":"Cogolin","population":12301}},
{"type":"Feature","geometry":{"type":"Point","coordinates":[-1.3868,47.7222]},"properties":{"nom":"Châteaubriant","population":12260}},
{"type":"Feature","geometry":{"type":"Point","coordinates":[6.6753,49.21]},"properties":{"nom":"Creutzwald","population":12254}},
{"type":"Feature","geometry":{"type":"Point","coordinates":[2.9042,50.4513]},"properties":{"nom":"Harnes","population":12247}},
{"type":"Feature","geometry":{"type":"Point","coordinates":[7.8623,48.7555]},"properties":{"nom":"Bischwiller","population":12242}},
{"type":"Feature","geometry":{"type":"Point","coordinates":[2.577,48.782]},"properties":{"nom":"La Queue-en-Brie","population":12241}},
{"type":"Feature","geometry":{"type":"Point","coordinates":[2.01,48.9791]},"properties":{"nom":"Triel-sur-Seine","population":12206}},
{"type":"Feature","geometry":{"type":"Point","coordinates":[7.3659,47.7401]},"properties":{"nom":"Riedisheim","population":12200}},
{"type":"Feature","geometry":{"type":"Point","coordinates":[3.5029,50.4204]},"properties":{"nom":"Raismes","population":12199}},
{"type":"Feature","geometry":{"type":"Point","coordinates":[7.0471,48.7383]},"properties":{"nom":"Sarrebourg","population":12170}},
{"type":"Feature","geometry":{"type":"Point","coordinates":[1.961,43.3236]},"properties":{"nom":"Castelnaudary","population":12151}},
{"type":"Feature","geometry":{"type":"Point","coordinates":[2.7193,50.4454]},"properties":{"nom":"Bully-les-Mines","population":12146}},
{"type":"Feature","geometry":{"type":"Point","coordinates":[0.7282,43.1176]},"properties":{"nom":"Saint-Gaudens","population":12139}},
{"type":"Feature","geometry":{"type":"Point","coordinates":[6.1077,46.2515]},"properties":{"nom":"Ferney-Voltaire","population":12094}},
{"type":"Feature","geometry":{"type":"Point","coordinates":[4.7211,45.7448]},"properties":{"nom":"Craponne","population":12084}},
{"type":"Feature","geometry":{"type":"Point","coordinates":[2.5821,44.3812]},"properties":{"nom":"Onet-le-Château","population":12080}},
{"type":"Feature","geometry":{"type":"Point","coordinates":[3.0184,42.6246]},"properties":{"nom":"Saint-Cyprien","population":12068}},
{"type":"Feature","geometry":{"type":"Point","coordinates":[5.8555,45.5976]},"properties":{"nom":"La Motte-Servolex","population":12067}},
{"type":"Feature","geometry":{"type":"Point","coordinates":[7.1791,47.7947]},"properties":{"nom":"Cernay","population":12057}},
{"type":"Feature","geometry":{"type":"Point","coordinates":[-0.906,44.615]},"properties":{"nom":"Mios","population":12043}},
{"type":"Feature","geometry":{"type":"Point","coordinates":[7.4651,43.7688]},"properties":{"nom":"Roquebrune-Cap-Martin","population":12037}},
{"type":"Feature","geometry":{"type":"Point","coordinates":[6.123,49.328]},"properties":{"nom":"Florange","population":12035}},
{"type":"Feature","geometry":{"type":"Point","coordinates":[0.9577,49.5454]},"properties":{"nom":"Barentin","population":12022}},
{"type":"Feature","geometry":{"type":"Point","coordinates":[5.3842,43.3969]},"properties":{"nom":"Septèmes-les-Vallons","population":11995}},
{"type":"Feature","geometry":{"type":"Point","coordinates":[3.5495,50.3455]},"properties":{"nom":"Marly","population":11995}},
{"type":"Feature","geometry":{"type":"Point","coordinates":[2.5159,48.604]},"properties":{"nom":"Saint-Pierre-du-Perray","population":11993}},
{"type":"Feature","geometry":{"type":"Point","coordinates":[4.9028,43.9712]},"properties":{"nom":"Vedène","population":11974}},
{"type":"Feature","geometry":{"type":"Point","coordinates":[7.0292,43.6288]},"properties":{"nom":"Valbonne","population":11939}},
{"type":"Feature","geometry":{"type":"Point","coordinates":[-0.3476,49.14]},"properties":{"nom":"Ifs","population":11937}},
{"type":"Feature","geometry":{"type":"Point","coordinates":[7.4252,43.7511]},"properties":{"nom":"Beausoleil","population":11936}},
{"type":"Feature","geometry":{"type":"Point","coordinates":[2.0125,48.8311]},"properties":{"nom":"Villepreux","population":11931}},
{"type":"Feature","geometry":{"type":"Point","coordinates":[2.6803,49.0542]},"properties":{"nom":"Dammartin-en-Goële","population":11907}},
{"type":"Feature","geometry":{"type":"Point","coordinates":[-4.4015,48.4034]},"properties":{"nom":"Le Relecq-Kerhuon","population":11897}},
{"type":"Feature","geometry":{"type":"Point","coordinates":[5.0054,47.3354]},"properties":{"nom":"Talant","population":11896}},
{"type":"Feature","geometry":{"type":"Point","coordinates":[3.2754,50.3598]},"properties":{"nom":"Somain","population":11766}},
{"type":"Feature","geometry":{"type":"Point","coordinates":[7.7531,48.6236]},"properties":{"nom":"Hœnheim","population":11742}},
{"type":"Feature","geometry":{"type":"Point","coordinates":[5.6692,45.1729]},"properties":{"nom":"Seyssinet-Pariset","population":11739}},
{"type":"Feature","geometry":{"type":"Point","coordinates":[-0.1025,47.5663]},"properties":{"nom":"Baugé-en-Anjou","population":11712}},
{"type":"Feature","geometry":{"type":"Point","coordinates":[-1.7783,48.1517]},"properties":{"nom":"Pacé","population":11703}},
{"type":"Feature","geometry":{"type":"Point","coordinates":[2.4232,48.9509]},"properties":{"nom":"Dugny","population":11700}},
{"type":"Feature","geometry":{"type":"Point","coordinates":[2.244,48.5903]},"properties":{"nom":"Arpajon","population":11698}},
{"type":"Feature","geometry":{"type":"Point","coordinates":[4.3023,43.6234]},"properties":{"nom":"Vauvert","population":11671}},
{"type":"Feature","geometry":{"type":"Point","coordinates":[5.711,43.173]},"properties":{"nom":"Saint-Cyr-sur-Mer","population":11658}},
{"type":"Feature","geometry":{"type":"Point","coordinates":[2.5315,48.719]},"properties":{"nom":"Villecresnes","population":11647}},
{"type":"Feature","geometry":{"type":"Point","coordinates":[5.6518,45.2143]},"properties":{"nom":"Sassenage","population":11646}},
{"type":"Feature","geometry":{"type":"Point","coordinates":[3.5383,50.397]},"properties":{"nom":"Bruay-sur-l'Escaut","population":11644}},
{"type":"Feature","geometry":{"type":"Point","coordinates":[3.5384,45.862]},"properties":{"nom":"Thiers","population":11637}},
{"type":"Feature","geometry":{"type":"Point","coordinates":[5.4658,43.3763]},"properties":{"nom":"Plan-de-Cuques","population":11632}},
{"type":"Feature","geometry":{"type":"Point","coordinates":[3.2922,48.5615]},"properties":{"nom":"Provins","population":11632}},
{"type":"Feature","geometry":{"type":"Point","coordinates":[2.8463,42.7152]},"properties":{"nom":"Saint-Estève","population":11630}},
{"type":"Feature","geometry":{"type":"Point","coordinates":[2.2696,48.5981]},"properties":{"nom":"Saint-Germain-lès-Arpajon","population":11623}},
{"type":"Feature","geometry":{"type":"Point","coordinates":[2.8685,50.3991]},"properties":{"nom":"Méricourt","population":11619}},
{"type":"Feature","geometry":{"type":"Point","coordinates":[2.9143,42.7473]},"properties":{"nom":"Pia","population":11615}},
{"type":"Feature","geometry":{"type":"Point","coordinates":[2.5151,48.6901]},"properties":{"nom":"Épinay-sous-Sénart","population":11611}},
{"type":"Feature","geometry":{"type":"Point","coordinates":[-1.1902,47.38]},"properties":{"nom":"Ancenis-Saint-Géréon","population":11600}},
{"type":"Feature","geometry":{"type":"Point","coordinates":[3.2192,49.6196]},"properties":{"nom":"Chauny","population":11596}},
{"type":"Feature","geometry":{"type":"Point","coordinates":[2.6626,50.475]},"properties":{"nom":"Nœux-les-Mines","population":11590}},
{"type":"Feature","geometry":{"type":"Point","coordinates":[0.4845,49.5778]},"properties":{"nom":"Bolbec","population":11590}},
{"type":"Feature","geometry":{"type":"Point","coordinates":[6.1538,49.2095]},"properties":{"nom":"Maizières-lès-Metz","population":11580}},
{"type":"Feature","geometry":{"type":"Point","coordinates":[-2.8082,48.4873]},"properties":{"nom":"Ploufragan","population":11507}},
{"type":"Feature","geometry":{"type":"Point","coordinates":[-1.8074,49.644]},"properties":{"nom":"La Hague","population":11484}},
{"type":"Feature","geometry":{"type":"Point","coordinates":[-2.1066,47.4332]},"properties":{"nom":"Pontchâteau","population":11474}},
{"type":"Feature","geometry":{"type":"Point","coordinates":[2.6979,48.5246]},"properties":{"nom":"Vaux-le-Pénil","population":11474}},
{"type":"Feature","geometry":{"type":"Point","coordinates":[7.319,48.7421]},"properties":{"nom":"Saverne","population":11460}},
{"type":"Feature","geometry":{"type":"Point","coordinates":[4.0581,50.0069]},"properties":{"nom":"Fourmies","population":11449}},
{"type":"Feature","geometry":{"type":"Point","coordinates":[0.7605,49.6157]},"properties":{"nom":"Yvetot","population":11438}},
{"type":"Feature","geometry":{"type":"Point","coordinates":[2.3047,48.9697]},"properties":{"nom":"Enghien-les-Bains","population":11432}},
{"type":"Feature","geometry":{"type":"Point","coordinates":[-0.948,44.661]},"properties":{"nom":"Biganos","population":11431}},
{"type":"Feature","geometry":{"type":"Point","coordinates":[2.1419,50.9978]},"properties":{"nom":"Gravelines","population":11430}},
{"type":"Feature","geometry":{"type":"Point","coordinates":[6.2072,46.1822]},"properties":{"nom":"Gaillard","population":11423}},
{"type":"Feature","geometry":{"type":"Point","coordinates":[0.9048,45.9056]},"properties":{"nom":"Saint-Junien","population":11415}},
{"type":"Feature","geometry":{"type":"Point","coordinates":[1.9969,48.5366]},"properties":{"nom":"Dourdan","population":11415}},
{"type":"Feature","geometry":{"type":"Point","coordinates":[6.6494,44.9002]},"properties":{"nom":"Briançon","population":11411}},
{"type":"Feature","geometry":{"type":"Point","coordinates":[-0.6814,44.8682]},"properties":{"nom":"Le Haillan","population":11392}},
{"type":"Feature","geometry":{"type":"Point","coordinates":[6.2948,46.0444]},"properties":{"nom":"La Roche-sur-Foron","population":11348}},
{"type":"Feature","geometry":{"type":"Point","coordinates":[1.3228,45.8422]},"properties":{"nom":"Panazol","population":11342}},
{"type":"Feature","geometry":{"type":"Point","coordinates":[0.8464,47.3788]},"properties":{"nom":"Montlouis-sur-Loire","population":11335}},
{"type":"Feature","geometry":{"type":"Point","coordinates":[4.908,45.669]},"properties":{"nom":"Corbas","population":11315}},
{"type":"Feature","geometry":{"type":"Point","coordinates":[6.3028,43.3785]},"properties":{"nom":"Le Luc","population":11310}},
{"type":"Feature","geometry":{"type":"Point","coordinates":[4.8131,45.0565]},"properties":{"nom":"Tournon-sur-Rhône","population":11279}},
{"type":"Feature","geometry":{"type":"Point","coordinates":[2.0255,44.3519]},"properties":{"nom":"Villefranche-de-Rouergue","population":11271}},
{"type":"Feature","geometry":{"type":"Point","coordinates":[1.4349,43.6968]},"properties":{"nom":"Castelginest","population":11271}},
{"type":"Feature","geometry":{"type":"Point","coordinates":[1.5013,43.6629]},"properties":{"nom":"Saint-Jean","population":11261}},
{"type":"Feature","geometry":{"type":"Point","coordinates":[7.2103,47.9097]},"properties":{"nom":"Guebwiller","population":11243}},
{"type":"Feature","geometry":{"type":"Point","coordinates":[4.8658,44.9297]},"properties":{"nom":"Guilherand-Granges","population":11235}},
{"type":"Feature","geometry":{"type":"Point","coordinates":[2.5981,48.5628]},"properties":{"nom":"Cesson","population":11222}},
{"type":"Feature","geometry":{"type":"Point","coordinates":[4.9623,45.7374]},"properties":{"nom":"Chassieu","population":11208}},
{"type":"Feature","geometry":{"type":"Point","coordinates":[9.2398,41.5998]},"properties":{"nom":"Porto-Vecchio","population":11198}},
{"type":"Feature","geometry":{"type":"Point","coordinates":[2.0009,46.9471]},"properties":{"nom":"Issoudun","population":11159}},
{"type":"Feature","geometry":{"type":"Point","coordinates":[4.0347,46.0434]},"properties":{"nom":"Riorges","population":11139}},
{"type":"Feature","geometry":{"type":"Point","coordinates":[5.136,47.3006]},"properties":{"nom":"Chevigny-Saint-Sauveur","population":11108}},
{"type":"Feature","geometry":{"type":"Point","coordinates":[-1.1751,44.6542]},"properties":{"nom":"Arcachon","population":11092}},
{"type":"Feature","geometry":{"type":"Point","coordinates":[2.1799,48.823]},"properties":{"nom":"Ville-d'Avray","population":11089}},
{"type":"Feature","geometry":{"type":"Point","coordinates":[5.1516,43.6344]},"properties":{"nom":"Pélissanne","population":11085}},
{"type":"Feature","geometry":{"type":"Point","coordinates":[-0.6815,44.9114]},"properties":{"nom":"Le Taillan-Médoc","population":11073}},
{"type":"Feature","geometry":{"type":"Point","coordinates":[1.3452,43.5239]},"properties":{"nom":"Villeneuve-Tolosane","population":11044}},
{"type":"Feature","geometry":{"type":"Point","coordinates":[-0.3083,47.1754]},"properties":{"nom":"Doué-en-Anjou","population":11029}},
{"type":"Feature","geometry":{"type":"Point","coordinates":[1.8261,47.8882]},"properties":{"nom":"La Chapelle-Saint-Mesmin","population":11017}},
{"type":"Feature","geometry":{"type":"Point","coordinates":[6.9538,43.6146]},"properties":{"nom":"Mouans-Sartoux","population":11015}},
{"type":"Feature","geometry":{"type":"Point","coordinates":[2.1379,48.8772]},"properties":{"nom":"Croissy-sur-Seine","population":11013}},
{"type":"Feature","geometry":{"type":"Point","coordinates":[3.0475,50.6946]},"properties":{"nom":"Wambrechies","population":11012}},
{"type":"Feature","geometry":{"type":"Point","coordinates":[-1.4318,47.2757]},"properties":{"nom":"Thouaré-sur-Loire","population":11004}},
{"type":"Feature","geometry":{"type":"Point","coordinates":[4.5924,48.728]},"properties":{"nom":"Vitry-le-François","population":10996}},
{"type":"Feature","geometry":{"type":"Point","coordinates":[2.5382,48.7858]},"properties":{"nom":"Ormesson-sur-Marne","population":10977}},
{"type":"Feature","geometry":{"type":"Point","coordinates":[1.7952,43.6832]},"properties":{"nom":"Lavaur","population":10965}},
{"type":"Feature","geometry":{"type":"Point","coordinates":[4.6346,44.2554]},"properties":{"nom":"Pont-Saint-Esprit","population":10958}},
{"type":"Feature","geometry":{"type":"Point","coordinates":[1.0319,49.4772]},"properties":{"nom":"Maromme","population":10957}},
{"type":"Feature","geometry":{"type":"Point","coordinates":[5.7032,45.1269]},"properties":{"nom":"Le Pont-de-Claix","population":10956}},
{"type":"Feature","geometry":{"type":"Point","coordinates":[6.9362,49.2054]},"properties":{"nom":"Stiring-Wendel","population":10956}},
{"type":"Feature","geometry":{"type":"Point","coordinates":[0.6037,47.41]},"properties":{"nom":"Fondettes","population":10954}},
{"type":"Feature","geometry":{"type":"Point","coordinates":[6.263,46.1809]},"properties":{"nom":"Vétraz-Monthoux","population":10949}},
{"type":"Feature","geometry":{"type":"Point","coordinates":[3.5663,50.3754]},"properties":{"nom":"Saint-Saulve","population":10947}},
{"type":"Feature","geometry":{"type":"Point","coordinates":[5.7,43.4426]},"properties":{"nom":"Trets","population":10946}},
{"type":"Feature","geometry":{"type":"Point","coordinates":[6.0313,43.1034]},"properties":{"nom":"Le Pradet","population":10933}},
{"type":"Feature","geometry":{"type":"Point","coordinates":[4.4204,45.9053]},"properties":{"nom":"Tarare","population":10893}},
{"type":"Feature","geometry":{"type":"Point","coordinates":[1.6472,50.7236]},"properties":{"nom":"Saint-Martin-Boulogne","population":10888}},
{"type":"Feature","geometry":{"type":"Point","coordinates":[-0.78,43.4937]},"properties":{"nom":"Orthez","population":10881}},
{"type":"Feature","geometry":{"type":"Point","coordinates":[-0.4174,47.3484]},"properties":{"nom":"Brissac Loire Aubance","population":10878}},
{"type":"Feature","geometry":{"type":"Point","coordinates":[6.1295,49.2537]},"properties":{"nom":"Amnéville","population":10875}},
{"type":"Feature","geometry":{"type":"Point","coordinates":[3.8588,43.5233]},"properties":{"nom":"Villeneuve-lès-Maguelone","population":10872}},
{"type":"Feature","geometry":{"type":"Point","coordinates":[2.0323,48.9758]},"properties":{"nom":"Chanteloup-les-Vignes","population":10861}},
{"type":"Feature","geometry":{"type":"Point","coordinates":[6.7145,45.9405]},"properties":{"nom":"Passy","population":10856}},
{"type":"Feature","geometry":{"type":"Point","coordinates":[2.9282,50.5268]},"properties":{"nom":"Annœullin","population":10847}},
{"type":"Feature","geometry":{"type":"Point","coordinates":[-1.4747,48.049]},"properties":{"nom":"Châteaugiron","population":10845}},
{"type":"Feature","geometry":{"type":"Point","coordinates":[2.2248,48.7365]},"properties":{"nom":"Igny","population":10833}},
{"type":"Feature","geometry":{"type":"Point","coordinates":[1.0513,49.4663]},"properties":{"nom":"Déville-lès-Rouen","population":10802}},
{"type":"Feature","geometry":{"type":"Point","coordinates":[7.6853,48.4194]},"properties":{"nom":"Erstein","population":10790}},
{"type":"Feature","geometry":{"type":"Point","coordinates":[-2.065,48.6245]},"properties":{"nom":"Dinard","population":10772}},
{"type":"Feature","geometry":{"type":"Point","coordinates":[3.9913,49.2483]},"properties":{"nom":"Tinqueux","population":10771}},
{"type":"Feature","geometry":{"type":"Point","coordinates":[2.381,48.6137]},"properties":{"nom":"Bondoufle","population":10767}},
{"type":"Feature","geometry":{"type":"Point","coordinates":[0.7709,45.1426]},"properties":{"nom":"Boulazac Isle Manoire","population":10759}},
{"type":"Feature","geometry":{"type":"Point","coordinates":[0.1443,47.96]},"properties":{"nom":"Allonnes","population":10739}},
{"type":"Feature","geometry":{"type":"Point","coordinates":[3.0868,45.7497]},"properties":{"nom":"Beaumont","population":10728}},
{"type":"Feature","geometry":{"type":"Point","coordinates":[2.3199,48.675]},"properties":{"nom":"Épinay-sur-Orge","population":10722}},
{"type":"Feature","geometry":{"type":"Point","coordinates":[1.6511,50.5207]},"properties":{"nom":"Étaples","population":10710}},
{"type":"Feature","geometry":{"type":"Point","coordinates":[-0.5362,43.1117]},"properties":{"nom":"Oloron-Sainte-Marie","population":10684}},
{"type":"Feature","geometry":{"type":"Point","coordinates":[-0.58,44.9528]},"properties":{"nom":"Parempuyre","population":10672}},
{"type":"Feature","geometry":{"type":"Point","coordinates":[-0.6141,44.7184]},"properties":{"nom":"Léognan","population":10670}},
{"type":"Feature","geometry":{"type":"Point","coordinates":[-1.5845,48.0802]},"properties":{"nom":"Chantepie","population":10670}},
{"type":"Feature","geometry":{"type":"Point","coordinates":[-1.6962,43.3505]},"properties":{"nom":"Urrugne","population":10661}},
{"type":"Feature","geometry":{"type":"Point","coordinates":[7.2349,47.797]},"properties":{"nom":"Wittelsheim","population":10645}},
{"type":"Feature","geometry":{"type":"Point","coordinates":[1.4458,48.4629]},"properties":{"nom":"Mainvilliers","population":10629}},
{"type":"Feature","geometry":{"type":"Point","coordinates":[2.0487,48.7591]},"properties":{"nom":"Voisins-le-Bretonneux","population":10624}},
{"type":"Feature","geometry":{"type":"Point","coordinates":[6.7629,47.5748]},"properties":{"nom":"Héricourt","population":10621}},
{"type":"Feature","geometry":{"type":"Point","coordinates":[3.5662,50.4736]},"properties":{"nom":"Vieux-Condé","population":10617}},
{"type":"Feature","geometry":{"type":"Point","coordinates":[0.5909,49.4953]},"properties":{"nom":"Port-Jérôme-sur-Seine","population":10617}},
{"type":"Feature","geometry":{"type":"Point","coordinates":[3.0238,42.535]},"properties":{"nom":"Argelès-sur-Mer","population":10616}},
{"type":"Feature","geometry":{"type":"Point","coordinates":[7.332,43.7397]},"properties":{"nom":"La Trinité","population":10602}},
{"type":"Feature","geometry":{"type":"Point","coordinates":[-1.6135,47.315]},"properties":{"nom":"Treillières","population":10600}},
{"type":"Feature","geometry":{"type":"Point","coordinates":[2.4784,49.1753]},"properties":{"nom":"Chantilly","population":10591}},
{"type":"Feature","geometry":{"type":"Point","coordinates":[6.2422,43.1667]},"properties":{"nom":"La Londe-les-Maures","population":10584}},
{"type":"Feature","geometry":{"type":"Point","coordinates":[2.49,49.1006]},"properties":{"nom":"Fosses","population":10570}},
{"type":"Feature","geometry":{"type":"Point","coordinates":[2.4093,49.3777]},"properties":{"nom":"Clermont","population":10564}},
{"type":"Feature","geometry":{"type":"Point","coordinates":[2.2456,50.7355]},"properties":{"nom":"Longuenesse","population":10548}},
{"type":"Feature","geometry":{"type":"Point","coordinates":[5.1516,45.7401]},"properties":{"nom":"Charvieu-Chavagneux","population":10547}},
{"type":"Feature","geometry":{"type":"Point","coordinates":[1.2874,43.4986]},"properties":{"nom":"Seysses","population":10539}},
{"type":"Feature","geometry":{"type":"Point","coordinates":[2.2304,43.0586]},"properties":{"nom":"Limoux","population":10532}},
{"type":"Feature","geometry":{"type":"Point","coordinates":[7.0833,43.6279]},"properties":{"nom":"Biot","population":10511}},
{"type":"Feature","geometry":{"type":"Point","coordinates":[5.0495,44.0008]},"properties":{"nom":"Pernes-les-Fontaines","population":10504}},
{"type":"Feature","geometry":{"type":"Point","coordinates":[6.8254,47.4643]},"properties":{"nom":"Valentigney","population":10501}},
{"type":"Feature","geometry":{"type":"Point","coordinates":[7.7177,48.7223]},"properties":{"nom":"Brumath","population":10499}},
{"type":"Feature","geometry":{"type":"Point","coordinates":[5.7486,45.1512]},"properties":{"nom":"Eybens","population":10493}},
{"type":"Feature","geometry":{"type":"Point","coordinates":[3.0948,49.2446]},"properties":{"nom":"Villers-Cotterêts","population":10489}},
{"type":"Feature","geometry":{"type":"Point","coordinates":[0.6439,47.3819]},"properties":{"nom":"La Riche","population":10487}},
{"type":"Feature","geometry":{"type":"Point","coordinates":[4.8835,44.8735]},"properties":{"nom":"Portes-lès-Valence","population":10477}},
{"type":"Feature","geometry":{"type":"Point","coordinates":[1.0243,49.2814]},"properties":{"nom":"Caudebec-lès-Elbeuf","population":10476}},
{"type":"Feature","geometry":{"type":"Point","coordinates":[3.8099,43.6889]},"properties":{"nom":"Saint-Gély-du-Fesc","population":10472}},
{"type":"Feature","geometry":{"type":"Point","coordinates":[1.9437,50.9585]},"properties":{"nom":"Marck","population":10467}},
{"type":"Feature","geometry":{"type":"Point","coordinates":[2.9455,42.6788]},"properties":{"nom":"Cabestany","population":10465}},
{"type":"Feature","geometry":{"type":"Point","coordinates":[6.1229,46.3707]},"properties":{"nom":"Divonne-les-Bains","population":10464}},
{"type":"Feature","geometry":{"type":"Point","coordinates":[3.1206,45.7504]},"properties":{"nom":"Aubière","population":10459}},
{"type":"Feature","geometry":{"type":"Point","coordinates":[1.4776,43.3594]},"properties":{"nom":"Auterive","population":10456}},
{"type":"Feature","geometry":{"type":"Point","coordinates":[2.7158,48.891]},"properties":{"nom":"Thorigny-sur-Marne","population":10440}},
{"type":"Feature","geometry":{"type":"Point","coordinates":[-4.0143,47.8741]},"properties":{"nom":"Fouesnant","population":10436}},
{"type":"Feature","geometry":{"type":"Point","coordinates":[4.2703,45.5371]},"properties":{"nom":"Andrézieux-Bouthéon","population":10425}},
{"type":"Feature","geometry":{"type":"Point","coordinates":[4.9431,45.8477]},"properties":{"nom":"Miribel","population":10395}},
{"type":"Feature","geometry":{"type":"Point","coordinates":[-1.768,47.4665]},"properties":{"nom":"Blain","population":10376}},
{"type":"Feature","geometry":{"type":"Point","coordinates":[-1.6291,46.743]},"properties":{"nom":"Aizenay","population":10365}},
{"type":"Feature","geometry":{"type":"Point","coordinates":[2.7605,43.2063]},"properties":{"nom":"Lézignan-Corbières","population":10343}},
{"type":"Feature","geometry":{"type":"Point","coordinates":[5.2281,43.3906]},"properties":{"nom":"Gignac-la-Nerthe","population":10343}},
{"type":"Feature","geometry":{"type":"Point","coordinates":[5.5545,43.4615]},"properties":{"nom":"Fuveau","population":10337}},
{"type":"Feature","geometry":{"type":"Point","coordinates":[3.1539,45.8282]},"properties":{"nom":"Gerzat","population":10335}},
{"type":"Feature","geometry":{"type":"Point","coordinates":[-0.3112,49.1692]},"properties":{"nom":"Mondeville","population":10331}},
{"type":"Feature","geometry":{"type":"Point","coordinates":[2.7862,48.8476]},"properties":{"nom":"Serris","population":10326}},
{"type":"Feature","geometry":{"type":"Point","coordinates":[2.9971,50.464]},"properties":{"nom":"Oignies","population":10323}},
{"type":"Feature","geometry":{"type":"Point","coordinates":[7.3005,47.7676]},"properties":{"nom":"Pfastatt","population":10314}},
{"type":"Feature","geometry":{"type":"Point","coordinates":[9.4594,42.5739]},"properties":{"nom":"Borgo","population":10311}},
{"type":"Feature","geometry":{"type":"Point","coordinates":[4.8596,45.6747]},"properties":{"nom":"Feyzin","population":10304}},
{"type":"Feature","geometry":{"type":"Point","coordinates":[2.2425,48.6947]},"properties":{"nom":"Villebon-sur-Yvette","population":10291}},
{"type":"Feature","geometry":{"type":"Point","coordinates":[4.0209,48.2983]},"properties":{"nom":"Sainte-Savine","population":10289}},
{"type":"Feature","geometry":{"type":"Point","coordinates":[0.3696,46.6045]},"properties":{"nom":"Buxerolles","population":10289}},
{"type":"Feature","geometry":{"type":"Point","coordinates":[6.1526,49.0659]},"properties":{"nom":"Marly","population":10286}},
{"type":"Feature","geometry":{"type":"Point","coordinates":[3.1252,48.9549]},"properties":{"nom":"La Ferté-sous-Jouarre","population":10254}},
{"type":"Feature","geometry":{"type":"Point","coordinates":[5.3504,43.4493]},"properties":{"nom":"Cabriès","population":10240}},
{"type":"Feature","geometry":{"type":"Point","coordinates":[2.3035,49.1438]},"properties":{"nom":"Beaumont-sur-Oise","population":10232}},
{"type":"Feature","geometry":{"type":"Point","coordinates":[5.8207,43.2076]},"properties":{"nom":"Le Beausset","population":10219}},
{"type":"Feature","geometry":{"type":"Point","coordinates":[-1.1928,49.2983]},"properties":{"nom":"Carentan-les-Marais","population":10218}},
{"type":"Feature","geometry":{"type":"Point","coordinates":[1.2203,45.8814]},"properties":{"nom":"Couzeix","population":10195}},
{"type":"Feature","geometry":{"type":"Point","coordinates":[2.4829,50.5626]},"properties":{"nom":"Lillers","population":10193}},
{"type":"Feature","geometry":{"type":"Point","coordinates":[2.9475,50.4518]},"properties":{"nom":"Courrières","population":10176}},
{"type":"Feature","geometry":{"type":"Point","coordinates":[-2.3913,47.9163]},"properties":{"nom":"Ploërmel","population":10163}},
{"type":"Feature","geometry":{"type":"Point","coordinates":[4.104,50.2916]},"properties":{"nom":"Jeumont","population":10160}},
{"type":"Feature","geometry":{"type":"Point","coordinates":[-1.3435,48.6683]},"properties":{"nom":"Avranches","population":10143}},
{"type":"Feature","geometry":{"type":"Point","coordinates":[5.39,43.8784]},"properties":{"nom":"Apt","population":10143}},
{"type":"Feature","geometry":{"type":"Point","coordinates":[-0.2329,46.6456]},"properties":{"nom":"Parthenay","population":10140}},
{"type":"Feature","geometry":{"type":"Point","coordinates":[2.161,49.0223]},"properties":{"nom":"Pierrelaye","population":10130}},
{"type":"Feature","geometry":{"type":"Point","coordinates":[6.5667,43.4631]},"properties":{"nom":"Le Muy","population":10118}},
{"type":"Feature","geometry":{"type":"Point","coordinates":[3.388,50.3039]},"properties":{"nom":"Douchy-les-Mines","population":10109}},
{"type":"Feature","geometry":{"type":"Point","coordinates":[5.9271,49.4623]},"properties":{"nom":"Villerupt","population":10102}},
{"type":"Feature","geometry":{"type":"Point","coordinates":[-0.5317,43.8726]},"properties":{"nom":"Saint-Pierre-du-Mont","population":10092}},
{"type":"Feature","geometry":{"type":"Point","coordinates":[6.1621,48.7127]},"properties":{"nom":"Maxéville","population":10090}},
{"type":"Feature","geometry":{"type":"Point","coordinates":[0.2074,45.6388]},"properties":{"nom":"Soyaux","population":10087}},
{"type":"Feature","geometry":{"type":"Point","coordinates":[2.3888,43.4578]},"properties":{"nom":"Mazamet","population":10085}},
{"type":"Feature","geometry":{"type":"Point","coordinates":[6.2763,45.9914]},"properties":{"nom":"Fillière","population":10075}},
{"type":"Feature","geometry":{"type":"Point","coordinates":[1.8229,47.9168]},"properties":{"nom":"Ingré","population":10062}},
{"type":"Feature","geometry":{"type":"Point","coordinates":[2.4684,50.5099]},"properties":{"nom":"Auchel","population":10051}},
{"type":"Feature","geometry":{"type":"Point","coordinates":[4.7869,45.6075]},"properties":{"nom":"Grigny-sur-Rhône","population":10030}},
{"type":"Feature","geometry":{"type":"Point","coordinates":[-0.4299,44.9189]},"properties":{"nom":"Saint-Loubès","population":10027}},
{"type":"Feature","geometry":{"type":"Point","coordinates":[5.2523,43.6617]},"properties":{"nom":"Lambesc","population":10024}},
{"type":"Feature","geometry":{"type":"Point","coordinates":[0.5303,49.3448]},"properties":{"nom":"Pont-Audemer","population":10023}},
{"type":"Feature","geometry":{"type":"Point","coordinates":[6.0429,43.1615]},"properties":{"nom":"La Farlède","population":10014}},
{"type":"Feature","geometry":{"type":"Point","coordinates":[3.1592,50.7528]},"properties":{"nom":"Neuville-en-Ferrain","population":10002}}
]}