{"type": "FeatureCollection", "features": [{"type": "Feature", "properties": {"nom": "Paris Saint-Lazare", "code_insee": "75108", "code_uic": "87384008", "segment": "A", "voyageurs": 114093491, "voyageurs_2019": 107340421, "tendance_pct": 6.3}, "geometry": {"type": "Point", "coordinates": [2.325331, 48.876242]}}, {"type": "Feature", "properties": {"nom": "Paris Gare de Lyon", "code_insee": "75112", "code_uic": "87686006", "segment": "A", "voyageurs": 113224230, "voyageurs_2019": 112644337, "tendance_pct": 0.5}, "geometry": {"type": "Point", "coordinates": [2.37352, 48.844888]}}, {"type": "Feature", "properties": {"nom": "Paris Montparnasse", "code_insee": "75115", "code_uic": "87391003", "segment": "A", "voyageurs": 68925312, "voyageurs_2019": 61374056, "tendance_pct": 12.3}, "geometry": {"type": "Point", "coordinates": [2.320514, 48.841172]}}, {"type": "Feature", "properties": {"nom": "Paris Est", "code_insee": "75110", "code_uic": "87113001", "segment": "A", "voyageurs": 42725621, "voyageurs_2019": 41240098, "tendance_pct": 3.6}, "geometry": {"type": "Point", "coordinates": [2.358424, 48.876742]}}, {"type": "Feature", "properties": {"nom": "Lyon Part Dieu", "code_insee": "69383", "code_uic": "87723197", "segment": "A", "voyageurs": 42434779, "voyageurs_2019": 32587523, "tendance_pct": 30.2}, "geometry": {"type": "Point", "coordinates": [4.859355, 45.760559]}}, {"type": "Feature", "properties": {"nom": "Juvisy-sur-Orge", "code_insee": "91326", "code_uic": "87545244", "segment": "B", "voyageurs": 41881077, "voyageurs_2019": 40222510, "tendance_pct": 4.1}, "geometry": {"type": "Point", "coordinates": [2.38267, 48.68917]}}, {"type": "Feature", "properties": {"nom": "Magenta", "code_insee": "75110", "code_uic": "87281873", "segment": "B", "voyageurs": 38771197, "voyageurs_2019": 43016926, "tendance_pct": -9.9}, "geometry": {"type": "Point", "coordinates": [2.35835, 48.87986]}}, {"type": "Feature", "properties": {"nom": "Haussmann Saint-Lazare", "code_insee": "75109", "code_uic": "87281899", "segment": "B", "voyageurs": 38268052, "voyageurs_2019": 47687285, "tendance_pct": -19.8}, "geometry": {"type": "Point", "coordinates": [2.32862, 48.87478]}}, {"type": "Feature", "properties": {"nom": "Saint-Denis", "code_insee": "93066", "code_uic": "87271015", "segment": "B", "voyageurs": 36960585, "voyageurs_2019": 32141497, "tendance_pct": 15.0}, "geometry": {"type": "Point", "coordinates": [2.345952, 48.935493]}}, {"type": "Feature", "properties": {"nom": "La Défense", "code_insee": "92062", "code_uic": "87382218", "segment": "B", "voyageurs": 31729688, "voyageurs_2019": 30264172, "tendance_pct": 4.8}, "geometry": {"type": "Point", "coordinates": [2.23763, 48.89308]}}, {"type": "Feature", "properties": {"nom": "Aulnay-sous-Bois", "code_insee": "93005", "code_uic": "87271411", "segment": "B", "voyageurs": 31683770, "voyageurs_2019": 24479374, "tendance_pct": 29.4}, "geometry": {"type": "Point", "coordinates": [2.49431, 48.93179]}}, {"type": "Feature", "properties": {"nom": "Bibliothèque François Mitterrand", "code_insee": "75113", "code_uic": "87328328", "segment": "B", "voyageurs": 26975545, "voyageurs_2019": 27828914, "tendance_pct": -3.1}, "geometry": {"type": "Point", "coordinates": [2.37684, 48.82984]}}, {"type": "Feature", "properties": {"nom": "Saint-Michel Notre-Dame", "code_insee": "75105", "code_uic": "87547315", "segment": "B", "voyageurs": 26713257, "voyageurs_2019": 27558327, "tendance_pct": -3.1}, "geometry": {"type": "Point", "coordinates": [2.34545, 48.85348]}}, {"type": "Feature", "properties": {"nom": "Lille Flandres", "code_insee": "59350", "code_uic": "87286005", "segment": "A", "voyageurs": 25331979, "voyageurs_2019": 21809569, "tendance_pct": 16.2}, "geometry": {"type": "Point", "coordinates": [3.06987, 50.636577]}}, {"type": "Feature", "properties": {"nom": "Strasbourg", "code_insee": "67482", "code_uic": "87212027", "segment": "A", "voyageurs": 24568668, "voyageurs_2019": 21465169, "tendance_pct": 14.5}, "geometry": {"type": "Point", "coordinates": [7.734584, 48.584967]}}, {"type": "Feature", "properties": {"nom": "Versailles Chantiers", "code_insee": "78646", "code_uic": "87393009", "segment": "B", "voyageurs": 24372929, "voyageurs_2019": 22909416, "tendance_pct": 6.4}, "geometry": {"type": "Point", "coordinates": [2.135883, 48.795826]}}, {"type": "Feature", "properties": {"nom": "Paris Austerlitz", "code_insee": "75113", "code_uic": "87547000", "segment": "A", "voyageurs": 23798578, "voyageurs_2019": 21682820, "tendance_pct": 9.8}, "geometry": {"type": "Point", "coordinates": [2.364891, 48.842285]}}, {"type": "Feature", "properties": {"nom": "Le Bourget", "code_insee": "93029", "code_uic": "87271395", "segment": "B", "voyageurs": 23702564, "voyageurs_2019": 17945579, "tendance_pct": 32.1}, "geometry": {"type": "Point", "coordinates": [2.42571, 48.93096]}}, {"type": "Feature", "properties": {"nom": "Bordeaux Saint-Jean", "code_insee": "33063", "code_uic": "87581009", "segment": "A", "voyageurs": 23006240, "voyageurs_2019": 17675655, "tendance_pct": 30.2}, "geometry": {"type": "Point", "coordinates": [-0.556697, 44.825873]}}, {"type": "Feature", "properties": {"nom": "Garges - Sarcelles", "code_insee": "95268", "code_uic": "87276196", "segment": "B", "voyageurs": 22265054, "voyageurs_2019": 17937343, "tendance_pct": 24.1}, "geometry": {"type": "Point", "coordinates": [2.39078, 48.97663]}}, {"type": "Feature", "properties": {"nom": "Val de Fontenay", "code_insee": "94033", "code_uic": "87113712", "segment": "B", "voyageurs": 19300104, "voyageurs_2019": 17693555, "tendance_pct": 9.1}, "geometry": {"type": "Point", "coordinates": [2.489097, 48.854238]}}, {"type": "Feature", "properties": {"nom": "Noisy-le-Sec", "code_insee": "93053", "code_uic": "87113217", "segment": "B", "voyageurs": 18359020, "voyageurs_2019": 17495563, "tendance_pct": 4.9}, "geometry": {"type": "Point", "coordinates": [2.459306, 48.896288]}}, {"type": "Feature", "properties": {"nom": "Houilles - Carrières-sur-Seine", "code_insee": "78311", "code_uic": "87386409", "segment": "B", "voyageurs": 18250565, "voyageurs_2019": 15533521, "tendance_pct": 17.5}, "geometry": {"type": "Point", "coordinates": [2.185083, 48.919964]}}, {"type": "Feature", "properties": {"nom": "Asnières-sur-Seine", "code_insee": "92004", "code_uic": "87381137", "segment": "B", "voyageurs": 18129540, "voyageurs_2019": 16996318, "tendance_pct": 6.7}, "geometry": {"type": "Point", "coordinates": [2.28324, 48.9058]}}, {"type": "Feature", "properties": {"nom": "Marseille Saint-Charles", "code_insee": "13201", "code_uic": "87751008", "segment": "A", "voyageurs": 17863802, "voyageurs_2019": 14629257, "tendance_pct": 22.1}, "geometry": {"type": "Point", "coordinates": [5.380407, 43.302666]}}, {"type": "Feature", "properties": {"nom": "Nantes", "code_insee": "44109", "code_uic": "87481002", "segment": "A", "voyageurs": 17553626, "voyageurs_2019": 12961997, "tendance_pct": 35.4}, "geometry": {"type": "Point", "coordinates": [-1.542356, 47.216148]}}, {"type": "Feature", "properties": {"nom": "Argenteuil", "code_insee": "95018", "code_uic": "87381848", "segment": "B", "voyageurs": 17548229, "voyageurs_2019": 16219640, "tendance_pct": 8.2}, "geometry": {"type": "Point", "coordinates": [2.25727, 48.94686]}}, {"type": "Feature", "properties": {"nom": "Épinay - Villetaneuse", "code_insee": "93031", "code_uic": "87271122", "segment": "B", "voyageurs": 17439318, "voyageurs_2019": 12886698, "tendance_pct": 35.3}, "geometry": {"type": "Point", "coordinates": [2.32865, 48.95838]}}, {"type": "Feature", "properties": {"nom": "Aéroport Charles de Gaulle 2 TGV", "code_insee": "93073", "code_uic": "87271494", "segment": "A", "voyageurs": 17166603, "voyageurs_2019": 15227840, "tendance_pct": 12.7}, "geometry": {"type": "Point", "coordinates": [2.570892, 49.003652]}}, {"type": "Feature", "properties": {"nom": "Bondy", "code_insee": "93010", "code_uic": "87113407", "segment": "B", "voyageurs": 17136438, "voyageurs_2019": 12574385, "tendance_pct": 36.3}, "geometry": {"type": "Point", "coordinates": [2.4786, 48.894208]}}, {"type": "Feature", "properties": {"nom": "Melun", "code_insee": "77288", "code_uic": "87682005", "segment": "B", "voyageurs": 17067994, "voyageurs_2019": 15787310, "tendance_pct": 8.1}, "geometry": {"type": "Point", "coordinates": [2.655404, 48.527662]}}, {"type": "Feature", "properties": {"nom": "Villeneuve-Saint-Georges", "code_insee": "94078", "code_uic": "87681825", "segment": "B", "voyageurs": 16901268, "voyageurs_2019": 17889110, "tendance_pct": -5.5}, "geometry": {"type": "Point", "coordinates": [2.446011, 48.730113]}}, {"type": "Feature", "properties": {"nom": "La Courneuve - Aubervilliers", "code_insee": "93027", "code_uic": "87271304", "segment": "B", "voyageurs": 16101629, "voyageurs_2019": 14517022, "tendance_pct": 10.9}, "geometry": {"type": "Point", "coordinates": [2.38443, 48.9242]}}, {"type": "Feature", "properties": {"nom": "Rennes", "code_insee": "35238", "code_uic": "87471003", "segment": "A", "voyageurs": 15689647, "voyageurs_2019": 11588429, "tendance_pct": 35.4}, "geometry": {"type": "Point", "coordinates": [-1.672744, 48.103517]}}, {"type": "Feature", "properties": {"nom": "Toulouse Matabiau", "code_insee": "31555", "code_uic": "87611004", "segment": "A", "voyageurs": 14522596, "voyageurs_2019": 9892175, "tendance_pct": 46.8}, "geometry": {"type": "Point", "coordinates": [1.453616, 43.611206]}}, {"type": "Feature", "properties": {"nom": "Maisons-Alfort - Alfortville", "code_insee": "94046", "code_uic": "87681155", "segment": "B", "voyageurs": 14504292, "voyageurs_2019": 13624825, "tendance_pct": 6.5}, "geometry": {"type": "Point", "coordinates": [2.426977, 48.802071]}}, {"type": "Feature", "properties": {"nom": "La Plaine Stade de France - Saint-Denis - Aubervilliers", "code_insee": "93066", "code_uic": "87164798", "segment": "B", "voyageurs": 14344392, "voyageurs_2019": 15759876, "tendance_pct": -9.0}, "geometry": {"type": "Point", "coordinates": [2.36257, 48.91839]}}, {"type": "Feature", "properties": {"nom": "Pierrefitte - Stains", "code_insee": "93059", "code_uic": "87271163", "segment": "B", "voyageurs": 14163490, "voyageurs_2019": 9921222, "tendance_pct": 42.8}, "geometry": {"type": "Point", "coordinates": [2.37213, 48.96409]}}, {"type": "Feature", "properties": {"nom": "Rosa Parks", "code_insee": "75118", "code_uic": "87654798", "segment": "B", "voyageurs": 14064366, "voyageurs_2019": 9038087, "tendance_pct": 55.6}, "geometry": {"type": "Point", "coordinates": [2.37397, 48.89602]}}, {"type": "Feature", "properties": {"nom": "Cergy Préfecture", "code_insee": "95127", "code_uic": "87381905", "segment": "B", "voyageurs": 14025717, "voyageurs_2019": 12236286, "tendance_pct": 14.6}, "geometry": {"type": "Point", "coordinates": [2.07982, 49.03639]}}, {"type": "Feature", "properties": {"nom": "Poissy", "code_insee": "78498", "code_uic": "87386573", "segment": "B", "voyageurs": 13098813, "voyageurs_2019": 10787497, "tendance_pct": 21.4}, "geometry": {"type": "Point", "coordinates": [2.041368, 48.932901]}}, {"type": "Feature", "properties": {"nom": "Évry-Courcouronnes", "code_insee": "91228", "code_uic": "87681387", "segment": "B", "voyageurs": 12893424, "voyageurs_2019": 11258509, "tendance_pct": 14.5}, "geometry": {"type": "Point", "coordinates": [2.428581, 48.625507]}}, {"type": "Feature", "properties": {"nom": "Choisy-le-Roi", "code_insee": "94022", "code_uic": "87545285", "segment": "B", "voyageurs": 12833963, "voyageurs_2019": 13240339, "tendance_pct": -3.1}, "geometry": {"type": "Point", "coordinates": [2.411102, 48.763974]}}, {"type": "Feature", "properties": {"nom": "Villiers-le-Bel - Gonesse - Arnouville", "code_insee": "95019", "code_uic": "87276220", "segment": "B", "voyageurs": 12566762, "voyageurs_2019": 12001779, "tendance_pct": 4.7}, "geometry": {"type": "Point", "coordinates": [2.416229, 48.994175]}}, {"type": "Feature", "properties": {"nom": "Nice", "code_insee": "06088", "code_uic": "87756056", "segment": "A", "voyageurs": 12131450, "voyageurs_2019": 9517119, "tendance_pct": 27.5}, "geometry": {"type": "Point", "coordinates": [7.261904, 43.704556]}}, {"type": "Feature", "properties": {"nom": "Saint-Quentin en Yvelines - Montigny-le-Bretonneux", "code_insee": "78423", "code_uic": "87393843", "segment": "B", "voyageurs": 12011294, "voyageurs_2019": 11640712, "tendance_pct": 3.2}, "geometry": {"type": "Point", "coordinates": [2.04523, 48.78657]}}, {"type": "Feature", "properties": {"nom": "Corbeil-Essonnes", "code_insee": "91174", "code_uic": "87681007", "segment": "B", "voyageurs": 11896397, "voyageurs_2019": 9842549, "tendance_pct": 20.9}, "geometry": {"type": "Point", "coordinates": [2.47401, 48.61403]}}, {"type": "Feature", "properties": {"nom": "Bécon les Bruyères", "code_insee": "92026", "code_uic": "87382002", "segment": "B", "voyageurs": 11677230, "voyageurs_2019": 10269355, "tendance_pct": 13.7}, "geometry": {"type": "Point", "coordinates": [2.26838, 48.90592]}}, {"type": "Feature", "properties": {"nom": "Clichy - Levallois", "code_insee": "75117", "code_uic": "87381129", "segment": "B", "voyageurs": 11597203, "voyageurs_2019": 11275885, "tendance_pct": 2.8}, "geometry": {"type": "Point", "coordinates": [2.2982, 48.89678]}}, {"type": "Feature", "properties": {"nom": "Sartrouville", "code_insee": "78586", "code_uic": "87386417", "segment": "B", "voyageurs": 11419082, "voyageurs_2019": 11625842, "tendance_pct": -1.8}, "geometry": {"type": "Point", "coordinates": [2.157517, 48.937952]}}, {"type": "Feature", "properties": {"nom": "Chelles - Gournay", "code_insee": "77108", "code_uic": "87116111", "segment": "B", "voyageurs": 11363257, "voyageurs_2019": 10874698, "tendance_pct": 4.5}, "geometry": {"type": "Point", "coordinates": [2.582484, 48.874128]}}, {"type": "Feature", "properties": {"nom": "Invalides", "code_insee": "75107", "code_uic": "87393033", "segment": "B", "voyageurs": 10764177, "voyageurs_2019": 11104701, "tendance_pct": -3.1}, "geometry": {"type": "Point", "coordinates": [2.315015, 48.861913]}}, {"type": "Feature", "properties": {"nom": "Meaux", "code_insee": "77284", "code_uic": "87116103", "segment": "B", "voyageurs": 10375161, "voyageurs_2019": 9490751, "tendance_pct": 9.3}, "geometry": {"type": "Point", "coordinates": [2.874041, 48.957759]}}, {"type": "Feature", "properties": {"nom": "Sevran Beaudottes", "code_insee": "93071", "code_uic": "87271445", "segment": "B", "voyageurs": 10250541, "voyageurs_2019": 8776328, "tendance_pct": 16.8}, "geometry": {"type": "Point", "coordinates": [2.52474, 48.94743]}}, {"type": "Feature", "properties": {"nom": "Mantes-la-Jolie", "code_insee": "78361", "code_uic": "87381509", "segment": "B", "voyageurs": 9911587, "voyageurs_2019": 11473614, "tendance_pct": -13.6}, "geometry": {"type": "Point", "coordinates": [1.70337, 48.98984]}}, {"type": "Feature", "properties": {"nom": "Drancy", "code_insee": "93029", "code_uic": "87271403", "segment": "B", "voyageurs": 9869635, "voyageurs_2019": 8976601, "tendance_pct": 9.9}, "geometry": {"type": "Point", "coordinates": [2.45497, 48.93298]}}, {"type": "Feature", "properties": {"nom": "Pantin", "code_insee": "93055", "code_uic": "87113209", "segment": "B", "voyageurs": 9627326, "voyageurs_2019": 8005187, "tendance_pct": 20.3}, "geometry": {"type": "Point", "coordinates": [2.400685, 48.898096]}}, {"type": "Feature", "properties": {"nom": "Metz", "code_insee": "57463", "code_uic": "87192039", "segment": "A", "voyageurs": 9515104, "voyageurs_2019": 7600267, "tendance_pct": 25.2}, "geometry": {"type": "Point", "coordinates": [6.176593, 49.109545]}}, {"type": "Feature", "properties": {"nom": "Nancy", "code_insee": "54395", "code_uic": "87141002", "segment": "A", "voyageurs": 9213438, "voyageurs_2019": 8098462, "tendance_pct": 13.8}, "geometry": {"type": "Point", "coordinates": [6.174583, 48.689861]}}, {"type": "Feature", "properties": {"nom": "Maisons-Laffitte", "code_insee": "78358", "code_uic": "87386425", "segment": "B", "voyageurs": 9174377, "voyageurs_2019": 8594609, "tendance_pct": 6.7}, "geometry": {"type": "Point", "coordinates": [2.144315, 48.945639]}}, {"type": "Feature", "properties": {"nom": "Aéroport Charles de Gaulle 1", "code_insee": "93073", "code_uic": "87271460", "segment": "B", "voyageurs": 9054310, "voyageurs_2019": 7971396, "tendance_pct": 13.6}, "geometry": {"type": "Point", "coordinates": [2.56135, 49.00956]}}, {"type": "Feature", "properties": {"nom": "Villiers-sur-Marne - Le Plessis-Trévise", "code_insee": "94079", "code_uic": "87113795", "segment": "B", "voyageurs": 9034899, "voyageurs_2019": 8146119, "tendance_pct": 10.9}, "geometry": {"type": "Point", "coordinates": [2.541761, 48.823039]}}, {"type": "Feature", "properties": {"nom": "Grenoble", "code_insee": "38185", "code_uic": "87747006", "segment": "A", "voyageurs": 8776384, "voyageurs_2019": 7796571, "tendance_pct": 12.6}, "geometry": {"type": "Point", "coordinates": [5.714584, 45.191493]}}, {"type": "Feature", "properties": {"nom": "Pontoise", "code_insee": "95500", "code_uic": "87276139", "segment": "B", "voyageurs": 8480463, "voyageurs_2019": 7951035, "tendance_pct": 6.7}, "geometry": {"type": "Point", "coordinates": [2.09545, 49.04709]}}, {"type": "Feature", "properties": {"nom": "Saint-Cloud", "code_insee": "92064", "code_uic": "87382358", "segment": "B", "voyageurs": 8389550, "voyageurs_2019": 9074757, "tendance_pct": -7.6}, "geometry": {"type": "Point", "coordinates": [2.21687, 48.84541]}}, {"type": "Feature", "properties": {"nom": "Créteil Pompadour", "code_insee": "94028", "code_uic": "87608802", "segment": "B", "voyageurs": 8339243, "voyageurs_2019": 7763379, "tendance_pct": 7.4}, "geometry": {"type": "Point", "coordinates": [2.435276, 48.77154]}}, {"type": "Feature", "properties": {"nom": "Stade de France Saint-Denis", "code_insee": "93066", "code_uic": "87164780", "segment": "B", "voyageurs": 8320522, "voyageurs_2019": 9511865, "tendance_pct": -12.5}, "geometry": {"type": "Point", "coordinates": [2.35134, 48.91779]}}, {"type": "Feature", "properties": {"nom": "Dijon", "code_insee": "21231", "code_uic": "87713040", "segment": "A", "voyageurs": 8102780, "voyageurs_2019": 6350035, "tendance_pct": 27.6}, "geometry": {"type": "Point", "coordinates": [5.027208, 47.32337]}}, {"type": "Feature", "properties": {"nom": "Savigny-sur-Orge", "code_insee": "91589", "code_uic": "87545236", "segment": "B", "voyageurs": 7966314, "voyageurs_2019": 8218456, "tendance_pct": -3.1}, "geometry": {"type": "Point", "coordinates": [2.35173, 48.67614]}}, {"type": "Feature", "properties": {"nom": "Cergy le Haut", "code_insee": "95127", "code_uic": "87382655", "segment": "B", "voyageurs": 7882317, "voyageurs_2019": 6739264, "tendance_pct": 17.0}, "geometry": {"type": "Point", "coordinates": [2.011872, 49.048493]}}, {"type": "Feature", "properties": {"nom": "Lyon Perrache", "code_insee": "69382", "code_uic": "87722025", "segment": "A", "voyageurs": 7871334, "voyageurs_2019": 7434369, "tendance_pct": 5.9}, "geometry": {"type": "Point", "coordinates": [4.825733, 45.748476]}}, {"type": "Feature", "properties": {"nom": "Pont Cardinet", "code_insee": "75117", "code_uic": "87381111", "segment": "B", "voyageurs": 7855961, "voyageurs_2019": 6759706, "tendance_pct": 16.2}, "geometry": {"type": "Point", "coordinates": [2.31425, 48.88755]}}, {"type": "Feature", "properties": {"nom": "Cergy Saint-Christophe", "code_insee": "95127", "code_uic": "87382499", "segment": "B", "voyageurs": 7820531, "voyageurs_2019": 7560627, "tendance_pct": 3.4}, "geometry": {"type": "Point", "coordinates": [2.034397, 49.049615]}}, {"type": "Feature", "properties": {"nom": "Rouen Rive Droite", "code_insee": "76540", "code_uic": "87411017", "segment": "A", "voyageurs": 7773267, "voyageurs_2019": 6434230, "tendance_pct": 20.8}, "geometry": {"type": "Point", "coordinates": [1.094087, 49.448764]}}, {"type": "Feature", "properties": {"nom": "Enghien-les-Bains", "code_insee": "95210", "code_uic": "87276022", "segment": "B", "voyageurs": 7716567, "voyageurs_2019": 7568159, "tendance_pct": 2.0}, "geometry": {"type": "Point", "coordinates": [2.30699, 48.97309]}}, {"type": "Feature", "properties": {"nom": "Champ de Mars Tour Eiffel", "code_insee": "75115", "code_uic": "87393058", "segment": "B", "voyageurs": 7703531, "voyageurs_2019": 7947231, "tendance_pct": -3.1}, "geometry": {"type": "Point", "coordinates": [2.289214, 48.855113]}}, {"type": "Feature", "properties": {"nom": "Le Raincy - Villemomble - Montfermeil", "code_insee": "93062", "code_uic": "87113472", "segment": "B", "voyageurs": 7632569, "voyageurs_2019": 9515448, "tendance_pct": -19.8}, "geometry": {"type": "Point", "coordinates": [2.512062, 48.889325]}}, {"type": "Feature", "properties": {"nom": "Nanterre Université", "code_insee": "92050", "code_uic": "87386318", "segment": "B", "voyageurs": 7569899, "voyageurs_2019": 6286199, "tendance_pct": 20.4}, "geometry": {"type": "Point", "coordinates": [2.215828, 48.90122]}}, {"type": "Feature", "properties": {"nom": "Montpellier Saint-Roch", "code_insee": "34172", "code_uic": "87773002", "segment": "A", "voyageurs": 7534414, "voyageurs_2019": 6393777, "tendance_pct": 17.8}, "geometry": {"type": "Point", "coordinates": [3.880674, 43.604738]}}, {"type": "Feature", "properties": {"nom": "Vert Galant", "code_insee": "93078", "code_uic": "87271437", "segment": "B", "voyageurs": 7454392, "voyageurs_2019": 7736030, "tendance_pct": -3.6}, "geometry": {"type": "Point", "coordinates": [2.5667, 48.94467]}}, {"type": "Feature", "properties": {"nom": "Amiens", "code_insee": "80021", "code_uic": "87313874", "segment": "A", "voyageurs": 7395165, "voyageurs_2019": 5360735, "tendance_pct": 38.0}, "geometry": {"type": "Point", "coordinates": [2.312592, 49.890746]}}, {"type": "Feature", "properties": {"nom": "Conflans Fin d'Oise", "code_insee": "78172", "code_uic": "87381459", "segment": "B", "voyageurs": 7385500, "voyageurs_2019": 5226077, "tendance_pct": 41.3}, "geometry": {"type": "Point", "coordinates": [2.07465, 48.98931]}}, {"type": "Feature", "properties": {"nom": "Angers Saint-Laud", "code_insee": "49007", "code_uic": "87484006", "segment": "A", "voyageurs": 7116373, "voyageurs_2019": 5739760, "tendance_pct": 24.0}, "geometry": {"type": "Point", "coordinates": [-0.55682, 47.464647]}}, {"type": "Feature", "properties": {"nom": "Val d'Argenteuil", "code_insee": "95018", "code_uic": "87381798", "segment": "B", "voyageurs": 7015546, "voyageurs_2019": 6554397, "tendance_pct": 7.0}, "geometry": {"type": "Point", "coordinates": [2.23088, 48.95042]}}, {"type": "Feature", "properties": {"nom": "Tours", "code_insee": "37261", "code_uic": "87571000", "segment": "A", "voyageurs": 7013155, "voyageurs_2019": 4962177, "tendance_pct": 41.3}, "geometry": {"type": "Point", "coordinates": [0.693703, 47.389781]}}, {"type": "Feature", "properties": {"nom": "Lieusaint - Moissy", "code_insee": "77251", "code_uic": "87682153", "segment": "B", "voyageurs": 6914078, "voyageurs_2019": 5862953, "tendance_pct": 17.9}, "geometry": {"type": "Point", "coordinates": [2.568935, 48.628305]}}, {"type": "Feature", "properties": {"nom": "Versailles Château Rive Gauche", "code_insee": "78646", "code_uic": "87393157", "segment": "B", "voyageurs": 6800688, "voyageurs_2019": 7015859, "tendance_pct": -3.1}, "geometry": {"type": "Point", "coordinates": [2.128827, 48.800364]}}, {"type": "Feature", "properties": {"nom": "Saint-Cyr-l'École", "code_insee": "78545", "code_uic": "87393223", "segment": "B", "voyageurs": 6774075, "voyageurs_2019": 4730879, "tendance_pct": 43.2}, "geometry": {"type": "Point", "coordinates": [2.073374, 48.799067]}}, {"type": "Feature", "properties": {"nom": "Épinay-sur-Seine", "code_insee": "93031", "code_uic": "87271148", "segment": "B", "voyageurs": 6744736, "voyageurs_2019": 4006406, "tendance_pct": 68.3}, "geometry": {"type": "Point", "coordinates": [2.302614, 48.954208]}}, {"type": "Feature", "properties": {"nom": "Gargan", "code_insee": "93057", "code_uic": "87113860", "segment": "B", "voyageurs": 6698835, "voyageurs_2019": 3150620, "tendance_pct": 112.6}, "geometry": {"type": "Point", "coordinates": [2.517109, 48.908159]}}, {"type": "Feature", "properties": {"nom": "Lille Europe", "code_insee": "59350", "code_uic": "87223263", "segment": "A", "voyageurs": 6642464, "voyageurs_2019": 7754675, "tendance_pct": -14.3}, "geometry": {"type": "Point", "coordinates": [3.075796, 50.639224]}}, {"type": "Feature", "properties": {"nom": "Brétigny-sur-Orge", "code_insee": "91103", "code_uic": "87545194", "segment": "B", "voyageurs": 6450745, "voyageurs_2019": 6654818, "tendance_pct": -3.1}, "geometry": {"type": "Point", "coordinates": [2.302378, 48.606683]}}, {"type": "Feature", "properties": {"nom": "Sevran - Livry", "code_insee": "93071", "code_uic": "87271429", "segment": "B", "voyageurs": 6376238, "voyageurs_2019": 5792675, "tendance_pct": 10.1}, "geometry": {"type": "Point", "coordinates": [2.53484, 48.93601]}}, {"type": "Feature", "properties": {"nom": "Rosny-sous-Bois", "code_insee": "93064", "code_uic": "87113704", "segment": "B", "voyageurs": 6290410, "voyageurs_2019": 5908117, "tendance_pct": 6.5}, "geometry": {"type": "Point", "coordinates": [2.48559, 48.87099]}}, {"type": "Feature", "properties": {"nom": "Rosny Bois Perrier", "code_insee": "93064", "code_uic": "87113696", "segment": "B", "voyageurs": 6274844, "voyageurs_2019": 6404337, "tendance_pct": -2.0}, "geometry": {"type": "Point", "coordinates": [2.480987, 48.882568]}}, {"type": "Feature", "properties": {"nom": "Gagny", "code_insee": "93032", "code_uic": "87113514", "segment": "B", "voyageurs": 6224800, "voyageurs_2019": 5094411, "tendance_pct": 22.2}, "geometry": {"type": "Point", "coordinates": [2.527106, 48.883125]}}, {"type": "Feature", "properties": {"nom": "Grigny Centre", "code_insee": "91286", "code_uic": "87681379", "segment": "B", "voyageurs": 6171646, "voyageurs_2019": 7451784, "tendance_pct": -17.2}, "geometry": {"type": "Point", "coordinates": [2.395797, 48.65343]}}, {"type": "Feature", "properties": {"nom": "Colombes", "code_insee": "92025", "code_uic": "87381087", "segment": "B", "voyageurs": 6155138, "voyageurs_2019": 6156786, "tendance_pct": -0.0}, "geometry": {"type": "Point", "coordinates": [2.25939, 48.92383]}}, {"type": "Feature", "properties": {"nom": "Sarcelles - Saint-Brice", "code_insee": "95539", "code_uic": "87276386", "segment": "B", "voyageurs": 6141188, "voyageurs_2019": 5638420, "tendance_pct": 8.9}, "geometry": {"type": "Point", "coordinates": [2.36867, 48.99529]}}, {"type": "Feature", "properties": {"nom": "Franconville - Le Plessis-Bouchard", "code_insee": "95252", "code_uic": "87276071", "segment": "B", "voyageurs": 6019741, "voyageurs_2019": 5875083, "tendance_pct": 2.5}, "geometry": {"type": "Point", "coordinates": [2.23514, 48.99358]}}, {"type": "Feature", "properties": {"nom": "Versailles Rive Droite", "code_insee": "78646", "code_uic": "87382861", "segment": "B", "voyageurs": 5967149, "voyageurs_2019": 5855418, "tendance_pct": 1.9}, "geometry": {"type": "Point", "coordinates": [2.134752, 48.809652]}}, {"type": "Feature", "properties": {"nom": "Creil", "code_insee": "60175", "code_uic": "87276006", "segment": "B", "voyageurs": 5886782, "voyageurs_2019": 5096215, "tendance_pct": 15.5}, "geometry": {"type": "Point", "coordinates": [2.469244, 49.263757]}}, {"type": "Feature", "properties": {"nom": "Vigneux-sur-Seine", "code_insee": "91657", "code_uic": "87681304", "segment": "B", "voyageurs": 5792788, "voyageurs_2019": 6458442, "tendance_pct": -10.3}, "geometry": {"type": "Point", "coordinates": [2.41446, 48.70816]}}, {"type": "Feature", "properties": {"nom": "Viroflay Rive Gauche", "code_insee": "78686", "code_uic": "87393215", "segment": "B", "voyageurs": 5781949, "voyageurs_2019": 5633570, "tendance_pct": 2.6}, "geometry": {"type": "Point", "coordinates": [2.171147, 48.800517]}}, {"type": "Feature", "properties": {"nom": "Mulhouse", "code_insee": "68224", "code_uic": "87182063", "segment": "A", "voyageurs": 5702065, "voyageurs_2019": 5320370, "tendance_pct": 7.2}, "geometry": {"type": "Point", "coordinates": [7.342396, 47.742224]}}, {"type": "Feature", "properties": {"nom": "Goussainville", "code_insee": "95280", "code_uic": "87276246", "segment": "B", "voyageurs": 5690505, "voyageurs_2019": 5227952, "tendance_pct": 8.8}, "geometry": {"type": "Point", "coordinates": [2.463246, 49.024073]}}, {"type": "Feature", "properties": {"nom": "Bois-Colombes", "code_insee": "92009", "code_uic": "87381079", "segment": "B", "voyageurs": 5680808, "voyageurs_2019": 5459393, "tendance_pct": 4.1}, "geometry": {"type": "Point", "coordinates": [2.27256, 48.91348]}}, {"type": "Feature", "properties": {"nom": "Issy Val de Seine", "code_insee": "92040", "code_uic": "87393306", "segment": "B", "voyageurs": 5637600, "voyageurs_2019": 5823421, "tendance_pct": -3.2}, "geometry": {"type": "Point", "coordinates": [2.263594, 48.829555]}}, {"type": "Feature", "properties": {"nom": "Cannes", "code_insee": "06029", "code_uic": "87757625", "segment": "A", "voyageurs": 5622415, "voyageurs_2019": 4073099, "tendance_pct": 38.0}, "geometry": {"type": "Point", "coordinates": [7.019682, 43.553839]}}, {"type": "Feature", "properties": {"nom": "Rambouillet", "code_insee": "78517", "code_uic": "87393314", "segment": "B", "voyageurs": 5579876, "voyageurs_2019": 4690955, "tendance_pct": 18.9}, "geometry": {"type": "Point", "coordinates": [1.83154, 48.64377]}}, {"type": "Feature", "properties": {"nom": "Paris Bercy Bourgogne - Pays d'Auvergne", "code_insee": "75112", "code_uic": "87686667", "segment": "A", "voyageurs": 5504359, "voyageurs_2019": 4318464, "tendance_pct": 27.5}, "geometry": {"type": "Point", "coordinates": [2.38278, 48.83917]}}, {"type": "Feature", "properties": {"nom": "Le Mans", "code_insee": "72181", "code_uic": "87396002", "segment": "A", "voyageurs": 5440432, "voyageurs_2019": 4945609, "tendance_pct": 10.0}, "geometry": {"type": "Point", "coordinates": [0.192578, 47.995689]}}, {"type": "Feature", "properties": {"nom": "Les Mureaux", "code_insee": "78440", "code_uic": "87386680", "segment": "B", "voyageurs": 5383889, "voyageurs_2019": 4212499, "tendance_pct": 27.8}, "geometry": {"type": "Point", "coordinates": [1.912987, 48.99279]}}, {"type": "Feature", "properties": {"nom": "Les Vallées", "code_insee": "92009", "code_uic": "87386300", "segment": "B", "voyageurs": 5291269, "voyageurs_2019": 4283672, "tendance_pct": 23.5}, "geometry": {"type": "Point", "coordinates": [2.257909, 48.913408]}}, {"type": "Feature", "properties": {"nom": "Toulon", "code_insee": "83137", "code_uic": "87755009", "segment": "A", "voyageurs": 5243022, "voyageurs_2019": 3668509, "tendance_pct": 42.9}, "geometry": {"type": "Point", "coordinates": [5.929293, 43.12837]}}, {"type": "Feature", "properties": {"nom": "Orléans", "code_insee": "45234", "code_uic": "87543009", "segment": "A", "voyageurs": 5221422, "voyageurs_2019": 3417122, "tendance_pct": 52.8}, "geometry": {"type": "Point", "coordinates": [1.904666, 47.90796]}}, {"type": "Feature", "properties": {"nom": "La Verrière", "code_insee": "78644", "code_uic": "87393256", "segment": "B", "voyageurs": 5191743, "voyageurs_2019": 4138664, "tendance_pct": 25.4}, "geometry": {"type": "Point", "coordinates": [1.943674, 48.755695]}}, {"type": "Feature", "properties": {"nom": "Montigny - Beauchamp", "code_insee": "95051", "code_uic": "87276089", "segment": "B", "voyageurs": 5186551, "voyageurs_2019": 4906007, "tendance_pct": 5.7}, "geometry": {"type": "Point", "coordinates": [2.19767, 49.00758]}}, {"type": "Feature", "properties": {"nom": "Chambéry - Challes-les-Eaux", "code_insee": "73065", "code_uic": "87741009", "segment": "A", "voyageurs": 5105918, "voyageurs_2019": 3701807, "tendance_pct": 37.9}, "geometry": {"type": "Point", "coordinates": [5.919547, 45.571302]}}, {"type": "Feature", "properties": {"nom": "Villeparisis - Mitry-le-Neuf", "code_insee": "77294", "code_uic": "87271510", "segment": "B", "voyageurs": 5072146, "voyageurs_2019": 4668437, "tendance_pct": 8.6}, "geometry": {"type": "Point", "coordinates": [2.60243, 48.95325]}}, {"type": "Feature", "properties": {"nom": "Reims", "code_insee": "51454", "code_uic": "87171009", "segment": "A", "voyageurs": 5003397, "voyageurs_2019": 3820119, "tendance_pct": 31.0}, "geometry": {"type": "Point", "coordinates": [4.024435, 49.258978]}}, {"type": "Feature", "properties": {"nom": "Le Blanc-Mesnil", "code_insee": "93029", "code_uic": "87271478", "segment": "B", "voyageurs": 4984978, "voyageurs_2019": 4052899, "tendance_pct": 23.0}, "geometry": {"type": "Point", "coordinates": [2.47747, 48.93248]}}, {"type": "Feature", "properties": {"nom": "Colmar", "code_insee": "68066", "code_uic": "87182014", "segment": "A", "voyageurs": 4974388, "voyageurs_2019": 4200762, "tendance_pct": 18.4}, "geometry": {"type": "Point", "coordinates": [7.346967, 48.073201]}}, {"type": "Feature", "properties": {"nom": "La Garenne-Colombes", "code_insee": "92025", "code_uic": "87386003", "segment": "B", "voyageurs": 4965571, "voyageurs_2019": 4101287, "tendance_pct": 21.1}, "geometry": {"type": "Point", "coordinates": [2.239641, 48.909395]}}, {"type": "Feature", "properties": {"nom": "Clermont-Ferrand", "code_insee": "63113", "code_uic": "87734004", "segment": "A", "voyageurs": 4922516, "voyageurs_2019": 3887633, "tendance_pct": 26.6}, "geometry": {"type": "Point", "coordinates": [3.100543, 45.778945]}}, {"type": "Feature", "properties": {"nom": "Fontainebleau - Avon", "code_insee": "77014", "code_uic": "87682211", "segment": "B", "voyageurs": 4848120, "voyageurs_2019": 3867663, "tendance_pct": 25.4}, "geometry": {"type": "Point", "coordinates": [2.72634, 48.416371]}}, {"type": "Feature", "properties": {"nom": "Épinay - Villetaneuse T11", "code_insee": "93031", "code_uic": "87697300", "segment": "B", "voyageurs": 4834692, "voyageurs_2019": 0, "tendance_pct": null}, "geometry": {"type": "Point", "coordinates": [2.32855, 48.95832]}}, {"type": "Feature", "properties": {"nom": "Brunoy", "code_insee": "91114", "code_uic": "87682120", "segment": "B", "voyageurs": 4831405, "voyageurs_2019": 5141272, "tendance_pct": -6.0}, "geometry": {"type": "Point", "coordinates": [2.506422, 48.699112]}}, {"type": "Feature", "properties": {"nom": "Ivry-sur-Seine", "code_insee": "94041", "code_uic": "87545301", "segment": "B", "voyageurs": 4819016, "voyageurs_2019": 4974218, "tendance_pct": -3.1}, "geometry": {"type": "Point", "coordinates": [2.39099, 48.814371]}}, {"type": "Feature", "properties": {"nom": "Arras", "code_insee": "62041", "code_uic": "87342014", "segment": "A", "voyageurs": 4773655, "voyageurs_2019": 4297088, "tendance_pct": 11.1}, "geometry": {"type": "Point", "coordinates": [2.781942, 50.286673]}}, {"type": "Feature", "properties": {"nom": "Épinay-sur-Seine T11", "code_insee": "93031", "code_uic": "87697292", "segment": "B", "voyageurs": 4699683, "voyageurs_2019": 0, "tendance_pct": null}, "geometry": {"type": "Point", "coordinates": [2.30175, 48.9544]}}, {"type": "Feature", "properties": {"nom": "Émerainville - Pontault-Combault", "code_insee": "77169", "code_uic": "87116046", "segment": "B", "voyageurs": 4664593, "voyageurs_2019": 4748348, "tendance_pct": -1.8}, "geometry": {"type": "Point", "coordinates": [2.618004, 48.806034]}}, {"type": "Feature", "properties": {"nom": "Courbevoie", "code_insee": "92026", "code_uic": "87382200", "segment": "B", "voyageurs": 4647654, "voyageurs_2019": 4250102, "tendance_pct": 9.4}, "geometry": {"type": "Point", "coordinates": [2.24804, 48.89831]}}, {"type": "Feature", "properties": {"nom": "Musée d'Orsay", "code_insee": "75107", "code_uic": "87547307", "segment": "B", "voyageurs": 4594047, "voyageurs_2019": 4739380, "tendance_pct": -3.1}, "geometry": {"type": "Point", "coordinates": [2.325671, 48.86079]}}, {"type": "Feature", "properties": {"nom": "Conflans-Sainte-Honorine", "code_insee": "78172", "code_uic": "87381897", "segment": "B", "voyageurs": 4582103, "voyageurs_2019": 4834179, "tendance_pct": -5.2}, "geometry": {"type": "Point", "coordinates": [2.09783, 48.99646]}}, {"type": "Feature", "properties": {"nom": "Villetaneuse Université", "code_insee": "93031", "code_uic": "87697318", "segment": "B", "voyageurs": 4579187, "voyageurs_2019": 1840999, "tendance_pct": 148.7}, "geometry": {"type": "Point", "coordinates": [2.34251, 48.96]}}, {"type": "Feature", "properties": {"nom": "Neuilly - Porte Maillot", "code_insee": "75117", "code_uic": "87381020", "segment": "B", "voyageurs": 4548277, "voyageurs_2019": 4692161, "tendance_pct": -3.1}, "geometry": {"type": "Point", "coordinates": [2.284516, 48.877983]}}, {"type": "Feature", "properties": {"nom": "Combs-la-Ville - Quincy", "code_insee": "77122", "code_uic": "87682146", "segment": "B", "voyageurs": 4507788, "voyageurs_2019": 3851637, "tendance_pct": 17.0}, "geometry": {"type": "Point", "coordinates": [2.547798, 48.667179]}}, {"type": "Feature", "properties": {"nom": "Marne-la-Vallée Chessy", "code_insee": "77111", "code_uic": "87111849", "segment": "A", "voyageurs": 4448487, "voyageurs_2019": 5432886, "tendance_pct": -18.1}, "geometry": {"type": "Point", "coordinates": [2.78272, 48.869856]}}, {"type": "Feature", "properties": {"nom": "Vitry-sur-Seine", "code_insee": "94081", "code_uic": "87545293", "segment": "B", "voyageurs": 4424496, "voyageurs_2019": 4565282, "tendance_pct": -3.1}, "geometry": {"type": "Point", "coordinates": [2.402229, 48.800768]}}, {"type": "Feature", "properties": {"nom": "Péreire - Levallois", "code_insee": "75117", "code_uic": "87381012", "segment": "B", "voyageurs": 4364923, "voyageurs_2019": 4503007, "tendance_pct": -3.1}, "geometry": {"type": "Point", "coordinates": [2.297947, 48.885358]}}, {"type": "Feature", "properties": {"nom": "Saint-Pierre-des-Corps", "code_insee": "37233", "code_uic": "87571240", "segment": "A", "voyageurs": 4356356, "voyageurs_2019": 3710116, "tendance_pct": 17.4}, "geometry": {"type": "Point", "coordinates": [0.72355, 47.386099]}}, {"type": "Feature", "properties": {"nom": "Nîmes", "code_insee": "30189", "code_uic": "87775007", "segment": "A", "voyageurs": 4355591, "voyageurs_2019": 3585941, "tendance_pct": 21.5}, "geometry": {"type": "Point", "coordinates": [4.365845, 43.832291]}}, {"type": "Feature", "properties": {"nom": "Pierrefitte - Stains T11", "code_insee": "93059", "code_uic": "87697326", "segment": "B", "voyageurs": 4310074, "voyageurs_2019": 0, "tendance_pct": null}, "geometry": {"type": "Point", "coordinates": [2.36809, 48.95992]}}, {"type": "Feature", "properties": {"nom": "Plaisir - Grignon", "code_insee": "78490", "code_uic": "87393421", "segment": "B", "voyageurs": 4263326, "voyageurs_2019": 2824885, "tendance_pct": 50.9}, "geometry": {"type": "Point", "coordinates": [1.943297, 48.831651]}}, {"type": "Feature", "properties": {"nom": "Trappes", "code_insee": "78621", "code_uic": "87393835", "segment": "B", "voyageurs": 4260564, "voyageurs_2019": 4133446, "tendance_pct": 3.1}, "geometry": {"type": "Point", "coordinates": [2.006633, 48.775116]}}, {"type": "Feature", "properties": {"nom": "Avignon TGV", "code_insee": "84007", "code_uic": "87318964", "segment": "A", "voyageurs": 4258709, "voyageurs_2019": 4094962, "tendance_pct": 4.0}, "geometry": {"type": "Point", "coordinates": [4.786079, 43.921586]}}, {"type": "Feature", "properties": {"nom": "Caen", "code_insee": "14118", "code_uic": "87444000", "segment": "A", "voyageurs": 4255508, "voyageurs_2019": 3173011, "tendance_pct": 34.1}, "geometry": {"type": "Point", "coordinates": [-0.347613, 49.176354]}}, {"type": "Feature", "properties": {"nom": "Savigny-le-Temple - Nandy", "code_insee": "77445", "code_uic": "87682187", "segment": "B", "voyageurs": 4215424, "voyageurs_2019": 4226403, "tendance_pct": -0.3}, "geometry": {"type": "Point", "coordinates": [2.583678, 48.595519]}}, {"type": "Feature", "properties": {"nom": "Persan - Beaumont", "code_insee": "95487", "code_uic": "87276469", "segment": "B", "voyageurs": 4212409, "voyageurs_2019": 4112008, "tendance_pct": 2.4}, "geometry": {"type": "Point", "coordinates": [2.27914, 49.14795]}}, {"type": "Feature", "properties": {"nom": "Saint-Étienne Châteaucreux", "code_insee": "42218", "code_uic": "87726000", "segment": "A", "voyageurs": 4203481, "voyageurs_2019": 3728728, "tendance_pct": 12.7}, "geometry": {"type": "Point", "coordinates": [4.399722, 45.443366]}}, {"type": "Feature", "properties": {"nom": "Sannois", "code_insee": "95582", "code_uic": "87276188", "segment": "B", "voyageurs": 4178329, "voyageurs_2019": 3682623, "tendance_pct": 13.5}, "geometry": {"type": "Point", "coordinates": [2.26377, 48.97016]}}, {"type": "Feature", "properties": {"nom": "Puteaux", "code_insee": "92062", "code_uic": "87382382", "segment": "B", "voyageurs": 4143913, "voyageurs_2019": 4036184, "tendance_pct": 2.7}, "geometry": {"type": "Point", "coordinates": [2.2335, 48.88351]}}, {"type": "Feature", "properties": {"nom": "Achères Ville", "code_insee": "78005", "code_uic": "87381657", "segment": "B", "voyageurs": 4073480, "voyageurs_2019": 3468208, "tendance_pct": 17.5}, "geometry": {"type": "Point", "coordinates": [2.07739, 48.97011]}}, {"type": "Feature", "properties": {"nom": "Épinay-sur-Orge", "code_insee": "91216", "code_uic": "87545228", "segment": "B", "voyageurs": 4036796, "voyageurs_2019": 2707994, "tendance_pct": 49.1}, "geometry": {"type": "Point", "coordinates": [2.33182, 48.66952]}}, {"type": "Feature", "properties": {"nom": "Pont de l'Alma", "code_insee": "75107", "code_uic": "87393041", "segment": "B", "voyageurs": 4003550, "voyageurs_2019": 4130203, "tendance_pct": -3.1}, "geometry": {"type": "Point", "coordinates": [2.301029, 48.86257]}}, {"type": "Feature", "properties": {"nom": "Cormeilles-en-Parisis", "code_insee": "95176", "code_uic": "87381863", "segment": "B", "voyageurs": 3994327, "voyageurs_2019": 3683266, "tendance_pct": 8.4}, "geometry": {"type": "Point", "coordinates": [2.19358, 48.96864]}}, {"type": "Feature", "properties": {"nom": "Yerres", "code_insee": "91691", "code_uic": "87682112", "segment": "B", "voyageurs": 3956561, "voyageurs_2019": 4525768, "tendance_pct": -12.6}, "geometry": {"type": "Point", "coordinates": [2.48337, 48.706759]}}, {"type": "Feature", "properties": {"nom": "Montgeron - Crosne", "code_insee": "91421", "code_uic": "87682104", "segment": "B", "voyageurs": 3933989, "voyageurs_2019": 4074620, "tendance_pct": -3.5}, "geometry": {"type": "Point", "coordinates": [2.462224, 48.708094]}}, {"type": "Feature", "properties": {"nom": "Aix-en-Provence TGV", "code_insee": "13001", "code_uic": "87319012", "segment": "A", "voyageurs": 3895541, "voyageurs_2019": 3594151, "tendance_pct": 8.4}, "geometry": {"type": "Point", "coordinates": [5.317534, 43.455237]}}, {"type": "Feature", "properties": {"nom": "Sainte-Geneviève-des-Bois", "code_insee": "91549", "code_uic": "87545210", "segment": "B", "voyageurs": 3891084, "voyageurs_2019": 4014188, "tendance_pct": -3.1}, "geometry": {"type": "Point", "coordinates": [2.313161, 48.653245]}}, {"type": "Feature", "properties": {"nom": "Lagny - Thorigny", "code_insee": "77464", "code_uic": "87116319", "segment": "B", "voyageurs": 3857632, "voyageurs_2019": 3821213, "tendance_pct": 1.0}, "geometry": {"type": "Point", "coordinates": [2.704042, 48.882183]}}, {"type": "Feature", "properties": {"nom": "Poitiers", "code_insee": "86194", "code_uic": "87575001", "segment": "A", "voyageurs": 3850352, "voyageurs_2019": 3217576, "tendance_pct": 19.7}, "geometry": {"type": "Point", "coordinates": [0.333241, 46.582275]}}, {"type": "Feature", "properties": {"nom": "Thionville", "code_insee": "57672", "code_uic": "87191007", "segment": "A", "voyageurs": 3769292, "voyageurs_2019": 2944821, "tendance_pct": 28.0}, "geometry": {"type": "Point", "coordinates": [6.169543, 49.353931]}}, {"type": "Feature", "properties": {"nom": "Suresnes Mont Valérien", "code_insee": "92073", "code_uic": "87382374", "segment": "B", "voyageurs": 3743887, "voyageurs_2019": 3463282, "tendance_pct": 8.1}, "geometry": {"type": "Point", "coordinates": [2.22131, 48.87155]}}, {"type": "Feature", "properties": {"nom": "Herblay", "code_insee": "95306", "code_uic": "87381889", "segment": "B", "voyageurs": 3710050, "voyageurs_2019": 3341643, "tendance_pct": 11.0}, "geometry": {"type": "Point", "coordinates": [2.16208, 48.99042]}}, {"type": "Feature", "properties": {"nom": "Saint-Ouen", "code_insee": "93070", "code_uic": "87271247", "segment": "B", "voyageurs": 3662320, "voyageurs_2019": 3778187, "tendance_pct": -3.1}, "geometry": {"type": "Point", "coordinates": [2.32257, 48.90531]}}, {"type": "Feature", "properties": {"nom": "Neuville Université", "code_insee": "95450", "code_uic": "87334482", "segment": "B", "voyageurs": 3657949, "voyageurs_2019": 2858861, "tendance_pct": 28.0}, "geometry": {"type": "Point", "coordinates": [2.07886, 49.01426]}}, {"type": "Feature", "properties": {"nom": "Le Vert de Maisons", "code_insee": "94002", "code_uic": "87681247", "segment": "B", "voyageurs": 3655445, "voyageurs_2019": 3062538, "tendance_pct": 19.4}, "geometry": {"type": "Point", "coordinates": [2.43148, 48.78934]}}, {"type": "Feature", "properties": {"nom": "Porte de Clichy", "code_insee": "75117", "code_uic": "87111278", "segment": "B", "voyageurs": 3647167, "voyageurs_2019": 3762544, "tendance_pct": -3.1}, "geometry": {"type": "Point", "coordinates": [2.31462, 48.89399]}}, {"type": "Feature", "properties": {"nom": "Nogent - Le Perreux", "code_insee": "94052", "code_uic": "87113746", "segment": "B", "voyageurs": 3542750, "voyageurs_2019": 4819859, "tendance_pct": -26.5}, "geometry": {"type": "Point", "coordinates": [2.494331, 48.838846]}}, {"type": "Feature", "properties": {"nom": "Mitry - Claye", "code_insee": "77294", "code_uic": "87271528", "segment": "B", "voyageurs": 3540346, "voyageurs_2019": 2950501, "tendance_pct": 20.0}, "geometry": {"type": "Point", "coordinates": [2.64247, 48.97569]}}, {"type": "Feature", "properties": {"nom": "Chartres", "code_insee": "28085", "code_uic": "87394007", "segment": "B", "voyageurs": 3536538, "voyageurs_2019": 2732020, "tendance_pct": 29.4}, "geometry": {"type": "Point", "coordinates": [1.481313, 48.448202]}}, {"type": "Feature", "properties": {"nom": "Parc des Expositions", "code_insee": "93078", "code_uic": "87271486", "segment": "B", "voyageurs": 3480289, "voyageurs_2019": 2790979, "tendance_pct": 24.7}, "geometry": {"type": "Point", "coordinates": [2.51382, 48.97334]}}, {"type": "Feature", "properties": {"nom": "Javel", "code_insee": "75115", "code_uic": "87393066", "segment": "B", "voyageurs": 3476498, "voyageurs_2019": 3586477, "tendance_pct": -3.1}, "geometry": {"type": "Point", "coordinates": [2.27684, 48.846205]}}, {"type": "Feature", "properties": {"nom": "Boussy-Saint-Antoine", "code_insee": "91097", "code_uic": "87682138", "segment": "B", "voyageurs": 3475621, "voyageurs_2019": 3487143, "tendance_pct": -0.3}, "geometry": {"type": "Point", "coordinates": [2.532726, 48.680893]}}, {"type": "Feature", "properties": {"nom": "Douai", "code_insee": "59178", "code_uic": "87345009", "segment": "A", "voyageurs": 3472422, "voyageurs_2019": 3049203, "tendance_pct": 13.9}, "geometry": {"type": "Point", "coordinates": [3.089986, 50.371677]}}, {"type": "Feature", "properties": {"nom": "Antibes", "code_insee": "06004", "code_uic": "87757674", "segment": "A", "voyageurs": 3414872, "voyageurs_2019": 2440877, "tendance_pct": 39.9}, "geometry": {"type": "Point", "coordinates": [7.119498, 43.585784]}}, {"type": "Feature", "properties": {"nom": "Roissy-en-Brie", "code_insee": "77390", "code_uic": "87116038", "segment": "B", "voyageurs": 3378810, "voyageurs_2019": 3304512, "tendance_pct": 2.2}, "geometry": {"type": "Point", "coordinates": [2.650165, 48.795481]}}, {"type": "Feature", "properties": {"nom": "Valenciennes", "code_insee": "59606", "code_uic": "87343004", "segment": "B", "voyageurs": 3373297, "voyageurs_2019": 3320918, "tendance_pct": 1.6}, "geometry": {"type": "Point", "coordinates": [3.517115, 50.363259]}}, {"type": "Feature", "properties": {"nom": "Saint-Michel-sur-Orge", "code_insee": "91570", "code_uic": "87545202", "segment": "B", "voyageurs": 3360551, "voyageurs_2019": 3466862, "tendance_pct": -3.1}, "geometry": {"type": "Point", "coordinates": [2.306632, 48.635479]}}, {"type": "Feature", "properties": {"nom": "Deuil - Montmagny", "code_insee": "95197", "code_uic": "87276345", "segment": "B", "voyageurs": 3353751, "voyageurs_2019": 3089529, "tendance_pct": 8.6}, "geometry": {"type": "Point", "coordinates": [2.33785, 48.97589]}}, {"type": "Feature", "properties": {"nom": "Avignon Centre", "code_insee": "84007", "code_uic": "87765008", "segment": "A", "voyageurs": 3339139, "voyageurs_2019": 2301960, "tendance_pct": 45.1}, "geometry": {"type": "Point", "coordinates": [4.805281, 43.9419]}}, {"type": "Feature", "properties": {"nom": "Montereau", "code_insee": "77305", "code_uic": "87682302", "segment": "B", "voyageurs": 3287708, "voyageurs_2019": 3077612, "tendance_pct": 6.8}, "geometry": {"type": "Point", "coordinates": [2.942972, 48.379934]}}, {"type": "Feature", "properties": {"nom": "Valence TGV Rhône-Alpes Sud", "code_insee": "26004", "code_uic": "87763029", "segment": "A", "voyageurs": 3283288, "voyageurs_2019": 2597471, "tendance_pct": 26.4}, "geometry": {"type": "Point", "coordinates": [4.978703, 44.991545]}}, {"type": "Feature", "properties": {"nom": "Le Chénay Gagny", "code_insee": "93032", "code_uic": "87113522", "segment": "B", "voyageurs": 3260598, "voyageurs_2019": 3268600, "tendance_pct": -0.2}, "geometry": {"type": "Point", "coordinates": [2.552692, 48.877129]}}, {"type": "Feature", "properties": {"nom": "La Barre Ormesson", "code_insee": "95197", "code_uic": "87271171", "segment": "B", "voyageurs": 3252736, "voyageurs_2019": 2958201, "tendance_pct": 10.0}, "geometry": {"type": "Point", "coordinates": [2.31688, 48.96633]}}, {"type": "Feature", "properties": {"nom": "Le Stade", "code_insee": "92025", "code_uic": "87381095", "segment": "B", "voyageurs": 3216734, "voyageurs_2019": 2477161, "tendance_pct": 29.9}, "geometry": {"type": "Point", "coordinates": [2.26056, 48.93093]}}, {"type": "Feature", "properties": {"nom": "Massy - Palaiseau", "code_insee": "91377", "code_uic": "87393579", "segment": "B", "voyageurs": 3215149, "voyageurs_2019": 4478681, "tendance_pct": -28.2}, "geometry": {"type": "Point", "coordinates": [2.257528, 48.726421]}}, {"type": "Feature", "properties": {"nom": "Annecy", "code_insee": "74010", "code_uic": "87746008", "segment": "A", "voyageurs": 3202251, "voyageurs_2019": 2334077, "tendance_pct": 37.2}, "geometry": {"type": "Point", "coordinates": [6.121835, 45.901965]}}, {"type": "Feature", "properties": {"nom": "Le Bras de Fer", "code_insee": "91228", "code_uic": "87681395", "segment": "B", "voyageurs": 3150160, "voyageurs_2019": 2937587, "tendance_pct": 7.2}, "geometry": {"type": "Point", "coordinates": [2.450625, 48.623287]}}, {"type": "Feature", "properties": {"nom": "La Rochelle", "code_insee": "17300", "code_uic": "87485003", "segment": "A", "voyageurs": 3137015, "voyageurs_2019": 2235983, "tendance_pct": 40.3}, "geometry": {"type": "Point", "coordinates": [-1.145305, 46.15269]}}, {"type": "Feature", "properties": {"nom": "Vernouillet - Verneuil", "code_insee": "78642", "code_uic": "87386656", "segment": "B", "voyageurs": 3100033, "voyageurs_2019": 2651189, "tendance_pct": 16.9}, "geometry": {"type": "Point", "coordinates": [1.982873, 48.981188]}}, {"type": "Feature", "properties": {"nom": "Cernay (Val-d'Oise)", "code_insee": "95219", "code_uic": "87276063", "segment": "B", "voyageurs": 3088419, "voyageurs_2019": 2994643, "tendance_pct": 3.1}, "geometry": {"type": "Point", "coordinates": [2.2568, 48.98539]}}, {"type": "Feature", "properties": {"nom": "Étampes", "code_insee": "91223", "code_uic": "87545137", "segment": "B", "voyageurs": 3054293, "voyageurs_2019": 3150915, "tendance_pct": -3.1}, "geometry": {"type": "Point", "coordinates": [2.159468, 48.436661]}}, {"type": "Feature", "properties": {"nom": "Boulainvilliers", "code_insee": "75116", "code_uic": "87543181", "segment": "B", "voyageurs": 3034357, "voyageurs_2019": 3130349, "tendance_pct": -3.1}, "geometry": {"type": "Point", "coordinates": [2.275149, 48.85645]}}, {"type": "Feature", "properties": {"nom": "Sèvres - Ville-d'Avray", "code_insee": "92072", "code_uic": "87382341", "segment": "B", "voyageurs": 3004507, "voyageurs_2019": 2607842, "tendance_pct": 15.2}, "geometry": {"type": "Point", "coordinates": [2.20051, 48.82746]}}, {"type": "Feature", "properties": {"nom": "Valence", "code_insee": "26362", "code_uic": "87761007", "segment": "A", "voyageurs": 2917986, "voyageurs_2019": 2143873, "tendance_pct": 36.1}, "geometry": {"type": "Point", "coordinates": [4.893273, 44.928049]}}, {"type": "Feature", "properties": {"nom": "Besançon Viotte", "code_insee": "25056", "code_uic": "87718007", "segment": "A", "voyageurs": 2903968, "voyageurs_2019": 2155623, "tendance_pct": 34.7}, "geometry": {"type": "Point", "coordinates": [6.022003, 47.247019]}}, {"type": "Feature", "properties": {"nom": "Chantilly - Gouvieux", "code_insee": "60141", "code_uic": "87276113", "segment": "B", "voyageurs": 2897119, "voyageurs_2019": 2679758, "tendance_pct": 8.1}, "geometry": {"type": "Point", "coordinates": [2.45979, 49.18724]}}, {"type": "Feature", "properties": {"nom": "Nice Riquier", "code_insee": "06088", "code_uic": "87756353", "segment": "B", "voyageurs": 2857250, "voyageurs_2019": 2512599, "tendance_pct": 13.7}, "geometry": {"type": "Point", "coordinates": [7.290175, 43.705554]}}, {"type": "Feature", "properties": {"nom": "Villefranche-sur-Saône", "code_insee": "69264", "code_uic": "87721332", "segment": "B", "voyageurs": 2829718, "voyageurs_2019": 2254011, "tendance_pct": 25.5}, "geometry": {"type": "Point", "coordinates": [4.72077, 45.9845]}}, {"type": "Feature", "properties": {"nom": "Sélestat", "code_insee": "67462", "code_uic": "87214056", "segment": "B", "voyageurs": 2807837, "voyageurs_2019": 2394038, "tendance_pct": 17.3}, "geometry": {"type": "Point", "coordinates": [7.443278, 48.260117]}}, {"type": "Feature", "properties": {"nom": "Compiègne", "code_insee": "60382", "code_uic": "87276691", "segment": "B", "voyageurs": 2804320, "voyageurs_2019": 2277888, "tendance_pct": 23.1}, "geometry": {"type": "Point", "coordinates": [2.823679, 49.422005]}}, {"type": "Feature", "properties": {"nom": "Meudon Val Fleury", "code_insee": "92048", "code_uic": "87393082", "segment": "B", "voyageurs": 2803049, "voyageurs_2019": 2893671, "tendance_pct": -3.1}, "geometry": {"type": "Point", "coordinates": [2.240905, 48.807988]}}, {"type": "Feature", "properties": {"nom": "Brest", "code_insee": "29019", "code_uic": "87474007", "segment": "A", "voyageurs": 2777923, "voyageurs_2019": 1962604, "tendance_pct": 41.5}, "geometry": {"type": "Point", "coordinates": [-4.478903, 48.38811]}}, {"type": "Feature", "properties": {"nom": "Menton", "code_insee": "06083", "code_uic": "87756486", "segment": "B", "voyageurs": 2764116, "voyageurs_2019": 1935727, "tendance_pct": 42.8}, "geometry": {"type": "Point", "coordinates": [7.4933, 43.774444]}}, {"type": "Feature", "properties": {"nom": "Domont", "code_insee": "95199", "code_uic": "87276436", "segment": "B", "voyageurs": 2763059, "voyageurs_2019": 2620960, "tendance_pct": 5.4}, "geometry": {"type": "Point", "coordinates": [2.33746, 49.03268]}}, {"type": "Feature", "properties": {"nom": "Viry-Châtillon", "code_insee": "91687", "code_uic": "87681312", "segment": "B", "voyageurs": 2752076, "voyageurs_2019": 2495409, "tendance_pct": 10.3}, "geometry": {"type": "Point", "coordinates": [2.386391, 48.676182]}}, {"type": "Feature", "properties": {"nom": "Les Boullereaux Champigny", "code_insee": "94017", "code_uic": "87113779", "segment": "B", "voyageurs": 2750821, "voyageurs_2019": 2828851, "tendance_pct": -2.8}, "geometry": {"type": "Point", "coordinates": [2.511884, 48.824926]}}, {"type": "Feature", "properties": {"nom": "Viroflay Rive Droite", "code_insee": "78686", "code_uic": "87382887", "segment": "B", "voyageurs": 2672068, "voyageurs_2019": 2698201, "tendance_pct": -1.0}, "geometry": {"type": "Point", "coordinates": [2.168321, 48.80567]}}, {"type": "Feature", "properties": {"nom": "Orangis Bois de l'Épine", "code_insee": "91521", "code_uic": "87681346", "segment": "B", "voyageurs": 2671137, "voyageurs_2019": 2527170, "tendance_pct": 5.7}, "geometry": {"type": "Point", "coordinates": [2.407736, 48.63626]}}, {"type": "Feature", "properties": {"nom": "Les Grésillons", "code_insee": "92036", "code_uic": "87272146", "segment": "B", "voyageurs": 2669352, "voyageurs_2019": 2754273, "tendance_pct": -3.1}, "geometry": {"type": "Point", "coordinates": [2.31441, 48.92007]}}, {"type": "Feature", "properties": {"nom": "Villepinte", "code_insee": "93078", "code_uic": "87271452", "segment": "B", "voyageurs": 2631037, "voyageurs_2019": 2654695, "tendance_pct": -0.9}, "geometry": {"type": "Point", "coordinates": [2.51205, 48.96292]}}, {"type": "Feature", "properties": {"nom": "Le Mée-sur-Seine", "code_insee": "77285", "code_uic": "87682179", "segment": "B", "voyageurs": 2628948, "voyageurs_2019": 2386412, "tendance_pct": 10.2}, "geometry": {"type": "Point", "coordinates": [2.624116, 48.540086]}}, {"type": "Feature", "properties": {"nom": "Pont du Garigliano - Hôpital Européen Georges Pompidou", "code_insee": "75115", "code_uic": "87393322", "segment": "B", "voyageurs": 2581658, "voyageurs_2019": 2663328, "tendance_pct": -3.1}, "geometry": {"type": "Point", "coordinates": [2.271228, 48.839464]}}, {"type": "Feature", "properties": {"nom": "Saint-Gratien", "code_insee": "95555", "code_uic": "87276170", "segment": "B", "voyageurs": 2576869, "voyageurs_2019": 2658478, "tendance_pct": -3.1}, "geometry": {"type": "Point", "coordinates": [2.28531, 48.96403]}}, {"type": "Feature", "properties": {"nom": "Montpellier Sud de France", "code_insee": "34172", "code_uic": "87688887", "segment": "A", "voyageurs": 2514013, "voyageurs_2019": 908651, "tendance_pct": 176.7}, "geometry": {"type": "Point", "coordinates": [3.924623, 43.594787]}}, {"type": "Feature", "properties": {"nom": "Les Ardoines", "code_insee": "94081", "code_uic": "87492108", "segment": "B", "voyageurs": 2509865, "voyageurs_2019": 2591321, "tendance_pct": -3.1}, "geometry": {"type": "Point", "coordinates": [2.409046, 48.782945]}}, {"type": "Feature", "properties": {"nom": "Tournan-en-Brie", "code_insee": "77470", "code_uic": "87116210", "segment": "B", "voyageurs": 2507603, "voyageurs_2019": 1971494, "tendance_pct": 27.2}, "geometry": {"type": "Point", "coordinates": [2.759571, 48.739309]}}, {"type": "Feature", "properties": {"nom": "Saint-Leu-la-Forêt", "code_insee": "95563", "code_uic": "87276600", "segment": "B", "voyageurs": 2504878, "voyageurs_2019": 2353567, "tendance_pct": 6.4}, "geometry": {"type": "Point", "coordinates": [2.24264, 49.01571]}}, {"type": "Feature", "properties": {"nom": "Survilliers - Fosses", "code_insee": "95250", "code_uic": "87276261", "segment": "B", "voyageurs": 2473723, "voyageurs_2019": 2126297, "tendance_pct": 16.3}, "geometry": {"type": "Point", "coordinates": [2.52527, 49.09961]}}, {"type": "Feature", "properties": {"nom": "Clamart", "code_insee": "92023", "code_uic": "87391565", "segment": "B", "voyageurs": 2464698, "voyageurs_2019": 2089944, "tendance_pct": 17.9}, "geometry": {"type": "Point", "coordinates": [2.273327, 48.813844]}}, {"type": "Feature", "properties": {"nom": "Narbonne", "code_insee": "11262", "code_uic": "87781104", "segment": "A", "voyageurs": 2423475, "voyageurs_2019": 1238902, "tendance_pct": 95.6}, "geometry": {"type": "Point", "coordinates": [3.00591, 43.190387]}}, {"type": "Feature", "properties": {"nom": "Louvres", "code_insee": "95351", "code_uic": "87276253", "segment": "B", "voyageurs": 2420732, "voyageurs_2019": 2253078, "tendance_pct": 7.4}, "geometry": {"type": "Point", "coordinates": [2.501897, 49.049657]}}, {"type": "Feature", "properties": {"nom": "Nice Saint-Augustin", "code_insee": "06088", "code_uic": "87756254", "segment": "B", "voyageurs": 2414208, "voyageurs_2019": 1668234, "tendance_pct": 44.7}, "geometry": {"type": "Point", "coordinates": [7.216199, 43.670728]}}, {"type": "Feature", "properties": {"nom": "Issy-les-Moulineaux", "code_insee": "92040", "code_uic": "87393074", "segment": "B", "voyageurs": 2373723, "voyageurs_2019": 2449700, "tendance_pct": -3.1}, "geometry": {"type": "Point", "coordinates": [2.259347, 48.8201]}}, {"type": "Feature", "properties": {"nom": "Stains La Cerisaie T11", "code_insee": "93072", "code_uic": "87697334", "segment": "B", "voyageurs": 2373592, "voyageurs_2019": 909932, "tendance_pct": 160.9}, "geometry": {"type": "Point", "coordinates": [2.39209, 48.9548]}}, {"type": "Feature", "properties": {"nom": "Les Pavillons-sous-Bois", "code_insee": "93057", "code_uic": "87113852", "segment": "B", "voyageurs": 2345637, "voyageurs_2019": 1701182, "tendance_pct": 37.9}, "geometry": {"type": "Point", "coordinates": [2.511781, 48.902418]}}, {"type": "Feature", "properties": {"nom": "Angoulême", "code_insee": "16015", "code_uic": "87583005", "segment": "A", "voyageurs": 2341350, "voyageurs_2019": 1826364, "tendance_pct": 28.2}, "geometry": {"type": "Point", "coordinates": [0.164608, 45.653572]}}, {"type": "Feature", "properties": {"nom": "Vannes", "code_insee": "56260", "code_uic": "87476606", "segment": "A", "voyageurs": 2313942, "voyageurs_2019": 1599913, "tendance_pct": 44.6}, "geometry": {"type": "Point", "coordinates": [-2.75245, 47.665169]}}, {"type": "Feature", "properties": {"nom": "La Celle-Saint-Cloud", "code_insee": "78126", "code_uic": "87382432", "segment": "B", "voyageurs": 2267559, "voyageurs_2019": 2090228, "tendance_pct": 8.5}, "geometry": {"type": "Point", "coordinates": [2.13797, 48.84259]}}, {"type": "Feature", "properties": {"nom": "Vaires - Torcy", "code_insee": "77108", "code_uic": "87116293", "segment": "B", "voyageurs": 2266997, "voyageurs_2019": 2286419, "tendance_pct": -0.8}, "geometry": {"type": "Point", "coordinates": [2.639986, 48.874953]}}, {"type": "Feature", "properties": {"nom": "Vienne", "code_insee": "38544", "code_uic": "87722587", "segment": "B", "voyageurs": 2266354, "voyageurs_2019": 1768935, "tendance_pct": 28.1}, "geometry": {"type": "Point", "coordinates": [4.874211, 45.521207]}}, {"type": "Feature", "properties": {"nom": "Freinville Sevran", "code_insee": "93071", "code_uic": "87113894", "segment": "B", "voyageurs": 2264457, "voyageurs_2019": 1191070, "tendance_pct": 90.1}, "geometry": {"type": "Point", "coordinates": [2.519019, 48.926637]}}, {"type": "Feature", "properties": {"nom": "Esbly", "code_insee": "77171", "code_uic": "87116327", "segment": "B", "voyageurs": 2256964, "voyageurs_2019": 2338728, "tendance_pct": -3.5}, "geometry": {"type": "Point", "coordinates": [2.810599, 48.903142]}}, {"type": "Feature", "properties": {"nom": "Lyon Saint-Exupéry TGV", "code_insee": "69299", "code_uic": "87762906", "segment": "A", "voyageurs": 2251500, "voyageurs_2019": 2392925, "tendance_pct": -5.9}, "geometry": {"type": "Point", "coordinates": [5.074969, 45.721109]}}, {"type": "Feature", "properties": {"nom": "Dunkerque", "code_insee": "59183", "code_uic": "87281006", "segment": "A", "voyageurs": 2249345, "voyageurs_2019": 1931759, "tendance_pct": 16.4}, "geometry": {"type": "Point", "coordinates": [2.368961, 51.03047]}}, {"type": "Feature", "properties": {"nom": "Montreuil", "code_insee": "78646", "code_uic": "87382879", "segment": "B", "voyageurs": 2207745, "voyageurs_2019": 2226698, "tendance_pct": -0.9}, "geometry": {"type": "Point", "coordinates": [2.151169, 48.806732]}}, {"type": "Feature", "properties": {"nom": "Cesson", "code_insee": "77067", "code_uic": "87682161", "segment": "B", "voyageurs": 2205453, "voyageurs_2019": 2087642, "tendance_pct": 5.6}, "geometry": {"type": "Point", "coordinates": [2.5938, 48.56563]}}, {"type": "Feature", "properties": {"nom": "La Ferté-sous-Jouarre", "code_insee": "77183", "code_uic": "87116517", "segment": "B", "voyageurs": 2195227, "voyageurs_2019": 1747522, "tendance_pct": 25.6}, "geometry": {"type": "Point", "coordinates": [3.125577, 48.950741]}}, {"type": "Feature", "properties": {"nom": "Dreux", "code_insee": "28134", "code_uic": "87393488", "segment": "B", "voyageurs": 2192967, "voyageurs_2019": 1606493, "tendance_pct": 36.5}, "geometry": {"type": "Point", "coordinates": [1.37016, 48.731456]}}, {"type": "Feature", "properties": {"nom": "Champ de Courses d'Enghien", "code_insee": "95598", "code_uic": "87276030", "segment": "B", "voyageurs": 2175046, "voyageurs_2019": 2096797, "tendance_pct": 3.7}, "geometry": {"type": "Point", "coordinates": [2.29189, 48.97975]}}, {"type": "Feature", "properties": {"nom": "Haguenau", "code_insee": "67180", "code_uic": "87213058", "segment": "B", "voyageurs": 2173819, "voyageurs_2019": 1734756, "tendance_pct": 25.3}, "geometry": {"type": "Point", "coordinates": [7.782725, 48.81345]}}, {"type": "Feature", "properties": {"nom": "Saint-Ouen-l'Aumône Liesse", "code_insee": "95572", "code_uic": "87337980", "segment": "B", "voyageurs": 2149273, "voyageurs_2019": 1996206, "tendance_pct": 7.7}, "geometry": {"type": "Point", "coordinates": [2.127934, 49.033871]}}, {"type": "Feature", "properties": {"nom": "Bourgoin-Jallieu", "code_insee": "38053", "code_uic": "87723429", "segment": "B", "voyageurs": 2123008, "voyageurs_2019": 1855873, "tendance_pct": 14.4}, "geometry": {"type": "Point", "coordinates": [5.273401, 45.583954]}}, {"type": "Feature", "properties": {"nom": "Beauvais", "code_insee": "60057", "code_uic": "87313510", "segment": "B", "voyageurs": 2122526, "voyageurs_2019": 1327596, "tendance_pct": 59.9}, "geometry": {"type": "Point", "coordinates": [2.08869, 49.42648]}}, {"type": "Feature", "properties": {"nom": "Massy TGV", "code_insee": "91377", "code_uic": "87393702", "segment": "A", "voyageurs": 2099156, "voyageurs_2019": 2214961, "tendance_pct": -5.2}, "geometry": {"type": "Point", "coordinates": [2.261254, 48.725758]}}, {"type": "Feature", "properties": {"nom": "Garches - Marnes-la-Coquette", "code_insee": "92064", "code_uic": "87382259", "segment": "B", "voyageurs": 2087498, "voyageurs_2019": 1891700, "tendance_pct": 10.4}, "geometry": {"type": "Point", "coordinates": [2.18692, 48.83839]}}, {"type": "Feature", "properties": {"nom": "Le Havre", "code_insee": "76351", "code_uic": "87413013", "segment": "A", "voyageurs": 2070670, "voyageurs_2019": 1846292, "tendance_pct": 12.2}, "geometry": {"type": "Point", "coordinates": [0.125677, 49.492996]}}, {"type": "Feature", "properties": {"nom": "Lorient Bretagne Sud", "code_insee": "56121", "code_uic": "87476002", "segment": "A", "voyageurs": 2066021, "voyageurs_2019": 1390474, "tendance_pct": 48.6}, "geometry": {"type": "Point", "coordinates": [-3.366221, 47.755597]}}, {"type": "Feature", "properties": {"nom": "Bourg-en-Bresse", "code_insee": "01053", "code_uic": "87743005", "segment": "A", "voyageurs": 2062701, "voyageurs_2019": 1770487, "tendance_pct": 16.5}, "geometry": {"type": "Point", "coordinates": [5.215063, 46.200351]}}, {"type": "Feature", "properties": {"nom": "Ozoir-la-Ferrière", "code_insee": "77350", "code_uic": "87116020", "segment": "B", "voyageurs": 2061916, "voyageurs_2019": 2409248, "tendance_pct": -14.4}, "geometry": {"type": "Point", "coordinates": [2.689841, 48.77072]}}, {"type": "Feature", "properties": {"nom": "Marly-le-Roi", "code_insee": "78372", "code_uic": "87382465", "segment": "B", "voyageurs": 2055687, "voyageurs_2019": 1978907, "tendance_pct": 3.9}, "geometry": {"type": "Point", "coordinates": [2.096544, 48.871308]}}, {"type": "Feature", "properties": {"nom": "Perpignan", "code_insee": "66136", "code_uic": "87784009", "segment": "A", "voyageurs": 2053794, "voyageurs_2019": 1390185, "tendance_pct": 47.7}, "geometry": {"type": "Point", "coordinates": [2.879779, 42.696292]}}, {"type": "Feature", "properties": {"nom": "Villepreux - Les Clayes", "code_insee": "78165", "code_uic": "87393413", "segment": "B", "voyageurs": 2052959, "voyageurs_2019": 2017279, "tendance_pct": 1.8}, "geometry": {"type": "Point", "coordinates": [1.993065, 48.823917]}}, {"type": "Feature", "properties": {"nom": "Saint-Ouen-l'Aumône", "code_insee": "95572", "code_uic": "87276105", "segment": "B", "voyageurs": 2052836, "voyageurs_2019": 1981424, "tendance_pct": 3.6}, "geometry": {"type": "Point", "coordinates": [2.10651, 49.04527]}}, {"type": "Feature", "properties": {"nom": "Saint-Nom-la-Bretèche Forêt de Marly", "code_insee": "78224", "code_uic": "87382481", "segment": "B", "voyageurs": 2048759, "voyageurs_2019": 1338668, "tendance_pct": 53.0}, "geometry": {"type": "Point", "coordinates": [2.050937, 48.867767]}}, {"type": "Feature", "properties": {"nom": "Vernon - Giverny", "code_insee": "27681", "code_uic": "87415604", "segment": "B", "voyageurs": 2046451, "voyageurs_2019": 1837607, "tendance_pct": 11.4}, "geometry": {"type": "Point", "coordinates": [1.47857, 49.091336]}}, {"type": "Feature", "properties": {"nom": "Limoges Bénédictins", "code_insee": "87085", "code_uic": "87592006", "segment": "A", "voyageurs": 2028613, "voyageurs_2019": 1589836, "tendance_pct": 27.6}, "geometry": {"type": "Point", "coordinates": [1.267356, 45.836089]}}, {"type": "Feature", "properties": {"nom": "Château-Thierry", "code_insee": "02168", "code_uic": "87116582", "segment": "B", "voyageurs": 2021333, "voyageurs_2019": 1590892, "tendance_pct": 27.1}, "geometry": {"type": "Point", "coordinates": [3.409514, 49.038224]}}, {"type": "Feature", "properties": {"nom": "Blois - Chambord", "code_insee": "41018", "code_uic": "87574004", "segment": "A", "voyageurs": 1996524, "voyageurs_2019": 1507917, "tendance_pct": 32.4}, "geometry": {"type": "Point", "coordinates": [1.323823, 47.585445]}}, {"type": "Feature", "properties": {"nom": "Le Val d'Or", "code_insee": "92064", "code_uic": "87382366", "segment": "B", "voyageurs": 1983495, "voyageurs_2019": 1722096, "tendance_pct": 15.2}, "geometry": {"type": "Point", "coordinates": [2.21636, 48.85645]}}, {"type": "Feature", "properties": {"nom": "Hazebrouck", "code_insee": "59295", "code_uic": "87286302", "segment": "B", "voyageurs": 1974422, "voyageurs_2019": 1747596, "tendance_pct": 13.0}, "geometry": {"type": "Point", "coordinates": [2.54129, 50.72501]}}, {"type": "Feature", "properties": {"nom": "Gennevilliers", "code_insee": "92036", "code_uic": "87271205", "segment": "B", "voyageurs": 1963009, "voyageurs_2019": 2025274, "tendance_pct": -3.1}, "geometry": {"type": "Point", "coordinates": [2.30699, 48.93368]}}, {"type": "Feature", "properties": {"nom": "Montargis", "code_insee": "45208", "code_uic": "87684001", "segment": "A", "voyageurs": 1948917, "voyageurs_2019": 1717950, "tendance_pct": 13.4}, "geometry": {"type": "Point", "coordinates": [2.742783, 48.006862]}}, {"type": "Feature", "properties": {"nom": "Saint-Brieuc", "code_insee": "22278", "code_uic": "87473009", "segment": "A", "voyageurs": 1946492, "voyageurs_2019": 1340194, "tendance_pct": 45.2}, "geometry": {"type": "Point", "coordinates": [-2.765, 48.50758]}}, {"type": "Feature", "properties": {"nom": "Libourne", "code_insee": "33243", "code_uic": "87584052", "segment": "B", "voyageurs": 1942950, "voyageurs_2019": 1468974, "tendance_pct": 32.3}, "geometry": {"type": "Point", "coordinates": [-0.236344, 44.915888]}}, {"type": "Feature", "properties": {"nom": "Lycée Henri Sellier", "code_insee": "93046", "code_uic": "87988717", "segment": "B", "voyageurs": 1934000, "voyageurs_2019": 1335610, "tendance_pct": 44.8}, "geometry": {"type": "Point", "coordinates": [2.51504, 48.91646]}}, {"type": "Feature", "properties": {"nom": "Rougemont Chanteloup", "code_insee": "93071", "code_uic": "87431791", "segment": "B", "voyageurs": 1927798, "voyageurs_2019": 1916809, "tendance_pct": 0.6}, "geometry": {"type": "Point", "coordinates": [2.51502, 48.930895]}}, {"type": "Feature", "properties": {"nom": "Écouen - Ézanville", "code_insee": "95229", "code_uic": "87276394", "segment": "B", "voyageurs": 1912907, "voyageurs_2019": 1881227, "tendance_pct": 1.7}, "geometry": {"type": "Point", "coordinates": [2.36325, 49.02273]}}, {"type": "Feature", "properties": {"nom": "Aix-les-Bains le Revard", "code_insee": "73008", "code_uic": "87741132", "segment": "B", "voyageurs": 1871354, "voyageurs_2019": 1515076, "tendance_pct": 23.5}, "geometry": {"type": "Point", "coordinates": [5.909371, 45.688161]}}, {"type": "Feature", "properties": {"nom": "Vaucresson", "code_insee": "92076", "code_uic": "87382267", "segment": "B", "voyageurs": 1867758, "voyageurs_2019": 1785206, "tendance_pct": 4.6}, "geometry": {"type": "Point", "coordinates": [2.15255, 48.83688]}}, {"type": "Feature", "properties": {"nom": "Aubergenville Élisabethville", "code_insee": "78029", "code_uic": "87386730", "segment": "B", "voyageurs": 1857062, "voyageurs_2019": 1900062, "tendance_pct": -2.3}, "geometry": {"type": "Point", "coordinates": [1.848499, 48.971825]}}, {"type": "Feature", "properties": {"nom": "Béthune", "code_insee": "62119", "code_uic": "87342006", "segment": "B", "voyageurs": 1848625, "voyageurs_2019": 1838636, "tendance_pct": 0.5}, "geometry": {"type": "Point", "coordinates": [2.64055, 50.52144]}}, {"type": "Feature", "properties": {"nom": "Saint-Malo", "code_insee": "35288", "code_uic": "87478107", "segment": "A", "voyageurs": 1832479, "voyageurs_2019": 1263626, "tendance_pct": 45.0}, "geometry": {"type": "Point", "coordinates": [-2.004158, 48.646859]}}, {"type": "Feature", "properties": {"nom": "Molsheim", "code_insee": "67300", "code_uic": "87214577", "segment": "B", "voyageurs": 1826333, "voyageurs_2019": 1584090, "tendance_pct": 15.3}, "geometry": {"type": "Point", "coordinates": [7.50044, 48.53705]}}, {"type": "Feature", "properties": {"nom": "Gros Noyer Saint-Prix", "code_insee": "95219", "code_uic": "87276592", "segment": "B", "voyageurs": 1819054, "voyageurs_2019": 1720304, "tendance_pct": 5.7}, "geometry": {"type": "Point", "coordinates": [2.2588, 48.99682]}}, {"type": "Feature", "properties": {"nom": "Lyon Jean Macé", "code_insee": "69387", "code_uic": "87282624", "segment": "B", "voyageurs": 1817787, "voyageurs_2019": 1181281, "tendance_pct": 53.9}, "geometry": {"type": "Point", "coordinates": [4.84139, 45.74495]}}, {"type": "Feature", "properties": {"nom": "Les Noues", "code_insee": "95280", "code_uic": "87276238", "segment": "B", "voyageurs": 1802658, "voyageurs_2019": 1461270, "tendance_pct": 23.4}, "geometry": {"type": "Point", "coordinates": [2.47633, 49.03234]}}, {"type": "Feature", "properties": {"nom": "Annemasse", "code_insee": "74012", "code_uic": "87745497", "segment": "B", "voyageurs": 1785835, "voyageurs_2019": 709777, "tendance_pct": 151.6}, "geometry": {"type": "Point", "coordinates": [6.23652, 46.199222]}}, {"type": "Feature", "properties": {"nom": "Lens", "code_insee": "62498", "code_uic": "87345025", "segment": "B", "voyageurs": 1769301, "voyageurs_2019": 1603634, "tendance_pct": 10.3}, "geometry": {"type": "Point", "coordinates": [2.828254, 50.426818]}}, {"type": "Feature", "properties": {"nom": "Bellegarde-sur-Valserine", "code_insee": "01033", "code_uic": "87745000", "segment": "A", "voyageurs": 1769256, "voyageurs_2019": 1305663, "tendance_pct": 35.5}, "geometry": {"type": "Point", "coordinates": [5.823483, 46.109425]}}, {"type": "Feature", "properties": {"nom": "Crépy-en-Valois", "code_insee": "60176", "code_uic": "87271593", "segment": "B", "voyageurs": 1766380, "voyageurs_2019": 1760549, "tendance_pct": 0.3}, "geometry": {"type": "Point", "coordinates": [2.886469, 49.231235]}}, {"type": "Feature", "properties": {"nom": "Quimper", "code_insee": "29232", "code_uic": "87474098", "segment": "A", "voyageurs": 1753601, "voyageurs_2019": 1058048, "tendance_pct": 65.7}, "geometry": {"type": "Point", "coordinates": [-4.092103, 47.994455]}}, {"type": "Feature", "properties": {"nom": "Orly Ville", "code_insee": "94054", "code_uic": "87546200", "segment": "B", "voyageurs": 1746954, "voyageurs_2019": 1802642, "tendance_pct": -3.1}, "geometry": {"type": "Point", "coordinates": [2.40265, 48.741815]}}, {"type": "Feature", "properties": {"nom": "Avenue du Président Kennedy Maison de Radio France", "code_insee": "75116", "code_uic": "87543207", "segment": "B", "voyageurs": 1718808, "voyageurs_2019": 1773182, "tendance_pct": -3.1}, "geometry": {"type": "Point", "coordinates": [2.279969, 48.853322]}}, {"type": "Feature", "properties": {"nom": "Agen", "code_insee": "47001", "code_uic": "87586008", "segment": "A", "voyageurs": 1706718, "voyageurs_2019": 1211323, "tendance_pct": 40.9}, "geometry": {"type": "Point", "coordinates": [0.620932, 44.208311]}}, {"type": "Feature", "properties": {"nom": "Orry-la-Ville - Coye", "code_insee": "60482", "code_uic": "87276279", "segment": "B", "voyageurs": 1706267, "voyageurs_2019": 2147579, "tendance_pct": -20.5}, "geometry": {"type": "Point", "coordinates": [2.49, 49.13895]}}, {"type": "Feature", "properties": {"nom": "Laval", "code_insee": "53130", "code_uic": "87478404", "segment": "A", "voyageurs": 1700505, "voyageurs_2019": 1381878, "tendance_pct": 23.1}, "geometry": {"type": "Point", "coordinates": [-0.760907, 48.076206]}}, {"type": "Feature", "properties": {"nom": "Chalon-sur-Saône", "code_insee": "71076", "code_uic": "87725002", "segment": "A", "voyageurs": 1696120, "voyageurs_2019": 1309047, "tendance_pct": 29.6}, "geometry": {"type": "Point", "coordinates": [4.843454, 46.781612]}}, {"type": "Feature", "properties": {"nom": "Béziers", "code_insee": "34032", "code_uic": "87781005", "segment": "A", "voyageurs": 1693346, "voyageurs_2019": 1129019, "tendance_pct": 50.0}, "geometry": {"type": "Point", "coordinates": [3.218873, 43.33633]}}, {"type": "Feature", "properties": {"nom": "Bayonne", "code_insee": "64102", "code_uic": "87673004", "segment": "A", "voyageurs": 1686266, "voyageurs_2019": 948134, "tendance_pct": 77.9}, "geometry": {"type": "Point", "coordinates": [-1.470306, 43.496801]}}, {"type": "Feature", "properties": {"nom": "Arpajon", "code_insee": "91021", "code_uic": "87545467", "segment": "B", "voyageurs": 1672746, "voyageurs_2019": 1725668, "tendance_pct": -3.1}, "geometry": {"type": "Point", "coordinates": [2.24112, 48.58617]}}, {"type": "Feature", "properties": {"nom": "Groslay", "code_insee": "95288", "code_uic": "87276360", "segment": "B", "voyageurs": 1655663, "voyageurs_2019": 1583612, "tendance_pct": 4.5}, "geometry": {"type": "Point", "coordinates": [2.35358, 48.98462]}}, {"type": "Feature", "properties": {"nom": "Voiron", "code_insee": "38563", "code_uic": "87747287", "segment": "B", "voyageurs": 1651235, "voyageurs_2019": 1362221, "tendance_pct": 21.2}, "geometry": {"type": "Point", "coordinates": [5.595054, 45.364037]}}, {"type": "Feature", "properties": {"nom": "Saint-Louis", "code_insee": "68297", "code_uic": "87182139", "segment": "B", "voyageurs": 1641385, "voyageurs_2019": 1371971, "tendance_pct": 19.6}, "geometry": {"type": "Point", "coordinates": [7.555988, 47.590609]}}, {"type": "Feature", "properties": {"nom": "Lyon Saint-Paul", "code_insee": "69385", "code_uic": "87721159", "segment": "B", "voyageurs": 1636218, "voyageurs_2019": 1592773, "tendance_pct": 2.7}, "geometry": {"type": "Point", "coordinates": [4.827057, 45.76601]}}, {"type": "Feature", "properties": {"nom": "Athis-Mons", "code_insee": "91027", "code_uic": "87545251", "segment": "B", "voyageurs": 1632971, "voyageurs_2019": 1684717, "tendance_pct": -3.1}, "geometry": {"type": "Point", "coordinates": [2.403749, 48.712557]}}, {"type": "Feature", "properties": {"nom": "Montsoult - Maffliers", "code_insee": "95430", "code_uic": "87276493", "segment": "B", "voyageurs": 1632269, "voyageurs_2019": 1492565, "tendance_pct": 9.4}, "geometry": {"type": "Point", "coordinates": [2.32229, 49.06611]}}, {"type": "Feature", "properties": {"nom": "Taverny", "code_insee": "95607", "code_uic": "87276634", "segment": "B", "voyageurs": 1621261, "voyageurs_2019": 1602736, "tendance_pct": 1.2}, "geometry": {"type": "Point", "coordinates": [2.22187, 49.02536]}}, {"type": "Feature", "properties": {"nom": "Vanves - Malakoff", "code_insee": "92075", "code_uic": "87391532", "segment": "B", "voyageurs": 1611090, "voyageurs_2019": 1345635, "tendance_pct": 19.7}, "geometry": {"type": "Point", "coordinates": [2.292099, 48.818196]}}, {"type": "Feature", "properties": {"nom": "Cagnes-sur-Mer", "code_insee": "06027", "code_uic": "87756320", "segment": "B", "voyageurs": 1609844, "voyageurs_2019": 1343669, "tendance_pct": 19.8}, "geometry": {"type": "Point", "coordinates": [7.14864, 43.65813]}}, {"type": "Feature", "properties": {"nom": "Épernon", "code_insee": "28140", "code_uic": "87394114", "segment": "B", "voyageurs": 1574579, "voyageurs_2019": 1453371, "tendance_pct": 8.3}, "geometry": {"type": "Point", "coordinates": [1.681258, 48.605247]}}, {"type": "Feature", "properties": {"nom": "Bois-le-Roi", "code_insee": "77037", "code_uic": "87682203", "segment": "B", "voyageurs": 1560861, "voyageurs_2019": 1169555, "tendance_pct": 33.5}, "geometry": {"type": "Point", "coordinates": [2.691606, 48.475567]}}, {"type": "Feature", "properties": {"nom": "Épône - Mézières", "code_insee": "78217", "code_uic": "87386763", "segment": "B", "voyageurs": 1559294, "voyageurs_2019": 1023974, "tendance_pct": 52.3}, "geometry": {"type": "Point", "coordinates": [1.808593, 48.963122]}}, {"type": "Feature", "properties": {"nom": "Belfort", "code_insee": "90010", "code_uic": "87184002", "segment": "B", "voyageurs": 1552041, "voyageurs_2019": 1124537, "tendance_pct": 38.0}, "geometry": {"type": "Point", "coordinates": [6.853956, 47.633284]}}, {"type": "Feature", "properties": {"nom": "Mâcon", "code_insee": "71270", "code_uic": "87725689", "segment": "B", "voyageurs": 1541777, "voyageurs_2019": 1230858, "tendance_pct": 25.3}, "geometry": {"type": "Point", "coordinates": [4.824887, 46.302572]}}, {"type": "Feature", "properties": {"nom": "Les Aubrais", "code_insee": "45147", "code_uic": "87543017", "segment": "A", "voyageurs": 1537304, "voyageurs_2019": 1592924, "tendance_pct": -3.5}, "geometry": {"type": "Point", "coordinates": [1.906629, 47.926801]}}, {"type": "Feature", "properties": {"nom": "Villeneuve-le-Roi", "code_insee": "94077", "code_uic": "87545277", "segment": "B", "voyageurs": 1527961, "voyageurs_2019": 1576299, "tendance_pct": -3.1}, "geometry": {"type": "Point", "coordinates": [2.426084, 48.739908]}}, {"type": "Feature", "properties": {"nom": "Ambérieu-en-Bugey", "code_insee": "01004", "code_uic": "87743716", "segment": "B", "voyageurs": 1527121, "voyageurs_2019": 1254920, "tendance_pct": 21.7}, "geometry": {"type": "Point", "coordinates": [5.342388, 45.954008]}}, {"type": "Feature", "properties": {"nom": "Nemours - Saint-Pierre", "code_insee": "77431", "code_uic": "87684126", "segment": "B", "voyageurs": 1525880, "voyageurs_2019": 1507877, "tendance_pct": 1.2}, "geometry": {"type": "Point", "coordinates": [2.685754, 48.267884]}}, {"type": "Feature", "properties": {"nom": "Moret - Veneux-les-Sablons", "code_insee": "77491", "code_uic": "87682278", "segment": "B", "voyageurs": 1516716, "voyageurs_2019": 1436155, "tendance_pct": 5.6}, "geometry": {"type": "Point", "coordinates": [2.79941, 48.37838]}}, {"type": "Feature", "properties": {"nom": "Sète", "code_insee": "34301", "code_uic": "87773200", "segment": "A", "voyageurs": 1506642, "voyageurs_2019": 956935, "tendance_pct": 57.4}, "geometry": {"type": "Point", "coordinates": [3.69656, 43.412485]}}, {"type": "Feature", "properties": {"nom": "Saint-Raphaël Valescure", "code_insee": "83118", "code_uic": "87757526", "segment": "A", "voyageurs": 1506561, "voyageurs_2019": 1137127, "tendance_pct": 32.5}, "geometry": {"type": "Point", "coordinates": [6.769083, 43.42356]}}, {"type": "Feature", "properties": {"nom": "Charleville-Mézières", "code_insee": "08105", "code_uic": "87172007", "segment": "B", "voyageurs": 1500456, "voyageurs_2019": 1001032, "tendance_pct": 49.9}, "geometry": {"type": "Point", "coordinates": [4.724952, 49.767915]}}, {"type": "Feature", "properties": {"nom": "Saverne", "code_insee": "67437", "code_uic": "87212225", "segment": "B", "voyageurs": 1499240, "voyageurs_2019": 1266086, "tendance_pct": 18.4}, "geometry": {"type": "Point", "coordinates": [7.36208, 48.744461]}}, {"type": "Feature", "properties": {"nom": "Vichy", "code_insee": "03310", "code_uic": "87732008", "segment": "A", "voyageurs": 1493202, "voyageurs_2019": 1309834, "tendance_pct": 14.0}, "geometry": {"type": "Point", "coordinates": [3.430448, 46.126979]}}, {"type": "Feature", "properties": {"nom": "Pau", "code_insee": "64445", "code_uic": "87672006", "segment": "A", "voyageurs": 1482868, "voyageurs_2019": 837523, "tendance_pct": 77.1}, "geometry": {"type": "Point", "coordinates": [-0.369626, 43.291762]}}, {"type": "Feature", "properties": {"nom": "Montauban Ville Bourbon", "code_insee": "82121", "code_uic": "87611244", "segment": "A", "voyageurs": 1481751, "voyageurs_2019": 1048385, "tendance_pct": 41.3}, "geometry": {"type": "Point", "coordinates": [1.341496, 44.014387]}}, {"type": "Feature", "properties": {"nom": "Villeneuve Triage", "code_insee": "94078", "code_uic": "87681809", "segment": "B", "voyageurs": 1467225, "voyageurs_2019": 1322503, "tendance_pct": 10.9}, "geometry": {"type": "Point", "coordinates": [2.438192, 48.745198]}}, {"type": "Feature", "properties": {"nom": "Chaville - Vélizy", "code_insee": "78686", "code_uic": "87393173", "segment": "B", "voyageurs": 1458468, "voyageurs_2019": 1505780, "tendance_pct": -3.1}, "geometry": {"type": "Point", "coordinates": [2.184527, 48.799801]}}, {"type": "Feature", "properties": {"nom": "Bellevue", "code_insee": "92048", "code_uic": "87393116", "segment": "B", "voyageurs": 1455710, "voyageurs_2019": 1326402, "tendance_pct": 9.7}, "geometry": {"type": "Point", "coordinates": [2.229674, 48.819003]}}, {"type": "Feature", "properties": {"nom": "Troyes", "code_insee": "10387", "code_uic": "87118000", "segment": "A", "voyageurs": 1447394, "voyageurs_2019": 1008126, "tendance_pct": 43.6}, "geometry": {"type": "Point", "coordinates": [4.065281, 48.296069]}}, {"type": "Feature", "properties": {"nom": "Saint-Quentin", "code_insee": "02691", "code_uic": "87296004", "segment": "A", "voyageurs": 1435404, "voyageurs_2019": 1092523, "tendance_pct": 31.4}, "geometry": {"type": "Point", "coordinates": [3.297009, 49.840048]}}, {"type": "Feature", "properties": {"nom": "Dugny - La Courneuve T11", "code_insee": "93027", "code_uic": "87697342", "segment": "B", "voyageurs": 1431878, "voyageurs_2019": 464595, "tendance_pct": 208.2}, "geometry": {"type": "Point", "coordinates": [2.4115, 48.9439]}}, {"type": "Feature", "properties": {"nom": "Calais", "code_insee": "62193", "code_uic": "87317263", "segment": "B", "voyageurs": 1431510, "voyageurs_2019": 998639, "tendance_pct": 43.3}, "geometry": {"type": "Point", "coordinates": [1.850819, 50.953481]}}, {"type": "Feature", "properties": {"nom": "Bouray", "code_insee": "91330", "code_uic": "87545178", "segment": "B", "voyageurs": 1430936, "voyageurs_2019": 1476220, "tendance_pct": -3.1}, "geometry": {"type": "Point", "coordinates": [2.290596, 48.533149]}}, {"type": "Feature", "properties": {"nom": "Meudon", "code_insee": "92048", "code_uic": "87393108", "segment": "B", "voyageurs": 1428696, "voyageurs_2019": 1111888, "tendance_pct": 28.5}, "geometry": {"type": "Point", "coordinates": [2.2411, 48.814753]}}, {"type": "Feature", "properties": {"nom": "Fontenay-le-Fleury", "code_insee": "78242", "code_uic": "87393405", "segment": "B", "voyageurs": 1425087, "voyageurs_2019": 3165988, "tendance_pct": -55.0}, "geometry": {"type": "Point", "coordinates": [2.04046, 48.807403]}}, {"type": "Feature", "properties": {"nom": "Pierrelaye", "code_insee": "95488", "code_uic": "87276097", "segment": "B", "voyageurs": 1421147, "voyageurs_2019": 1309897, "tendance_pct": 8.5}, "geometry": {"type": "Point", "coordinates": [2.15371, 49.01955]}}, {"type": "Feature", "properties": {"nom": "Ablon-sur-Seine", "code_insee": "94001", "code_uic": "87545269", "segment": "B", "voyageurs": 1412566, "voyageurs_2019": 1457253, "tendance_pct": -3.1}, "geometry": {"type": "Point", "coordinates": [2.419151, 48.725468]}}, {"type": "Feature", "properties": {"nom": "Trilport", "code_insee": "77475", "code_uic": "87116491", "segment": "B", "voyageurs": 1409964, "voyageurs_2019": 1199192, "tendance_pct": 17.6}, "geometry": {"type": "Point", "coordinates": [2.949537, 48.960136]}}, {"type": "Feature", "properties": {"nom": "Marolles-en-Hurepoix", "code_insee": "91376", "code_uic": "87545186", "segment": "B", "voyageurs": 1397187, "voyageurs_2019": 1441406, "tendance_pct": -3.1}, "geometry": {"type": "Point", "coordinates": [2.290327, 48.565345]}}, {"type": "Feature", "properties": {"nom": "Niort", "code_insee": "79191", "code_uic": "87485300", "segment": "A", "voyageurs": 1394556, "voyageurs_2019": 1233309, "tendance_pct": 13.1}, "geometry": {"type": "Point", "coordinates": [-0.454639, 46.319491]}}, {"type": "Feature", "properties": {"nom": "Hagondange", "code_insee": "57283", "code_uic": "87191114", "segment": "B", "voyageurs": 1390252, "voyageurs_2019": 1031259, "tendance_pct": 34.8}, "geometry": {"type": "Point", "coordinates": [6.16448, 49.25356]}}, {"type": "Feature", "properties": {"nom": "Épinal", "code_insee": "88160", "code_uic": "87144006", "segment": "B", "voyageurs": 1389102, "voyageurs_2019": 1117071, "tendance_pct": 24.4}, "geometry": {"type": "Point", "coordinates": [6.441787, 48.178005]}}, {"type": "Feature", "properties": {"nom": "Les Coquetiers", "code_insee": "93077", "code_uic": "87113845", "segment": "B", "voyageurs": 1386734, "voyageurs_2019": 1049625, "tendance_pct": 32.1}, "geometry": {"type": "Point", "coordinates": [2.499415, 48.89244]}}, {"type": "Feature", "properties": {"nom": "Bourges", "code_insee": "18033", "code_uic": "87576207", "segment": "A", "voyageurs": 1383929, "voyageurs_2019": 980131, "tendance_pct": 41.2}, "geometry": {"type": "Point", "coordinates": [2.394255, 47.094145]}}, {"type": "Feature", "properties": {"nom": "Vierzon", "code_insee": "18279", "code_uic": "87576009", "segment": "A", "voyageurs": 1376111, "voyageurs_2019": 871397, "tendance_pct": 57.9}, "geometry": {"type": "Point", "coordinates": [2.059822, 47.226497]}}, {"type": "Feature", "properties": {"nom": "Saint-Nazaire", "code_insee": "44184", "code_uic": "87481705", "segment": "A", "voyageurs": 1371500, "voyageurs_2019": 958231, "tendance_pct": 43.1}, "geometry": {"type": "Point", "coordinates": [-2.211096, 47.286412]}}, {"type": "Feature", "properties": {"nom": "Dax", "code_insee": "40088", "code_uic": "87673202", "segment": "A", "voyageurs": 1366366, "voyageurs_2019": 931979, "tendance_pct": 46.6}, "geometry": {"type": "Point", "coordinates": [-1.050301, 43.720472]}}, {"type": "Feature", "properties": {"nom": "Chaville Rive Droite", "code_insee": "92022", "code_uic": "87382333", "segment": "B", "voyageurs": 1364772, "voyageurs_2019": 2409913, "tendance_pct": -43.4}, "geometry": {"type": "Point", "coordinates": [2.18785, 48.81213]}}, {"type": "Feature", "properties": {"nom": "Bailleul", "code_insee": "59043", "code_uic": "87286179", "segment": "B", "voyageurs": 1346414, "voyageurs_2019": 1021600, "tendance_pct": 31.8}, "geometry": {"type": "Point", "coordinates": [2.73445, 50.72916]}}, {"type": "Feature", "properties": {"nom": "Ris-Orangis", "code_insee": "91521", "code_uic": "87681338", "segment": "B", "voyageurs": 1342915, "voyageurs_2019": 1372333, "tendance_pct": -2.1}, "geometry": {"type": "Point", "coordinates": [2.41442, 48.659442]}}, {"type": "Feature", "properties": {"nom": "Champagne-Ardenne TGV", "code_insee": "51058", "code_uic": "87171926", "segment": "A", "voyageurs": 1337827, "voyageurs_2019": 1154599, "tendance_pct": 15.9}, "geometry": {"type": "Point", "coordinates": [3.994632, 49.214806]}}, {"type": "Feature", "properties": {"nom": "Maintenon", "code_insee": "28227", "code_uic": "87394130", "segment": "B", "voyageurs": 1327025, "voyageurs_2019": 1232897, "tendance_pct": 7.6}, "geometry": {"type": "Point", "coordinates": [1.592065, 48.585479]}}, {"type": "Feature", "properties": {"nom": "Riom - Châtel-Guyon", "code_insee": "63300", "code_uic": "87734053", "segment": "B", "voyageurs": 1318440, "voyageurs_2019": 961682, "tendance_pct": 37.1}, "geometry": {"type": "Point", "coordinates": [3.120498, 45.889965]}}, {"type": "Feature", "properties": {"nom": "Auray", "code_insee": "56007", "code_uic": "87476200", "segment": "A", "voyageurs": 1317309, "voyageurs_2019": 887927, "tendance_pct": 48.4}, "geometry": {"type": "Point", "coordinates": [-2.999995, 47.68022]}}, {"type": "Feature", "properties": {"nom": "Sens", "code_insee": "89387", "code_uic": "87683003", "segment": "A", "voyageurs": 1311843, "voyageurs_2019": 1149961, "tendance_pct": 14.1}, "geometry": {"type": "Point", "coordinates": [3.267833, 48.197856]}}, {"type": "Feature", "properties": {"nom": "Plaisir - Les Clayes", "code_insee": "78490", "code_uic": "87393629", "segment": "B", "voyageurs": 1308467, "voyageurs_2019": 964713, "tendance_pct": 35.6}, "geometry": {"type": "Point", "coordinates": [1.960054, 48.830456]}}, {"type": "Feature", "properties": {"nom": "Arcachon", "code_insee": "33009", "code_uic": "87582668", "segment": "B", "voyageurs": 1295083, "voyageurs_2019": 1085934, "tendance_pct": 19.3}, "geometry": {"type": "Point", "coordinates": [-1.16523, 44.659009]}}, {"type": "Feature", "properties": {"nom": "Mantes Station", "code_insee": "78361", "code_uic": "87381590", "segment": "B", "voyageurs": 1277158, "voyageurs_2019": 883928, "tendance_pct": 44.5}, "geometry": {"type": "Point", "coordinates": [1.71581, 48.98366]}}, {"type": "Feature", "properties": {"nom": "Brive-la-Gaillarde", "code_insee": "19031", "code_uic": "87594002", "segment": "A", "voyageurs": 1269198, "voyageurs_2019": 810034, "tendance_pct": 56.7}, "geometry": {"type": "Point", "coordinates": [1.528655, 45.152618]}}, {"type": "Feature", "properties": {"nom": "Biganos Facture", "code_insee": "33051", "code_uic": "87582478", "segment": "B", "voyageurs": 1250870, "voyageurs_2019": 958484, "tendance_pct": 30.5}, "geometry": {"type": "Point", "coordinates": [-0.96621, 44.637384]}}, {"type": "Feature", "properties": {"nom": "Carcassonne", "code_insee": "11069", "code_uic": "87615286", "segment": "A", "voyageurs": 1248583, "voyageurs_2019": 775306, "tendance_pct": 61.0}, "geometry": {"type": "Point", "coordinates": [2.351824, 43.218029]}}, {"type": "Feature", "properties": {"nom": "Lisieux", "code_insee": "14366", "code_uic": "87444265", "segment": "A", "voyageurs": 1232672, "voyageurs_2019": 1152606, "tendance_pct": 6.9}, "geometry": {"type": "Point", "coordinates": [0.231143, 49.138299]}}, {"type": "Feature", "properties": {"nom": "Évreux Normandie", "code_insee": "27229", "code_uic": "87387001", "segment": "A", "voyageurs": 1232525, "voyageurs_2019": 1129373, "tendance_pct": 9.1}, "geometry": {"type": "Point", "coordinates": [1.149629, 49.018748]}}, {"type": "Feature", "properties": {"nom": "Périgueux", "code_insee": "24322", "code_uic": "87595009", "segment": "B", "voyageurs": 1219545, "voyageurs_2019": 838256, "tendance_pct": 45.5}, "geometry": {"type": "Point", "coordinates": [0.707879, 45.187408]}}, {"type": "Feature", "properties": {"nom": "La Roche-sur-Yon", "code_insee": "85191", "code_uic": "87486019", "segment": "A", "voyageurs": 1218501, "voyageurs_2019": 882383, "tendance_pct": 38.1}, "geometry": {"type": "Point", "coordinates": [-1.435621, 46.67212]}}, {"type": "Feature", "properties": {"nom": "Sèvres Rive Gauche", "code_insee": "92072", "code_uic": "87393124", "segment": "B", "voyageurs": 1217441, "voyageurs_2019": 2089735, "tendance_pct": -41.7}, "geometry": {"type": "Point", "coordinates": [2.214754, 48.821431]}}, {"type": "Feature", "properties": {"nom": "Les Saules", "code_insee": "94054", "code_uic": "87546226", "segment": "B", "voyageurs": 1208869, "voyageurs_2019": 1247139, "tendance_pct": -3.1}, "geometry": {"type": "Point", "coordinates": [2.417366, 48.745492]}}, {"type": "Feature", "properties": {"nom": "La Verpillière", "code_insee": "38537", "code_uic": "87723395", "segment": "B", "voyageurs": 1208654, "voyageurs_2019": 937186, "tendance_pct": 29.0}, "geometry": {"type": "Point", "coordinates": [5.150866, 45.6276]}}, {"type": "Feature", "properties": {"nom": "Pont-à-Mousson", "code_insee": "54431", "code_uic": "87141820", "segment": "B", "voyageurs": 1207366, "voyageurs_2019": 1040302, "tendance_pct": 16.1}, "geometry": {"type": "Point", "coordinates": [6.050842, 48.90058]}}, {"type": "Feature", "properties": {"nom": "Pessac", "code_insee": "33318", "code_uic": "87581751", "segment": "B", "voyageurs": 1206056, "voyageurs_2019": 982512, "tendance_pct": 22.8}, "geometry": {"type": "Point", "coordinates": [-0.63185, 44.80461]}}, {"type": "Feature", "properties": {"nom": "Chaville Rive Gauche", "code_insee": "92022", "code_uic": "87393207", "segment": "B", "voyageurs": 1199547, "voyageurs_2019": 932646, "tendance_pct": 28.6}, "geometry": {"type": "Point", "coordinates": [2.188247, 48.80475]}}, {"type": "Feature", "properties": {"nom": "Vitré", "code_insee": "35360", "code_uic": "87471508", "segment": "B", "voyageurs": 1197732, "voyageurs_2019": 831668, "tendance_pct": 44.0}, "geometry": {"type": "Point", "coordinates": [-1.211754, 48.122671]}}, {"type": "Feature", "properties": {"nom": "Avenue Foch", "code_insee": "75116", "code_uic": "87381038", "segment": "B", "voyageurs": 1192103, "voyageurs_2019": 1229815, "tendance_pct": -3.1}, "geometry": {"type": "Point", "coordinates": [2.275617, 48.870971]}}, {"type": "Feature", "properties": {"nom": "Ancenis", "code_insee": "44003", "code_uic": "87481192", "segment": "B", "voyageurs": 1179679, "voyageurs_2019": 998815, "tendance_pct": 18.1}, "geometry": {"type": "Point", "coordinates": [-1.177763, 47.369334]}}, {"type": "Feature", "properties": {"nom": "Nîmes Pont du Gard", "code_insee": "30155", "code_uic": "87703975", "segment": "A", "voyageurs": 1168501, "voyageurs_2019": 15135, "tendance_pct": 7620.5}, "geometry": {"type": "Point", "coordinates": [4.50768, 43.81681]}}, {"type": "Feature", "properties": {"nom": "Houdan", "code_insee": "78310", "code_uic": "87393462", "segment": "B", "voyageurs": 1165522, "voyageurs_2019": 809939, "tendance_pct": 43.9}, "geometry": {"type": "Point", "coordinates": [1.602737, 48.7958]}}, {"type": "Feature", "properties": {"nom": "Beaune", "code_insee": "21054", "code_uic": "87713545", "segment": "B", "voyageurs": 1165407, "voyageurs_2019": 902907, "tendance_pct": 29.1}, "geometry": {"type": "Point", "coordinates": [4.848379, 47.023053]}}, {"type": "Feature", "properties": {"nom": "Belleville sur Sâone", "code_insee": "69019", "code_uic": "87721357", "segment": "B", "voyageurs": 1163935, "voyageurs_2019": 955807, "tendance_pct": 21.8}, "geometry": {"type": "Point", "coordinates": [4.729028, 46.111917]}}, {"type": "Feature", "properties": {"nom": "Aubagne", "code_insee": "13005", "code_uic": "87751750", "segment": "B", "voyageurs": 1160401, "voyageurs_2019": 958241, "tendance_pct": 21.1}, "geometry": {"type": "Point", "coordinates": [5.56658, 43.296045]}}, {"type": "Feature", "properties": {"nom": "Nevers", "code_insee": "58194", "code_uic": "87696005", "segment": "A", "voyageurs": 1158666, "voyageurs_2019": 876999, "tendance_pct": 32.1}, "geometry": {"type": "Point", "coordinates": [3.150743, 46.987282]}}, {"type": "Feature", "properties": {"nom": "Orchies", "code_insee": "59449", "code_uic": "87286583", "segment": "B", "voyageurs": 1158031, "voyageurs_2019": 1004517, "tendance_pct": 15.3}, "geometry": {"type": "Point", "coordinates": [3.24888, 50.47705]}}, {"type": "Feature", "properties": {"nom": "Clermont de l'Oise", "code_insee": "60157", "code_uic": "87313304", "segment": "B", "voyageurs": 1155397, "voyageurs_2019": 980971, "tendance_pct": 17.8}, "geometry": {"type": "Point", "coordinates": [2.41767, 49.38531]}}, {"type": "Feature", "properties": {"nom": "Villennes-sur-Seine", "code_insee": "78672", "code_uic": "87386649", "segment": "B", "voyageurs": 1144160, "voyageurs_2019": 541158, "tendance_pct": 111.4}, "geometry": {"type": "Point", "coordinates": [1.999318, 48.93946]}}, {"type": "Feature", "properties": {"nom": "Bouffémont - Moisselles", "code_insee": "95091", "code_uic": "87276485", "segment": "B", "voyageurs": 1133662, "voyageurs_2019": 1064575, "tendance_pct": 6.5}, "geometry": {"type": "Point", "coordinates": [2.32272, 49.04514]}}, {"type": "Feature", "properties": {"nom": "Coulommiers", "code_insee": "77131", "code_uic": "87116301", "segment": "B", "voyageurs": 1132667, "voyageurs_2019": 1413685, "tendance_pct": -19.9}, "geometry": {"type": "Point", "coordinates": [3.08225, 48.808006]}}, {"type": "Feature", "properties": {"nom": "Clisson", "code_insee": "44043", "code_uic": "87481440", "segment": "B", "voyageurs": 1124278, "voyageurs_2019": 934116, "tendance_pct": 20.4}, "geometry": {"type": "Point", "coordinates": [-1.286172, 47.086142]}}, {"type": "Feature", "properties": {"nom": "Yvetot", "code_insee": "76758", "code_uic": "87413385", "segment": "B", "voyageurs": 1115168, "voyageurs_2019": 997167, "tendance_pct": 11.8}, "geometry": {"type": "Point", "coordinates": [0.750115, 49.622035]}}, {"type": "Feature", "properties": {"nom": "Redon", "code_insee": "35236", "code_uic": "87471300", "segment": "B", "voyageurs": 1104562, "voyageurs_2019": 740222, "tendance_pct": 49.2}, "geometry": {"type": "Point", "coordinates": [-2.08777, 47.652004]}}, {"type": "Feature", "properties": {"nom": "L'Abbaye", "code_insee": "93046", "code_uic": "87113886", "segment": "B", "voyageurs": 1102771, "voyageurs_2019": 856326, "tendance_pct": 28.8}, "geometry": {"type": "Point", "coordinates": [2.516874, 48.922211]}}, {"type": "Feature", "properties": {"nom": "Cenon", "code_insee": "33119", "code_uic": "87581595", "segment": "B", "voyageurs": 1097085, "voyageurs_2019": 674888, "tendance_pct": 62.6}, "geometry": {"type": "Point", "coordinates": [-0.533649, 44.856347]}}, {"type": "Feature", "properties": {"nom": "Roanne", "code_insee": "42187", "code_uic": "87726802", "segment": "B", "voyageurs": 1092027, "voyageurs_2019": 939323, "tendance_pct": 16.3}, "geometry": {"type": "Point", "coordinates": [4.063207, 46.039383]}}, {"type": "Feature", "properties": {"nom": "Dole", "code_insee": "39198", "code_uic": "87713412", "segment": "B", "voyageurs": 1078716, "voyageurs_2019": 839249, "tendance_pct": 28.5}, "geometry": {"type": "Point", "coordinates": [5.488105, 47.096084]}}, {"type": "Feature", "properties": {"nom": "Châlons-en-Champagne", "code_insee": "51108", "code_uic": "87174003", "segment": "A", "voyageurs": 1077839, "voyageurs_2019": 801402, "tendance_pct": 34.5}, "geometry": {"type": "Point", "coordinates": [4.348656, 48.955252]}}, {"type": "Feature", "properties": {"nom": "Lunéville", "code_insee": "54329", "code_uic": "87141150", "segment": "B", "voyageurs": 1074161, "voyageurs_2019": 937483, "tendance_pct": 14.6}, "geometry": {"type": "Point", "coordinates": [6.49727, 48.588233]}}, {"type": "Feature", "properties": {"nom": "Armentières", "code_insee": "59017", "code_uic": "87286146", "segment": "B", "voyageurs": 1072940, "voyageurs_2019": 793833, "tendance_pct": 35.2}, "geometry": {"type": "Point", "coordinates": [2.87763, 50.68084]}}, {"type": "Feature", "properties": {"nom": "Juan les Pins", "code_insee": "06004", "code_uic": "87757666", "segment": "B", "voyageurs": 1072078, "voyageurs_2019": 811048, "tendance_pct": 32.2}, "geometry": {"type": "Point", "coordinates": [7.11144, 43.570896]}}, {"type": "Feature", "properties": {"nom": "Louveciennes", "code_insee": "78350", "code_uic": "87382457", "segment": "B", "voyageurs": 1070260, "voyageurs_2019": 1015247, "tendance_pct": 5.4}, "geometry": {"type": "Point", "coordinates": [2.123018, 48.861036]}}, {"type": "Feature", "properties": {"nom": "Guingamp", "code_insee": "22070", "code_uic": "87473207", "segment": "A", "voyageurs": 1070109, "voyageurs_2019": 704582, "tendance_pct": 51.9}, "geometry": {"type": "Point", "coordinates": [-3.143343, 48.555659]}}, {"type": "Feature", "properties": {"nom": "Saint-Laurent-du-Var", "code_insee": "06123", "code_uic": "87756346", "segment": "B", "voyageurs": 1068051, "voyageurs_2019": 858618, "tendance_pct": 24.4}, "geometry": {"type": "Point", "coordinates": [7.194413, 43.662451]}}, {"type": "Feature", "properties": {"nom": "La Frette - Montigny", "code_insee": "95257", "code_uic": "87381871", "segment": "B", "voyageurs": 1066029, "voyageurs_2019": 863960, "tendance_pct": 23.4}, "geometry": {"type": "Point", "coordinates": [2.18019, 48.98035]}}, {"type": "Feature", "properties": {"nom": "Ermont Halte", "code_insee": "95219", "code_uic": "87276584", "segment": "B", "voyageurs": 1065645, "voyageurs_2019": 1036432, "tendance_pct": 2.8}, "geometry": {"type": "Point", "coordinates": [2.26323, 48.9898]}}, {"type": "Feature", "properties": {"nom": "Saint-Omer", "code_insee": "62765", "code_uic": "87281444", "segment": "B", "voyageurs": 1064497, "voyageurs_2019": 938516, "tendance_pct": 13.4}, "geometry": {"type": "Point", "coordinates": [2.266762, 50.75362]}}, {"type": "Feature", "properties": {"nom": "Les Arcs - Draguignan", "code_insee": "83004", "code_uic": "87755447", "segment": "A", "voyageurs": 1062817, "voyageurs_2019": 819195, "tendance_pct": 29.7}, "geometry": {"type": "Point", "coordinates": [6.482498, 43.455524]}}, {"type": "Feature", "properties": {"nom": "Lyon Vaise", "code_insee": "69389", "code_uic": "87721001", "segment": "B", "voyageurs": 1060659, "voyageurs_2019": 882406, "tendance_pct": 20.2}, "geometry": {"type": "Point", "coordinates": [4.80396, 45.779938]}}, {"type": "Feature", "properties": {"nom": "La Tour-du-Pin", "code_insee": "38509", "code_uic": "87723478", "segment": "B", "voyageurs": 1057716, "voyageurs_2019": 894864, "tendance_pct": 18.2}, "geometry": {"type": "Point", "coordinates": [5.450092, 45.560277]}}, {"type": "Feature", "properties": {"nom": "Saint-Agne", "code_insee": "31555", "code_uic": "87611301", "segment": "B", "voyageurs": 1054146, "voyageurs_2019": 1039740, "tendance_pct": 1.4}, "geometry": {"type": "Point", "coordinates": [1.450209, 43.579674]}}, {"type": "Feature", "properties": {"nom": "Le Péage-de-Roussillon", "code_insee": "38298", "code_uic": "87722678", "segment": "B", "voyageurs": 1053974, "voyageurs_2019": 865926, "tendance_pct": 21.7}, "geometry": {"type": "Point", "coordinates": [4.795402, 45.371797]}}, {"type": "Feature", "properties": {"nom": "Montélimar", "code_insee": "26198", "code_uic": "87764001", "segment": "A", "voyageurs": 1053025, "voyageurs_2019": 893457, "tendance_pct": 17.9}, "geometry": {"type": "Point", "coordinates": [4.744792, 44.559079]}}, {"type": "Feature", "properties": {"nom": "Boulogne-sur-Mer", "code_insee": "62160", "code_uic": "87317586", "segment": "B", "voyageurs": 1046427, "voyageurs_2019": 830447, "tendance_pct": 26.0}, "geometry": {"type": "Point", "coordinates": [1.60964, 50.7157]}}, {"type": "Feature", "properties": {"nom": "Longueville", "code_insee": "77260", "code_uic": "87116137", "segment": "B", "voyageurs": 1041424, "voyageurs_2019": 824175, "tendance_pct": 26.4}, "geometry": {"type": "Point", "coordinates": [3.249822, 48.513703]}}, {"type": "Feature", "properties": {"nom": "Chanteloup-les-Vignes", "code_insee": "78138", "code_uic": "87381475", "segment": "B", "voyageurs": 1026972, "voyageurs_2019": 719119, "tendance_pct": 42.8}, "geometry": {"type": "Point", "coordinates": [2.02771, 48.97095]}}, {"type": "Feature", "properties": {"nom": "Abbeville", "code_insee": "80001", "code_uic": "87317362", "segment": "B", "voyageurs": 1024704, "voyageurs_2019": 757362, "tendance_pct": 35.3}, "geometry": {"type": "Point", "coordinates": [1.82449, 50.10221]}}, {"type": "Feature", "properties": {"nom": "Dammartin - Juilly - Saint-Mard", "code_insee": "77420", "code_uic": "87271536", "segment": "B", "voyageurs": 1016827, "voyageurs_2019": 992824, "tendance_pct": 2.4}, "geometry": {"type": "Point", "coordinates": [2.69887, 49.03219]}}, {"type": "Feature", "properties": {"nom": "Allée de la Tour Rendez-Vous", "code_insee": "93057", "code_uic": "87113878", "segment": "B", "voyageurs": 1006727, "voyageurs_2019": 630008, "tendance_pct": 59.8}, "geometry": {"type": "Point", "coordinates": [2.506475, 48.897109]}}, {"type": "Feature", "properties": {"nom": "Épernay", "code_insee": "51230", "code_uic": "87171553", "segment": "B", "voyageurs": 996871, "voyageurs_2019": 781974, "tendance_pct": 27.5}, "geometry": {"type": "Point", "coordinates": [3.959798, 49.046289]}}, {"type": "Feature", "properties": {"nom": "Méru", "code_insee": "60395", "code_uic": "87313668", "segment": "B", "voyageurs": 995863, "voyageurs_2019": 868888, "tendance_pct": 14.6}, "geometry": {"type": "Point", "coordinates": [2.13254, 49.23233]}}, {"type": "Feature", "properties": {"nom": "Givors", "code_insee": "69091", "code_uic": "87722405", "segment": "B", "voyageurs": 992977, "voyageurs_2019": 820979, "tendance_pct": 21.0}, "geometry": {"type": "Point", "coordinates": [4.766086, 45.584948]}}, {"type": "Feature", "properties": {"nom": "L'Isle-Adam - Parmain", "code_insee": "95480", "code_uic": "87276527", "segment": "B", "voyageurs": 991657, "voyageurs_2019": 927670, "tendance_pct": 6.9}, "geometry": {"type": "Point", "coordinates": [2.20976, 49.11482]}}, {"type": "Feature", "properties": {"nom": "Valmondois", "code_insee": "95120", "code_uic": "87276535", "segment": "B", "voyageurs": 976772, "voyageurs_2019": 1035712, "tendance_pct": -5.7}, "geometry": {"type": "Point", "coordinates": [2.20238, 49.09182]}}, {"type": "Feature", "properties": {"nom": "Provins", "code_insee": "77379", "code_uic": "87116160", "segment": "B", "voyageurs": 976382, "voyageurs_2019": 683609, "tendance_pct": 42.8}, "geometry": {"type": "Point", "coordinates": [3.302822, 48.55577]}}, {"type": "Feature", "properties": {"nom": "Gretz-Armainvilliers", "code_insee": "77215", "code_uic": "87116012", "segment": "B", "voyageurs": 976187, "voyageurs_2019": 881676, "tendance_pct": 10.7}, "geometry": {"type": "Point", "coordinates": [2.728824, 48.74544]}}, {"type": "Feature", "properties": {"nom": "Langon", "code_insee": "33227", "code_uic": "87582775", "segment": "B", "voyageurs": 969603, "voyageurs_2019": 768352, "tendance_pct": 26.2}, "geometry": {"type": "Point", "coordinates": [-0.25554, 44.555448]}}, {"type": "Feature", "properties": {"nom": "Obernai", "code_insee": "67348", "code_uic": "87214288", "segment": "B", "voyageurs": 968603, "voyageurs_2019": 691394, "tendance_pct": 40.1}, "geometry": {"type": "Point", "coordinates": [7.48881, 48.46219]}}, {"type": "Feature", "properties": {"nom": "Saumur", "code_insee": "49328", "code_uic": "87487603", "segment": "B", "voyageurs": 966833, "voyageurs_2019": 721620, "tendance_pct": 34.0}, "geometry": {"type": "Point", "coordinates": [-0.07136, 47.269]}}, {"type": "Feature", "properties": {"nom": "Libercourt", "code_insee": "62907", "code_uic": "87345256", "segment": "B", "voyageurs": 964100, "voyageurs_2019": 839687, "tendance_pct": 14.8}, "geometry": {"type": "Point", "coordinates": [3.00867, 50.48025]}}, {"type": "Feature", "properties": {"nom": "Nangis", "code_insee": "77327", "code_uic": "87116095", "segment": "B", "voyageurs": 963491, "voyageurs_2019": 1070109, "tendance_pct": -10.0}, "geometry": {"type": "Point", "coordinates": [3.012619, 48.561336]}}, {"type": "Feature", "properties": {"nom": "Laon", "code_insee": "02408", "code_uic": "87296012", "segment": "B", "voyageurs": 957156, "voyageurs_2019": 692050, "tendance_pct": 38.3}, "geometry": {"type": "Point", "coordinates": [3.62443, 49.57061]}}, {"type": "Feature", "properties": {"nom": "Aix-en-Provence", "code_insee": "13001", "code_uic": "87751404", "segment": "B", "voyageurs": 938858, "voyageurs_2019": 542347, "tendance_pct": 73.1}, "geometry": {"type": "Point", "coordinates": [5.445345, 43.522912]}}, {"type": "Feature", "properties": {"nom": "Mennecy", "code_insee": "91386", "code_uic": "87681411", "segment": "B", "voyageurs": 932558, "voyageurs_2019": 965477, "tendance_pct": -3.4}, "geometry": {"type": "Point", "coordinates": [2.433165, 48.570907]}}, {"type": "Feature", "properties": {"nom": "Pont-Sainte-Maxence", "code_insee": "60509", "code_uic": "87276329", "segment": "B", "voyageurs": 931166, "voyageurs_2019": 845482, "tendance_pct": 10.1}, "geometry": {"type": "Point", "coordinates": [2.60289, 49.30974]}}, {"type": "Feature", "properties": {"nom": "Carnoles", "code_insee": "06104", "code_uic": "87756478", "segment": "B", "voyageurs": 926571, "voyageurs_2019": 681005, "tendance_pct": 36.1}, "geometry": {"type": "Point", "coordinates": [7.48139, 43.76203]}}, {"type": "Feature", "properties": {"nom": "Dourdan", "code_insee": "91200", "code_uic": "87545525", "segment": "B", "voyageurs": 922698, "voyageurs_2019": 951888, "tendance_pct": -3.1}, "geometry": {"type": "Point", "coordinates": [2.009643, 48.533466]}}, {"type": "Feature", "properties": {"nom": "Limay", "code_insee": "78335", "code_uic": "87381582", "segment": "B", "voyageurs": 908728, "voyageurs_2019": 671707, "tendance_pct": 35.3}, "geometry": {"type": "Point", "coordinates": [1.74731, 48.9841]}}, {"type": "Feature", "properties": {"nom": "Bonnières-sur-Seine", "code_insee": "78089", "code_uic": "87415893", "segment": "B", "voyageurs": 905823, "voyageurs_2019": 636589, "tendance_pct": 42.3}, "geometry": {"type": "Point", "coordinates": [1.582205, 49.038788]}}, {"type": "Feature", "properties": {"nom": "Trouville - Deauville", "code_insee": "14220", "code_uic": "87444372", "segment": "A", "voyageurs": 904015, "voyageurs_2019": 819956, "tendance_pct": 10.3}, "geometry": {"type": "Point", "coordinates": [0.084167, 49.360005]}}, {"type": "Feature", "properties": {"nom": "Les Essarts-le-Roi", "code_insee": "78220", "code_uic": "87393280", "segment": "B", "voyageurs": 896755, "voyageurs_2019": 789251, "tendance_pct": 13.6}, "geometry": {"type": "Point", "coordinates": [1.890405, 48.721717]}}, {"type": "Feature", "properties": {"nom": "Biarritz", "code_insee": "64122", "code_uic": "87673400", "segment": "A", "voyageurs": 895222, "voyageurs_2019": 571419, "tendance_pct": 56.7}, "geometry": {"type": "Point", "coordinates": [-1.545915, 43.459397]}}, {"type": "Feature", "properties": {"nom": "Arles", "code_insee": "13004", "code_uic": "87753657", "segment": "B", "voyageurs": 889814, "voyageurs_2019": 690306, "tendance_pct": 28.9}, "geometry": {"type": "Point", "coordinates": [4.63203, 43.684853]}}, {"type": "Feature", "properties": {"nom": "Les Yvris Noisy-le-Grand", "code_insee": "93051", "code_uic": "87113803", "segment": "B", "voyageurs": 886289, "voyageurs_2019": 933786, "tendance_pct": -5.1}, "geometry": {"type": "Point", "coordinates": [2.579828, 48.823182]}}, {"type": "Feature", "properties": {"nom": "Bessancourt", "code_insee": "95060", "code_uic": "87276642", "segment": "B", "voyageurs": 883349, "voyageurs_2019": 737892, "tendance_pct": 19.7}, "geometry": {"type": "Point", "coordinates": [2.21004, 49.03576]}}, {"type": "Feature", "properties": {"nom": "Muret", "code_insee": "31395", "code_uic": "87611038", "segment": "B", "voyageurs": 882910, "voyageurs_2019": 736364, "tendance_pct": 19.9}, "geometry": {"type": "Point", "coordinates": [1.324449, 43.464824]}}, {"type": "Feature", "properties": {"nom": "Évry Val de Seine", "code_insee": "91228", "code_uic": "87681361", "segment": "B", "voyageurs": 877639, "voyageurs_2019": 914295, "tendance_pct": -4.0}, "geometry": {"type": "Point", "coordinates": [2.45209, 48.63442]}}, {"type": "Feature", "properties": {"nom": "Landerneau", "code_insee": "29103", "code_uic": "87474239", "segment": "B", "voyageurs": 875549, "voyageurs_2019": 636579, "tendance_pct": 37.5}, "geometry": {"type": "Point", "coordinates": [-4.256528, 48.453572]}}, {"type": "Feature", "properties": {"nom": "Moirans", "code_insee": "38239", "code_uic": "87747329", "segment": "B", "voyageurs": 868026, "voyageurs_2019": 768911, "tendance_pct": 12.9}, "geometry": {"type": "Point", "coordinates": [5.581915, 45.322185]}}, {"type": "Feature", "properties": {"nom": "Éragny - Neuville", "code_insee": "95218", "code_uic": "87381418", "segment": "B", "voyageurs": 866975, "voyageurs_2019": 978365, "tendance_pct": -11.4}, "geometry": {"type": "Point", "coordinates": [2.09104, 49.01824]}}, {"type": "Feature", "properties": {"nom": "Lunel", "code_insee": "34145", "code_uic": "87773408", "segment": "B", "voyageurs": 863440, "voyageurs_2019": 513854, "tendance_pct": 68.0}, "geometry": {"type": "Point", "coordinates": [4.131086, 43.679392]}}, {"type": "Feature", "properties": {"nom": "Tarbes", "code_insee": "65440", "code_uic": "87671008", "segment": "A", "voyageurs": 861314, "voyageurs_2019": 428617, "tendance_pct": 101.0}, "geometry": {"type": "Point", "coordinates": [0.069415, 43.239955]}}, {"type": "Feature", "properties": {"nom": "Savenay", "code_insee": "44195", "code_uic": "87481838", "segment": "B", "voyageurs": 859138, "voyageurs_2019": 575867, "tendance_pct": 49.2}, "geometry": {"type": "Point", "coordinates": [-1.950957, 47.35859]}}, {"type": "Feature", "properties": {"nom": "Bougival", "code_insee": "78126", "code_uic": "87382440", "segment": "B", "voyageurs": 857740, "voyageurs_2019": 876847, "tendance_pct": -2.2}, "geometry": {"type": "Point", "coordinates": [2.132375, 48.854214]}}, {"type": "Feature", "properties": {"nom": "Amboise", "code_insee": "37003", "code_uic": "87574343", "segment": "B", "voyageurs": 855042, "voyageurs_2019": 589710, "tendance_pct": 45.0}, "geometry": {"type": "Point", "coordinates": [0.981299, 47.42148]}}, {"type": "Feature", "properties": {"nom": "Morlaix", "code_insee": "29151", "code_uic": "87474338", "segment": "A", "voyageurs": 850223, "voyageurs_2019": 607843, "tendance_pct": 39.9}, "geometry": {"type": "Point", "coordinates": [-3.832514, 48.57797]}}, {"type": "Feature", "properties": {"nom": "Porchefontaine", "code_insee": "78646", "code_uic": "87393165", "segment": "B", "voyageurs": 849125, "voyageurs_2019": 875987, "tendance_pct": -3.1}, "geometry": {"type": "Point", "coordinates": [2.154016, 48.796938]}}, {"type": "Feature", "properties": {"nom": "Sarrebourg", "code_insee": "57630", "code_uic": "87215012", "segment": "B", "voyageurs": 847952, "voyageurs_2019": 715228, "tendance_pct": 18.6}, "geometry": {"type": "Point", "coordinates": [7.05285, 48.73808]}}, {"type": "Feature", "properties": {"nom": "Moulins sur Allier", "code_insee": "03190", "code_uic": "87696328", "segment": "A", "voyageurs": 847526, "voyageurs_2019": 729618, "tendance_pct": 16.2}, "geometry": {"type": "Point", "coordinates": [3.338842, 46.561346]}}, {"type": "Feature", "properties": {"nom": "Le Plessis-Belleville", "code_insee": "60500", "code_uic": "87271551", "segment": "B", "voyageurs": 845261, "voyageurs_2019": 685068, "tendance_pct": 23.4}, "geometry": {"type": "Point", "coordinates": [2.744807, 49.095903]}}, {"type": "Feature", "properties": {"nom": "Grenoble Universités - Gières", "code_insee": "38179", "code_uic": "87747402", "segment": "B", "voyageurs": 844967, "voyageurs_2019": 715477, "tendance_pct": 18.1}, "geometry": {"type": "Point", "coordinates": [5.78474, 45.184877]}}, {"type": "Feature", "properties": {"nom": "Saint-Amand-les-Eaux", "code_insee": "59526", "code_uic": "87343103", "segment": "B", "voyageurs": 840161, "voyageurs_2019": 778244, "tendance_pct": 8.0}, "geometry": {"type": "Point", "coordinates": [3.41952, 50.44331]}}, {"type": "Feature", "properties": {"nom": "Gisors", "code_insee": "27284", "code_uic": "87381244", "segment": "B", "voyageurs": 838604, "voyageurs_2019": 773992, "tendance_pct": 8.3}, "geometry": {"type": "Point", "coordinates": [1.78455, 49.28512]}}, {"type": "Feature", "properties": {"nom": "Thonon-les-Bains", "code_insee": "74281", "code_uic": "87745646", "segment": "B", "voyageurs": 827935, "voyageurs_2019": 454026, "tendance_pct": 82.4}, "geometry": {"type": "Point", "coordinates": [6.481669, 46.369004]}}, {"type": "Feature", "properties": {"nom": "Meximieux - Pérouges", "code_insee": "01244", "code_uic": "87723585", "segment": "B", "voyageurs": 827574, "voyageurs_2019": 719403, "tendance_pct": 15.0}, "geometry": {"type": "Point", "coordinates": [5.193534, 45.901615]}}, {"type": "Feature", "properties": {"nom": "Meulan - Hardricourt", "code_insee": "78299", "code_uic": "87381830", "segment": "B", "voyageurs": 816977, "voyageurs_2019": 544247, "tendance_pct": 50.1}, "geometry": {"type": "Point", "coordinates": [1.90213, 49.00564]}}, {"type": "Feature", "properties": {"nom": "Uckange", "code_insee": "57683", "code_uic": "87191130", "segment": "B", "voyageurs": 813782, "voyageurs_2019": 494204, "tendance_pct": 64.7}, "geometry": {"type": "Point", "coordinates": [6.156773, 49.303261]}}, {"type": "Feature", "properties": {"nom": "Miramas", "code_insee": "13063", "code_uic": "87753004", "segment": "B", "voyageurs": 813740, "voyageurs_2019": 668063, "tendance_pct": 21.8}, "geometry": {"type": "Point", "coordinates": [5.000264, 43.580704]}}, {"type": "Feature", "properties": {"nom": "Tourcoing", "code_insee": "59599", "code_uic": "87286542", "segment": "A", "voyageurs": 806899, "voyageurs_2019": 610714, "tendance_pct": 32.1}, "geometry": {"type": "Point", "coordinates": [3.16804, 50.71683]}}, {"type": "Feature", "properties": {"nom": "Jouy-en-Josas", "code_insee": "78322", "code_uic": "87393512", "segment": "B", "voyageurs": 801777, "voyageurs_2019": 829498, "tendance_pct": -3.3}, "geometry": {"type": "Point", "coordinates": [2.163529, 48.765004]}}, {"type": "Feature", "properties": {"nom": "Saintes", "code_insee": "17415", "code_uic": "87491001", "segment": "B", "voyageurs": 801302, "voyageurs_2019": 499544, "tendance_pct": 60.4}, "geometry": {"type": "Point", "coordinates": [-0.6179, 45.74874]}}, {"type": "Feature", "properties": {"nom": "Rive-de-Gier", "code_insee": "42186", "code_uic": "87726331", "segment": "B", "voyageurs": 800997, "voyageurs_2019": 708038, "tendance_pct": 13.1}, "geometry": {"type": "Point", "coordinates": [4.606648, 45.524324]}}, {"type": "Feature", "properties": {"nom": "Triel-sur-Seine", "code_insee": "78624", "code_uic": "87381806", "segment": "B", "voyageurs": 798567, "voyageurs_2019": 463897, "tendance_pct": 72.1}, "geometry": {"type": "Point", "coordinates": [2.00577, 48.98099]}}, {"type": "Feature", "properties": {"nom": "Le Perray-en-Yvelines", "code_insee": "78486", "code_uic": "87393298", "segment": "B", "voyageurs": 796649, "voyageurs_2019": 715156, "tendance_pct": 11.4}, "geometry": {"type": "Point", "coordinates": [1.856057, 48.693341]}}, {"type": "Feature", "properties": {"nom": "Pontcharra sur Bréda", "code_insee": "38314", "code_uic": "87747493", "segment": "B", "voyageurs": 794658, "voyageurs_2019": 721566, "tendance_pct": 10.1}, "geometry": {"type": "Point", "coordinates": [6.007917, 45.434151]}}, {"type": "Feature", "properties": {"nom": "Souppes - Château-Landon", "code_insee": "77458", "code_uic": "87684217", "segment": "B", "voyageurs": 792738, "voyageurs_2019": 691753, "tendance_pct": 14.6}, "geometry": {"type": "Point", "coordinates": [2.734971, 48.181907]}}, {"type": "Feature", "properties": {"nom": "L'Arbresle", "code_insee": "69010", "code_uic": "87721431", "segment": "B", "voyageurs": 784469, "voyageurs_2019": 760308, "tendance_pct": 3.2}, "geometry": {"type": "Point", "coordinates": [4.618319, 45.833299]}}, {"type": "Feature", "properties": {"nom": "Avenue Henri Martin", "code_insee": "75116", "code_uic": "87381046", "segment": "B", "voyageurs": 784358, "voyageurs_2019": 809171, "tendance_pct": -3.1}, "geometry": {"type": "Point", "coordinates": [2.272238, 48.864408]}}, {"type": "Feature", "properties": {"nom": "Chambly", "code_insee": "60139", "code_uic": "87276725", "segment": "B", "voyageurs": 778703, "voyageurs_2019": 674357, "tendance_pct": 15.5}, "geometry": {"type": "Point", "coordinates": [2.24048, 49.16362]}}, {"type": "Feature", "properties": {"nom": "Châteauroux", "code_insee": "36044", "code_uic": "87597005", "segment": "A", "voyageurs": 766220, "voyageurs_2019": 805216, "tendance_pct": -4.8}, "geometry": {"type": "Point", "coordinates": [1.699536, 46.809737]}}, {"type": "Feature", "properties": {"nom": "Hyères", "code_insee": "83069", "code_uic": "87755629", "segment": "B", "voyageurs": 765868, "voyageurs_2019": 495096, "tendance_pct": 54.7}, "geometry": {"type": "Point", "coordinates": [6.124223, 43.108867]}}, {"type": "Feature", "properties": {"nom": "Villiers - Neauphle - Pontchartrain", "code_insee": "78683", "code_uic": "87393884", "segment": "B", "voyageurs": 765804, "voyageurs_2019": 915771, "tendance_pct": -16.4}, "geometry": {"type": "Point", "coordinates": [1.876934, 48.815507]}}, {"type": "Feature", "properties": {"nom": "Agde", "code_insee": "34003", "code_uic": "87781278", "segment": "B", "voyageurs": 758796, "voyageurs_2019": 542288, "tendance_pct": 39.9}, "geometry": {"type": "Point", "coordinates": [3.466203, 43.31728]}}, {"type": "Feature", "properties": {"nom": "Méry-sur-Oise", "code_insee": "95394", "code_uic": "87276667", "segment": "B", "voyageurs": 755826, "voyageurs_2019": 670612, "tendance_pct": 12.7}, "geometry": {"type": "Point", "coordinates": [2.19074, 49.05766]}}, {"type": "Feature", "properties": {"nom": "Saint-Clair - Les Roches", "code_insee": "38378", "code_uic": "87722652", "segment": "B", "voyageurs": 753753, "voyageurs_2019": 549243, "tendance_pct": 37.2}, "geometry": {"type": "Point", "coordinates": [4.769707, 45.450392]}}, {"type": "Feature", "properties": {"nom": "Saint-Chamond", "code_insee": "42207", "code_uic": "87726307", "segment": "B", "voyageurs": 753515, "voyageurs_2019": 695128, "tendance_pct": 8.4}, "geometry": {"type": "Point", "coordinates": [4.51695, 45.47257]}}, {"type": "Feature", "properties": {"nom": "Calais - Fréthun", "code_insee": "62360", "code_uic": "87281071", "segment": "B", "voyageurs": 752650, "voyageurs_2019": 773711, "tendance_pct": -2.7}, "geometry": {"type": "Point", "coordinates": [1.810891, 50.901221]}}, {"type": "Feature", "properties": {"nom": "Rungis La Fraternelle", "code_insee": "94065", "code_uic": "87546291", "segment": "B", "voyageurs": 748630, "voyageurs_2019": 772844, "tendance_pct": -3.1}, "geometry": {"type": "Point", "coordinates": [2.35298, 48.74032]}}, {"type": "Feature", "properties": {"nom": "Lyon Gorge de Loup", "code_insee": "69389", "code_uic": "87721175", "segment": "B", "voyageurs": 743207, "voyageurs_2019": 698192, "tendance_pct": 6.4}, "geometry": {"type": "Point", "coordinates": [4.804631, 45.766078]}}, {"type": "Feature", "properties": {"nom": "Marseille Blancarde", "code_insee": "13204", "code_uic": "87751081", "segment": "B", "voyageurs": 741837, "voyageurs_2019": 504437, "tendance_pct": 47.1}, "geometry": {"type": "Point", "coordinates": [5.406559, 43.296144]}}, {"type": "Feature", "properties": {"nom": "Bréauté - Beuzeville", "code_insee": "76141", "code_uic": "87413344", "segment": "B", "voyageurs": 739866, "voyageurs_2019": 595924, "tendance_pct": 24.2}, "geometry": {"type": "Point", "coordinates": [0.417489, 49.603396]}}, {"type": "Feature", "properties": {"nom": "Noyon", "code_insee": "60471", "code_uic": "87276782", "segment": "A", "voyageurs": 739397, "voyageurs_2019": 560845, "tendance_pct": 31.8}, "geometry": {"type": "Point", "coordinates": [3.00641, 49.57736]}}, {"type": "Feature", "properties": {"nom": "Bischwiller", "code_insee": "67046", "code_uic": "87213611", "segment": "B", "voyageurs": 737554, "voyageurs_2019": 656797, "tendance_pct": 12.3}, "geometry": {"type": "Point", "coordinates": [7.851654, 48.765753]}}, {"type": "Feature", "properties": {"nom": "Rumilly", "code_insee": "74225", "code_uic": "87746149", "segment": "B", "voyageurs": 734537, "voyageurs_2019": 618183, "tendance_pct": 18.8}, "geometry": {"type": "Point", "coordinates": [5.947938, 45.862989]}}, {"type": "Feature", "properties": {"nom": "Remise à Jorelle", "code_insee": "93010", "code_uic": "87988709", "segment": "B", "voyageurs": 731895, "voyageurs_2019": 485311, "tendance_pct": 50.8}, "geometry": {"type": "Point", "coordinates": [2.487751, 48.89317]}}, {"type": "Feature", "properties": {"nom": "Saint-André-de-Cubzac", "code_insee": "33366", "code_uic": "87491241", "segment": "B", "voyageurs": 728895, "voyageurs_2019": 579774, "tendance_pct": 25.7}, "geometry": {"type": "Point", "coordinates": [-0.440479, 44.991255]}}, {"type": "Feature", "properties": {"nom": "Aulnoye-Aymeries", "code_insee": "59033", "code_uic": "87295600", "segment": "B", "voyageurs": 728190, "voyageurs_2019": 621126, "tendance_pct": 17.2}, "geometry": {"type": "Point", "coordinates": [3.84337, 50.19749]}}, {"type": "Feature", "properties": {"nom": "Villefranche-sur-Mer", "code_insee": "06159", "code_uic": "87756361", "segment": "B", "voyageurs": 726769, "voyageurs_2019": 537737, "tendance_pct": 35.2}, "geometry": {"type": "Point", "coordinates": [7.314129, 43.707061]}}, {"type": "Feature", "properties": {"nom": "Brumath", "code_insee": "67067", "code_uic": "87212134", "segment": "B", "voyageurs": 726076, "voyageurs_2019": 619310, "tendance_pct": 17.2}, "geometry": {"type": "Point", "coordinates": [7.700402, 48.733108]}}, {"type": "Feature", "properties": {"nom": "Maurecourt", "code_insee": "78015", "code_uic": "87381483", "segment": "B", "voyageurs": 722320, "voyageurs_2019": 519455, "tendance_pct": 39.1}, "geometry": {"type": "Point", "coordinates": [2.05963, 48.98712]}}, {"type": "Feature", "properties": {"nom": "Cambrai", "code_insee": "59122", "code_uic": "87345520", "segment": "B", "voyageurs": 720845, "voyageurs_2019": 697594, "tendance_pct": 3.3}, "geometry": {"type": "Point", "coordinates": [3.24118, 50.17662]}}, {"type": "Feature", "properties": {"nom": "Montbéliard", "code_insee": "25388", "code_uic": "87184523", "segment": "B", "voyageurs": 717948, "voyageurs_2019": 539812, "tendance_pct": 33.0}, "geometry": {"type": "Point", "coordinates": [6.801376, 47.510509]}}, {"type": "Feature", "properties": {"nom": "Chilly-Mazarin", "code_insee": "91161", "code_uic": "87393637", "segment": "B", "voyageurs": 715378, "voyageurs_2019": 1027095, "tendance_pct": -30.3}, "geometry": {"type": "Point", "coordinates": [2.308184, 48.700441]}}, {"type": "Feature", "properties": {"nom": "Soissons", "code_insee": "02722", "code_uic": "87271817", "segment": "A", "voyageurs": 712753, "voyageurs_2019": 604594, "tendance_pct": 17.9}, "geometry": {"type": "Point", "coordinates": [3.338126, 49.369198]}}, {"type": "Feature", "properties": {"nom": "Moulin Galant", "code_insee": "91174", "code_uic": "87681403", "segment": "B", "voyageurs": 711450, "voyageurs_2019": 633274, "tendance_pct": 12.3}, "geometry": {"type": "Point", "coordinates": [2.47332, 48.58626]}}, {"type": "Feature", "properties": {"nom": "Lamballe", "code_insee": "22093", "code_uic": "87473108", "segment": "B", "voyageurs": 711369, "voyageurs_2019": 493303, "tendance_pct": 44.2}, "geometry": {"type": "Point", "coordinates": [-2.511546, 48.46606]}}, {"type": "Feature", "properties": {"nom": "Rochefort", "code_insee": "17299", "code_uic": "87485144", "segment": "B", "voyageurs": 709451, "voyageurs_2019": 493168, "tendance_pct": 43.9}, "geometry": {"type": "Point", "coordinates": [-0.963556, 45.947189]}}, {"type": "Feature", "properties": {"nom": "Montmélian", "code_insee": "73171", "code_uic": "87741181", "segment": "B", "voyageurs": 707888, "voyageurs_2019": 509833, "tendance_pct": 38.8}, "geometry": {"type": "Point", "coordinates": [6.043289, 45.503059]}}, {"type": "Feature", "properties": {"nom": "Cholet", "code_insee": "49099", "code_uic": "87484303", "segment": "B", "voyageurs": 706770, "voyageurs_2019": 499882, "tendance_pct": 41.4}, "geometry": {"type": "Point", "coordinates": [-0.869583, 47.065698]}}, {"type": "Feature", "properties": {"nom": "Templeuve", "code_insee": "59586", "code_uic": "87286625", "segment": "B", "voyageurs": 701555, "voyageurs_2019": 738654, "tendance_pct": -5.0}, "geometry": {"type": "Point", "coordinates": [3.17559, 50.52863]}}, {"type": "Feature", "properties": {"nom": "Dieppe", "code_insee": "76217", "code_uic": "87415018", "segment": "B", "voyageurs": 695838, "voyageurs_2019": 557443, "tendance_pct": 24.8}, "geometry": {"type": "Point", "coordinates": [1.081133, 49.921788]}}, {"type": "Feature", "properties": {"nom": "Beaulieu-sur-Mer", "code_insee": "06011", "code_uic": "87756379", "segment": "B", "voyageurs": 692410, "voyageurs_2019": 580072, "tendance_pct": 19.4}, "geometry": {"type": "Point", "coordinates": [7.331545, 43.706651]}}, {"type": "Feature", "properties": {"nom": "Châtellerault", "code_insee": "86066", "code_uic": "87575142", "segment": "B", "voyageurs": 685948, "voyageurs_2019": 491606, "tendance_pct": 39.5}, "geometry": {"type": "Point", "coordinates": [0.549279, 46.818594]}}, {"type": "Feature", "properties": {"nom": "Albert", "code_insee": "80016", "code_uic": "87313072", "segment": "B", "voyageurs": 684803, "voyageurs_2019": 473720, "tendance_pct": 44.6}, "geometry": {"type": "Point", "coordinates": [2.64453, 50.00546]}}, {"type": "Feature", "properties": {"nom": "Châteaubourg", "code_insee": "35068", "code_uic": "87471524", "segment": "B", "voyageurs": 683698, "voyageurs_2019": 465229, "tendance_pct": 47.0}, "geometry": {"type": "Point", "coordinates": [-1.405159, 48.106361]}}, {"type": "Feature", "properties": {"nom": "Le Creusot - Montceau-les-Mines - Montchanin TGV", "code_insee": "71187", "code_uic": "87694109", "segment": "A", "voyageurs": 683035, "voyageurs_2019": 691000, "tendance_pct": -1.2}, "geometry": {"type": "Point", "coordinates": [4.499513, 46.765343]}}, {"type": "Feature", "properties": {"nom": "Nanteuil - Saâcy", "code_insee": "77397", "code_uic": "87116558", "segment": "B", "voyageurs": 680118, "voyageurs_2019": 675245, "tendance_pct": 0.7}, "geometry": {"type": "Point", "coordinates": [3.220017, 48.973808]}}, {"type": "Feature", "properties": {"nom": "Montfort-l'Amaury - Méré", "code_insee": "78389", "code_uic": "87393892", "segment": "B", "voyageurs": 679955, "voyageurs_2019": 644638, "tendance_pct": 5.5}, "geometry": {"type": "Point", "coordinates": [1.815351, 48.80224]}}, {"type": "Feature", "properties": {"nom": "La Ciotat - Ceyreste", "code_insee": "13028", "code_uic": "87751784", "segment": "B", "voyageurs": 678735, "voyageurs_2019": 539722, "tendance_pct": 25.8}, "geometry": {"type": "Point", "coordinates": [5.632647, 43.199593]}}, {"type": "Feature", "properties": {"nom": "La Roche-sur-Foron", "code_insee": "74224", "code_uic": "87746305", "segment": "B", "voyageurs": 672835, "voyageurs_2019": 371253, "tendance_pct": 81.2}, "geometry": {"type": "Point", "coordinates": [6.303885, 46.06756]}}, {"type": "Feature", "properties": {"nom": "Montluel", "code_insee": "01262", "code_uic": "87723569", "segment": "B", "voyageurs": 669928, "voyageurs_2019": 509568, "tendance_pct": 31.5}, "geometry": {"type": "Point", "coordinates": [5.057503, 45.84777]}}, {"type": "Feature", "properties": {"nom": "Étréchy", "code_insee": "91226", "code_uic": "87545145", "segment": "B", "voyageurs": 669705, "voyageurs_2019": 690936, "tendance_pct": -3.1}, "geometry": {"type": "Point", "coordinates": [2.194323, 48.493727]}}, {"type": "Feature", "properties": {"nom": "Saint-Ouen-l'Aumône Quartier de l'Église", "code_insee": "95572", "code_uic": "87381426", "segment": "B", "voyageurs": 667587, "voyageurs_2019": 589690, "tendance_pct": 13.2}, "geometry": {"type": "Point", "coordinates": [2.10369, 49.03997]}}, {"type": "Feature", "properties": {"nom": "Massy Europe", "code_insee": "91377", "code_uic": "87725465", "segment": "B", "voyageurs": 667558, "voyageurs_2019": 0, "tendance_pct": null}, "geometry": {"type": "Point", "coordinates": [2.27194, 48.72342]}}, {"type": "Feature", "properties": {"nom": "Besançon Franche-Comté TGV", "code_insee": "25035", "code_uic": "87300863", "segment": "A", "voyageurs": 667419, "voyageurs_2019": 657453, "tendance_pct": 1.5}, "geometry": {"type": "Point", "coordinates": [5.953195, 47.307361]}}, {"type": "Feature", "properties": {"nom": "Benfeld", "code_insee": "67028", "code_uic": "87214122", "segment": "B", "voyageurs": 664785, "voyageurs_2019": 562406, "tendance_pct": 18.2}, "geometry": {"type": "Point", "coordinates": [7.584125, 48.373537]}}, {"type": "Feature", "properties": {"nom": "Belfort - Montbéliard TGV", "code_insee": "90068", "code_uic": "87300822", "segment": "A", "voyageurs": 664494, "voyageurs_2019": 739793, "tendance_pct": -10.2}, "geometry": {"type": "Point", "coordinates": [6.897687, 47.585937]}}, {"type": "Feature", "properties": {"nom": "Vaucelles", "code_insee": "95607", "code_uic": "87276626", "segment": "B", "voyageurs": 663827, "voyageurs_2019": 636093, "tendance_pct": 4.4}, "geometry": {"type": "Point", "coordinates": [2.22885, 49.02193]}}, {"type": "Feature", "properties": {"nom": "Pont de Rungis Aéroport d'Orly", "code_insee": "94073", "code_uic": "87546192", "segment": "B", "voyageurs": 663430, "voyageurs_2019": 684422, "tendance_pct": -3.1}, "geometry": {"type": "Point", "coordinates": [2.372792, 48.748163]}}, {"type": "Feature", "properties": {"nom": "Breuillet Village", "code_insee": "91105", "code_uic": "87545491", "segment": "B", "voyageurs": 662949, "voyageurs_2019": 683921, "tendance_pct": -3.1}, "geometry": {"type": "Point", "coordinates": [2.171207, 48.564776]}}, {"type": "Feature", "properties": {"nom": "Sablé-sur-Sarthe", "code_insee": "72264", "code_uic": "87396408", "segment": "B", "voyageurs": 662172, "voyageurs_2019": 584838, "tendance_pct": 13.2}, "geometry": {"type": "Point", "coordinates": [-0.341936, 47.841593]}}, {"type": "Feature", "properties": {"nom": "Bayeux", "code_insee": "14047", "code_uic": "87444067", "segment": "B", "voyageurs": 662073, "voyageurs_2019": 572729, "tendance_pct": 15.6}, "geometry": {"type": "Point", "coordinates": [-0.698056, 49.269836]}}, {"type": "Feature", "properties": {"nom": "Vitrolles Aéroport Marseille Provence", "code_insee": "13117", "code_uic": "87439554", "segment": "B", "voyageurs": 657725, "voyageurs_2019": 608933, "tendance_pct": 8.0}, "geometry": {"type": "Point", "coordinates": [5.237122, 43.441734]}}, {"type": "Feature", "properties": {"nom": "Bernay", "code_insee": "27056", "code_uic": "87444299", "segment": "A", "voyageurs": 655294, "voyageurs_2019": 477308, "tendance_pct": 37.3}, "geometry": {"type": "Point", "coordinates": [0.595634, 49.087102]}}, {"type": "Feature", "properties": {"nom": "Verneuil-l'Étang", "code_insee": "77493", "code_uic": "87116079", "segment": "B", "voyageurs": 655014, "voyageurs_2019": 667781, "tendance_pct": -1.9}, "geometry": {"type": "Point", "coordinates": [2.825006, 48.644689]}}, {"type": "Feature", "properties": {"nom": "Dol-de-Bretagne", "code_insee": "35095", "code_uic": "87478073", "segment": "B", "voyageurs": 654150, "voyageurs_2019": 427379, "tendance_pct": 53.1}, "geometry": {"type": "Point", "coordinates": [-1.750536, 48.54425]}}, {"type": "Feature", "properties": {"nom": "Marmande", "code_insee": "47157", "code_uic": "87586545", "segment": "B", "voyageurs": 651852, "voyageurs_2019": 475299, "tendance_pct": 37.1}, "geometry": {"type": "Point", "coordinates": [0.168044, 44.503019]}}, {"type": "Feature", "properties": {"nom": "Tarare", "code_insee": "69243", "code_uic": "87721472", "segment": "B", "voyageurs": 640592, "voyageurs_2019": 538350, "tendance_pct": 19.0}, "geometry": {"type": "Point", "coordinates": [4.439208, 45.889921]}}, {"type": "Feature", "properties": {"nom": "Coignières", "code_insee": "78168", "code_uic": "87393272", "segment": "B", "voyageurs": 639550, "voyageurs_2019": 466909, "tendance_pct": 37.0}, "geometry": {"type": "Point", "coordinates": [1.920809, 48.743767]}}, {"type": "Feature", "properties": {"nom": "Andrésy", "code_insee": "78015", "code_uic": "87381491", "segment": "B", "voyageurs": 638477, "voyageurs_2019": 445551, "tendance_pct": 43.3}, "geometry": {"type": "Point", "coordinates": [2.04928, 48.9747]}}, {"type": "Feature", "properties": {"nom": "Nogent-le-Rotrou", "code_insee": "28280", "code_uic": "87394296", "segment": "B", "voyageurs": 636642, "voyageurs_2019": 477607, "tendance_pct": 33.3}, "geometry": {"type": "Point", "coordinates": [0.810304, 48.325593]}}, {"type": "Feature", "properties": {"nom": "Montfort-sur-Meu", "code_insee": "35188", "code_uic": "87471078", "segment": "B", "voyageurs": 636464, "voyageurs_2019": 417962, "tendance_pct": 52.3}, "geometry": {"type": "Point", "coordinates": [-1.949141, 48.138878]}}, {"type": "Feature", "properties": {"nom": "Nogent-l'Artaud - Charly", "code_insee": "02555", "code_uic": "87116566", "segment": "B", "voyageurs": 634014, "voyageurs_2019": 490265, "tendance_pct": 29.3}, "geometry": {"type": "Point", "coordinates": [3.322098, 48.968872]}}, {"type": "Feature", "properties": {"nom": "Cluses", "code_insee": "74081", "code_uic": "87746370", "segment": "B", "voyageurs": 633653, "voyageurs_2019": 488615, "tendance_pct": 29.7}, "geometry": {"type": "Point", "coordinates": [6.582663, 46.061447]}}, {"type": "Feature", "properties": {"nom": "Laroche - Migennes", "code_insee": "89257", "code_uic": "87683268", "segment": "A", "voyageurs": 632820, "voyageurs_2019": 363126, "tendance_pct": 74.3}, "geometry": {"type": "Point", "coordinates": [3.513191, 47.960998]}}, {"type": "Feature", "properties": {"nom": "Erstein", "code_insee": "67130", "code_uic": "87214148", "segment": "B", "voyageurs": 629424, "voyageurs_2019": 594561, "tendance_pct": 5.9}, "geometry": {"type": "Point", "coordinates": [7.638787, 48.422986]}}, {"type": "Feature", "properties": {"nom": "Cherbourg-en-Cotentin", "code_insee": "50129", "code_uic": "87444877", "segment": "A", "voyageurs": 627445, "voyageurs_2019": 576122, "tendance_pct": 8.9}, "geometry": {"type": "Point", "coordinates": [-1.621515, 49.633505]}}, {"type": "Feature", "properties": {"nom": "Saint-Chéron", "code_insee": "91540", "code_uic": "87545509", "segment": "B", "voyageurs": 627010, "voyageurs_2019": 646845, "tendance_pct": -3.1}, "geometry": {"type": "Point", "coordinates": [2.125597, 48.551188]}}, {"type": "Feature", "properties": {"nom": "Tain-l'Hermitage - Tournon", "code_insee": "26347", "code_uic": "87761163", "segment": "B", "voyageurs": 626309, "voyageurs_2019": 505404, "tendance_pct": 23.9}, "geometry": {"type": "Point", "coordinates": [4.839967, 45.072183]}}, {"type": "Feature", "properties": {"nom": "Chauny", "code_insee": "02173", "code_uic": "87296616", "segment": "B", "voyageurs": 617362, "voyageurs_2019": 483909, "tendance_pct": 27.6}, "geometry": {"type": "Point", "coordinates": [3.22354, 49.61119]}}, {"type": "Feature", "properties": {"nom": "Saint-Jean-de-Luz - Ciboure", "code_insee": "64483", "code_uic": "87677120", "segment": "A", "voyageurs": 615843, "voyageurs_2019": 380647, "tendance_pct": 61.8}, "geometry": {"type": "Point", "coordinates": [-1.66122, 43.385838]}}, {"type": "Feature", "properties": {"nom": "Gargenville", "code_insee": "78267", "code_uic": "87381566", "segment": "B", "voyageurs": 615703, "voyageurs_2019": 355165, "tendance_pct": 73.4}, "geometry": {"type": "Point", "coordinates": [1.8089, 48.98318]}}, {"type": "Feature", "properties": {"nom": "Lourdes", "code_insee": "65286", "code_uic": "87671339", "segment": "A", "voyageurs": 611804, "voyageurs_2019": 415327, "tendance_pct": 47.3}, "geometry": {"type": "Point", "coordinates": [-0.042174, 43.10037]}}, {"type": "Feature", "properties": {"nom": "Cernay (Haut-Rhin)", "code_insee": "68063", "code_uic": "87182410", "segment": "B", "voyageurs": 605938, "voyageurs_2019": 400877, "tendance_pct": 51.2}, "geometry": {"type": "Point", "coordinates": [7.1737, 47.802]}}, {"type": "Feature", "properties": {"nom": "La Norville - Saint-Germain-lès-Arpajon", "code_insee": "91457", "code_uic": "87545459", "segment": "B", "voyageurs": 604879, "voyageurs_2019": 624015, "tendance_pct": -3.1}, "geometry": {"type": "Point", "coordinates": [2.267586, 48.591617]}}, {"type": "Feature", "properties": {"nom": "Auxerre Saint-Gervais", "code_insee": "89024", "code_uic": "87683573", "segment": "B", "voyageurs": 603911, "voyageurs_2019": 448592, "tendance_pct": 34.6}, "geometry": {"type": "Point", "coordinates": [3.58514, 47.797645]}}, {"type": "Feature", "properties": {"nom": "Les Sables-d'Olonne", "code_insee": "85194", "code_uic": "87486449", "segment": "B", "voyageurs": 603120, "voyageurs_2019": 416103, "tendance_pct": 44.9}, "geometry": {"type": "Point", "coordinates": [-1.78105, 46.499917]}}, {"type": "Feature", "properties": {"nom": "Saint-Marcellin", "code_insee": "38416", "code_uic": "87761718", "segment": "B", "voyageurs": 601317, "voyageurs_2019": 552928, "tendance_pct": 8.8}, "geometry": {"type": "Point", "coordinates": [5.323649, 45.150898]}}, {"type": "Feature", "properties": {"nom": "Longjumeau", "code_insee": "91345", "code_uic": "87393611", "segment": "B", "voyageurs": 596379, "voyageurs_2019": 480402, "tendance_pct": 24.1}, "geometry": {"type": "Point", "coordinates": [2.294396, 48.702036]}}, {"type": "Feature", "properties": {"nom": "Maubeuge", "code_insee": "59392", "code_uic": "87295006", "segment": "B", "voyageurs": 596207, "voyageurs_2019": 527684, "tendance_pct": 13.0}, "geometry": {"type": "Point", "coordinates": [3.96677, 50.27298]}}, {"type": "Feature", "properties": {"nom": "Val-de-Reuil", "code_insee": "27701", "code_uic": "87415877", "segment": "A", "voyageurs": 593740, "voyageurs_2019": 553671, "tendance_pct": 7.2}, "geometry": {"type": "Point", "coordinates": [1.224147, 49.275437]}}, {"type": "Feature", "properties": {"nom": "La Baule-Escoublac", "code_insee": "44055", "code_uic": "87481754", "segment": "A", "voyageurs": 586554, "voyageurs_2019": 468461, "tendance_pct": 25.2}, "geometry": {"type": "Point", "coordinates": [-2.389102, 47.28869]}}, {"type": "Feature", "properties": {"nom": "Issoire", "code_insee": "63178", "code_uic": "87734202", "segment": "B", "voyageurs": 585807, "voyageurs_2019": 504733, "tendance_pct": 16.1}, "geometry": {"type": "Point", "coordinates": [3.25398, 45.543884]}}, {"type": "Feature", "properties": {"nom": "La Loupe", "code_insee": "28214", "code_uic": "87394254", "segment": "B", "voyageurs": 582162, "voyageurs_2019": 384503, "tendance_pct": 51.4}, "geometry": {"type": "Point", "coordinates": [1.010942, 48.47374]}}, {"type": "Feature", "properties": {"nom": "Saint-Martin d'Étampes", "code_insee": "91223", "code_uic": "87545350", "segment": "B", "voyageurs": 579433, "voyageurs_2019": 597764, "tendance_pct": -3.1}, "geometry": {"type": "Point", "coordinates": [2.145401, 48.42747]}}, {"type": "Feature", "properties": {"nom": "Étaples - Le Touquet", "code_insee": "62318", "code_uic": "87317065", "segment": "B", "voyageurs": 577831, "voyageurs_2019": 388912, "tendance_pct": 48.6}, "geometry": {"type": "Point", "coordinates": [1.64231, 50.51686]}}, {"type": "Feature", "properties": {"nom": "Champagne-sur-Seine", "code_insee": "77079", "code_uic": "87682450", "segment": "B", "voyageurs": 577690, "voyageurs_2019": 518423, "tendance_pct": 11.4}, "geometry": {"type": "Point", "coordinates": [2.799184, 48.406531]}}, {"type": "Feature", "properties": {"nom": "Saint-Just-en-Chaussée", "code_insee": "60581", "code_uic": "87313270", "segment": "B", "voyageurs": 577197, "voyageurs_2019": 521732, "tendance_pct": 10.6}, "geometry": {"type": "Point", "coordinates": [2.42949, 49.50364]}}, {"type": "Feature", "properties": {"nom": "Albi", "code_insee": "81004", "code_uic": "87615005", "segment": "B", "voyageurs": 575993, "voyageurs_2019": 415630, "tendance_pct": 38.6}, "geometry": {"type": "Point", "coordinates": [2.137958, 43.92238]}}, {"type": "Feature", "properties": {"nom": "Tergnier", "code_insee": "02738", "code_uic": "87296442", "segment": "B", "voyageurs": 575283, "voyageurs_2019": 445816, "tendance_pct": 29.0}, "geometry": {"type": "Point", "coordinates": [3.297249, 49.659186]}}, {"type": "Feature", "properties": {"nom": "Lisière Pereire", "code_insee": "78551", "code_uic": "87733683", "segment": "B", "voyageurs": 574847, "voyageurs_2019": 0, "tendance_pct": null}, "geometry": {"type": "Point", "coordinates": [2.073313, 48.90321]}}, {"type": "Feature", "properties": {"nom": "Ballancourt-sur-Essonne", "code_insee": "91045", "code_uic": "87681437", "segment": "B", "voyageurs": 571615, "voyageurs_2019": 485406, "tendance_pct": 17.8}, "geometry": {"type": "Point", "coordinates": [2.371274, 48.532114]}}, {"type": "Feature", "properties": {"nom": "Marcheprime", "code_insee": "33555", "code_uic": "87582445", "segment": "B", "voyageurs": 570242, "voyageurs_2019": 449948, "tendance_pct": 26.7}, "geometry": {"type": "Point", "coordinates": [-0.85381, 44.690543]}}, {"type": "Feature", "properties": {"nom": "Alès", "code_insee": "30007", "code_uic": "87775288", "segment": "B", "voyageurs": 569006, "voyageurs_2019": 433827, "tendance_pct": 31.2}, "geometry": {"type": "Point", "coordinates": [4.084948, 44.127825]}}, {"type": "Feature", "properties": {"nom": "Hendaye", "code_insee": "64260", "code_uic": "87677005", "segment": "B", "voyageurs": 568879, "voyageurs_2019": 373730, "tendance_pct": 52.2}, "geometry": {"type": "Point", "coordinates": [-1.781724, 43.353132]}}, {"type": "Feature", "properties": {"nom": "Gaillon - Aubevoye", "code_insee": "27022", "code_uic": "87415620", "segment": "B", "voyageurs": 565793, "voyageurs_2019": 555086, "tendance_pct": 1.9}, "geometry": {"type": "Point", "coordinates": [1.352461, 49.174626]}}, {"type": "Feature", "properties": {"nom": "Hénin-Beaumont", "code_insee": "62427", "code_uic": "87345157", "segment": "B", "voyageurs": 562789, "voyageurs_2019": 550540, "tendance_pct": 2.2}, "geometry": {"type": "Point", "coordinates": [2.95211, 50.41706]}}, {"type": "Feature", "properties": {"nom": "L'Étang-la-Ville", "code_insee": "78224", "code_uic": "87382473", "segment": "B", "voyageurs": 561798, "voyageurs_2019": 523719, "tendance_pct": 7.3}, "geometry": {"type": "Point", "coordinates": [2.076693, 48.86822]}}, {"type": "Feature", "properties": {"nom": "Hettange-Grande", "code_insee": "57323", "code_uic": "87191163", "segment": "B", "voyageurs": 557786, "voyageurs_2019": 472838, "tendance_pct": 18.0}, "geometry": {"type": "Point", "coordinates": [6.156674, 49.407675]}}, {"type": "Feature", "properties": {"nom": "Saint-Germain-au-Mont-d'Or", "code_insee": "69207", "code_uic": "87721282", "segment": "B", "voyageurs": 556567, "voyageurs_2019": 408397, "tendance_pct": 36.3}, "geometry": {"type": "Point", "coordinates": [4.804265, 45.888352]}}, {"type": "Feature", "properties": {"nom": "Gravigny Balizy", "code_insee": "91345", "code_uic": "87393645", "segment": "B", "voyageurs": 555885, "voyageurs_2019": 489424, "tendance_pct": 13.6}, "geometry": {"type": "Point", "coordinates": [2.317846, 48.685172]}}, {"type": "Feature", "properties": {"nom": "Baillargues", "code_insee": "34022", "code_uic": "87773457", "segment": "B", "voyageurs": 551329, "voyageurs_2019": 188711, "tendance_pct": 192.2}, "geometry": {"type": "Point", "coordinates": [4.007159, 43.653323]}}, {"type": "Feature", "properties": {"nom": "Longwy", "code_insee": "54323", "code_uic": "87194001", "segment": "B", "voyageurs": 550404, "voyageurs_2019": 552768, "tendance_pct": -0.4}, "geometry": {"type": "Point", "coordinates": [5.769636, 49.512992]}}, {"type": "Feature", "properties": {"nom": "Surgères", "code_insee": "17434", "code_uic": "87485227", "segment": "A", "voyageurs": 546183, "voyageurs_2019": 372949, "tendance_pct": 46.4}, "geometry": {"type": "Point", "coordinates": [-0.762284, 46.113238]}}, {"type": "Feature", "properties": {"nom": "Saint-Dié-des-Vosges", "code_insee": "88413", "code_uic": "87144014", "segment": "B", "voyageurs": 539785, "voyageurs_2019": 363148, "tendance_pct": 48.6}, "geometry": {"type": "Point", "coordinates": [6.948656, 48.282225]}}, {"type": "Feature", "properties": {"nom": "Osny", "code_insee": "95476", "code_uic": "87381145", "segment": "B", "voyageurs": 539261, "voyageurs_2019": 404587, "tendance_pct": 33.3}, "geometry": {"type": "Point", "coordinates": [2.05771, 49.06283]}}, {"type": "Feature", "properties": {"nom": "Les Clairières de Verneuil", "code_insee": "78642", "code_uic": "87386664", "segment": "B", "voyageurs": 539217, "voyageurs_2019": 375772, "tendance_pct": 43.5}, "geometry": {"type": "Point", "coordinates": [1.955265, 48.992241]}}, {"type": "Feature", "properties": {"nom": "Échirolles", "code_insee": "38151", "code_uic": "87725895", "segment": "B", "voyageurs": 534520, "voyageurs_2019": 457707, "tendance_pct": 16.8}, "geometry": {"type": "Point", "coordinates": [5.718943, 45.153022]}}, {"type": "Feature", "properties": {"nom": "Beaugency", "code_insee": "45028", "code_uic": "87574160", "segment": "B", "voyageurs": 531504, "voyageurs_2019": 365966, "tendance_pct": 45.2}, "geometry": {"type": "Point", "coordinates": [1.625938, 47.778365]}}, {"type": "Feature", "properties": {"nom": "Grasse", "code_insee": "06069", "code_uic": "87757724", "segment": "B", "voyageurs": 530873, "voyageurs_2019": 340736, "tendance_pct": 55.8}, "geometry": {"type": "Point", "coordinates": [6.925524, 43.653317]}}, {"type": "Feature", "properties": {"nom": "Ponthierry - Pringy", "code_insee": "77407", "code_uic": "87682526", "segment": "B", "voyageurs": 529417, "voyageurs_2019": 495137, "tendance_pct": 6.9}, "geometry": {"type": "Point", "coordinates": [2.54459, 48.534933]}}, {"type": "Feature", "properties": {"nom": "Anse Halte", "code_insee": "69009", "code_uic": "87721324", "segment": "B", "voyageurs": 527369, "voyageurs_2019": 444151, "tendance_pct": 18.7}, "geometry": {"type": "Point", "coordinates": [4.71987, 45.93929]}}, {"type": "Feature", "properties": {"nom": "Thun le Paradis", "code_insee": "78401", "code_uic": "87381822", "segment": "B", "voyageurs": 526511, "voyageurs_2019": 391728, "tendance_pct": 34.4}, "geometry": {"type": "Point", "coordinates": [1.91922, 49.00687]}}, {"type": "Feature", "properties": {"nom": "Luzarches", "code_insee": "95352", "code_uic": "87276576", "segment": "B", "voyageurs": 525158, "voyageurs_2019": 500028, "tendance_pct": 5.0}, "geometry": {"type": "Point", "coordinates": [2.42074, 49.11719]}}, {"type": "Feature", "properties": {"nom": "Saint-Sulpice (Tarn)", "code_insee": "81271", "code_uic": "87615344", "segment": "B", "voyageurs": 524895, "voyageurs_2019": 475920, "tendance_pct": 10.3}, "geometry": {"type": "Point", "coordinates": [1.680702, 43.775073]}}, {"type": "Feature", "properties": {"nom": "Cahors", "code_insee": "46042", "code_uic": "87613000", "segment": "B", "voyageurs": 520552, "voyageurs_2019": 331604, "tendance_pct": 57.0}, "geometry": {"type": "Point", "coordinates": [1.433325, 44.449275]}}, {"type": "Feature", "properties": {"nom": "Vendôme - Villiers-sur-Loir TGV", "code_insee": "41269", "code_uic": "87571216", "segment": "A", "voyageurs": 519514, "voyageurs_2019": 433234, "tendance_pct": 19.9}, "geometry": {"type": "Point", "coordinates": [1.021143, 47.821937]}}, {"type": "Feature", "properties": {"nom": "Romans - Bourg-de-Péage", "code_insee": "26281", "code_uic": "87761650", "segment": "B", "voyageurs": 518190, "voyageurs_2019": 408945, "tendance_pct": 26.7}, "geometry": {"type": "Point", "coordinates": [5.0498, 45.048857]}}, {"type": "Feature", "properties": {"nom": "Villeneuve-Loubet", "code_insee": "06161", "code_uic": "87756304", "segment": "B", "voyageurs": 512236, "voyageurs_2019": 381658, "tendance_pct": 34.2}, "geometry": {"type": "Point", "coordinates": [7.134066, 43.629928]}}, {"type": "Feature", "properties": {"nom": "Nanteuil-le-Haudouin", "code_insee": "60446", "code_uic": "87271577", "segment": "B", "voyageurs": 510872, "voyageurs_2019": 436518, "tendance_pct": 17.0}, "geometry": {"type": "Point", "coordinates": [2.79459, 49.14275]}}, {"type": "Feature", "properties": {"nom": "Quimperlé", "code_insee": "29233", "code_uic": "87476317", "segment": "B", "voyageurs": 503306, "voyageurs_2019": 300957, "tendance_pct": 67.2}, "geometry": {"type": "Point", "coordinates": [-3.552693, 47.869375]}}, {"type": "Feature", "properties": {"nom": "Breuillet - Bruyères-le-Châtel", "code_insee": "91105", "code_uic": "87545483", "segment": "B", "voyageurs": 499791, "voyageurs_2019": 515602, "tendance_pct": -3.1}, "geometry": {"type": "Point", "coordinates": [2.191721, 48.577228]}}, {"type": "Feature", "properties": {"nom": "Le Quesnoy", "code_insee": "59481", "code_uic": "87295857", "segment": "B", "voyageurs": 496991, "voyageurs_2019": 424490, "tendance_pct": 17.1}, "geometry": {"type": "Point", "coordinates": [3.64552, 50.25021]}}, {"type": "Feature", "properties": {"nom": "Égly", "code_insee": "91207", "code_uic": "87545475", "segment": "B", "voyageurs": 495828, "voyageurs_2019": 511516, "tendance_pct": -3.1}, "geometry": {"type": "Point", "coordinates": [2.222138, 48.582364]}}, {"type": "Feature", "properties": {"nom": "Villars-les-Dombes", "code_insee": "01443", "code_uic": "87723759", "segment": "B", "voyageurs": 492195, "voyageurs_2019": 474926, "tendance_pct": 3.6}, "geometry": {"type": "Point", "coordinates": [5.028404, 46.004206]}}, {"type": "Feature", "properties": {"nom": "Mormant", "code_insee": "77317", "code_uic": "87116087", "segment": "B", "voyageurs": 492153, "voyageurs_2019": 455346, "tendance_pct": 8.1}, "geometry": {"type": "Point", "coordinates": [2.88881, 48.613564]}}, {"type": "Feature", "properties": {"nom": "Rosny-sur-Seine", "code_insee": "78531", "code_uic": "87415885", "segment": "B", "voyageurs": 489049, "voyageurs_2019": 496083, "tendance_pct": -1.4}, "geometry": {"type": "Point", "coordinates": [1.63009, 48.997287]}}, {"type": "Feature", "properties": {"nom": "Longueau", "code_insee": "80489", "code_uic": "87313049", "segment": "A", "voyageurs": 488922, "voyageurs_2019": 475674, "tendance_pct": 2.8}, "geometry": {"type": "Point", "coordinates": [2.35215, 49.86344]}}, {"type": "Feature", "properties": {"nom": "Gujan-Mestras", "code_insee": "33199", "code_uic": "87582619", "segment": "B", "voyageurs": 486987, "voyageurs_2019": 423550, "tendance_pct": 15.0}, "geometry": {"type": "Point", "coordinates": [-1.06906, 44.640454]}}, {"type": "Feature", "properties": {"nom": "Golfe Juan Vallauris", "code_insee": "06155", "code_uic": "87757641", "segment": "B", "voyageurs": 486723, "voyageurs_2019": 366150, "tendance_pct": 32.9}, "geometry": {"type": "Point", "coordinates": [7.073578, 43.566501]}}, {"type": "Feature", "properties": {"nom": "Corbie", "code_insee": "80212", "code_uic": "87313056", "segment": "B", "voyageurs": 485815, "voyageurs_2019": 362926, "tendance_pct": 33.9}, "geometry": {"type": "Point", "coordinates": [2.499685, 49.911618]}}, {"type": "Feature", "properties": {"nom": "Mont-de-Marsan", "code_insee": "40192", "code_uic": "87671016", "segment": "B", "voyageurs": 485290, "voyageurs_2019": 355435, "tendance_pct": 36.5}, "geometry": {"type": "Point", "coordinates": [-0.50466, 43.884898]}}, {"type": "Feature", "properties": {"nom": "Alençon", "code_insee": "61001", "code_uic": "87444711", "segment": "B", "voyageurs": 478757, "voyageurs_2019": 400220, "tendance_pct": 19.6}, "geometry": {"type": "Point", "coordinates": [0.098531, 48.433884]}}, {"type": "Feature", "properties": {"nom": "Orange", "code_insee": "84087", "code_uic": "87765107", "segment": "B", "voyageurs": 478558, "voyageurs_2019": 390348, "tendance_pct": 22.6}, "geometry": {"type": "Point", "coordinates": [4.819594, 44.137304]}}, {"type": "Feature", "properties": {"nom": "Bourg-Saint-Maurice", "code_insee": "73054", "code_uic": "87741793", "segment": "B", "voyageurs": 477862, "voyageurs_2019": 369133, "tendance_pct": 29.5}, "geometry": {"type": "Point", "coordinates": [6.771273, 45.619036]}}, {"type": "Feature", "properties": {"nom": "Coutras", "code_insee": "33138", "code_uic": "87584516", "segment": "B", "voyageurs": 477256, "voyageurs_2019": 376331, "tendance_pct": 26.8}, "geometry": {"type": "Point", "coordinates": [-0.13169, 45.03661]}}, {"type": "Feature", "properties": {"nom": "Ollioules - Sanary-sur-Mer", "code_insee": "83090", "code_uic": "87755231", "segment": "B", "voyageurs": 475937, "voyageurs_2019": 359553, "tendance_pct": 32.4}, "geometry": {"type": "Point", "coordinates": [5.824979, 43.122586]}}, {"type": "Feature", "properties": {"nom": "Vaux-sur-Seine", "code_insee": "78638", "code_uic": "87381814", "segment": "B", "voyageurs": 475507, "voyageurs_2019": 286181, "tendance_pct": 66.2}, "geometry": {"type": "Point", "coordinates": [1.96342, 49.00699]}}, {"type": "Feature", "properties": {"nom": "Combourg", "code_insee": "35085", "code_uic": "87478057", "segment": "B", "voyageurs": 470409, "voyageurs_2019": 297540, "tendance_pct": 58.1}, "geometry": {"type": "Point", "coordinates": [-1.72792, 48.41609]}}, {"type": "Feature", "properties": {"nom": "Romilly-sur-Seine", "code_insee": "10323", "code_uic": "87118158", "segment": "B", "voyageurs": 470006, "voyageurs_2019": 327208, "tendance_pct": 43.6}, "geometry": {"type": "Point", "coordinates": [3.728887, 48.514433]}}, {"type": "Feature", "properties": {"nom": "Frontignan", "code_insee": "34108", "code_uic": "87773556", "segment": "B", "voyageurs": 466843, "voyageurs_2019": 294107, "tendance_pct": 58.7}, "geometry": {"type": "Point", "coordinates": [3.758689, 43.444934]}}, {"type": "Feature", "properties": {"nom": "Meung-sur-Loire", "code_insee": "45203", "code_uic": "87574137", "segment": "B", "voyageurs": 466159, "voyageurs_2019": 319749, "tendance_pct": 45.8}, "geometry": {"type": "Point", "coordinates": [1.691928, 47.829926]}}, {"type": "Feature", "properties": {"nom": "Vergèze - Codognan", "code_insee": "30344", "code_uic": "87775114", "segment": "B", "voyageurs": 464758, "voyageurs_2019": 243949, "tendance_pct": 90.5}, "geometry": {"type": "Point", "coordinates": [4.218842, 43.739877]}}, {"type": "Feature", "properties": {"nom": "Sedan", "code_insee": "08409", "code_uic": "87172254", "segment": "B", "voyageurs": 462646, "voyageurs_2019": 281671, "tendance_pct": 64.3}, "geometry": {"type": "Point", "coordinates": [4.930373, 49.695024]}}, {"type": "Feature", "properties": {"nom": "Montaigu", "code_insee": "85146", "code_uic": "87481465", "segment": "B", "voyageurs": 461438, "voyageurs_2019": 320635, "tendance_pct": 43.9}, "geometry": {"type": "Point", "coordinates": [-1.316236, 46.983705]}}, {"type": "Feature", "properties": {"nom": "Chaumont", "code_insee": "52121", "code_uic": "87142000", "segment": "B", "voyageurs": 457290, "voyageurs_2019": 343328, "tendance_pct": 33.2}, "geometry": {"type": "Point", "coordinates": [5.1346, 48.10976]}}, {"type": "Feature", "properties": {"nom": "Bergerac", "code_insee": "24037", "code_uic": "87584268", "segment": "B", "voyageurs": 456979, "voyageurs_2019": 185431, "tendance_pct": 146.4}, "geometry": {"type": "Point", "coordinates": [0.489174, 44.857061]}}, {"type": "Feature", "properties": {"nom": "Mériel", "code_insee": "95392", "code_uic": "87276675", "segment": "B", "voyageurs": 455903, "voyageurs_2019": 394514, "tendance_pct": 15.6}, "geometry": {"type": "Point", "coordinates": [2.20528, 49.07777]}}, {"type": "Feature", "properties": {"nom": "Mâcon Loché TGV", "code_insee": "71270", "code_uic": "87725705", "segment": "A", "voyageurs": 455150, "voyageurs_2019": 468049, "tendance_pct": -2.8}, "geometry": {"type": "Point", "coordinates": [4.778876, 46.282884]}}, {"type": "Feature", "properties": {"nom": "Bar-le-Duc", "code_insee": "55029", "code_uic": "87175042", "segment": "B", "voyageurs": 452165, "voyageurs_2019": 416584, "tendance_pct": 8.5}, "geometry": {"type": "Point", "coordinates": [5.166822, 48.773308]}}, {"type": "Feature", "properties": {"nom": "Cérons", "code_insee": "33120", "code_uic": "87582742", "segment": "B", "voyageurs": 451017, "voyageurs_2019": 305309, "tendance_pct": 47.7}, "geometry": {"type": "Point", "coordinates": [-0.340526, 44.632346]}}, {"type": "Feature", "properties": {"nom": "Lorraine TGV", "code_insee": "57422", "code_uic": "87142109", "segment": "A", "voyageurs": 448666, "voyageurs_2019": 601834, "tendance_pct": -25.5}, "geometry": {"type": "Point", "coordinates": [6.169838, 48.947773]}}, {"type": "Feature", "properties": {"nom": "Moûtiers - Salins - Brides-les-Bains", "code_insee": "73181", "code_uic": "87741728", "segment": "B", "voyageurs": 448523, "voyageurs_2019": 362024, "tendance_pct": 23.9}, "geometry": {"type": "Point", "coordinates": [6.531425, 45.486344]}}, {"type": "Feature", "properties": {"nom": "Villers-Cotterêts", "code_insee": "02810", "code_uic": "87271734", "segment": "B", "voyageurs": 448375, "voyageurs_2019": 370900, "tendance_pct": 20.9}, "geometry": {"type": "Point", "coordinates": [3.0937, 49.25026]}}, {"type": "Feature", "properties": {"nom": "Tullins Fures", "code_insee": "38517", "code_uic": "87761759", "segment": "B", "voyageurs": 444167, "voyageurs_2019": 398166, "tendance_pct": 11.6}, "geometry": {"type": "Point", "coordinates": [5.492194, 45.300996]}}, {"type": "Feature", "properties": {"nom": "Courville-sur-Eure", "code_insee": "28116", "code_uic": "87394221", "segment": "B", "voyageurs": 442953, "voyageurs_2019": 326100, "tendance_pct": 35.8}, "geometry": {"type": "Point", "coordinates": [1.234836, 48.451236]}}, {"type": "Feature", "properties": {"nom": "Gazinet Cestas", "code_insee": "33122", "code_uic": "87582403", "segment": "B", "voyageurs": 441758, "voyageurs_2019": 367353, "tendance_pct": 20.3}, "geometry": {"type": "Point", "coordinates": [-0.69949, 44.772218]}}, {"type": "Feature", "properties": {"nom": "Igny", "code_insee": "91312", "code_uic": "87393561", "segment": "B", "voyageurs": 440344, "voyageurs_2019": 454785, "tendance_pct": -3.2}, "geometry": {"type": "Point", "coordinates": [2.231363, 48.739901]}}, {"type": "Feature", "properties": {"nom": "Joigny", "code_insee": "89206", "code_uic": "87683243", "segment": "A", "voyageurs": 436593, "voyageurs_2019": 348835, "tendance_pct": 25.2}, "geometry": {"type": "Point", "coordinates": [3.393082, 47.973843]}}, {"type": "Feature", "properties": {"nom": "Tournus", "code_insee": "71543", "code_uic": "87725622", "segment": "B", "voyageurs": 436114, "voyageurs_2019": 283246, "tendance_pct": 54.0}, "geometry": {"type": "Point", "coordinates": [4.906647, 46.56668]}}, {"type": "Feature", "properties": {"nom": "Toul", "code_insee": "54528", "code_uic": "87141044", "segment": "B", "voyageurs": 435931, "voyageurs_2019": 274607, "tendance_pct": 58.7}, "geometry": {"type": "Point", "coordinates": [5.880615, 48.679018]}}, {"type": "Feature", "properties": {"nom": "Oissel", "code_insee": "76484", "code_uic": "87411207", "segment": "B", "voyageurs": 431176, "voyageurs_2019": 398122, "tendance_pct": 8.3}, "geometry": {"type": "Point", "coordinates": [1.101799, 49.34306]}}, {"type": "Feature", "properties": {"nom": "Entzheim Aéroport", "code_insee": "67124", "code_uic": "87214528", "segment": "B", "voyageurs": 430494, "voyageurs_2019": 374862, "tendance_pct": 14.8}, "geometry": {"type": "Point", "coordinates": [7.62794, 48.54699]}}, {"type": "Feature", "properties": {"nom": "Nointel - Mours", "code_insee": "95452", "code_uic": "87276758", "segment": "B", "voyageurs": 427226, "voyageurs_2019": 430630, "tendance_pct": -0.8}, "geometry": {"type": "Point", "coordinates": [2.28066, 49.1327]}}, {"type": "Feature", "properties": {"nom": "Pessac Alouette", "code_insee": "33318", "code_uic": "87581793", "segment": "B", "voyageurs": 426337, "voyageurs_2019": 303363, "tendance_pct": 40.5}, "geometry": {"type": "Point", "coordinates": [-0.65965, 44.793355]}}, {"type": "Feature", "properties": {"nom": "La Teste-de-Buch", "code_insee": "33529", "code_uic": "87582643", "segment": "B", "voyageurs": 425847, "voyageurs_2019": 385974, "tendance_pct": 10.3}, "geometry": {"type": "Point", "coordinates": [-1.14295, 44.636924]}}, {"type": "Feature", "properties": {"nom": "Lons-le-Saunier", "code_insee": "39300", "code_uic": "87718239", "segment": "B", "voyageurs": 423889, "voyageurs_2019": 339975, "tendance_pct": 24.7}, "geometry": {"type": "Point", "coordinates": [5.551108, 46.66858]}}, {"type": "Feature", "properties": {"nom": "Saint-Cyr Les Lecques - La Cadière", "code_insee": "83112", "code_uic": "87755215", "segment": "B", "voyageurs": 423272, "voyageurs_2019": 339760, "tendance_pct": 24.6}, "geometry": {"type": "Point", "coordinates": [5.703858, 43.185509]}}, {"type": "Feature", "properties": {"nom": "Chagny", "code_insee": "71073", "code_uic": "87713578", "segment": "B", "voyageurs": 422474, "voyageurs_2019": 325664, "tendance_pct": 29.7}, "geometry": {"type": "Point", "coordinates": [4.749682, 46.907269]}}, {"type": "Feature", "properties": {"nom": "Malesherbes", "code_insee": "45191", "code_uic": "87684415", "segment": "B", "voyageurs": 421273, "voyageurs_2019": 411354, "tendance_pct": 2.4}, "geometry": {"type": "Point", "coordinates": [2.401218, 48.293433]}}, {"type": "Feature", "properties": {"nom": "Rethel", "code_insee": "08362", "code_uic": "87172270", "segment": "B", "voyageurs": 420572, "voyageurs_2019": 325947, "tendance_pct": 29.0}, "geometry": {"type": "Point", "coordinates": [4.369566, 49.504393]}}, {"type": "Feature", "properties": {"nom": "Saint-Rambert-d'Albon", "code_insee": "26325", "code_uic": "87761106", "segment": "B", "voyageurs": 417181, "voyageurs_2019": 285747, "tendance_pct": 46.0}, "geometry": {"type": "Point", "coordinates": [4.810849, 45.297797]}}, {"type": "Feature", "properties": {"nom": "Nort-sur-Erdre", "code_insee": "44110", "code_uic": "87481598", "segment": "B", "voyageurs": 415659, "voyageurs_2019": 347537, "tendance_pct": 19.6}, "geometry": {"type": "Point", "coordinates": [-1.503364, 47.441924]}}, {"type": "Feature", "properties": {"nom": "Frépillon", "code_insee": "95256", "code_uic": "87276659", "segment": "B", "voyageurs": 415011, "voyageurs_2019": 353741, "tendance_pct": 17.3}, "geometry": {"type": "Point", "coordinates": [2.19717, 49.0462]}}, {"type": "Feature", "properties": {"nom": "La Ferté-Alais", "code_insee": "91232", "code_uic": "87681452", "segment": "B", "voyageurs": 414600, "voyageurs_2019": 393534, "tendance_pct": 5.4}, "geometry": {"type": "Point", "coordinates": [2.35161, 48.484876]}}, {"type": "Feature", "properties": {"nom": "Auxonne", "code_insee": "21639", "code_uic": "87713347", "segment": "B", "voyageurs": 414535, "voyageurs_2019": 298952, "tendance_pct": 38.7}, "geometry": {"type": "Point", "coordinates": [5.37737, 47.192663]}}, {"type": "Feature", "properties": {"nom": "Bièvres", "code_insee": "91064", "code_uic": "87393546", "segment": "B", "voyageurs": 413629, "voyageurs_2019": 426162, "tendance_pct": -2.9}, "geometry": {"type": "Point", "coordinates": [2.215728, 48.751329]}}, {"type": "Feature", "properties": {"nom": "Lozanne", "code_insee": "69121", "code_uic": "87721423", "segment": "B", "voyageurs": 413209, "voyageurs_2019": 303063, "tendance_pct": 36.3}, "geometry": {"type": "Point", "coordinates": [4.681501, 45.85414]}}, {"type": "Feature", "properties": {"nom": "Lardy", "code_insee": "91330", "code_uic": "87545160", "segment": "B", "voyageurs": 412133, "voyageurs_2019": 425172, "tendance_pct": -3.1}, "geometry": {"type": "Point", "coordinates": [2.255739, 48.520639]}}, {"type": "Feature", "properties": {"nom": "Bandol", "code_insee": "83009", "code_uic": "87755223", "segment": "B", "voyageurs": 410481, "voyageurs_2019": 324916, "tendance_pct": 26.3}, "geometry": {"type": "Point", "coordinates": [5.750118, 43.140344]}}, {"type": "Feature", "properties": {"nom": "Saint-Mammès", "code_insee": "77419", "code_uic": "87682294", "segment": "B", "voyageurs": 408291, "voyageurs_2019": 367310, "tendance_pct": 11.2}, "geometry": {"type": "Point", "coordinates": [2.81593, 48.382171]}}, {"type": "Feature", "properties": {"nom": "Saint-Gervais-les-Bains Le Fayet", "code_insee": "74236", "code_uic": "87746479", "segment": "B", "voyageurs": 407753, "voyageurs_2019": 356019, "tendance_pct": 14.5}, "geometry": {"type": "Point", "coordinates": [6.701331, 45.906423]}}, {"type": "Feature", "properties": {"nom": "Castelnau-d'Estrétefonds", "code_insee": "31118", "code_uic": "87611665", "segment": "B", "voyageurs": 407600, "voyageurs_2019": 229548, "tendance_pct": 77.6}, "geometry": {"type": "Point", "coordinates": [1.341761, 43.786196]}}, {"type": "Feature", "properties": {"nom": "Pontchaillou", "code_insee": "35238", "code_uic": "87471391", "segment": "B", "voyageurs": 405981, "voyageurs_2019": 285092, "tendance_pct": 42.4}, "geometry": {"type": "Point", "coordinates": [-1.69107, 48.11918]}}, {"type": "Feature", "properties": {"nom": "Dourdan La Forêt", "code_insee": "91200", "code_uic": "87540179", "segment": "B", "voyageurs": 403989, "voyageurs_2019": 416770, "tendance_pct": -3.1}, "geometry": {"type": "Point", "coordinates": [1.994908, 48.535314]}}, {"type": "Feature", "properties": {"nom": "Pagny-sur-Moselle", "code_insee": "54415", "code_uic": "87192468", "segment": "B", "voyageurs": 403789, "voyageurs_2019": 350240, "tendance_pct": 15.3}, "geometry": {"type": "Point", "coordinates": [6.025035, 48.9852]}}, {"type": "Feature", "properties": {"nom": "Beautiran", "code_insee": "33037", "code_uic": "87582700", "segment": "B", "voyageurs": 402628, "voyageurs_2019": 275136, "tendance_pct": 46.3}, "geometry": {"type": "Point", "coordinates": [-0.45017, 44.701041]}}, {"type": "Feature", "properties": {"nom": "Albigny - Neuville", "code_insee": "69003", "code_uic": "87721266", "segment": "B", "voyageurs": 402091, "voyageurs_2019": 238564, "tendance_pct": 68.5}, "geometry": {"type": "Point", "coordinates": [4.832874, 45.874921]}}, {"type": "Feature", "properties": {"nom": "Goncelin", "code_insee": "38181", "code_uic": "87747477", "segment": "B", "voyageurs": 401853, "voyageurs_2019": 399451, "tendance_pct": 0.6}, "geometry": {"type": "Point", "coordinates": [5.974136, 45.341941]}}, {"type": "Feature", "properties": {"nom": "Audruicq", "code_insee": "62057", "code_uic": "87281428", "segment": "B", "voyageurs": 400726, "voyageurs_2019": 250145, "tendance_pct": 60.2}, "geometry": {"type": "Point", "coordinates": [2.07636, 50.87567]}}, {"type": "Feature", "properties": {"nom": "Montbard", "code_insee": "21425", "code_uic": "87713131", "segment": "B", "voyageurs": 399560, "voyageurs_2019": 370420, "tendance_pct": 7.9}, "geometry": {"type": "Point", "coordinates": [4.33616, 47.618747]}}, {"type": "Feature", "properties": {"nom": "Messac - Guipry", "code_insee": "35176", "code_uic": "87471185", "segment": "B", "voyageurs": 399260, "voyageurs_2019": 266882, "tendance_pct": 49.6}, "geometry": {"type": "Point", "coordinates": [-1.81822, 47.82225]}}, {"type": "Feature", "properties": {"nom": "Argentan", "code_insee": "61006", "code_uic": "87444539", "segment": "B", "voyageurs": 398579, "voyageurs_2019": 294691, "tendance_pct": 35.3}, "geometry": {"type": "Point", "coordinates": [-0.025291, 48.738545]}}, {"type": "Feature", "properties": {"nom": "Bazancourt", "code_insee": "51043", "code_uic": "87171462", "segment": "B", "voyageurs": 397871, "voyageurs_2019": 174023, "tendance_pct": 128.6}, "geometry": {"type": "Point", "coordinates": [4.173887, 49.361202]}}, {"type": "Feature", "properties": {"nom": "Juziers", "code_insee": "78327", "code_uic": "87381558", "segment": "B", "voyageurs": 397389, "voyageurs_2019": 296880, "tendance_pct": 33.9}, "geometry": {"type": "Point", "coordinates": [1.84579, 48.99244]}}, {"type": "Feature", "properties": {"nom": "Varangéville - Saint-Nicolas", "code_insee": "54549", "code_uic": "87141101", "segment": "B", "voyageurs": 396621, "voyageurs_2019": 302982, "tendance_pct": 30.9}, "geometry": {"type": "Point", "coordinates": [6.31286, 48.635339]}}, {"type": "Feature", "properties": {"nom": "Castelnaudary", "code_insee": "11076", "code_uic": "87615039", "segment": "B", "voyageurs": 396399, "voyageurs_2019": 281801, "tendance_pct": 40.7}, "geometry": {"type": "Point", "coordinates": [1.95039, 43.312292]}}, {"type": "Feature", "properties": {"nom": "Bollwiller", "code_insee": "68043", "code_uic": "87182709", "segment": "B", "voyageurs": 396239, "voyageurs_2019": 298568, "tendance_pct": 32.7}, "geometry": {"type": "Point", "coordinates": [7.267256, 47.856969]}}, {"type": "Feature", "properties": {"nom": "Seclin", "code_insee": "59560", "code_uic": "87286518", "segment": "B", "voyageurs": 392035, "voyageurs_2019": 301904, "tendance_pct": 29.9}, "geometry": {"type": "Point", "coordinates": [3.035008, 50.548632]}}, {"type": "Feature", "properties": {"nom": "Sallanches - Combloux - Megève", "code_insee": "74256", "code_uic": "87746438", "segment": "B", "voyageurs": 391614, "voyageurs_2019": 347272, "tendance_pct": 12.8}, "geometry": {"type": "Point", "coordinates": [6.636431, 45.935702]}}, {"type": "Feature", "properties": {"nom": "Noisy-le-Roi", "code_insee": "78455", "code_uic": "87733659", "segment": "B", "voyageurs": 390853, "voyageurs_2019": 0, "tendance_pct": null}, "geometry": {"type": "Point", "coordinates": [2.061839, 48.841519]}}, {"type": "Feature", "properties": {"nom": "Marles-en-Brie", "code_insee": "77229", "code_uic": "87116228", "segment": "B", "voyageurs": 390782, "voyageurs_2019": 421062, "tendance_pct": -7.2}, "geometry": {"type": "Point", "coordinates": [2.868099, 48.733976]}}, {"type": "Feature", "properties": {"nom": "Bonneville", "code_insee": "74042", "code_uic": "87746339", "segment": "B", "voyageurs": 390001, "voyageurs_2019": 244862, "tendance_pct": 59.3}, "geometry": {"type": "Point", "coordinates": [6.416524, 46.077772]}}, {"type": "Feature", "properties": {"nom": "La Seyne - Six-Fours", "code_insee": "83126", "code_uic": "87755264", "segment": "B", "voyageurs": 388962, "voyageurs_2019": 320849, "tendance_pct": 21.2}, "geometry": {"type": "Point", "coordinates": [5.876966, 43.116959]}}, {"type": "Feature", "properties": {"nom": "Pamiers", "code_insee": "09225", "code_uic": "87611343", "segment": "B", "voyageurs": 387959, "voyageurs_2019": 295200, "tendance_pct": 31.4}, "geometry": {"type": "Point", "coordinates": [1.619451, 43.116207]}}, {"type": "Feature", "properties": {"nom": "Chemin d'Antony", "code_insee": "92002", "code_uic": "87546317", "segment": "B", "voyageurs": 387916, "voyageurs_2019": 400187, "tendance_pct": -3.1}, "geometry": {"type": "Point", "coordinates": [2.312621, 48.748143]}}, {"type": "Feature", "properties": {"nom": "Somain", "code_insee": "59574", "code_uic": "87345314", "segment": "B", "voyageurs": 387127, "voyageurs_2019": 377659, "tendance_pct": 2.5}, "geometry": {"type": "Point", "coordinates": [3.27738, 50.3557]}}, {"type": "Feature", "properties": {"nom": "Voreppe", "code_insee": "38565", "code_uic": "87747337", "segment": "B", "voyageurs": 386656, "voyageurs_2019": 328319, "tendance_pct": 17.8}, "geometry": {"type": "Point", "coordinates": [5.632119, 45.290417]}}, {"type": "Feature", "properties": {"nom": "Gardanne", "code_insee": "13041", "code_uic": "87751420", "segment": "B", "voyageurs": 384663, "voyageurs_2019": 366421, "tendance_pct": 5.0}, "geometry": {"type": "Point", "coordinates": [5.463332, 43.455992]}}, {"type": "Feature", "properties": {"nom": "Sarreguemines", "code_insee": "57631", "code_uic": "87193615", "segment": "B", "voyageurs": 381439, "voyageurs_2019": 383857, "tendance_pct": -0.6}, "geometry": {"type": "Point", "coordinates": [7.06864, 49.107336]}}, {"type": "Feature", "properties": {"nom": "Lille CHR", "code_insee": "59350", "code_uic": "87109306", "segment": "B", "voyageurs": 379266, "voyageurs_2019": 287018, "tendance_pct": 32.1}, "geometry": {"type": "Point", "coordinates": [3.03432, 50.61432]}}, {"type": "Feature", "properties": {"nom": "Garancières - La Queue", "code_insee": "78265", "code_uic": "87393439", "segment": "B", "voyageurs": 376750, "voyageurs_2019": 328859, "tendance_pct": 14.6}, "geometry": {"type": "Point", "coordinates": [1.764755, 48.810634]}}, {"type": "Feature", "properties": {"nom": "Granville", "code_insee": "50218", "code_uic": "87447680", "segment": "B", "voyageurs": 375919, "voyageurs_2019": 263943, "tendance_pct": 42.4}, "geometry": {"type": "Point", "coordinates": [-1.587757, 48.838456]}}, {"type": "Feature", "properties": {"nom": "Haute Picardie TGV", "code_insee": "80002", "code_uic": "87313882", "segment": "A", "voyageurs": 375792, "voyageurs_2019": 375044, "tendance_pct": 0.2}, "geometry": {"type": "Point", "coordinates": [2.8319, 49.859182]}}, {"type": "Feature", "properties": {"nom": "Albertville", "code_insee": "73011", "code_uic": "87741645", "segment": "B", "voyageurs": 374004, "voyageurs_2019": 310114, "tendance_pct": 20.6}, "geometry": {"type": "Point", "coordinates": [6.383167, 45.672977]}}, {"type": "Feature", "properties": {"nom": "Grand Bourg", "code_insee": "91521", "code_uic": "87681353", "segment": "B", "voyageurs": 373677, "voyageurs_2019": 302375, "tendance_pct": 23.6}, "geometry": {"type": "Point", "coordinates": [2.435939, 48.648004]}}, {"type": "Feature", "properties": {"nom": "Saint-Vallier sur Rhône", "code_insee": "26333", "code_uic": "87761130", "segment": "B", "voyageurs": 372697, "voyageurs_2019": 288303, "tendance_pct": 29.3}, "geometry": {"type": "Point", "coordinates": [4.81439, 45.186395]}}, {"type": "Feature", "properties": {"nom": "Changis - Saint-Jean", "code_insee": "77084", "code_uic": "87116509", "segment": "B", "voyageurs": 371925, "voyageurs_2019": 302651, "tendance_pct": 22.9}, "geometry": {"type": "Point", "coordinates": [3.025394, 48.95936]}}, {"type": "Feature", "properties": {"nom": "Gazeran", "code_insee": "78269", "code_uic": "87393348", "segment": "B", "voyageurs": 370917, "voyageurs_2019": 287054, "tendance_pct": 29.2}, "geometry": {"type": "Point", "coordinates": [1.771886, 48.625918]}}, {"type": "Feature", "properties": {"nom": "Menton Garavan", "code_insee": "06083", "code_uic": "87756494", "segment": "B", "voyageurs": 370770, "voyageurs_2019": 237138, "tendance_pct": 56.4}, "geometry": {"type": "Point", "coordinates": [7.517297, 43.785202]}}, {"type": "Feature", "properties": {"nom": "Clermont La Pardieu", "code_insee": "63113", "code_uic": "87782607", "segment": "B", "voyageurs": 370718, "voyageurs_2019": 261412, "tendance_pct": 41.8}, "geometry": {"type": "Point", "coordinates": [3.134163, 45.766947]}}, {"type": "Feature", "properties": {"nom": "Barr", "code_insee": "67021", "code_uic": "87214247", "segment": "B", "voyageurs": 370408, "voyageurs_2019": 302765, "tendance_pct": 22.3}, "geometry": {"type": "Point", "coordinates": [7.456519, 48.403293]}}, {"type": "Feature", "properties": {"nom": "Forbach", "code_insee": "57227", "code_uic": "87193003", "segment": "B", "voyageurs": 370116, "voyageurs_2019": 347579, "tendance_pct": 6.5}, "geometry": {"type": "Point", "coordinates": [6.901318, 49.189228]}}, {"type": "Feature", "properties": {"nom": "Altkirch", "code_insee": "68004", "code_uic": "87182238", "segment": "B", "voyageurs": 368478, "voyageurs_2019": 322676, "tendance_pct": 14.2}, "geometry": {"type": "Point", "coordinates": [7.239249, 47.627017]}}, {"type": "Feature", "properties": {"nom": "Champagne-sur-Oise", "code_insee": "95134", "code_uic": "87276519", "segment": "B", "voyageurs": 366669, "voyageurs_2019": 342276, "tendance_pct": 7.1}, "geometry": {"type": "Point", "coordinates": [2.24156, 49.13573]}}, {"type": "Feature", "properties": {"nom": "Gap", "code_insee": "05061", "code_uic": "87763003", "segment": "B", "voyageurs": 365395, "voyageurs_2019": 292341, "tendance_pct": 25.0}, "geometry": {"type": "Point", "coordinates": [6.085638, 44.563693]}}, {"type": "Feature", "properties": {"nom": "Lizy-sur-Ourcq", "code_insee": "77257", "code_uic": "87116632", "segment": "B", "voyageurs": 362933, "voyageurs_2019": 370060, "tendance_pct": -1.9}, "geometry": {"type": "Point", "coordinates": [3.031718, 49.021929]}}, {"type": "Feature", "properties": {"nom": "Cassis", "code_insee": "13022", "code_uic": "87751776", "segment": "B", "voyageurs": 362399, "voyageurs_2019": 294183, "tendance_pct": 23.2}, "geometry": {"type": "Point", "coordinates": [5.553055, 43.23406]}}, {"type": "Feature", "properties": {"nom": "Bréval", "code_insee": "78107", "code_uic": "87381624", "segment": "B", "voyageurs": 362272, "voyageurs_2019": 324134, "tendance_pct": 11.8}, "geometry": {"type": "Point", "coordinates": [1.54191, 48.94336]}}, {"type": "Feature", "properties": {"nom": "Montreuil-sur-Ille", "code_insee": "35195", "code_uic": "87478032", "segment": "B", "voyageurs": 361091, "voyageurs_2019": 257240, "tendance_pct": 40.4}, "geometry": {"type": "Point", "coordinates": [-1.674155, 48.307292]}}, {"type": "Feature", "properties": {"nom": "Remiremont", "code_insee": "88383", "code_uic": "87144451", "segment": "B", "voyageurs": 360999, "voyageurs_2019": 272473, "tendance_pct": 32.5}, "geometry": {"type": "Point", "coordinates": [6.598855, 48.016363]}}, {"type": "Feature", "properties": {"nom": "Bailly", "code_insee": "78043", "code_uic": "87710780", "segment": "B", "voyageurs": 360617, "voyageurs_2019": 0, "tendance_pct": null}, "geometry": {"type": "Point", "coordinates": [2.073981, 48.837331]}}, {"type": "Feature", "properties": {"nom": "Mézidon-Canon", "code_insee": "14431", "code_uic": "87444208", "segment": "B", "voyageurs": 359744, "voyageurs_2019": 298881, "tendance_pct": 20.4}, "geometry": {"type": "Point", "coordinates": [-0.07496, 49.071]}}, {"type": "Feature", "properties": {"nom": "Saint-Jean-de-Maurienne Arvan", "code_insee": "73248", "code_uic": "87742320", "segment": "B", "voyageurs": 359691, "voyageurs_2019": 299781, "tendance_pct": 20.0}, "geometry": {"type": "Point", "coordinates": [6.354716, 45.277542]}}, {"type": "Feature", "properties": {"nom": "Biot", "code_insee": "06004", "code_uic": "87757690", "segment": "B", "voyageurs": 358882, "voyageurs_2019": 273426, "tendance_pct": 31.3}, "geometry": {"type": "Point", "coordinates": [7.12609, 43.610951]}}, {"type": "Feature", "properties": {"nom": "L'Isle-d'Abeau", "code_insee": "38193", "code_uic": "87761239", "segment": "B", "voyageurs": 356731, "voyageurs_2019": 228996, "tendance_pct": 55.8}, "geometry": {"type": "Point", "coordinates": [5.21969, 45.607645]}}, {"type": "Feature", "properties": {"nom": "Amplepuis", "code_insee": "69006", "code_uic": "87721035", "segment": "B", "voyageurs": 356066, "voyageurs_2019": 317136, "tendance_pct": 12.3}, "geometry": {"type": "Point", "coordinates": [4.326844, 45.970982]}}, {"type": "Feature", "properties": {"nom": "Rives", "code_insee": "38337", "code_uic": "87747246", "segment": "B", "voyageurs": 355709, "voyageurs_2019": 350318, "tendance_pct": 1.5}, "geometry": {"type": "Point", "coordinates": [5.491893, 45.357535]}}, {"type": "Feature", "properties": {"nom": "Dombasle-sur-Meurthe", "code_insee": "54159", "code_uic": "87141119", "segment": "B", "voyageurs": 355303, "voyageurs_2019": 277386, "tendance_pct": 28.1}, "geometry": {"type": "Point", "coordinates": [6.343478, 48.623275]}}, {"type": "Feature", "properties": {"nom": "Montauban-de-Bretagne", "code_insee": "35184", "code_uic": "87471086", "segment": "B", "voyageurs": 354751, "voyageurs_2019": 213580, "tendance_pct": 66.1}, "geometry": {"type": "Point", "coordinates": [-2.052675, 48.190241]}}, {"type": "Feature", "properties": {"nom": "Bornel - Belle-Église", "code_insee": "60088", "code_uic": "87276717", "segment": "B", "voyageurs": 354397, "voyageurs_2019": 297438, "tendance_pct": 19.1}, "geometry": {"type": "Point", "coordinates": [2.20717, 49.19471]}}, {"type": "Feature", "properties": {"nom": "Évian-les-Bains", "code_insee": "74119", "code_uic": "87745679", "segment": "B", "voyageurs": 350538, "voyageurs_2019": 171310, "tendance_pct": 104.6}, "geometry": {"type": "Point", "coordinates": [6.577457, 46.397915]}}, {"type": "Feature", "properties": {"nom": "Questembert", "code_insee": "56184", "code_uic": "87476671", "segment": "B", "voyageurs": 350119, "voyageurs_2019": 161690, "tendance_pct": 116.5}, "geometry": {"type": "Point", "coordinates": [-2.4496, 47.68318]}}, {"type": "Feature", "properties": {"nom": "Brignoud", "code_insee": "38547", "code_uic": "87747451", "segment": "B", "voyageurs": 349852, "voyageurs_2019": 273904, "tendance_pct": 27.7}, "geometry": {"type": "Point", "coordinates": [5.901472, 45.26245]}}, {"type": "Feature", "properties": {"nom": "Sathonay - Rillieux", "code_insee": "69292", "code_uic": "87723700", "segment": "B", "voyageurs": 349848, "voyageurs_2019": 370459, "tendance_pct": -5.6}, "geometry": {"type": "Point", "coordinates": [4.875315, 45.820264]}}, {"type": "Feature", "properties": {"nom": "Carbonne", "code_insee": "31107", "code_uic": "87611061", "segment": "B", "voyageurs": 345633, "voyageurs_2019": 242174, "tendance_pct": 42.7}, "geometry": {"type": "Point", "coordinates": [1.212531, 43.298206]}}, {"type": "Feature", "properties": {"nom": "Saint-Gaudens", "code_insee": "31483", "code_uic": "87611137", "segment": "B", "voyageurs": 344973, "voyageurs_2019": 199283, "tendance_pct": 73.1}, "geometry": {"type": "Point", "coordinates": [0.729104, 43.105034]}}, {"type": "Feature", "properties": {"nom": "Rang-du-Fliers - Verton - Berck", "code_insee": "62688", "code_uic": "87317057", "segment": "B", "voyageurs": 344909, "voyageurs_2019": 276766, "tendance_pct": 24.6}, "geometry": {"type": "Point", "coordinates": [1.64805, 50.41579]}}, {"type": "Feature", "properties": {"nom": "Miribel", "code_insee": "01249", "code_uic": "87723528", "segment": "B", "voyageurs": 343923, "voyageurs_2019": 305842, "tendance_pct": 12.5}, "geometry": {"type": "Point", "coordinates": [4.95394, 45.822088]}}, {"type": "Feature", "properties": {"nom": "Auterive", "code_insee": "31033", "code_uic": "87611384", "segment": "B", "voyageurs": 343608, "voyageurs_2019": 343578, "tendance_pct": 0.0}, "geometry": {"type": "Point", "coordinates": [1.468831, 43.348993]}}, {"type": "Feature", "properties": {"nom": "Sérézin-du-Rhône", "code_insee": "69276", "code_uic": "87722546", "segment": "B", "voyageurs": 342839, "voyageurs_2019": 226973, "tendance_pct": 51.0}, "geometry": {"type": "Point", "coordinates": [4.81806, 45.62716]}}, {"type": "Feature", "properties": {"nom": "La Bassée - Violaines", "code_insee": "59051", "code_uic": "87342436", "segment": "B", "voyageurs": 341350, "voyageurs_2019": 271533, "tendance_pct": 25.7}, "geometry": {"type": "Point", "coordinates": [2.80482, 50.52799]}}, {"type": "Feature", "properties": {"nom": "Maizières-lès-Metz", "code_insee": "57433", "code_uic": "87191106", "segment": "B", "voyageurs": 341339, "voyageurs_2019": 233235, "tendance_pct": 46.3}, "geometry": {"type": "Point", "coordinates": [6.158876, 49.215535]}}, {"type": "Feature", "properties": {"nom": "Maule", "code_insee": "78380", "code_uic": "87381723", "segment": "B", "voyageurs": 341177, "voyageurs_2019": 305405, "tendance_pct": 11.7}, "geometry": {"type": "Point", "coordinates": [1.85708, 48.90917]}}, {"type": "Feature", "properties": {"nom": "Issou - Porcheville", "code_insee": "78314", "code_uic": "87381574", "segment": "B", "voyageurs": 340639, "voyageurs_2019": 211354, "tendance_pct": 61.2}, "geometry": {"type": "Point", "coordinates": [1.78532, 48.97931]}}, {"type": "Feature", "properties": {"nom": "Presles Courcelles", "code_insee": "95504", "code_uic": "87276501", "segment": "B", "voyageurs": 339385, "voyageurs_2019": 334990, "tendance_pct": 1.3}, "geometry": {"type": "Point", "coordinates": [2.28759, 49.11346]}}, {"type": "Feature", "properties": {"nom": "Schirmeck - La Broque", "code_insee": "67448", "code_uic": "87214692", "segment": "B", "voyageurs": 337869, "voyageurs_2019": 298030, "tendance_pct": 13.4}, "geometry": {"type": "Point", "coordinates": [7.21594, 48.47973]}}, {"type": "Feature", "properties": {"nom": "Genlis", "code_insee": "21292", "code_uic": "87713313", "segment": "B", "voyageurs": 337411, "voyageurs_2019": 243273, "tendance_pct": 38.7}, "geometry": {"type": "Point", "coordinates": [5.223406, 47.244579]}}, {"type": "Feature", "properties": {"nom": "Mer", "code_insee": "41136", "code_uic": "87574194", "segment": "B", "voyageurs": 336887, "voyageurs_2019": 228509, "tendance_pct": 47.4}, "geometry": {"type": "Point", "coordinates": [1.506373, 47.70586]}}, {"type": "Feature", "properties": {"nom": "Orthez", "code_insee": "64430", "code_uic": "87672253", "segment": "B", "voyageurs": 332840, "voyageurs_2019": 178639, "tendance_pct": 86.3}, "geometry": {"type": "Point", "coordinates": [-0.76776, 43.484242]}}, {"type": "Feature", "properties": {"nom": "Noyal - Acigné", "code_insee": "35207", "code_uic": "87471540", "segment": "B", "voyageurs": 332259, "voyageurs_2019": 216068, "tendance_pct": 53.8}, "geometry": {"type": "Point", "coordinates": [-1.527765, 48.118792]}}, {"type": "Feature", "properties": {"nom": "Pierrelatte", "code_insee": "26235", "code_uic": "87764308", "segment": "B", "voyageurs": 328901, "voyageurs_2019": 287040, "tendance_pct": 14.6}, "geometry": {"type": "Point", "coordinates": [4.703783, 44.374719]}}, {"type": "Feature", "properties": {"nom": "Chaumont-en-Vexin", "code_insee": "60143", "code_uic": "87381228", "segment": "B", "voyageurs": 328004, "voyageurs_2019": 310770, "tendance_pct": 5.5}, "geometry": {"type": "Point", "coordinates": [1.87274, 49.26139]}}, {"type": "Feature", "properties": {"nom": "Lannion", "code_insee": "22113", "code_uic": "87473223", "segment": "B", "voyageurs": 326746, "voyageurs_2019": 222479, "tendance_pct": 46.9}, "geometry": {"type": "Point", "coordinates": [-3.460353, 48.727638]}}, {"type": "Feature", "properties": {"nom": "Le Teich", "code_insee": "33527", "code_uic": "87582601", "segment": "B", "voyageurs": 325875, "voyageurs_2019": 260169, "tendance_pct": 25.3}, "geometry": {"type": "Point", "coordinates": [-1.025556, 44.632507]}}, {"type": "Feature", "properties": {"nom": "Rosières-aux-Salines", "code_insee": "54159", "code_uic": "87141127", "segment": "B", "voyageurs": 324840, "voyageurs_2019": 207123, "tendance_pct": 56.8}, "geometry": {"type": "Point", "coordinates": [6.350457, 48.60563]}}, {"type": "Feature", "properties": {"nom": "Le Puy-en-Velay", "code_insee": "43157", "code_uic": "87734699", "segment": "B", "voyageurs": 324052, "voyageurs_2019": 272218, "tendance_pct": 19.0}, "geometry": {"type": "Point", "coordinates": [3.892421, 45.042866]}}, {"type": "Feature", "properties": {"nom": "Blainville - Damelevières", "code_insee": "54152", "code_uic": "87141135", "segment": "B", "voyageurs": 321175, "voyageurs_2019": 251380, "tendance_pct": 27.8}, "geometry": {"type": "Point", "coordinates": [6.386953, 48.564971]}}, {"type": "Feature", "properties": {"nom": "Massy - Verrières", "code_insee": "91377", "code_uic": "87383281", "segment": "B", "voyageurs": 320272, "voyageurs_2019": 330403, "tendance_pct": -3.1}, "geometry": {"type": "Point", "coordinates": [2.273672, 48.73431]}}, {"type": "Feature", "properties": {"nom": "Gaillac", "code_insee": "81099", "code_uic": "87615252", "segment": "B", "voyageurs": 319795, "voyageurs_2019": 263296, "tendance_pct": 21.5}, "geometry": {"type": "Point", "coordinates": [1.894855, 43.905969]}}, {"type": "Feature", "properties": {"nom": "Auch", "code_insee": "32013", "code_uic": "87611749", "segment": "B", "voyageurs": 319716, "voyageurs_2019": 225670, "tendance_pct": 41.7}, "geometry": {"type": "Point", "coordinates": [0.596661, 43.647488]}}, {"type": "Feature", "properties": {"nom": "Carpentras", "code_insee": "84031", "code_uic": "87765735", "segment": "B", "voyageurs": 319190, "voyageurs_2019": 313857, "tendance_pct": 1.7}, "geometry": {"type": "Point", "coordinates": [5.044141, 44.049949]}}, {"type": "Feature", "properties": {"nom": "Saint-Quentin-Fallavier", "code_insee": "38449", "code_uic": "87723387", "segment": "B", "voyageurs": 319015, "voyageurs_2019": 218478, "tendance_pct": 46.0}, "geometry": {"type": "Point", "coordinates": [5.099896, 45.638109]}}, {"type": "Feature", "properties": {"nom": "Mommenheim", "code_insee": "67301", "code_uic": "87212142", "segment": "B", "voyageurs": 316721, "voyageurs_2019": 250511, "tendance_pct": 26.4}, "geometry": {"type": "Point", "coordinates": [7.642227, 48.756159]}}, {"type": "Feature", "properties": {"nom": "Rouffach", "code_insee": "68287", "code_uic": "87182337", "segment": "B", "voyageurs": 316012, "voyageurs_2019": 208277, "tendance_pct": 51.7}, "geometry": {"type": "Point", "coordinates": [7.312455, 47.960248]}}, {"type": "Feature", "properties": {"nom": "La Réole", "code_insee": "33352", "code_uic": "87582866", "segment": "B", "voyageurs": 315445, "voyageurs_2019": 216950, "tendance_pct": 45.4}, "geometry": {"type": "Point", "coordinates": [-0.03057, 44.579742]}}, {"type": "Feature", "properties": {"nom": "Foix", "code_insee": "09122", "code_uic": "87611616", "segment": "B", "voyageurs": 313936, "voyageurs_2019": 215707, "tendance_pct": 45.5}, "geometry": {"type": "Point", "coordinates": [1.607147, 42.969746]}}, {"type": "Feature", "properties": {"nom": "Rodez", "code_insee": "12202", "code_uic": "87613422", "segment": "B", "voyageurs": 312754, "voyageurs_2019": 181828, "tendance_pct": 72.0}, "geometry": {"type": "Point", "coordinates": [2.58056, 44.362633]}}, {"type": "Feature", "properties": {"nom": "L'Isle-Jourdain", "code_insee": "32160", "code_uic": "87611806", "segment": "B", "voyageurs": 311304, "voyageurs_2019": 265668, "tendance_pct": 17.2}, "geometry": {"type": "Point", "coordinates": [1.089829, 43.617185]}}, {"type": "Feature", "properties": {"nom": "Liancourt - Rantigny", "code_insee": "60524", "code_uic": "87276212", "segment": "B", "voyageurs": 310705, "voyageurs_2019": 290944, "tendance_pct": 6.8}, "geometry": {"type": "Point", "coordinates": [2.44532, 49.32471]}}, {"type": "Feature", "properties": {"nom": "Royan", "code_insee": "17306", "code_uic": "87491803", "segment": "B", "voyageurs": 308109, "voyageurs_2019": 230667, "tendance_pct": 33.6}, "geometry": {"type": "Point", "coordinates": [-1.016703, 45.625886]}}, {"type": "Feature", "properties": {"nom": "Langeais", "code_insee": "37123", "code_uic": "87571828", "segment": "B", "voyageurs": 307322, "voyageurs_2019": 216141, "tendance_pct": 42.2}, "geometry": {"type": "Point", "coordinates": [0.410557, 47.324114]}}, {"type": "Feature", "properties": {"nom": "Lentilly", "code_insee": "69112", "code_uic": "87721555", "segment": "B", "voyageurs": 305289, "voyageurs_2019": 333709, "tendance_pct": -8.5}, "geometry": {"type": "Point", "coordinates": [4.667103, 45.82163]}}, {"type": "Feature", "properties": {"nom": "Cros de Cagnes", "code_insee": "06027", "code_uic": "87756338", "segment": "B", "voyageurs": 305284, "voyageurs_2019": 221457, "tendance_pct": 37.9}, "geometry": {"type": "Point", "coordinates": [7.167111, 43.660465]}}, {"type": "Feature", "properties": {"nom": "Brignais", "code_insee": "69027", "code_uic": "87722728", "segment": "B", "voyageurs": 304911, "voyageurs_2019": 317178, "tendance_pct": -3.9}, "geometry": {"type": "Point", "coordinates": [4.76366, 45.673772]}}, {"type": "Feature", "properties": {"nom": "Montigny-sur-Loing", "code_insee": "77312", "code_uic": "87684100", "segment": "B", "voyageurs": 303823, "voyageurs_2019": 214722, "tendance_pct": 41.5}, "geometry": {"type": "Point", "coordinates": [2.738561, 48.33661]}}, {"type": "Feature", "properties": {"nom": "Thaon", "code_insee": "88465", "code_uic": "87144097", "segment": "B", "voyageurs": 303768, "voyageurs_2019": 256138, "tendance_pct": 18.6}, "geometry": {"type": "Point", "coordinates": [6.416384, 48.24465]}}, {"type": "Feature", "properties": {"nom": "Nuits-Saint-Georges", "code_insee": "21464", "code_uic": "87713529", "segment": "B", "voyageurs": 303532, "voyageurs_2019": 243129, "tendance_pct": 24.8}, "geometry": {"type": "Point", "coordinates": [4.956204, 47.130545]}}, {"type": "Feature", "properties": {"nom": "Vic-le-Comte", "code_insee": "63457", "code_uic": "87734186", "segment": "B", "voyageurs": 303094, "voyageurs_2019": 232443, "tendance_pct": 30.4}, "geometry": {"type": "Point", "coordinates": [3.207079, 45.664911]}}, {"type": "Feature", "properties": {"nom": "Rosporden", "code_insee": "29241", "code_uic": "87474155", "segment": "B", "voyageurs": 302899, "voyageurs_2019": 156659, "tendance_pct": 93.3}, "geometry": {"type": "Point", "coordinates": [-3.832763, 47.960273]}}, {"type": "Feature", "properties": {"nom": "Salbris", "code_insee": "41232", "code_uic": "87543165", "segment": "B", "voyageurs": 302844, "voyageurs_2019": 209773, "tendance_pct": 44.4}, "geometry": {"type": "Point", "coordinates": [2.04778, 47.42522]}}, {"type": "Feature", "properties": {"nom": "Èze", "code_insee": "06059", "code_uic": "87756387", "segment": "B", "voyageurs": 301616, "voyageurs_2019": 157317, "tendance_pct": 91.7}, "geometry": {"type": "Point", "coordinates": [7.356803, 43.722184]}}, {"type": "Feature", "properties": {"nom": "Culoz", "code_insee": "01138", "code_uic": "87741074", "segment": "B", "voyageurs": 301073, "voyageurs_2019": 260868, "tendance_pct": 15.4}, "geometry": {"type": "Point", "coordinates": [5.778784, 45.843264]}}, {"type": "Feature", "properties": {"nom": "Saint-Lô", "code_insee": "50502", "code_uic": "87447003", "segment": "B", "voyageurs": 299972, "voyageurs_2019": 209406, "tendance_pct": 43.2}, "geometry": {"type": "Point", "coordinates": [-1.099525, 49.116975]}}, {"type": "Feature", "properties": {"nom": "Portet Saint-Simon", "code_insee": "31433", "code_uic": "87611400", "segment": "B", "voyageurs": 298118, "voyageurs_2019": 293156, "tendance_pct": 1.7}, "geometry": {"type": "Point", "coordinates": [1.389243, 43.527904]}}, {"type": "Feature", "properties": {"nom": "Saint-André-de-Corcy", "code_insee": "01333", "code_uic": "87723734", "segment": "B", "voyageurs": 297521, "voyageurs_2019": 258339, "tendance_pct": 15.2}, "geometry": {"type": "Point", "coordinates": [4.948846, 45.925911]}}, {"type": "Feature", "properties": {"nom": "La Ferté-Bernard", "code_insee": "72132", "code_uic": "87396325", "segment": "B", "voyageurs": 297050, "voyageurs_2019": 288558, "tendance_pct": 2.9}, "geometry": {"type": "Point", "coordinates": [0.639711, 48.186489]}}, {"type": "Feature", "properties": {"nom": "Beynost", "code_insee": "01043", "code_uic": "87723544", "segment": "B", "voyageurs": 294449, "voyageurs_2019": 213302, "tendance_pct": 38.0}, "geometry": {"type": "Point", "coordinates": [5.006969, 45.833915]}}, {"type": "Feature", "properties": {"nom": "Charmes", "code_insee": "88090", "code_uic": "87144055", "segment": "B", "voyageurs": 290535, "voyageurs_2019": 313168, "tendance_pct": -7.2}, "geometry": {"type": "Point", "coordinates": [6.301537, 48.378483]}}, {"type": "Feature", "properties": {"nom": "Boussens", "code_insee": "31084", "code_uic": "87611095", "segment": "B", "voyageurs": 290206, "voyageurs_2019": 190457, "tendance_pct": 52.4}, "geometry": {"type": "Point", "coordinates": [0.972543, 43.179617]}}, {"type": "Feature", "properties": {"nom": "Munster", "code_insee": "68226", "code_uic": "87182394", "segment": "B", "voyageurs": 290061, "voyageurs_2019": 245420, "tendance_pct": 18.2}, "geometry": {"type": "Point", "coordinates": [7.134173, 48.038344]}}, {"type": "Feature", "properties": {"nom": "Barentin", "code_insee": "76057", "code_uic": "87411264", "segment": "B", "voyageurs": 290059, "voyageurs_2019": 238127, "tendance_pct": 21.8}, "geometry": {"type": "Point", "coordinates": [0.953517, 49.549123]}}, {"type": "Feature", "properties": {"nom": "Orgerus - Béhoust", "code_insee": "78465", "code_uic": "87393447", "segment": "B", "voyageurs": 289784, "voyageurs_2019": 223446, "tendance_pct": 29.7}, "geometry": {"type": "Point", "coordinates": [1.702834, 48.826781]}}, {"type": "Feature", "properties": {"nom": "Saint-Cyprien Arènes", "code_insee": "31555", "code_uic": "87446179", "segment": "B", "voyageurs": 289541, "voyageurs_2019": 255054, "tendance_pct": 13.5}, "geometry": {"type": "Point", "coordinates": [1.417986, 43.593438]}}, {"type": "Feature", "properties": {"nom": "Le Pallet", "code_insee": "44117", "code_uic": "87481424", "segment": "B", "voyageurs": 289299, "voyageurs_2019": 209169, "tendance_pct": 38.3}, "geometry": {"type": "Point", "coordinates": [-1.346898, 47.143831]}}, {"type": "Feature", "properties": {"nom": "Viarmes", "code_insee": "95652", "code_uic": "87276568", "segment": "B", "voyageurs": 288919, "voyageurs_2019": 284407, "tendance_pct": 1.6}, "geometry": {"type": "Point", "coordinates": [2.36838, 49.11692]}}, {"type": "Feature", "properties": {"nom": "Rémilly", "code_insee": "57572", "code_uic": "87192237", "segment": "B", "voyageurs": 287018, "voyageurs_2019": 221181, "tendance_pct": 29.8}, "geometry": {"type": "Point", "coordinates": [6.395097, 49.014025]}}, {"type": "Feature", "properties": {"nom": "Saint-Avold", "code_insee": "57690", "code_uic": "87193318", "segment": "B", "voyageurs": 286810, "voyageurs_2019": 250873, "tendance_pct": 14.3}, "geometry": {"type": "Point", "coordinates": [6.720614, 49.085873]}}, {"type": "Feature", "properties": {"nom": "Valognes", "code_insee": "50615", "code_uic": "87447284", "segment": "B", "voyageurs": 282866, "voyageurs_2019": 237486, "tendance_pct": 19.1}, "geometry": {"type": "Point", "coordinates": [-1.47986, 49.505454]}}, {"type": "Feature", "properties": {"nom": "Saint-Vincent-de-Tyrosse", "code_insee": "40284", "code_uic": "87673277", "segment": "B", "voyageurs": 282632, "voyageurs_2019": 165945, "tendance_pct": 70.3}, "geometry": {"type": "Point", "coordinates": [-1.306493, 43.657736]}}, {"type": "Feature", "properties": {"nom": "Morcenx", "code_insee": "40197", "code_uic": "87673103", "segment": "B", "voyageurs": 282478, "voyageurs_2019": 173007, "tendance_pct": 63.3}, "geometry": {"type": "Point", "coordinates": [-0.90864, 44.033565]}}, {"type": "Feature", "properties": {"nom": "Phalempin", "code_insee": "59462", "code_uic": "87286500", "segment": "B", "voyageurs": 280231, "voyageurs_2019": 331190, "tendance_pct": -15.4}, "geometry": {"type": "Point", "coordinates": [3.0199, 50.5154]}}, {"type": "Feature", "properties": {"nom": "Salon-de-Provence", "code_insee": "13103", "code_uic": "87753764", "segment": "B", "voyageurs": 279727, "voyageurs_2019": 251198, "tendance_pct": 11.4}, "geometry": {"type": "Point", "coordinates": [5.088569, 43.639061]}}, {"type": "Feature", "properties": {"nom": "Tassin", "code_insee": "69244", "code_uic": "87721514", "segment": "B", "voyageurs": 279457, "voyageurs_2019": 270869, "tendance_pct": 3.2}, "geometry": {"type": "Point", "coordinates": [4.75857, 45.76151]}}, {"type": "Feature", "properties": {"nom": "Onzain - Chaumont-sur-Loire", "code_insee": "41167", "code_uic": "87574319", "segment": "B", "voyageurs": 278696, "voyageurs_2019": 172742, "tendance_pct": 61.3}, "geometry": {"type": "Point", "coordinates": [1.18595, 47.492]}}, {"type": "Feature", "properties": {"nom": "Faremoutiers - Pommeuse", "code_insee": "77371", "code_uic": "87116277", "segment": "B", "voyageurs": 278489, "voyageurs_2019": 269998, "tendance_pct": 3.1}, "geometry": {"type": "Point", "coordinates": [2.993109, 48.808494]}}, {"type": "Feature", "properties": {"nom": "Fismes", "code_insee": "51250", "code_uic": "87171330", "segment": "B", "voyageurs": 277749, "voyageurs_2019": 188429, "tendance_pct": 47.4}, "geometry": {"type": "Point", "coordinates": [3.68213, 49.310665]}}, {"type": "Feature", "properties": {"nom": "Nogent-sur-Seine", "code_insee": "10268", "code_uic": "87118190", "segment": "B", "voyageurs": 277171, "voyageurs_2019": 189318, "tendance_pct": 46.4}, "geometry": {"type": "Point", "coordinates": [3.493729, 48.497839]}}, {"type": "Feature", "properties": {"nom": "Chasse-sur-Rhône", "code_insee": "38087", "code_uic": "87722561", "segment": "B", "voyageurs": 276928, "voyageurs_2019": 195254, "tendance_pct": 41.8}, "geometry": {"type": "Point", "coordinates": [4.794843, 45.58237]}}, {"type": "Feature", "properties": {"nom": "Charbonnières-les-Bains", "code_insee": "69044", "code_uic": "87721530", "segment": "B", "voyageurs": 276113, "voyageurs_2019": 252754, "tendance_pct": 9.2}, "geometry": {"type": "Point", "coordinates": [4.735912, 45.782142]}}, {"type": "Feature", "properties": {"nom": "Essonnes Robinson", "code_insee": "91174", "code_uic": "87681601", "segment": "B", "voyageurs": 276023, "voyageurs_2019": 281500, "tendance_pct": -1.9}, "geometry": {"type": "Point", "coordinates": [2.463701, 48.606095]}}, {"type": "Feature", "properties": {"nom": "Villefranche-de-Lauragais", "code_insee": "31582", "code_uic": "87615013", "segment": "B", "voyageurs": 275887, "voyageurs_2019": 226072, "tendance_pct": 22.0}, "geometry": {"type": "Point", "coordinates": [1.714725, 43.398537]}}, {"type": "Feature", "properties": {"nom": "Ingwiller", "code_insee": "67222", "code_uic": "87213785", "segment": "B", "voyageurs": 275577, "voyageurs_2019": 206320, "tendance_pct": 33.6}, "geometry": {"type": "Point", "coordinates": [7.477155, 48.872328]}}, {"type": "Feature", "properties": {"nom": "Hochfelden", "code_insee": "67202", "code_uic": "87212167", "segment": "B", "voyageurs": 275247, "voyageurs_2019": 231331, "tendance_pct": 19.0}, "geometry": {"type": "Point", "coordinates": [7.572355, 48.75542]}}, {"type": "Feature", "properties": {"nom": "Boulogne Tintelleries", "code_insee": "62160", "code_uic": "87317016", "segment": "B", "voyageurs": 274672, "voyageurs_2019": 314693, "tendance_pct": -12.7}, "geometry": {"type": "Point", "coordinates": [1.60904, 50.72729]}}, {"type": "Feature", "properties": {"nom": "Lézignan-Corbières", "code_insee": "11203", "code_uic": "87615112", "segment": "B", "voyageurs": 274266, "voyageurs_2019": 97511, "tendance_pct": 181.3}, "geometry": {"type": "Point", "coordinates": [2.769963, 43.199961]}}, {"type": "Feature", "properties": {"nom": "Lamotte-Beuvron", "code_insee": "41106", "code_uic": "87543140", "segment": "B", "voyageurs": 273566, "voyageurs_2019": 190629, "tendance_pct": 43.5}, "geometry": {"type": "Point", "coordinates": [2.022499, 47.593898]}}, {"type": "Feature", "properties": {"nom": "Boissy-l'Aillerie", "code_insee": "95078", "code_uic": "87381152", "segment": "B", "voyageurs": 272565, "voyageurs_2019": 207727, "tendance_pct": 31.2}, "geometry": {"type": "Point", "coordinates": [2.02513, 49.07598]}}, {"type": "Feature", "properties": {"nom": "Saint-Julien-en-Genevois", "code_insee": "74243", "code_uic": "87745430", "segment": "B", "voyageurs": 270947, "voyageurs_2019": 179201, "tendance_pct": 51.2}, "geometry": {"type": "Point", "coordinates": [6.085536, 46.142044]}}, {"type": "Feature", "properties": {"nom": "Sierentz", "code_insee": "68309", "code_uic": "87182105", "segment": "B", "voyageurs": 268981, "voyageurs_2019": 291594, "tendance_pct": -7.8}, "geometry": {"type": "Point", "coordinates": [7.459142, 47.656047]}}, {"type": "Feature", "properties": {"nom": "Montluçon", "code_insee": "03185", "code_uic": "87641001", "segment": "B", "voyageurs": 268492, "voyageurs_2019": 301423, "tendance_pct": -10.9}, "geometry": {"type": "Point", "coordinates": [2.596159, 46.338101]}}, {"type": "Feature", "properties": {"nom": "Wissembourg", "code_insee": "67544", "code_uic": "87213470", "segment": "B", "voyageurs": 267687, "voyageurs_2019": 206134, "tendance_pct": 29.9}, "geometry": {"type": "Point", "coordinates": [7.950144, 49.031889]}}, {"type": "Feature", "properties": {"nom": "Frasne", "code_insee": "25259", "code_uic": "87715136", "segment": "B", "voyageurs": 266898, "voyageurs_2019": 208176, "tendance_pct": 28.2}, "geometry": {"type": "Point", "coordinates": [6.157767, 46.857596]}}, {"type": "Feature", "properties": {"nom": "Saint-Nom-la-Bretèche Forêt de Marly T13", "code_insee": "78224", "code_uic": "87733071", "segment": "B", "voyageurs": 266741, "voyageurs_2019": 0, "tendance_pct": null}, "geometry": {"type": "Point", "coordinates": [2.05094, 48.86794]}}, {"type": "Feature", "properties": {"nom": "Commercy", "code_insee": "55122", "code_uic": "87175257", "segment": "B", "voyageurs": 265631, "voyageurs_2019": 182731, "tendance_pct": 45.4}, "geometry": {"type": "Point", "coordinates": [5.58861, 48.765749]}}, {"type": "Feature", "properties": {"nom": "Auffay", "code_insee": "76034", "code_uic": "87415158", "segment": "B", "voyageurs": 265304, "voyageurs_2019": 214793, "tendance_pct": 23.5}, "geometry": {"type": "Point", "coordinates": [1.098441, 49.716044]}}, {"type": "Feature", "properties": {"nom": "Châteaudun", "code_insee": "28088", "code_uic": "87545756", "segment": "B", "voyageurs": 263411, "voyageurs_2019": 119897, "tendance_pct": 119.7}, "geometry": {"type": "Point", "coordinates": [1.338133, 48.073463]}}, {"type": "Feature", "properties": {"nom": "Mutzig", "code_insee": "67313", "code_uic": "87214585", "segment": "B", "voyageurs": 262879, "voyageurs_2019": 254037, "tendance_pct": 3.5}, "geometry": {"type": "Point", "coordinates": [7.462158, 48.533775]}}, {"type": "Feature", "properties": {"nom": "Janzé", "code_insee": "35136", "code_uic": "87471334", "segment": "B", "voyageurs": 261077, "voyageurs_2019": 160500, "tendance_pct": 62.7}, "geometry": {"type": "Point", "coordinates": [-1.497538, 47.955364]}}, {"type": "Feature", "properties": {"nom": "Villers-Bretonneux", "code_insee": "80799", "code_uic": "87313437", "segment": "B", "voyageurs": 260957, "voyageurs_2019": 168956, "tendance_pct": 54.5}, "geometry": {"type": "Point", "coordinates": [2.52141, 49.86295]}}, {"type": "Feature", "properties": {"nom": "Tonneins", "code_insee": "47310", "code_uic": "87586651", "segment": "B", "voyageurs": 260616, "voyageurs_2019": 177676, "tendance_pct": 46.7}, "geometry": {"type": "Point", "coordinates": [0.314093, 44.392796]}}, {"type": "Feature", "properties": {"nom": "Meuse TGV", "code_insee": "55254", "code_uic": "87147322", "segment": "A", "voyageurs": 258728, "voyageurs_2019": 235255, "tendance_pct": 10.0}, "geometry": {"type": "Point", "coordinates": [5.270954, 48.978549]}}, {"type": "Feature", "properties": {"nom": "Bruz", "code_insee": "35047", "code_uic": "87471037", "segment": "B", "voyageurs": 258664, "voyageurs_2019": 166368, "tendance_pct": 55.5}, "geometry": {"type": "Point", "coordinates": [-1.751809, 48.0286]}}, {"type": "Feature", "properties": {"nom": "Thomery", "code_insee": "77186", "code_uic": "87682252", "segment": "B", "voyageurs": 257937, "voyageurs_2019": 202646, "tendance_pct": 27.3}, "geometry": {"type": "Point", "coordinates": [2.763995, 48.394462]}}, {"type": "Feature", "properties": {"nom": "Bons-en-Chablais", "code_insee": "74043", "code_uic": "87745596", "segment": "B", "voyageurs": 257919, "voyageurs_2019": 104878, "tendance_pct": 145.9}, "geometry": {"type": "Point", "coordinates": [6.366246, 46.270046]}}, {"type": "Feature", "properties": {"nom": "Colomiers", "code_insee": "31149", "code_uic": "87611467", "segment": "B", "voyageurs": 254933, "voyageurs_2019": 239697, "tendance_pct": 6.4}, "geometry": {"type": "Point", "coordinates": [1.334221, 43.603734]}}, {"type": "Feature", "properties": {"nom": "Mulhouse Dornach", "code_insee": "68224", "code_uic": "87182055", "segment": "B", "voyageurs": 253994, "voyageurs_2019": 183583, "tendance_pct": 38.4}, "geometry": {"type": "Point", "coordinates": [7.308477, 47.74713]}}, {"type": "Feature", "properties": {"nom": "Rognac", "code_insee": "13081", "code_uic": "87753251", "segment": "B", "voyageurs": 253768, "voyageurs_2019": 221956, "tendance_pct": 14.3}, "geometry": {"type": "Point", "coordinates": [5.230666, 43.4866]}}, {"type": "Feature", "properties": {"nom": "Saint-Jory", "code_insee": "31490", "code_uic": "87611657", "segment": "B", "voyageurs": 253694, "voyageurs_2019": 154657, "tendance_pct": 64.0}, "geometry": {"type": "Point", "coordinates": [1.371619, 43.738375]}}, {"type": "Feature", "properties": {"nom": "Lentilly Charpenay", "code_insee": "69112", "code_uic": "87566919", "segment": "B", "voyageurs": 253447, "voyageurs_2019": 227003, "tendance_pct": 11.6}, "geometry": {"type": "Point", "coordinates": [4.682401, 45.816525]}}, {"type": "Feature", "properties": {"nom": "Landivisiau", "code_insee": "29105", "code_uic": "87474270", "segment": "B", "voyageurs": 253305, "voyageurs_2019": 151351, "tendance_pct": 67.4}, "geometry": {"type": "Point", "coordinates": [-4.082181, 48.496002]}}, {"type": "Feature", "properties": {"nom": "Villefranche - Vernet-les-Bains", "code_insee": "66085", "code_uic": "87784686", "segment": "B", "voyageurs": 253097, "voyageurs_2019": 138231, "tendance_pct": 83.1}, "geometry": {"type": "Point", "coordinates": [2.370396, 42.591998]}}, {"type": "Feature", "properties": {"nom": "Firminy", "code_insee": "42095", "code_uic": "87726729", "segment": "B", "voyageurs": 253070, "voyageurs_2019": 252108, "tendance_pct": 0.4}, "geometry": {"type": "Point", "coordinates": [4.28643, 45.391625]}}, {"type": "Feature", "properties": {"nom": "Lure", "code_insee": "70310", "code_uic": "87185249", "segment": "B", "voyageurs": 253061, "voyageurs_2019": 194929, "tendance_pct": 29.8}, "geometry": {"type": "Point", "coordinates": [6.492579, 47.683269]}}, {"type": "Feature", "properties": {"nom": "Hoerdt", "code_insee": "67205", "code_uic": "87213686", "segment": "B", "voyageurs": 253028, "voyageurs_2019": 209979, "tendance_pct": 20.5}, "geometry": {"type": "Point", "coordinates": [7.779406, 48.702952]}}, {"type": "Feature", "properties": {"nom": "Saint-Priest", "code_insee": "69290", "code_uic": "87723353", "segment": "B", "voyageurs": 251175, "voyageurs_2019": 156733, "tendance_pct": 60.3}, "geometry": {"type": "Point", "coordinates": [4.934242, 45.686659]}}, {"type": "Feature", "properties": {"nom": "Baume-les-Dames", "code_insee": "25047", "code_uic": "87718460", "segment": "B", "voyageurs": 248858, "voyageurs_2019": 184027, "tendance_pct": 35.2}, "geometry": {"type": "Point", "coordinates": [6.359603, 47.353937]}}, {"type": "Feature", "properties": {"nom": "Cosne-Cours-sur-Loire", "code_insee": "58086", "code_uic": "87696146", "segment": "B", "voyageurs": 247547, "voyageurs_2019": 162150, "tendance_pct": 52.7}, "geometry": {"type": "Point", "coordinates": [2.931981, 47.413996]}}, {"type": "Feature", "properties": {"nom": "Ychoux", "code_insee": "40332", "code_uic": "87582536", "segment": "B", "voyageurs": 247012, "voyageurs_2019": 142217, "tendance_pct": 73.7}, "geometry": {"type": "Point", "coordinates": [-0.946032, 44.329266]}}, {"type": "Feature", "properties": {"nom": "Saint-Maurice-de-Beynost", "code_insee": "01376", "code_uic": "87723536", "segment": "B", "voyageurs": 246556, "voyageurs_2019": 198063, "tendance_pct": 24.5}, "geometry": {"type": "Point", "coordinates": [4.976986, 45.827421]}}, {"type": "Feature", "properties": {"nom": "Moreuil", "code_insee": "80570", "code_uic": "87313320", "segment": "B", "voyageurs": 246328, "voyageurs_2019": 153728, "tendance_pct": 60.2}, "geometry": {"type": "Point", "coordinates": [2.47582, 49.77699]}}, {"type": "Feature", "properties": {"nom": "Saint-Mariens - Saint-Yzan", "code_insee": "33492", "code_uic": "87491209", "segment": "B", "voyageurs": 244855, "voyageurs_2019": 153384, "tendance_pct": 59.6}, "geometry": {"type": "Point", "coordinates": [-0.391782, 45.139072]}}, {"type": "Feature", "properties": {"nom": "Vitry-le-François", "code_insee": "51649", "code_uic": "87174276", "segment": "B", "voyageurs": 243720, "voyageurs_2019": 198938, "tendance_pct": 22.5}, "geometry": {"type": "Point", "coordinates": [4.587581, 48.718142]}}, {"type": "Feature", "properties": {"nom": "Cavaillon", "code_insee": "84035", "code_uic": "87765503", "segment": "B", "voyageurs": 243532, "voyageurs_2019": 199358, "tendance_pct": 22.2}, "geometry": {"type": "Point", "coordinates": [5.043613, 43.834554]}}, {"type": "Feature", "properties": {"nom": "Dourges", "code_insee": "62274", "code_uic": "87345165", "segment": "B", "voyageurs": 242965, "voyageurs_2019": 255384, "tendance_pct": -4.9}, "geometry": {"type": "Point", "coordinates": [2.98697, 50.43192]}}, {"type": "Feature", "properties": {"nom": "Crécy-la-Chapelle", "code_insee": "77142", "code_uic": "87116772", "segment": "B", "voyageurs": 242076, "voyageurs_2019": 190995, "tendance_pct": 26.7}, "geometry": {"type": "Point", "coordinates": [2.905748, 48.859391]}}, {"type": "Feature", "properties": {"nom": "Elbeuf - Saint-Aubin", "code_insee": "76561", "code_uic": "87411173", "segment": "B", "voyageurs": 241981, "voyageurs_2019": 250325, "tendance_pct": -3.3}, "geometry": {"type": "Point", "coordinates": [1.00993, 49.302766]}}, {"type": "Feature", "properties": {"nom": "Revin", "code_insee": "08363", "code_uic": "87172080", "segment": "B", "voyageurs": 241975, "voyageurs_2019": 173618, "tendance_pct": 39.4}, "geometry": {"type": "Point", "coordinates": [4.642536, 49.938756]}}, {"type": "Feature", "properties": {"nom": "Challans", "code_insee": "85047", "code_uic": "87481390", "segment": "B", "voyageurs": 241956, "voyageurs_2019": 179537, "tendance_pct": 34.8}, "geometry": {"type": "Point", "coordinates": [-1.871879, 46.843962]}}, {"type": "Feature", "properties": {"nom": "La Ferté-Saint-Aubin", "code_insee": "45146", "code_uic": "87543124", "segment": "B", "voyageurs": 241833, "voyageurs_2019": 148325, "tendance_pct": 63.0}, "geometry": {"type": "Point", "coordinates": [1.93236, 47.720975]}}, {"type": "Feature", "properties": {"nom": "Sainte-Foy-la-Grande", "code_insee": "33402", "code_uic": "87584193", "segment": "B", "voyageurs": 241484, "voyageurs_2019": 134092, "tendance_pct": 80.1}, "geometry": {"type": "Point", "coordinates": [0.221519, 44.836886]}}, {"type": "Feature", "properties": {"nom": "Ecully - Tassin", "code_insee": "69244", "code_uic": "87721506", "segment": "B", "voyageurs": 240929, "voyageurs_2019": 223872, "tendance_pct": 7.6}, "geometry": {"type": "Point", "coordinates": [4.779524, 45.765716]}}, {"type": "Feature", "properties": {"nom": "Thann Saint-Jacques", "code_insee": "68334", "code_uic": "87182881", "segment": "B", "voyageurs": 240303, "voyageurs_2019": 153093, "tendance_pct": 57.0}, "geometry": {"type": "Point", "coordinates": [7.093847, 47.813316]}}, {"type": "Feature", "properties": {"nom": "La Garde", "code_insee": "83062", "code_uic": "87755306", "segment": "B", "voyageurs": 239302, "voyageurs_2019": 133493, "tendance_pct": 79.3}, "geometry": {"type": "Point", "coordinates": [6.010077, 43.118704]}}, {"type": "Feature", "properties": {"nom": "Vesoul", "code_insee": "70550", "code_uic": "87185009", "segment": "B", "voyageurs": 236846, "voyageurs_2019": 200673, "tendance_pct": 18.0}, "geometry": {"type": "Point", "coordinates": [6.151926, 47.617773]}}, {"type": "Feature", "properties": {"nom": "Tacoignières - Richebourg", "code_insee": "78605", "code_uic": "87393454", "segment": "B", "voyageurs": 236590, "voyageurs_2019": 195739, "tendance_pct": 20.9}, "geometry": {"type": "Point", "coordinates": [1.668957, 48.829583]}}, {"type": "Feature", "properties": {"nom": "Obermodern-Zutzendorf", "code_insee": "67347", "code_uic": "87213165", "segment": "B", "voyageurs": 231110, "voyageurs_2019": 186710, "tendance_pct": 23.8}, "geometry": {"type": "Point", "coordinates": [7.547015, 48.842608]}}, {"type": "Feature", "properties": {"nom": "Leforest", "code_insee": "62497", "code_uic": "87345223", "segment": "B", "voyageurs": 231080, "voyageurs_2019": 270847, "tendance_pct": -14.7}, "geometry": {"type": "Point", "coordinates": [3.05977, 50.4278]}}, {"type": "Feature", "properties": {"nom": "Saint-Maixent-L'École", "code_insee": "79270", "code_uic": "87485490", "segment": "B", "voyageurs": 231063, "voyageurs_2019": 177546, "tendance_pct": 30.1}, "geometry": {"type": "Point", "coordinates": [-0.201073, 46.406607]}}, {"type": "Feature", "properties": {"nom": "Petit Vaux", "code_insee": "91216", "code_uic": "87393652", "segment": "B", "voyageurs": 230834, "voyageurs_2019": 382123, "tendance_pct": -39.6}, "geometry": {"type": "Point", "coordinates": [2.333976, 48.675859]}}, {"type": "Feature", "properties": {"nom": "La Valbonne", "code_insee": "01032", "code_uic": "87723577", "segment": "B", "voyageurs": 230674, "voyageurs_2019": 201648, "tendance_pct": 14.4}, "geometry": {"type": "Point", "coordinates": [5.124911, 45.849225]}}, {"type": "Feature", "properties": {"nom": "Soultz-sous-Forêts", "code_insee": "67474", "code_uic": "87213421", "segment": "B", "voyageurs": 230673, "voyageurs_2019": 181588, "tendance_pct": 27.0}, "geometry": {"type": "Point", "coordinates": [7.882718, 48.934769]}}, {"type": "Feature", "properties": {"nom": "Pornic", "code_insee": "44131", "code_uic": "87481283", "segment": "B", "voyageurs": 230185, "voyageurs_2019": 148639, "tendance_pct": 54.9}, "geometry": {"type": "Point", "coordinates": [-2.097557, 47.114562]}}, {"type": "Feature", "properties": {"nom": "La Souterraine", "code_insee": "23176", "code_uic": "87592378", "segment": "B", "voyageurs": 229748, "voyageurs_2019": 190754, "tendance_pct": 20.4}, "geometry": {"type": "Point", "coordinates": [1.492151, 46.239792]}}, {"type": "Feature", "properties": {"nom": "Pont Petit", "code_insee": "95572", "code_uic": "87276154", "segment": "B", "voyageurs": 229535, "voyageurs_2019": 300226, "tendance_pct": -23.5}, "geometry": {"type": "Point", "coordinates": [2.13046, 49.06004]}}, {"type": "Feature", "properties": {"nom": "Saint-Dizier", "code_insee": "52448", "code_uic": "87175000", "segment": "B", "voyageurs": 229213, "voyageurs_2019": 200921, "tendance_pct": 14.1}, "geometry": {"type": "Point", "coordinates": [4.947855, 48.642404]}}, {"type": "Feature", "properties": {"nom": "Mouans-Sartoux", "code_insee": "06084", "code_uic": "87401323", "segment": "B", "voyageurs": 229013, "voyageurs_2019": 165696, "tendance_pct": 38.2}, "geometry": {"type": "Point", "coordinates": [6.974114, 43.620318]}}, {"type": "Feature", "properties": {"nom": "Rosheim", "code_insee": "67411", "code_uic": "87214320", "segment": "B", "voyageurs": 228925, "voyageurs_2019": 223447, "tendance_pct": 2.5}, "geometry": {"type": "Point", "coordinates": [7.49093, 48.50525]}}, {"type": "Feature", "properties": {"nom": "Niederbronn-les-Bains", "code_insee": "67324", "code_uic": "87213256", "segment": "B", "voyageurs": 228854, "voyageurs_2019": 128680, "tendance_pct": 77.8}, "geometry": {"type": "Point", "coordinates": [7.634135, 48.952399]}}, {"type": "Feature", "properties": {"nom": "Rue", "code_insee": "80688", "code_uic": "87317404", "segment": "B", "voyageurs": 228438, "voyageurs_2019": 105527, "tendance_pct": 116.5}, "geometry": {"type": "Point", "coordinates": [1.6757, 50.27308]}}, {"type": "Feature", "properties": {"nom": "Vauboyen", "code_insee": "78322", "code_uic": "87393538", "segment": "B", "voyageurs": 228278, "voyageurs_2019": 236149, "tendance_pct": -3.3}, "geometry": {"type": "Point", "coordinates": [2.192119, 48.759057]}}, {"type": "Feature", "properties": {"nom": "Champbenoist - Poigny", "code_insee": "77368", "code_uic": "87115873", "segment": "B", "voyageurs": 227895, "voyageurs_2019": 220552, "tendance_pct": 3.3}, "geometry": {"type": "Point", "coordinates": [3.287434, 48.545567]}}, {"type": "Feature", "properties": {"nom": "Carentan", "code_insee": "50099", "code_uic": "87447243", "segment": "B", "voyageurs": 227651, "voyageurs_2019": 198781, "tendance_pct": 14.5}, "geometry": {"type": "Point", "coordinates": [-1.244938, 49.302482]}}, {"type": "Feature", "properties": {"nom": "Mouy - Bury", "code_insee": "60116", "code_uic": "87313577", "segment": "B", "voyageurs": 227429, "voyageurs_2019": 177877, "tendance_pct": 27.9}, "geometry": {"type": "Point", "coordinates": [2.32635, 49.32045]}}, {"type": "Feature", "properties": {"nom": "Gambsheim", "code_insee": "67151", "code_uic": "87212332", "segment": "B", "voyageurs": 227321, "voyageurs_2019": 194564, "tendance_pct": 16.8}, "geometry": {"type": "Point", "coordinates": [7.879188, 48.69487]}}, {"type": "Feature", "properties": {"nom": "Guichen - Bourg-des-Comptes", "code_insee": "35126", "code_uic": "87471151", "segment": "B", "voyageurs": 226719, "voyageurs_2019": 169836, "tendance_pct": 33.5}, "geometry": {"type": "Point", "coordinates": [-1.760185, 47.935096]}}, {"type": "Feature", "properties": {"nom": "Habsheim", "code_insee": "68118", "code_uic": "87182089", "segment": "B", "voyageurs": 225132, "voyageurs_2019": 245909, "tendance_pct": -8.4}, "geometry": {"type": "Point", "coordinates": [7.417979, 47.737691]}}, {"type": "Feature", "properties": {"nom": "Illiers-Combray", "code_insee": "28196", "code_uic": "87394437", "segment": "B", "voyageurs": 223978, "voyageurs_2019": 166364, "tendance_pct": 34.6}, "geometry": {"type": "Point", "coordinates": [1.244875, 48.303937]}}, {"type": "Feature", "properties": {"nom": "Reichshoffen", "code_insee": "67388", "code_uic": "87213249", "segment": "B", "voyageurs": 223839, "voyageurs_2019": 162837, "tendance_pct": 37.5}, "geometry": {"type": "Point", "coordinates": [7.658132, 48.931058]}}, {"type": "Feature", "properties": {"nom": "Saint-Astier", "code_insee": "24372", "code_uic": "87595249", "segment": "B", "voyageurs": 223591, "voyageurs_2019": 140127, "tendance_pct": 59.6}, "geometry": {"type": "Point", "coordinates": [0.522808, 45.139027]}}, {"type": "Feature", "properties": {"nom": "Issoudun", "code_insee": "36088", "code_uic": "87597062", "segment": "B", "voyageurs": 222979, "voyageurs_2019": 180515, "tendance_pct": 23.5}, "geometry": {"type": "Point", "coordinates": [1.985834, 46.948763]}}, {"type": "Feature", "properties": {"nom": "Vénissieux", "code_insee": "69259", "code_uic": "87723320", "segment": "B", "voyageurs": 222965, "voyageurs_2019": 185295, "tendance_pct": 20.3}, "geometry": {"type": "Point", "coordinates": [4.888109, 45.705551]}}, {"type": "Feature", "properties": {"nom": "Crouy-sur-Ourcq", "code_insee": "77148", "code_uic": "87116640", "segment": "B", "voyageurs": 222528, "voyageurs_2019": 204707, "tendance_pct": 8.7}, "geometry": {"type": "Point", "coordinates": [3.063081, 49.091821]}}, {"type": "Feature", "properties": {"nom": "Coutances", "code_insee": "50147", "code_uic": "87447110", "segment": "B", "voyageurs": 222446, "voyageurs_2019": 132814, "tendance_pct": 67.5}, "geometry": {"type": "Point", "coordinates": [-1.441726, 49.042928]}}, {"type": "Feature", "properties": {"nom": "Bléré - La Croix", "code_insee": "37091", "code_uic": "87574475", "segment": "B", "voyageurs": 220895, "voyageurs_2019": 145603, "tendance_pct": 51.7}, "geometry": {"type": "Point", "coordinates": [0.987758, 47.337723]}}, {"type": "Feature", "properties": {"nom": "Briançon", "code_insee": "05023", "code_uic": "87763607", "segment": "B", "voyageurs": 220693, "voyageurs_2019": 156681, "tendance_pct": 40.9}, "geometry": {"type": "Point", "coordinates": [6.633007, 44.889853]}}, {"type": "Feature", "properties": {"nom": "Sorgues - Châteauneuf-du-Pape", "code_insee": "84129", "code_uic": "87765206", "segment": "B", "voyageurs": 220204, "voyageurs_2019": 177236, "tendance_pct": 24.2}, "geometry": {"type": "Point", "coordinates": [4.875618, 44.005391]}}, {"type": "Feature", "properties": {"nom": "Chamonix-Mont-Blanc", "code_insee": "74056", "code_uic": "87746784", "segment": "B", "voyageurs": 220169, "voyageurs_2019": 150679, "tendance_pct": 46.1}, "geometry": {"type": "Point", "coordinates": [6.87363, 45.92277]}}, {"type": "Feature", "properties": {"nom": "Argenton-sur-Creuse", "code_insee": "36006", "code_uic": "87597120", "segment": "B", "voyageurs": 220029, "voyageurs_2019": 153723, "tendance_pct": 43.1}, "geometry": {"type": "Point", "coordinates": [1.518305, 46.592248]}}, {"type": "Feature", "properties": {"nom": "Montdidier", "code_insee": "80561", "code_uic": "87313346", "segment": "B", "voyageurs": 219652, "voyageurs_2019": 158727, "tendance_pct": 38.4}, "geometry": {"type": "Point", "coordinates": [2.563, 49.64147]}}, {"type": "Feature", "properties": {"nom": "Cazères", "code_insee": "31135", "code_uic": "87611079", "segment": "B", "voyageurs": 218343, "voyageurs_2019": 152020, "tendance_pct": 43.6}, "geometry": {"type": "Point", "coordinates": [1.083106, 43.212834]}}, {"type": "Feature", "properties": {"nom": "Montréjeau - Gourdan-Polignan", "code_insee": "31224", "code_uic": "87611152", "segment": "B", "voyageurs": 218241, "voyageurs_2019": 113771, "tendance_pct": 91.8}, "geometry": {"type": "Point", "coordinates": [0.5735, 43.078109]}}, {"type": "Feature", "properties": {"nom": "Pontchâteau", "code_insee": "44129", "code_uic": "87481846", "segment": "B", "voyageurs": 217942, "voyageurs_2019": 202871, "tendance_pct": 7.4}, "geometry": {"type": "Point", "coordinates": [-2.088201, 47.435399]}}, {"type": "Feature", "properties": {"nom": "Le Pont-de-Beauvoisin", "code_insee": "38315", "code_uic": "87741470", "segment": "B", "voyageurs": 217885, "voyageurs_2019": 143917, "tendance_pct": 51.4}, "geometry": {"type": "Point", "coordinates": [5.680772, 45.524636]}}, {"type": "Feature", "properties": {"nom": "Thann", "code_insee": "68334", "code_uic": "87182568", "segment": "B", "voyageurs": 217729, "voyageurs_2019": 163382, "tendance_pct": 33.3}, "geometry": {"type": "Point", "coordinates": [7.106979, 47.808821]}}, {"type": "Feature", "properties": {"nom": "Ostricourt", "code_insee": "59452", "code_uic": "87345249", "segment": "B", "voyageurs": 217494, "voyageurs_2019": 171215, "tendance_pct": 27.0}, "geometry": {"type": "Point", "coordinates": [3.03244, 50.44542]}}, {"type": "Feature", "properties": {"nom": "Futuroscope", "code_insee": "86062", "code_uic": "87324095", "segment": "B", "voyageurs": 216255, "voyageurs_2019": 153691, "tendance_pct": 40.7}, "geometry": {"type": "Point", "coordinates": [0.377209, 46.669918]}}, {"type": "Feature", "properties": {"nom": "Chars", "code_insee": "95142", "code_uic": "87381194", "segment": "B", "voyageurs": 215041, "voyageurs_2019": 216668, "tendance_pct": -0.8}, "geometry": {"type": "Point", "coordinates": [1.93671, 49.16268]}}, {"type": "Feature", "properties": {"nom": "Sainte-Pazanne", "code_insee": "44186", "code_uic": "87481226", "segment": "B", "voyageurs": 214484, "voyageurs_2019": 187946, "tendance_pct": 14.1}, "geometry": {"type": "Point", "coordinates": [-1.813874, 47.105542]}}, {"type": "Feature", "properties": {"nom": "Figeac", "code_insee": "46102", "code_uic": "87613091", "segment": "B", "voyageurs": 214108, "voyageurs_2019": 99922, "tendance_pct": 114.3}, "geometry": {"type": "Point", "coordinates": [2.037355, 44.603515]}}, {"type": "Feature", "properties": {"nom": "Servon-sur-Vilaine", "code_insee": "35327", "code_uic": "87471532", "segment": "B", "voyageurs": 214051, "voyageurs_2019": 123451, "tendance_pct": 73.4}, "geometry": {"type": "Point", "coordinates": [-1.466776, 48.112224]}}, {"type": "Feature", "properties": {"nom": "Pornichet", "code_insee": "44132", "code_uic": "87481747", "segment": "B", "voyageurs": 213796, "voyageurs_2019": 140577, "tendance_pct": 52.1}, "geometry": {"type": "Point", "coordinates": [-2.344577, 47.270535]}}, {"type": "Feature", "properties": {"nom": "L'Aigle", "code_insee": "61214", "code_uic": "87444638", "segment": "B", "voyageurs": 213643, "voyageurs_2019": 150610, "tendance_pct": 41.9}, "geometry": {"type": "Point", "coordinates": [0.620014, 48.766229]}}, {"type": "Feature", "properties": {"nom": "Saint-André-le-Gaz", "code_insee": "38357", "code_uic": "87723494", "segment": "B", "voyageurs": 213574, "voyageurs_2019": 153540, "tendance_pct": 39.1}, "geometry": {"type": "Point", "coordinates": [5.524187, 45.544518]}}, {"type": "Feature", "properties": {"nom": "Faulquemont", "code_insee": "57209", "code_uic": "87193359", "segment": "B", "voyageurs": 213076, "voyageurs_2019": 194382, "tendance_pct": 9.6}, "geometry": {"type": "Point", "coordinates": [6.603977, 49.045339]}}, {"type": "Feature", "properties": {"nom": "Vieux-Thann", "code_insee": "68348", "code_uic": "87182550", "segment": "B", "voyageurs": 211345, "voyageurs_2019": 154545, "tendance_pct": 36.8}, "geometry": {"type": "Point", "coordinates": [7.11949, 47.80585]}}, {"type": "Feature", "properties": {"nom": "Lison", "code_insee": "14367", "code_uic": "87447219", "segment": "B", "voyageurs": 211039, "voyageurs_2019": 170736, "tendance_pct": 23.6}, "geometry": {"type": "Point", "coordinates": [-1.050339, 49.226834]}}, {"type": "Feature", "properties": {"nom": "Krimmeri Meinau", "code_insee": "67482", "code_uic": "87338525", "segment": "B", "voyageurs": 210237, "voyageurs_2019": 165140, "tendance_pct": 27.3}, "geometry": {"type": "Point", "coordinates": [7.75259, 48.56358]}}, {"type": "Feature", "properties": {"nom": "Venerque - Vernet", "code_insee": "31574", "code_uic": "87611392", "segment": "B", "voyageurs": 209714, "voyageurs_2019": 174216, "tendance_pct": 20.4}, "geometry": {"type": "Point", "coordinates": [1.426079, 43.433361]}}, {"type": "Feature", "properties": {"nom": "Vendenheim", "code_insee": "67506", "code_uic": "87212118", "segment": "B", "voyageurs": 208259, "voyageurs_2019": 123981, "tendance_pct": 68.0}, "geometry": {"type": "Point", "coordinates": [7.717782, 48.665966]}}, {"type": "Feature", "properties": {"nom": "Cesson-Sévigné", "code_insee": "35051", "code_uic": "87334490", "segment": "B", "voyageurs": 207859, "voyageurs_2019": 145459, "tendance_pct": 42.9}, "geometry": {"type": "Point", "coordinates": [-1.60211, 48.11281]}}, {"type": "Feature", "properties": {"nom": "Mussidan", "code_insee": "24299", "code_uic": "87595298", "segment": "B", "voyageurs": 207820, "voyageurs_2019": 193647, "tendance_pct": 7.3}, "geometry": {"type": "Point", "coordinates": [0.354071, 45.034329]}}, {"type": "Feature", "properties": {"nom": "Tarascon", "code_insee": "13108", "code_uic": "87765354", "segment": "B", "voyageurs": 207789, "voyageurs_2019": 213447, "tendance_pct": -2.7}, "geometry": {"type": "Point", "coordinates": [4.657206, 43.801331]}}, {"type": "Feature", "properties": {"nom": "Achères Grand Cormier", "code_insee": "78551", "code_uic": "87386052", "segment": "B", "voyageurs": 207774, "voyageurs_2019": 221003, "tendance_pct": -6.0}, "geometry": {"type": "Point", "coordinates": [2.091903, 48.955183]}}, {"type": "Feature", "properties": {"nom": "Lancey", "code_insee": "38547", "code_uic": "87417501", "segment": "B", "voyageurs": 207301, "voyageurs_2019": 170748, "tendance_pct": 21.4}, "geometry": {"type": "Point", "coordinates": [5.880976, 45.234478]}}, {"type": "Feature", "properties": {"nom": "Boutigny-sur-Essonne", "code_insee": "91099", "code_uic": "87681478", "segment": "B", "voyageurs": 207151, "voyageurs_2019": 174695, "tendance_pct": 18.6}, "geometry": {"type": "Point", "coordinates": [2.37636, 48.43495]}}, {"type": "Feature", "properties": {"nom": "Bergues", "code_insee": "59067", "code_uic": "87281105", "segment": "B", "voyageurs": 206893, "voyageurs_2019": 202757, "tendance_pct": 2.0}, "geometry": {"type": "Point", "coordinates": [2.42574, 50.96901]}}, {"type": "Feature", "properties": {"nom": "Vinay", "code_insee": "38559", "code_uic": "87761726", "segment": "B", "voyageurs": 206591, "voyageurs_2019": 170161, "tendance_pct": 21.4}, "geometry": {"type": "Point", "coordinates": [5.41005, 45.20797]}}, {"type": "Feature", "properties": {"nom": "Bollène La Croisière", "code_insee": "84019", "code_uic": "87764357", "segment": "B", "voyageurs": 206581, "voyageurs_2019": 134248, "tendance_pct": 53.9}, "geometry": {"type": "Point", "coordinates": [4.707908, 44.271525]}}, {"type": "Feature", "properties": {"nom": "Rezé Pont Rousseau", "code_insee": "44143", "code_uic": "87481036", "segment": "B", "voyageurs": 206368, "voyageurs_2019": 184589, "tendance_pct": 11.8}, "geometry": {"type": "Point", "coordinates": [-1.549545, 47.193242]}}, {"type": "Feature", "properties": {"nom": "Castillon-la-Bataille", "code_insee": "33108", "code_uic": "87584136", "segment": "B", "voyageurs": 206340, "voyageurs_2019": 101245, "tendance_pct": 103.8}, "geometry": {"type": "Point", "coordinates": [-0.04066, 44.856999]}}, {"type": "Feature", "properties": {"nom": "Saint-Pol-sur-Ternoise", "code_insee": "62767", "code_uic": "87342337", "segment": "B", "voyageurs": 206222, "voyageurs_2019": 172970, "tendance_pct": 19.2}, "geometry": {"type": "Point", "coordinates": [2.33939, 50.37913]}}, {"type": "Feature", "properties": {"nom": "Sucé-sur-Erdre", "code_insee": "44201", "code_uic": "87590828", "segment": "B", "voyageurs": 205804, "voyageurs_2019": 195057, "tendance_pct": 5.5}, "geometry": {"type": "Point", "coordinates": [-1.529987, 47.343135]}}, {"type": "Feature", "properties": {"nom": "Les Laumes Alésia", "code_insee": "21663", "code_uic": "87713115", "segment": "B", "voyageurs": 205229, "voyageurs_2019": 167251, "tendance_pct": 22.7}, "geometry": {"type": "Point", "coordinates": [4.462602, 47.543054]}}, {"type": "Feature", "properties": {"nom": "Billy-Montigny", "code_insee": "62133", "code_uic": "87345140", "segment": "B", "voyageurs": 204997, "voyageurs_2019": 233559, "tendance_pct": -12.2}, "geometry": {"type": "Point", "coordinates": [2.91206, 50.41556]}}, {"type": "Feature", "properties": {"nom": "Aurillac", "code_insee": "15014", "code_uic": "87645002", "segment": "B", "voyageurs": 204937, "voyageurs_2019": 120175, "tendance_pct": 70.5}, "geometry": {"type": "Point", "coordinates": [2.435655, 44.921092]}}, {"type": "Feature", "properties": {"nom": "Reignier-Ésery", "code_insee": "74220", "code_uic": "87746511", "segment": "B", "voyageurs": 204670, "voyageurs_2019": 42475, "tendance_pct": 381.9}, "geometry": {"type": "Point", "coordinates": [6.267547, 46.125616]}}, {"type": "Feature", "properties": {"nom": "Montpon-Ménestérol", "code_insee": "24294", "code_uic": "87595322", "segment": "B", "voyageurs": 204596, "voyageurs_2019": 162574, "tendance_pct": 25.8}, "geometry": {"type": "Point", "coordinates": [0.159328, 45.006326]}}, {"type": "Feature", "properties": {"nom": "Lannemezan", "code_insee": "65258", "code_uic": "87671123", "segment": "B", "voyageurs": 204235, "voyageurs_2019": 67169, "tendance_pct": 204.1}, "geometry": {"type": "Point", "coordinates": [0.387367, 43.114273]}}, {"type": "Feature", "properties": {"nom": "Ham", "code_insee": "80579", "code_uic": "87313494", "segment": "B", "voyageurs": 203396, "voyageurs_2019": 128871, "tendance_pct": 57.8}, "geometry": {"type": "Point", "coordinates": [3.07052, 49.73985]}}, {"type": "Feature", "properties": {"nom": "Les Martres-de-Veyre", "code_insee": "63214", "code_uic": "87734178", "segment": "B", "voyageurs": 202952, "voyageurs_2019": 151831, "tendance_pct": 33.7}, "geometry": {"type": "Point", "coordinates": [3.193228, 45.688155]}}, {"type": "Feature", "properties": {"nom": "Fécamp", "code_insee": "76259", "code_uic": "87413542", "segment": "B", "voyageurs": 202916, "voyageurs_2019": 162037, "tendance_pct": 25.2}, "geometry": {"type": "Point", "coordinates": [0.375287, 49.759277]}}, {"type": "Feature", "properties": {"nom": "Is-sur-Tille", "code_insee": "21383", "code_uic": "87713859", "segment": "B", "voyageurs": 202783, "voyageurs_2019": 137104, "tendance_pct": 47.9}, "geometry": {"type": "Point", "coordinates": [5.129481, 47.520454]}}, {"type": "Feature", "properties": {"nom": "Oullins", "code_insee": "69149", "code_uic": "87722207", "segment": "B", "voyageurs": 202607, "voyageurs_2019": 164130, "tendance_pct": 23.4}, "geometry": {"type": "Point", "coordinates": [4.813579, 45.716626]}}, {"type": "Feature", "properties": {"nom": "Pontarlier", "code_insee": "25462", "code_uic": "87715003", "segment": "B", "voyageurs": 202187, "voyageurs_2019": 180972, "tendance_pct": 11.7}, "geometry": {"type": "Point", "coordinates": [6.353524, 46.900944]}}, {"type": "Feature", "properties": {"nom": "Pavilly", "code_insee": "76495", "code_uic": "87411272", "segment": "B", "voyageurs": 201948, "voyageurs_2019": 181651, "tendance_pct": 11.2}, "geometry": {"type": "Point", "coordinates": [0.950644, 49.563897]}}, {"type": "Feature", "properties": {"nom": "Chinon", "code_insee": "37072", "code_uic": "87571687", "segment": "B", "voyageurs": 201445, "voyageurs_2019": 139060, "tendance_pct": 44.9}, "geometry": {"type": "Point", "coordinates": [0.251538, 47.163047]}}, {"type": "Feature", "properties": {"nom": "Bayon", "code_insee": "54585", "code_uic": "87141218", "segment": "B", "voyageurs": 200592, "voyageurs_2019": 139986, "tendance_pct": 43.3}, "geometry": {"type": "Point", "coordinates": [6.322569, 48.468046]}}, {"type": "Feature", "properties": {"nom": "Argelès-sur-Mer", "code_insee": "66008", "code_uic": "87784231", "segment": "B", "voyageurs": 200444, "voyageurs_2019": 117724, "tendance_pct": 70.3}, "geometry": {"type": "Point", "coordinates": [3.022349, 42.54397]}}, {"type": "Feature", "properties": {"nom": "Collioure", "code_insee": "66053", "code_uic": "87784256", "segment": "B", "voyageurs": 200121, "voyageurs_2019": 101806, "tendance_pct": 96.6}, "geometry": {"type": "Point", "coordinates": [3.078232, 42.526944]}}, {"type": "Feature", "properties": {"nom": "Marignier", "code_insee": "74164", "code_uic": "87746347", "segment": "B", "voyageurs": 199388, "voyageurs_2019": 146796, "tendance_pct": 35.8}, "geometry": {"type": "Point", "coordinates": [6.507826, 46.088782]}}, {"type": "Feature", "properties": {"nom": "Brax - Léguevin", "code_insee": "31088", "code_uic": "87611822", "segment": "B", "voyageurs": 199193, "voyageurs_2019": 174997, "tendance_pct": 13.8}, "geometry": {"type": "Point", "coordinates": [1.236922, 43.614887]}}, {"type": "Feature", "properties": {"nom": "Tulle", "code_insee": "19272", "code_uic": "87594499", "segment": "B", "voyageurs": 198358, "voyageurs_2019": 134327, "tendance_pct": 47.7}, "geometry": {"type": "Point", "coordinates": [1.756467, 45.258725]}}, {"type": "Feature", "properties": {"nom": "Plouaret Trégor", "code_insee": "22207", "code_uic": "87473181", "segment": "B", "voyageurs": 197837, "voyageurs_2019": 120570, "tendance_pct": 64.1}, "geometry": {"type": "Point", "coordinates": [-3.466823, 48.606282]}}, {"type": "Feature", "properties": {"nom": "Rixheim", "code_insee": "68278", "code_uic": "87182071", "segment": "B", "voyageurs": 197542, "voyageurs_2019": 201126, "tendance_pct": -1.8}, "geometry": {"type": "Point", "coordinates": [7.406404, 47.74896]}}, {"type": "Feature", "properties": {"nom": "Belloy - Saint-Martin", "code_insee": "95056", "code_uic": "87276550", "segment": "B", "voyageurs": 197421, "voyageurs_2019": 182798, "tendance_pct": 8.0}, "geometry": {"type": "Point", "coordinates": [2.36135, 49.09807]}}, {"type": "Feature", "properties": {"nom": "Herrlisheim", "code_insee": "67194", "code_uic": "87212340", "segment": "B", "voyageurs": 197381, "voyageurs_2019": 171268, "tendance_pct": 15.2}, "geometry": {"type": "Point", "coordinates": [7.910259, 48.727906]}}, {"type": "Feature", "properties": {"nom": "Duttlenheim", "code_insee": "67080", "code_uic": "87214544", "segment": "B", "voyageurs": 197358, "voyageurs_2019": 185177, "tendance_pct": 6.6}, "geometry": {"type": "Point", "coordinates": [7.566153, 48.545353]}}, {"type": "Feature", "properties": {"nom": "Lillers", "code_insee": "62516", "code_uic": "87342238", "segment": "B", "voyageurs": 197032, "voyageurs_2019": 199562, "tendance_pct": -1.3}, "geometry": {"type": "Point", "coordinates": [2.47903, 50.56163]}}, {"type": "Feature", "properties": {"nom": "Moirans La Galifette", "code_insee": "38239", "code_uic": "87747691", "segment": "B", "voyageurs": 195920, "voyageurs_2019": 203615, "tendance_pct": -3.8}, "geometry": {"type": "Point", "coordinates": [5.56517, 45.324154]}}, {"type": "Feature", "properties": {"nom": "Toulon Sainte-Musse", "code_insee": "83137", "code_uic": "87742262", "segment": "C", "voyageurs": 195074, "voyageurs_2019": 0, "tendance_pct": null}, "geometry": {"type": "Point", "coordinates": [5.972755, 43.125114]}}, {"type": "Feature", "properties": {"nom": "Rabastens - Coufouleux", "code_insee": "81070", "code_uic": "87615328", "segment": "B", "voyageurs": 193996, "voyageurs_2019": 152727, "tendance_pct": 27.0}, "geometry": {"type": "Point", "coordinates": [1.730567, 43.819751]}}, {"type": "Feature", "properties": {"nom": "La Charité-sur-Loire", "code_insee": "58059", "code_uic": "87696195", "segment": "B", "voyageurs": 193984, "voyageurs_2019": 134915, "tendance_pct": 43.8}, "geometry": {"type": "Point", "coordinates": [3.023883, 47.179914]}}, {"type": "Feature", "properties": {"nom": "Les Échets", "code_insee": "01249", "code_uic": "87723718", "segment": "B", "voyageurs": 193909, "voyageurs_2019": 160821, "tendance_pct": 20.6}, "geometry": {"type": "Point", "coordinates": [4.910821, 45.874668]}}, {"type": "Feature", "properties": {"nom": "Monts", "code_insee": "37159", "code_uic": "87575035", "segment": "B", "voyageurs": 193782, "voyageurs_2019": 128273, "tendance_pct": 51.1}, "geometry": {"type": "Point", "coordinates": [0.65448, 47.2818]}}, {"type": "Feature", "properties": {"nom": "Chalonnes-sur-Loire", "code_insee": "49063", "code_uic": "87484204", "segment": "B", "voyageurs": 193212, "voyageurs_2019": 176200, "tendance_pct": 9.7}, "geometry": {"type": "Point", "coordinates": [-0.74306, 47.34306]}}, {"type": "Feature", "properties": {"nom": "Chemillé-en-Anjou", "code_insee": "49092", "code_uic": "87484246", "segment": "B", "voyageurs": 193192, "voyageurs_2019": 156909, "tendance_pct": 23.1}, "geometry": {"type": "Point", "coordinates": [-0.731989, 47.217748]}}, {"type": "Feature", "properties": {"nom": "Labège Innopole", "code_insee": "31254", "code_uic": "87612002", "segment": "B", "voyageurs": 193090, "voyageurs_2019": 192154, "tendance_pct": 0.5}, "geometry": {"type": "Point", "coordinates": [1.512978, 43.547361]}}, {"type": "Feature", "properties": {"nom": "Saint-Vit", "code_insee": "25527", "code_uic": "87718320", "segment": "B", "voyageurs": 193061, "voyageurs_2019": 125721, "tendance_pct": 53.6}, "geometry": {"type": "Point", "coordinates": [5.809057, 47.183507]}}, {"type": "Feature", "properties": {"nom": "Beynes", "code_insee": "78062", "code_uic": "87393363", "segment": "B", "voyageurs": 192999, "voyageurs_2019": 192598, "tendance_pct": 0.2}, "geometry": {"type": "Point", "coordinates": [1.87557, 48.85936]}}, {"type": "Feature", "properties": {"nom": "Hennebont", "code_insee": "56083", "code_uic": "87476259", "segment": "B", "voyageurs": 192338, "voyageurs_2019": 120366, "tendance_pct": 59.8}, "geometry": {"type": "Point", "coordinates": [-3.285747, 47.799002]}}, {"type": "Feature", "properties": {"nom": "Saint-Michel - Valloire", "code_insee": "73261", "code_uic": "87742361", "segment": "B", "voyageurs": 192308, "voyageurs_2019": 99274, "tendance_pct": 93.7}, "geometry": {"type": "Point", "coordinates": [6.471914, 45.216916]}}, {"type": "Feature", "properties": {"nom": "Paray-le-Monial", "code_insee": "71342", "code_uic": "87694687", "segment": "B", "voyageurs": 192035, "voyageurs_2019": 150991, "tendance_pct": 27.2}, "geometry": {"type": "Point", "coordinates": [4.113744, 46.447312]}}, {"type": "Feature", "properties": {"nom": "Hirson", "code_insee": "02381", "code_uic": "87295063", "segment": "B", "voyageurs": 191241, "voyageurs_2019": 103873, "tendance_pct": 84.1}, "geometry": {"type": "Point", "coordinates": [4.08432, 49.91455]}}, {"type": "Feature", "properties": {"nom": "Héricourt", "code_insee": "70285", "code_uic": "87184507", "segment": "B", "voyageurs": 190325, "voyageurs_2019": 148273, "tendance_pct": 28.4}, "geometry": {"type": "Point", "coordinates": [6.769198, 47.57297]}}, {"type": "Feature", "properties": {"nom": "Cognac", "code_insee": "16102", "code_uic": "87491449", "segment": "B", "voyageurs": 190237, "voyageurs_2019": 147237, "tendance_pct": 29.2}, "geometry": {"type": "Point", "coordinates": [-0.326112, 45.684682]}}, {"type": "Feature", "properties": {"nom": "Weyersheim", "code_insee": "67529", "code_uic": "87213678", "segment": "B", "voyageurs": 190078, "voyageurs_2019": 164563, "tendance_pct": 15.5}, "geometry": {"type": "Point", "coordinates": [7.797103, 48.71779]}}, {"type": "Feature", "properties": {"nom": "La Hume", "code_insee": "33199", "code_uic": "87582635", "segment": "B", "voyageurs": 189708, "voyageurs_2019": 151361, "tendance_pct": 25.3}, "geometry": {"type": "Point", "coordinates": [-1.116, 44.639879]}}, {"type": "Feature", "properties": {"nom": "Montastruc-la-Conseillère", "code_insee": "31358", "code_uic": "87615369", "segment": "B", "voyageurs": 189628, "voyageurs_2019": 140752, "tendance_pct": 34.7}, "geometry": {"type": "Point", "coordinates": [1.5979, 43.715985]}}, {"type": "Feature", "properties": {"nom": "Colomiers Lycée International", "code_insee": "31149", "code_uic": "87611921", "segment": "B", "voyageurs": 189513, "voyageurs_2019": 174685, "tendance_pct": 8.5}, "geometry": {"type": "Point", "coordinates": [1.314116, 43.616306]}}, {"type": "Feature", "properties": {"nom": "Woippy", "code_insee": "57751", "code_uic": "87192088", "segment": "B", "voyageurs": 188929, "voyageurs_2019": 139362, "tendance_pct": 35.6}, "geometry": {"type": "Point", "coordinates": [6.155621, 49.148797]}}, {"type": "Feature", "properties": {"nom": "Saint-Germain-des-Fossés", "code_insee": "03236", "code_uic": "87732206", "segment": "B", "voyageurs": 188743, "voyageurs_2019": 128610, "tendance_pct": 46.8}, "geometry": {"type": "Point", "coordinates": [3.430614, 46.209185]}}, {"type": "Feature", "properties": {"nom": "Vertaizon", "code_insee": "63453", "code_uic": "87734426", "segment": "B", "voyageurs": 188066, "voyageurs_2019": 148924, "tendance_pct": 26.3}, "geometry": {"type": "Point", "coordinates": [3.288269, 45.784543]}}, {"type": "Feature", "properties": {"nom": "Sain-Bel", "code_insee": "69171", "code_uic": "87721605", "segment": "B", "voyageurs": 188042, "voyageurs_2019": 207646, "tendance_pct": -9.4}, "geometry": {"type": "Point", "coordinates": [4.601244, 45.811097]}}, {"type": "Feature", "properties": {"nom": "Fréjus", "code_insee": "83061", "code_uic": "87757500", "segment": "B", "voyageurs": 187734, "voyageurs_2019": 181707, "tendance_pct": 3.3}, "geometry": {"type": "Point", "coordinates": [6.732941, 43.432032]}}, {"type": "Feature", "properties": {"nom": "Mouchard", "code_insee": "39370", "code_uic": "87718833", "segment": "B", "voyageurs": 186902, "voyageurs_2019": 105099, "tendance_pct": 77.8}, "geometry": {"type": "Point", "coordinates": [5.799644, 46.976911]}}, {"type": "Feature", "properties": {"nom": "Feurs", "code_insee": "42094", "code_uic": "87726877", "segment": "B", "voyageurs": 186650, "voyageurs_2019": 185891, "tendance_pct": 0.4}, "geometry": {"type": "Point", "coordinates": [4.230573, 45.744156]}}, {"type": "Feature", "properties": {"nom": "Cinq-Mars-la-Pile", "code_insee": "37077", "code_uic": "87571836", "segment": "B", "voyageurs": 186647, "voyageurs_2019": 113762, "tendance_pct": 64.1}, "geometry": {"type": "Point", "coordinates": [0.460488, 47.345226]}}, {"type": "Feature", "properties": {"nom": "Saint-Piat", "code_insee": "28357", "code_uic": "87394148", "segment": "B", "voyageurs": 186401, "voyageurs_2019": 174649, "tendance_pct": 6.7}, "geometry": {"type": "Point", "coordinates": [1.590489, 48.542953]}}, {"type": "Feature", "properties": {"nom": "Saint-Loubès", "code_insee": "33433", "code_uic": "87584730", "segment": "B", "voyageurs": 186164, "voyageurs_2019": 97492, "tendance_pct": 91.0}, "geometry": {"type": "Point", "coordinates": [-0.433306, 44.922401]}}, {"type": "Feature", "properties": {"nom": "Cannes La Bocca", "code_insee": "06029", "code_uic": "87757617", "segment": "B", "voyageurs": 185551, "voyageurs_2019": 212472, "tendance_pct": -12.7}, "geometry": {"type": "Point", "coordinates": [6.986601, 43.548787]}}, {"type": "Feature", "properties": {"nom": "Rosières-en-Santerre", "code_insee": "80680", "code_uic": "87313460", "segment": "B", "voyageurs": 185268, "voyageurs_2019": 111004, "tendance_pct": 66.9}, "geometry": {"type": "Point", "coordinates": [2.71141, 49.82253]}}, {"type": "Feature", "properties": {"nom": "Ailly-sur-Somme", "code_insee": "80011", "code_uic": "87313098", "segment": "B", "voyageurs": 184571, "voyageurs_2019": 134750, "tendance_pct": 37.0}, "geometry": {"type": "Point", "coordinates": [2.20059, 49.92838]}}, {"type": "Feature", "properties": {"nom": "Isbergues", "code_insee": "62473", "code_uic": "87342279", "segment": "B", "voyageurs": 184564, "voyageurs_2019": 175520, "tendance_pct": 5.2}, "geometry": {"type": "Point", "coordinates": [2.46277, 50.61399]}}, {"type": "Feature", "properties": {"nom": "Verdun", "code_insee": "55545", "code_uic": "87175778", "segment": "B", "voyageurs": 184398, "voyageurs_2019": 136907, "tendance_pct": 34.7}, "geometry": {"type": "Point", "coordinates": [5.379701, 49.165406]}}, {"type": "Feature", "properties": {"nom": "Verneuil-sur-Avre", "code_insee": "27679", "code_uic": "87393595", "segment": "B", "voyageurs": 184041, "voyageurs_2019": 125230, "tendance_pct": 47.0}, "geometry": {"type": "Point", "coordinates": [0.929192, 48.742486]}}, {"type": "Feature", "properties": {"nom": "Le Cendre - Orcet", "code_insee": "63069", "code_uic": "87734160", "segment": "B", "voyageurs": 183417, "voyageurs_2019": 132210, "tendance_pct": 38.7}, "geometry": {"type": "Point", "coordinates": [3.188666, 45.723796]}}, {"type": "Feature", "properties": {"nom": "Franchet d'Esperey", "code_insee": "51454", "code_uic": "87417444", "segment": "B", "voyageurs": 182961, "voyageurs_2019": 73054, "tendance_pct": 150.4}, "geometry": {"type": "Point", "coordinates": [4.013869, 49.242536]}}, {"type": "Feature", "properties": {"nom": "Ribécourt-Dreslincourt", "code_insee": "60537", "code_uic": "87276766", "segment": "B", "voyageurs": 182273, "voyageurs_2019": 94451, "tendance_pct": 93.0}, "geometry": {"type": "Point", "coordinates": [2.92714, 49.50633]}}, {"type": "Feature", "properties": {"nom": "Caussade", "code_insee": "82037", "code_uic": "87613356", "segment": "B", "voyageurs": 182137, "voyageurs_2019": 90861, "tendance_pct": 100.5}, "geometry": {"type": "Point", "coordinates": [1.533654, 44.162267]}}, {"type": "Feature", "properties": {"nom": "La Pauline Hyères", "code_insee": "83062", "code_uic": "87755314", "segment": "B", "voyageurs": 182135, "voyageurs_2019": 119168, "tendance_pct": 52.8}, "geometry": {"type": "Point", "coordinates": [6.035103, 43.136477]}}, {"type": "Feature", "properties": {"nom": "Bourron-Marlotte - Grez", "code_insee": "77048", "code_uic": "87684118", "segment": "B", "voyageurs": 181674, "voyageurs_2019": 151614, "tendance_pct": 19.8}, "geometry": {"type": "Point", "coordinates": [2.692455, 48.332688]}}, {"type": "Feature", "properties": {"nom": "Évron", "code_insee": "53097", "code_uic": "87478552", "segment": "B", "voyageurs": 181007, "voyageurs_2019": 162097, "tendance_pct": 11.7}, "geometry": {"type": "Point", "coordinates": [-0.397338, 48.155501]}}, {"type": "Feature", "properties": {"nom": "Marchezais - Broué", "code_insee": "28062", "code_uic": "87393470", "segment": "B", "voyageurs": 180851, "voyageurs_2019": 204645, "tendance_pct": -11.6}, "geometry": {"type": "Point", "coordinates": [1.513444, 48.768474]}}, {"type": "Feature", "properties": {"nom": "La Tour-de-Salvagny", "code_insee": "69250", "code_uic": "87721548", "segment": "B", "voyageurs": 180491, "voyageurs_2019": 126387, "tendance_pct": 42.8}, "geometry": {"type": "Point", "coordinates": [4.716492, 45.799882]}}, {"type": "Feature", "properties": {"nom": "L'Isle-sur-la-Sorgue - Fontaine-de-Vaucluse", "code_insee": "84054", "code_uic": "87765479", "segment": "B", "voyageurs": 180458, "voyageurs_2019": 153294, "tendance_pct": 17.7}, "geometry": {"type": "Point", "coordinates": [5.047615, 43.917393]}}, {"type": "Feature", "properties": {"nom": "Souillac", "code_insee": "46309", "code_uic": "87594333", "segment": "B", "voyageurs": 179170, "voyageurs_2019": 109126, "tendance_pct": 64.2}, "geometry": {"type": "Point", "coordinates": [1.466605, 44.902127]}}, {"type": "Feature", "properties": {"nom": "Petit Jouy - Les Loges", "code_insee": "78343", "code_uic": "87393504", "segment": "B", "voyageurs": 178195, "voyageurs_2019": 184199, "tendance_pct": -3.3}, "geometry": {"type": "Point", "coordinates": [2.147015, 48.770943]}}, {"type": "Feature", "properties": {"nom": "Laigneville", "code_insee": "60342", "code_uic": "87276204", "segment": "B", "voyageurs": 177645, "voyageurs_2019": 173402, "tendance_pct": 2.4}, "geometry": {"type": "Point", "coordinates": [2.44894, 49.29276]}}, {"type": "Feature", "properties": {"nom": "Angerville", "code_insee": "91016", "code_uic": "87543090", "segment": "B", "voyageurs": 177605, "voyageurs_2019": 183224, "tendance_pct": -3.1}, "geometry": {"type": "Point", "coordinates": [2.003493, 48.311206]}}, {"type": "Feature", "properties": {"nom": "Jonzac", "code_insee": "17197", "code_uic": "87491142", "segment": "B", "voyageurs": 177334, "voyageurs_2019": 115737, "tendance_pct": 53.2}, "geometry": {"type": "Point", "coordinates": [-0.44164, 45.438746]}}, {"type": "Feature", "properties": {"nom": "Simiane-Collongue", "code_insee": "13107", "code_uic": "87751438", "segment": "B", "voyageurs": 177252, "voyageurs_2019": 150213, "tendance_pct": 18.0}, "geometry": {"type": "Point", "coordinates": [5.426148, 43.434747]}}, {"type": "Feature", "properties": {"nom": "Don - Sainghin", "code_insee": "59524", "code_uic": "87286435", "segment": "B", "voyageurs": 176025, "voyageurs_2019": 223793, "tendance_pct": -21.3}, "geometry": {"type": "Point", "coordinates": [2.91458, 50.55176]}}, {"type": "Feature", "properties": {"nom": "Villabé", "code_insee": "91659", "code_uic": "87681619", "segment": "B", "voyageurs": 175628, "voyageurs_2019": 204775, "tendance_pct": -14.2}, "geometry": {"type": "Point", "coordinates": [2.461572, 48.592637]}}, {"type": "Feature", "properties": {"nom": "Fourmies", "code_insee": "59249", "code_uic": "87295048", "segment": "B", "voyageurs": 174812, "voyageurs_2019": 187071, "tendance_pct": -6.6}, "geometry": {"type": "Point", "coordinates": [4.05357, 50.01541]}}, {"type": "Feature", "properties": {"nom": "Saint-Étienne-de-Montluc", "code_insee": "44158", "code_uic": "87481812", "segment": "B", "voyageurs": 174392, "voyageurs_2019": 105555, "tendance_pct": 65.2}, "geometry": {"type": "Point", "coordinates": [-1.785711, 47.274717]}}, {"type": "Feature", "properties": {"nom": "Esquelbecq", "code_insee": "59210", "code_uic": "87281113", "segment": "B", "voyageurs": 174321, "voyageurs_2019": 146409, "tendance_pct": 19.1}, "geometry": {"type": "Point", "coordinates": [2.412154, 50.889437]}}, {"type": "Feature", "properties": {"nom": "Le Grau-du-Roi", "code_insee": "30133", "code_uic": "87775866", "segment": "B", "voyageurs": 174264, "voyageurs_2019": 59262, "tendance_pct": 194.1}, "geometry": {"type": "Point", "coordinates": [4.140338, 43.537127]}}, {"type": "Feature", "properties": {"nom": "Cap-d'Ail", "code_insee": "06032", "code_uic": "87756395", "segment": "B", "voyageurs": 173955, "voyageurs_2019": 99635, "tendance_pct": 74.6}, "geometry": {"type": "Point", "coordinates": [7.394336, 43.720538]}}, {"type": "Feature", "properties": {"nom": "Ailly-sur-Noye", "code_insee": "80010", "code_uic": "87313221", "segment": "B", "voyageurs": 173401, "voyageurs_2019": 110710, "tendance_pct": 56.6}, "geometry": {"type": "Point", "coordinates": [2.36419, 49.75448]}}, {"type": "Feature", "properties": {"nom": "La Haie-Fouassière", "code_insee": "44070", "code_uic": "87481416", "segment": "B", "voyageurs": 172435, "voyageurs_2019": 153534, "tendance_pct": 12.3}, "geometry": {"type": "Point", "coordinates": [-1.392195, 47.16159]}}, {"type": "Feature", "properties": {"nom": "Saint-Pierre-d'Albigny", "code_insee": "73270", "code_uic": "87741223", "segment": "B", "voyageurs": 172253, "voyageurs_2019": 122670, "tendance_pct": 40.4}, "geometry": {"type": "Point", "coordinates": [6.156151, 45.557397]}}, {"type": "Feature", "properties": {"nom": "Chamarande", "code_insee": "91132", "code_uic": "87545152", "segment": "B", "voyageurs": 172061, "voyageurs_2019": 177504, "tendance_pct": -3.1}, "geometry": {"type": "Point", "coordinates": [2.215854, 48.514244]}}, {"type": "Feature", "properties": {"nom": "Longpré-les-Corps-Saints", "code_insee": "80488", "code_uic": "87313122", "segment": "B", "voyageurs": 172036, "voyageurs_2019": 140421, "tendance_pct": 22.5}, "geometry": {"type": "Point", "coordinates": [2.00277, 50.01128]}}, {"type": "Feature", "properties": {"nom": "Roquebrune-Cap-Martin", "code_insee": "06104", "code_uic": "87756460", "segment": "B", "voyageurs": 171806, "voyageurs_2019": 90870, "tendance_pct": 89.1}, "geometry": {"type": "Point", "coordinates": [7.457343, 43.760618]}}, {"type": "Feature", "properties": {"nom": "Lesquin", "code_insee": "59343", "code_uic": "87286849", "segment": "B", "voyageurs": 170937, "voyageurs_2019": 181001, "tendance_pct": -5.6}, "geometry": {"type": "Point", "coordinates": [3.11771, 50.59068]}}, {"type": "Feature", "properties": {"nom": "Saverdun", "code_insee": "09282", "code_uic": "87611368", "segment": "B", "voyageurs": 170362, "voyageurs_2019": 136778, "tendance_pct": 24.6}, "geometry": {"type": "Point", "coordinates": [1.570616, 43.239357]}}, {"type": "Feature", "properties": {"nom": "Castres", "code_insee": "81065", "code_uic": "87615468", "segment": "B", "voyageurs": 170116, "voyageurs_2019": 130131, "tendance_pct": 30.7}, "geometry": {"type": "Point", "coordinates": [2.231223, 43.599131]}}, {"type": "Feature", "properties": {"nom": "Guignicourt", "code_insee": "02360", "code_uic": "87171736", "segment": "B", "voyageurs": 169606, "voyageurs_2019": 120287, "tendance_pct": 41.0}, "geometry": {"type": "Point", "coordinates": [3.961334, 49.434862]}}, {"type": "Feature", "properties": {"nom": "Gien", "code_insee": "45155", "code_uic": "87684290", "segment": "B", "voyageurs": 169298, "voyageurs_2019": 127799, "tendance_pct": 32.5}, "geometry": {"type": "Point", "coordinates": [2.636205, 47.699088]}}, {"type": "Feature", "properties": {"nom": "Marquise - Rinxent", "code_insee": "62711", "code_uic": "87317339", "segment": "B", "voyageurs": 168881, "voyageurs_2019": 137867, "tendance_pct": 22.5}, "geometry": {"type": "Point", "coordinates": [1.72988, 50.805664]}}, {"type": "Feature", "properties": {"nom": "Maison Blanche", "code_insee": "51454", "code_uic": "87171272", "segment": "B", "voyageurs": 168135, "voyageurs_2019": 74693, "tendance_pct": 125.1}, "geometry": {"type": "Point", "coordinates": [4.022493, 49.233685]}}, {"type": "Feature", "properties": {"nom": "Chaulnes", "code_insee": "80186", "code_uic": "87313478", "segment": "B", "voyageurs": 167579, "voyageurs_2019": 85930, "tendance_pct": 95.0}, "geometry": {"type": "Point", "coordinates": [2.801142, 49.80762]}}, {"type": "Feature", "properties": {"nom": "Livry-sur-Seine", "code_insee": "77255", "code_uic": "87682401", "segment": "B", "voyageurs": 167000, "voyageurs_2019": 112341, "tendance_pct": 48.7}, "geometry": {"type": "Point", "coordinates": [2.67888, 48.510458]}}, {"type": "Feature", "properties": {"nom": "Poix-de-Picardie", "code_insee": "80630", "code_uic": "87313395", "segment": "B", "voyageurs": 166971, "voyageurs_2019": 100866, "tendance_pct": 65.5}, "geometry": {"type": "Point", "coordinates": [1.989777, 49.777856]}}, {"type": "Feature", "properties": {"nom": "Dordives", "code_insee": "45127", "code_uic": "87684233", "segment": "C", "voyageurs": 166931, "voyageurs_2019": 27353, "tendance_pct": 510.3}, "geometry": {"type": "Point", "coordinates": [2.762879, 48.14718]}}, {"type": "Feature", "properties": {"nom": "Port Boulet", "code_insee": "37074", "code_uic": "87571794", "segment": "B", "voyageurs": 166392, "voyageurs_2019": 123623, "tendance_pct": 34.6}, "geometry": {"type": "Point", "coordinates": [0.155648, 47.248836]}}, {"type": "Feature", "properties": {"nom": "Saint-Sulpice - Izon", "code_insee": "33483", "code_uic": "87584722", "segment": "B", "voyageurs": 166353, "voyageurs_2019": 97161, "tendance_pct": 71.2}, "geometry": {"type": "Point", "coordinates": [-0.392135, 44.914274]}}, {"type": "Feature", "properties": {"nom": "La Ménitré", "code_insee": "49201", "code_uic": "87487884", "segment": "B", "voyageurs": 165546, "voyageurs_2019": 134163, "tendance_pct": 23.4}, "geometry": {"type": "Point", "coordinates": [-0.275818, 47.397422]}}, {"type": "Feature", "properties": {"nom": "Gourdon", "code_insee": "46127", "code_uic": "87613141", "segment": "B", "voyageurs": 165469, "voyageurs_2019": 96737, "tendance_pct": 71.1}, "geometry": {"type": "Point", "coordinates": [1.389237, 44.741945]}}, {"type": "Feature", "properties": {"nom": "Le Grand-Lemps", "code_insee": "38182", "code_uic": "87747220", "segment": "B", "voyageurs": 165221, "voyageurs_2019": 103290, "tendance_pct": 60.0}, "geometry": {"type": "Point", "coordinates": [5.423112, 45.396626]}}, {"type": "Feature", "properties": {"nom": "Rieux - Angicourt", "code_insee": "60539", "code_uic": "87276352", "segment": "B", "voyageurs": 164936, "voyageurs_2019": 131928, "tendance_pct": 25.0}, "geometry": {"type": "Point", "coordinates": [2.5214, 49.29866]}}, {"type": "Feature", "properties": {"nom": "Pont-l'Évêque", "code_insee": "14514", "code_uic": "87444349", "segment": "B", "voyageurs": 164885, "voyageurs_2019": 112346, "tendance_pct": 46.8}, "geometry": {"type": "Point", "coordinates": [0.192195, 49.287038]}}, {"type": "Feature", "properties": {"nom": "Saint-Sulpice - Auteuil", "code_insee": "60598", "code_uic": "87313684", "segment": "B", "voyageurs": 164787, "voyageurs_2019": 131544, "tendance_pct": 25.3}, "geometry": {"type": "Point", "coordinates": [2.116413, 49.347382]}}, {"type": "Feature", "properties": {"nom": "Chézy-sur-Marne", "code_insee": "02186", "code_uic": "87116574", "segment": "B", "voyageurs": 164523, "voyageurs_2019": 117503, "tendance_pct": 40.0}, "geometry": {"type": "Point", "coordinates": [3.364462, 48.991911]}}, {"type": "Feature", "properties": {"nom": "Rothau", "code_insee": "67414", "code_uic": "87214726", "segment": "B", "voyageurs": 164034, "voyageurs_2019": 152482, "tendance_pct": 7.6}, "geometry": {"type": "Point", "coordinates": [7.20749, 48.459003]}}, {"type": "Feature", "properties": {"nom": "L'Etang les Sablons", "code_insee": "78224", "code_uic": "87726109", "segment": "B", "voyageurs": 163445, "voyageurs_2019": 0, "tendance_pct": null}, "geometry": {"type": "Point", "coordinates": [2.068874, 48.872302]}}, {"type": "Feature", "properties": {"nom": "La Possonnière", "code_insee": "49247", "code_uic": "87484337", "segment": "B", "voyageurs": 162805, "voyageurs_2019": 113151, "tendance_pct": 43.9}, "geometry": {"type": "Point", "coordinates": [-0.691701, 47.371385]}}, {"type": "Feature", "properties": {"nom": "Saint-Émilion", "code_insee": "33394", "code_uic": "87584102", "segment": "B", "voyageurs": 162603, "voyageurs_2019": 82269, "tendance_pct": 97.6}, "geometry": {"type": "Point", "coordinates": [-0.1592, 44.881166]}}, {"type": "Feature", "properties": {"nom": "L'Estaque", "code_insee": "13216", "code_uic": "87751602", "segment": "B", "voyageurs": 162288, "voyageurs_2019": 76570, "tendance_pct": 111.9}, "geometry": {"type": "Point", "coordinates": [5.32136, 43.363628]}}, {"type": "Feature", "properties": {"nom": "Hermes - Berthecourt", "code_insee": "60065", "code_uic": "87313585", "segment": "B", "voyageurs": 161886, "voyageurs_2019": 104436, "tendance_pct": 55.0}, "geometry": {"type": "Point", "coordinates": [2.241655, 49.354405]}}, {"type": "Feature", "properties": {"nom": "Béning-lès-Saint-Avold", "code_insee": "57061", "code_uic": "87193250", "segment": "B", "voyageurs": 161674, "voyageurs_2019": 130046, "tendance_pct": 24.3}, "geometry": {"type": "Point", "coordinates": [6.828298, 49.137954]}}, {"type": "Feature", "properties": {"nom": "Avesnes-sur-Helpe", "code_insee": "59036", "code_uic": "87295733", "segment": "B", "voyageurs": 161629, "voyageurs_2019": 170792, "tendance_pct": -5.4}, "geometry": {"type": "Point", "coordinates": [3.93295, 50.12674]}}, {"type": "Feature", "properties": {"nom": "Gresswiller", "code_insee": "67168", "code_uic": "87214593", "segment": "B", "voyageurs": 161014, "voyageurs_2019": 169033, "tendance_pct": -4.7}, "geometry": {"type": "Point", "coordinates": [7.42468, 48.53334]}}, {"type": "Feature", "properties": {"nom": "Conflans - Jarny", "code_insee": "54273", "code_uic": "87192666", "segment": "B", "voyageurs": 160722, "voyageurs_2019": 110786, "tendance_pct": 45.1}, "geometry": {"type": "Point", "coordinates": [5.868185, 49.166289]}}, {"type": "Feature", "properties": {"nom": "Lutzelhouse", "code_insee": "67306", "code_uic": "87214650", "segment": "B", "voyageurs": 160636, "voyageurs_2019": 116951, "tendance_pct": 37.4}, "geometry": {"type": "Point", "coordinates": [7.29391, 48.51812]}}, {"type": "Feature", "properties": {"nom": "Tonnerre", "code_insee": "89418", "code_uic": "87713198", "segment": "B", "voyageurs": 159783, "voyageurs_2019": 134669, "tendance_pct": 18.6}, "geometry": {"type": "Point", "coordinates": [3.97355, 47.85938]}}, {"type": "Feature", "properties": {"nom": "Maisse", "code_insee": "91359", "code_uic": "87681486", "segment": "B", "voyageurs": 158480, "voyageurs_2019": 167203, "tendance_pct": -5.2}, "geometry": {"type": "Point", "coordinates": [2.39312, 48.39304]}}, {"type": "Feature", "properties": {"nom": "Saint-Gilles-Croix-de-Vie", "code_insee": "85222", "code_uic": "87486571", "segment": "B", "voyageurs": 157705, "voyageurs_2019": 113411, "tendance_pct": 39.1}, "geometry": {"type": "Point", "coordinates": [-1.941296, 46.696466]}}, {"type": "Feature", "properties": {"nom": "Marlieux - Châtillon", "code_insee": "01235", "code_uic": "87723767", "segment": "B", "voyageurs": 157523, "voyageurs_2019": 119224, "tendance_pct": 32.1}, "geometry": {"type": "Point", "coordinates": [5.07311, 46.063876]}}, {"type": "Feature", "properties": {"nom": "Clères", "code_insee": "76179", "code_uic": "87411819", "segment": "B", "voyageurs": 157511, "voyageurs_2019": 138604, "tendance_pct": 13.6}, "geometry": {"type": "Point", "coordinates": [1.106184, 49.598964]}}, {"type": "Feature", "properties": {"nom": "L'Herbergement - Les Brouzils", "code_insee": "85108", "code_uic": "87486126", "segment": "B", "voyageurs": 157089, "voyageurs_2019": 97831, "tendance_pct": 60.6}, "geometry": {"type": "Point", "coordinates": [-1.371243, 46.906917]}}, {"type": "Feature", "properties": {"nom": "Aiguillon", "code_insee": "47004", "code_uic": "87586693", "segment": "B", "voyageurs": 156853, "voyageurs_2019": 109094, "tendance_pct": 43.8}, "geometry": {"type": "Point", "coordinates": [0.335239, 44.298722]}}, {"type": "Feature", "properties": {"nom": "Villeneuve-la-Guyard", "code_insee": "89460", "code_uic": "87683102", "segment": "B", "voyageurs": 156801, "voyageurs_2019": 155131, "tendance_pct": 1.1}, "geometry": {"type": "Point", "coordinates": [3.071655, 48.342425]}}, {"type": "Feature", "properties": {"nom": "Saint-Fons", "code_insee": "69199", "code_uic": "87728501", "segment": "C", "voyageurs": 156636, "voyageurs_2019": 71582, "tendance_pct": 118.8}, "geometry": {"type": "Point", "coordinates": [4.852566, 45.705811]}}, {"type": "Feature", "properties": {"nom": "Caudry", "code_insee": "59139", "code_uic": "87345561", "segment": "B", "voyageurs": 155967, "voyageurs_2019": 128178, "tendance_pct": 21.7}, "geometry": {"type": "Point", "coordinates": [3.40983, 50.11146]}}, {"type": "Feature", "properties": {"nom": "Château-du-Loir", "code_insee": "72071", "code_uic": "87396606", "segment": "B", "voyageurs": 155829, "voyageurs_2019": 152866, "tendance_pct": 1.9}, "geometry": {"type": "Point", "coordinates": [0.414912, 47.683392]}}, {"type": "Feature", "properties": {"nom": "Mandelieu-la-Napoule", "code_insee": "06079", "code_uic": "87757591", "segment": "B", "voyageurs": 155658, "voyageurs_2019": 121386, "tendance_pct": 28.2}, "geometry": {"type": "Point", "coordinates": [6.941313, 43.523903]}}, {"type": "Feature", "properties": {"nom": "Saint-Seurin-sur-l'Isle", "code_insee": "33478", "code_uic": "87584615", "segment": "B", "voyageurs": 155568, "voyageurs_2019": 117350, "tendance_pct": 32.6}, "geometry": {"type": "Point", "coordinates": [-0.002661, 45.011407]}}, {"type": "Feature", "properties": {"nom": "Valdahon", "code_insee": "25578", "code_uic": "87718544", "segment": "B", "voyageurs": 155474, "voyageurs_2019": 172111, "tendance_pct": -9.7}, "geometry": {"type": "Point", "coordinates": [6.342275, 47.14975]}}, {"type": "Feature", "properties": {"nom": "Cassel", "code_insee": "59054", "code_uic": "87281139", "segment": "B", "voyageurs": 155353, "voyageurs_2019": 122794, "tendance_pct": 26.5}, "geometry": {"type": "Point", "coordinates": [2.459972, 50.787592]}}, {"type": "Feature", "properties": {"nom": "Flers", "code_insee": "61169", "code_uic": "87448001", "segment": "B", "voyageurs": 155284, "voyageurs_2019": 126812, "tendance_pct": 22.5}, "geometry": {"type": "Point", "coordinates": [-0.573216, 48.744785]}}, {"type": "Feature", "properties": {"nom": "Feyzin", "code_insee": "69276", "code_uic": "87722538", "segment": "B", "voyageurs": 154973, "voyageurs_2019": 110781, "tendance_pct": 39.9}, "geometry": {"type": "Point", "coordinates": [4.853135, 45.665858]}}, {"type": "Feature", "properties": {"nom": "Dormans", "code_insee": "51217", "code_uic": "87171512", "segment": "B", "voyageurs": 154782, "voyageurs_2019": 129483, "tendance_pct": 19.5}, "geometry": {"type": "Point", "coordinates": [3.641709, 49.079161]}}, {"type": "Feature", "properties": {"nom": "Montigny-en-Ostrevent", "code_insee": "59414", "code_uic": "87345306", "segment": "B", "voyageurs": 153647, "voyageurs_2019": 170115, "tendance_pct": -9.7}, "geometry": {"type": "Point", "coordinates": [3.18829, 50.36151]}}, {"type": "Feature", "properties": {"nom": "La Gorp", "code_insee": "33003", "code_uic": "87584755", "segment": "B", "voyageurs": 153535, "voyageurs_2019": 106126, "tendance_pct": 44.7}, "geometry": {"type": "Point", "coordinates": [-0.496384, 44.928835]}}, {"type": "Feature", "properties": {"nom": "Montbrison", "code_insee": "42147", "code_uic": "87726448", "segment": "B", "voyageurs": 153176, "voyageurs_2019": 148530, "tendance_pct": 3.1}, "geometry": {"type": "Point", "coordinates": [4.078282, 45.604454]}}, {"type": "Feature", "properties": {"nom": "Montchanin", "code_insee": "71310", "code_uic": "87694307", "segment": "B", "voyageurs": 153087, "voyageurs_2019": 78852, "tendance_pct": 94.1}, "geometry": {"type": "Point", "coordinates": [4.481487, 46.759265]}}, {"type": "Feature", "properties": {"nom": "Saint-Étienne Bellevue", "code_insee": "42218", "code_uic": "87726190", "segment": "B", "voyageurs": 152963, "voyageurs_2019": 129338, "tendance_pct": 18.3}, "geometry": {"type": "Point", "coordinates": [4.392734, 45.417128]}}, {"type": "Feature", "properties": {"nom": "Fegersheim - Lipsheim", "code_insee": "67268", "code_uic": "87212266", "segment": "B", "voyageurs": 152694, "voyageurs_2019": 138794, "tendance_pct": 10.0}, "geometry": {"type": "Point", "coordinates": [7.672481, 48.490589]}}, {"type": "Feature", "properties": {"nom": "Le Croisic", "code_insee": "44049", "code_uic": "87481788", "segment": "B", "voyageurs": 152113, "voyageurs_2019": 116085, "tendance_pct": 31.0}, "geometry": {"type": "Point", "coordinates": [-2.507442, 47.289836]}}, {"type": "Feature", "properties": {"nom": "Portets", "code_insee": "33334", "code_uic": "87582718", "segment": "B", "voyageurs": 151952, "voyageurs_2019": 121322, "tendance_pct": 25.2}, "geometry": {"type": "Point", "coordinates": [-0.425393, 44.692977]}}, {"type": "Feature", "properties": {"nom": "Sarre-Union", "code_insee": "67434", "code_uic": "87215459", "segment": "C", "voyageurs": 151824, "voyageurs_2019": 97674, "tendance_pct": 55.4}, "geometry": {"type": "Point", "coordinates": [7.085044, 48.936017]}}, {"type": "Feature", "properties": {"nom": "Dettwiller", "code_insee": "67089", "code_uic": "87212183", "segment": "B", "voyageurs": 151473, "voyageurs_2019": 135859, "tendance_pct": 11.5}, "geometry": {"type": "Point", "coordinates": [7.465246, 48.751897]}}, {"type": "Feature", "properties": {"nom": "Mertzwiller", "code_insee": "67291", "code_uic": "87213207", "segment": "B", "voyageurs": 151293, "voyageurs_2019": 104121, "tendance_pct": 45.3}, "geometry": {"type": "Point", "coordinates": [7.67819, 48.872013]}}, {"type": "Feature", "properties": {"nom": "Quiberon", "code_insee": "56186", "code_uic": "87476457", "segment": "B", "voyageurs": 151000, "voyageurs_2019": 116138, "tendance_pct": 30.0}, "geometry": {"type": "Point", "coordinates": [-3.118187, 47.485298]}}, {"type": "Feature", "properties": {"nom": "Fleurieux-sur-l'Arbresle", "code_insee": "69086", "code_uic": "87721563", "segment": "B", "voyageurs": 150879, "voyageurs_2019": 135482, "tendance_pct": 11.4}, "geometry": {"type": "Point", "coordinates": [4.660381, 45.844994]}}, {"type": "Feature", "properties": {"nom": "Toury", "code_insee": "28391", "code_uic": "87543074", "segment": "B", "voyageurs": 150581, "voyageurs_2019": 130809, "tendance_pct": 15.1}, "geometry": {"type": "Point", "coordinates": [1.939565, 48.193606]}}, {"type": "Feature", "properties": {"nom": "Blanquefort", "code_insee": "33056", "code_uic": "87581728", "segment": "B", "voyageurs": 150457, "voyageurs_2019": 159082, "tendance_pct": -5.4}, "geometry": {"type": "Point", "coordinates": [-0.62392, 44.917556]}}, {"type": "Feature", "properties": {"nom": "Baccarat", "code_insee": "54039", "code_uic": "87141416", "segment": "B", "voyageurs": 150440, "voyageurs_2019": 128406, "tendance_pct": 17.2}, "geometry": {"type": "Point", "coordinates": [6.74383, 48.452405]}}, {"type": "Feature", "properties": {"nom": "Wingen-sur-Moder", "code_insee": "67538", "code_uic": "87213744", "segment": "B", "voyageurs": 150209, "voyageurs_2019": 121851, "tendance_pct": 23.3}, "geometry": {"type": "Point", "coordinates": [7.381111, 48.920065]}}, {"type": "Feature", "properties": {"nom": "Albens", "code_insee": "73010", "code_uic": "87746115", "segment": "B", "voyageurs": 149961, "voyageurs_2019": 106006, "tendance_pct": 41.5}, "geometry": {"type": "Point", "coordinates": [5.948342, 45.785946]}}, {"type": "Feature", "properties": {"nom": "Lesparre-Médoc", "code_insee": "33240", "code_uic": "87581314", "segment": "B", "voyageurs": 149695, "voyageurs_2019": 107129, "tendance_pct": 39.7}, "geometry": {"type": "Point", "coordinates": [-0.945402, 45.303517]}}, {"type": "Feature", "properties": {"nom": "Thiviers", "code_insee": "24551", "code_uic": "87595124", "segment": "B", "voyageurs": 149541, "voyageurs_2019": 109391, "tendance_pct": 36.7}, "geometry": {"type": "Point", "coordinates": [0.921348, 45.418965]}}, {"type": "Feature", "properties": {"nom": "Bohain-en-Vermandois", "code_insee": "02095", "code_uic": "87296269", "segment": "B", "voyageurs": 149438, "voyageurs_2019": 142094, "tendance_pct": 5.2}, "geometry": {"type": "Point", "coordinates": [3.443129, 49.988414]}}, {"type": "Feature", "properties": {"nom": "Faubourg d'Orléans", "code_insee": "41194", "code_uic": "87576173", "segment": "B", "voyageurs": 148433, "voyageurs_2019": 121436, "tendance_pct": 22.2}, "geometry": {"type": "Point", "coordinates": [1.740379, 47.366995]}}, {"type": "Feature", "properties": {"nom": "Arnèke", "code_insee": "59018", "code_uic": "87281121", "segment": "B", "voyageurs": 147778, "voyageurs_2019": 127818, "tendance_pct": 15.6}, "geometry": {"type": "Point", "coordinates": [2.408306, 50.831522]}}, {"type": "Feature", "properties": {"nom": "Lavaur", "code_insee": "81140", "code_uic": "87615476", "segment": "B", "voyageurs": 147775, "voyageurs_2019": 137284, "tendance_pct": 7.6}, "geometry": {"type": "Point", "coordinates": [1.813146, 43.703479]}}, {"type": "Feature", "properties": {"nom": "Réaumont - Saint-Cassien", "code_insee": "38331", "code_uic": "87747279", "segment": "B", "voyageurs": 147736, "voyageurs_2019": 132085, "tendance_pct": 11.8}, "geometry": {"type": "Point", "coordinates": [5.534689, 45.368822]}}, {"type": "Feature", "properties": {"nom": "Châtelaillon-Plage", "code_insee": "17094", "code_uic": "87485110", "segment": "B", "voyageurs": 147471, "voyageurs_2019": 85288, "tendance_pct": 72.9}, "geometry": {"type": "Point", "coordinates": [-1.090891, 46.07833]}}, {"type": "Feature", "properties": {"nom": "Montville", "code_insee": "76245", "code_uic": "87411801", "segment": "B", "voyageurs": 147206, "voyageurs_2019": 139489, "tendance_pct": 5.5}, "geometry": {"type": "Point", "coordinates": [1.070046, 49.551284]}}, {"type": "Feature", "properties": {"nom": "La Fère", "code_insee": "02304", "code_uic": "87296632", "segment": "B", "voyageurs": 147047, "voyageurs_2019": 102354, "tendance_pct": 43.7}, "geometry": {"type": "Point", "coordinates": [3.36981, 49.65802]}}, {"type": "Feature", "properties": {"nom": "Saint-Pierre-en-Faucigny", "code_insee": "74250", "code_uic": "87746313", "segment": "B", "voyageurs": 147015, "voyageurs_2019": 75269, "tendance_pct": 95.3}, "geometry": {"type": "Point", "coordinates": [6.375753, 46.059344]}}, {"type": "Feature", "properties": {"nom": "Sainte-Maure - Noyant", "code_insee": "37176", "code_uic": "87575050", "segment": "B", "voyageurs": 146892, "voyageurs_2019": 100761, "tendance_pct": 45.8}, "geometry": {"type": "Point", "coordinates": [0.576944, 47.111236]}}, {"type": "Feature", "properties": {"nom": "Saint-Étienne Carnot", "code_insee": "42218", "code_uic": "87726901", "segment": "B", "voyageurs": 146638, "voyageurs_2019": 138860, "tendance_pct": 5.6}, "geometry": {"type": "Point", "coordinates": [4.385317, 45.446976]}}, {"type": "Feature", "properties": {"nom": "Urmatt", "code_insee": "67500", "code_uic": "87214635", "segment": "B", "voyageurs": 146577, "voyageurs_2019": 125815, "tendance_pct": 16.5}, "geometry": {"type": "Point", "coordinates": [7.338539, 48.525776]}}, {"type": "Feature", "properties": {"nom": "Saint-Martin-de-Crau", "code_insee": "13097", "code_uic": "87753681", "segment": "B", "voyageurs": 145878, "voyageurs_2019": 90873, "tendance_pct": 60.5}, "geometry": {"type": "Point", "coordinates": [4.80034, 43.622334]}}, {"type": "Feature", "properties": {"nom": "Cuers - Pierrefeu", "code_insee": "83049", "code_uic": "87755355", "segment": "B", "voyageurs": 145776, "voyageurs_2019": 69744, "tendance_pct": 109.0}, "geometry": {"type": "Point", "coordinates": [6.085686, 43.236428]}}, {"type": "Feature", "properties": {"nom": "Givet", "code_insee": "08190", "code_uic": "87172130", "segment": "B", "voyageurs": 145155, "voyageurs_2019": 81721, "tendance_pct": 77.6}, "geometry": {"type": "Point", "coordinates": [4.817986, 50.140251]}}, {"type": "Feature", "properties": {"nom": "Diemeringen", "code_insee": "67095", "code_uic": "87215665", "segment": "B", "voyageurs": 144953, "voyageurs_2019": 99722, "tendance_pct": 45.4}, "geometry": {"type": "Point", "coordinates": [7.18529, 48.9405]}}, {"type": "Feature", "properties": {"nom": "Oudon", "code_insee": "44115", "code_uic": "87481184", "segment": "B", "voyageurs": 144849, "voyageurs_2019": 105807, "tendance_pct": 36.9}, "geometry": {"type": "Point", "coordinates": [-1.291992, 47.343365]}}, {"type": "Feature", "properties": {"nom": "Oloron-Sainte-Marie", "code_insee": "64422", "code_uic": "87672725", "segment": "B", "voyageurs": 144730, "voyageurs_2019": 98363, "tendance_pct": 47.1}, "geometry": {"type": "Point", "coordinates": [-0.612283, 43.194767]}}, {"type": "Feature", "properties": {"nom": "La Borne Blanche", "code_insee": "60482", "code_uic": "87276287", "segment": "B", "voyageurs": 144181, "voyageurs_2019": 168264, "tendance_pct": -14.3}, "geometry": {"type": "Point", "coordinates": [2.505866, 49.126985]}}, {"type": "Feature", "properties": {"nom": "Novéant-sur-Moselle", "code_insee": "57515", "code_uic": "87192427", "segment": "B", "voyageurs": 144170, "voyageurs_2019": 126279, "tendance_pct": 14.2}, "geometry": {"type": "Point", "coordinates": [6.052101, 49.028635]}}, {"type": "Feature", "properties": {"nom": "Ferrières - Fontenay", "code_insee": "45148", "code_uic": "87684241", "segment": "C", "voyageurs": 143777, "voyageurs_2019": 36147, "tendance_pct": 297.8}, "geometry": {"type": "Point", "coordinates": [2.772633, 48.096477]}}, {"type": "Feature", "properties": {"nom": "Raon-l'Étape", "code_insee": "88372", "code_uic": "87144626", "segment": "B", "voyageurs": 143675, "voyageurs_2019": 111001, "tendance_pct": 29.4}, "geometry": {"type": "Point", "coordinates": [6.837302, 48.404002]}}, {"type": "Feature", "properties": {"nom": "Le Bosquet", "code_insee": "06029", "code_uic": "87757757", "segment": "B", "voyageurs": 143671, "voyageurs_2019": 85092, "tendance_pct": 68.8}, "geometry": {"type": "Point", "coordinates": [6.98166, 43.551529]}}, {"type": "Feature", "properties": {"nom": "Loches", "code_insee": "37132", "code_uic": "87571471", "segment": "B", "voyageurs": 143612, "voyageurs_2019": 231758, "tendance_pct": -38.0}, "geometry": {"type": "Point", "coordinates": [1.000467, 47.130464]}}, {"type": "Feature", "properties": {"nom": "Drusenheim", "code_insee": "67106", "code_uic": "87212357", "segment": "B", "voyageurs": 142669, "voyageurs_2019": 124088, "tendance_pct": 15.0}, "geometry": {"type": "Point", "coordinates": [7.947846, 48.765913]}}, {"type": "Feature", "properties": {"nom": "Bram", "code_insee": "11049", "code_uic": "87615054", "segment": "B", "voyageurs": 142601, "voyageurs_2019": 77466, "tendance_pct": 84.1}, "geometry": {"type": "Point", "coordinates": [2.119147, 43.244101]}}, {"type": "Feature", "properties": {"nom": "Bellevigny", "code_insee": "85019", "code_uic": "87486142", "segment": "B", "voyageurs": 142286, "voyageurs_2019": 85566, "tendance_pct": 66.3}, "geometry": {"type": "Point", "coordinates": [-1.434667, 46.788316]}}, {"type": "Feature", "properties": {"nom": "Estressin", "code_insee": "38544", "code_uic": "87722579", "segment": "B", "voyageurs": 141367, "voyageurs_2019": 90877, "tendance_pct": 55.6}, "geometry": {"type": "Point", "coordinates": [4.868273, 45.540285]}}, {"type": "Feature", "properties": {"nom": "Bully - Grenay", "code_insee": "62186", "code_uic": "87342105", "segment": "B", "voyageurs": 141322, "voyageurs_2019": 181839, "tendance_pct": -22.3}, "geometry": {"type": "Point", "coordinates": [2.73317, 50.44843]}}, {"type": "Feature", "properties": {"nom": "Jonchery-sur-Vesle", "code_insee": "51308", "code_uic": "87171314", "segment": "B", "voyageurs": 141140, "voyageurs_2019": 76262, "tendance_pct": 85.1}, "geometry": {"type": "Point", "coordinates": [3.819422, 49.290057]}}, {"type": "Feature", "properties": {"nom": "Groisy - Thorens-Glières", "code_insee": "74137", "code_uic": "87746248", "segment": "B", "voyageurs": 140624, "voyageurs_2019": 76660, "tendance_pct": 83.4}, "geometry": {"type": "Point", "coordinates": [6.17568, 46.01112]}}, {"type": "Feature", "properties": {"nom": "Muizon", "code_insee": "51391", "code_uic": "87171298", "segment": "B", "voyageurs": 140142, "voyageurs_2019": 73393, "tendance_pct": 90.9}, "geometry": {"type": "Point", "coordinates": [3.891529, 49.278101]}}, {"type": "Feature", "properties": {"nom": "Gevrey-Chambertin", "code_insee": "21295", "code_uic": "87713503", "segment": "B", "voyageurs": 139789, "voyageurs_2019": 106048, "tendance_pct": 31.8}, "geometry": {"type": "Point", "coordinates": [4.999058, 47.227469]}}, {"type": "Feature", "properties": {"nom": "Ax-les-Thermes", "code_insee": "09032", "code_uic": "87611533", "segment": "C", "voyageurs": 138906, "voyageurs_2019": 66861, "tendance_pct": 107.8}, "geometry": {"type": "Point", "coordinates": [1.833252, 42.724797]}}, {"type": "Feature", "properties": {"nom": "Roubaix", "code_insee": "59512", "code_uic": "87286732", "segment": "B", "voyageurs": 138862, "voyageurs_2019": 221272, "tendance_pct": -37.2}, "geometry": {"type": "Point", "coordinates": [3.16348, 50.69561]}}, {"type": "Feature", "properties": {"nom": "Port-la-Nouvelle", "code_insee": "11266", "code_uic": "87781062", "segment": "B", "voyageurs": 138584, "voyageurs_2019": 83628, "tendance_pct": 65.7}, "geometry": {"type": "Point", "coordinates": [3.038819, 43.019934]}}, {"type": "Feature", "properties": {"nom": "Labouheyre", "code_insee": "40134", "code_uic": "87582551", "segment": "B", "voyageurs": 137947, "voyageurs_2019": 73331, "tendance_pct": 88.1}, "geometry": {"type": "Point", "coordinates": [-0.92093, 44.210629]}}, {"type": "Feature", "properties": {"nom": "Châtel - Nomexy", "code_insee": "88327", "code_uic": "87144071", "segment": "B", "voyageurs": 137486, "voyageurs_2019": 126310, "tendance_pct": 8.8}, "geometry": {"type": "Point", "coordinates": [6.387807, 48.307156]}}, {"type": "Feature", "properties": {"nom": "Carmaux", "code_insee": "81060", "code_uic": "87615625", "segment": "B", "voyageurs": 137475, "voyageurs_2019": 84973, "tendance_pct": 61.8}, "geometry": {"type": "Point", "coordinates": [2.152401, 44.048782]}}, {"type": "Feature", "properties": {"nom": "Aime - La Plagne", "code_insee": "73006", "code_uic": "87741769", "segment": "B", "voyageurs": 137211, "voyageurs_2019": 105825, "tendance_pct": 29.7}, "geometry": {"type": "Point", "coordinates": [6.648646, 45.5544]}}, {"type": "Feature", "properties": {"nom": "La Ferté-Milon", "code_insee": "02307", "code_uic": "87116673", "segment": "B", "voyageurs": 137068, "voyageurs_2019": 128417, "tendance_pct": 6.7}, "geometry": {"type": "Point", "coordinates": [3.120722, 49.179727]}}, {"type": "Feature", "properties": {"nom": "Moissac", "code_insee": "82112", "code_uic": "87611889", "segment": "B", "voyageurs": 137062, "voyageurs_2019": 77068, "tendance_pct": 77.8}, "geometry": {"type": "Point", "coordinates": [1.077345, 44.102418]}}, {"type": "Feature", "properties": {"nom": "Bartenheim", "code_insee": "68021", "code_uic": "87182113", "segment": "B", "voyageurs": 136895, "voyageurs_2019": 143212, "tendance_pct": -4.4}, "geometry": {"type": "Point", "coordinates": [7.487256, 47.634931]}}, {"type": "Feature", "properties": {"nom": "Oyonnax", "code_insee": "01283", "code_uic": "87743534", "segment": "B", "voyageurs": 136792, "voyageurs_2019": 102677, "tendance_pct": 33.2}, "geometry": {"type": "Point", "coordinates": [5.653338, 46.259742]}}, {"type": "Feature", "properties": {"nom": "Le Creusot", "code_insee": "71153", "code_uic": "87694000", "segment": "B", "voyageurs": 136767, "voyageurs_2019": 137249, "tendance_pct": -0.4}, "geometry": {"type": "Point", "coordinates": [4.43044, 46.807815]}}, {"type": "Feature", "properties": {"nom": "Embrun", "code_insee": "05046", "code_uic": "87763466", "segment": "B", "voyageurs": 136541, "voyageurs_2019": 109995, "tendance_pct": 24.1}, "geometry": {"type": "Point", "coordinates": [6.496773, 44.567008]}}, {"type": "Feature", "properties": {"nom": "Rivesaltes", "code_insee": "66164", "code_uic": "87784173", "segment": "B", "voyageurs": 136142, "voyageurs_2019": 85145, "tendance_pct": 59.9}, "geometry": {"type": "Point", "coordinates": [2.86789, 42.766441]}}, {"type": "Feature", "properties": {"nom": "Bischoffsheim", "code_insee": "67045", "code_uic": "87214296", "segment": "B", "voyageurs": 136135, "voyageurs_2019": 133047, "tendance_pct": 2.3}, "geometry": {"type": "Point", "coordinates": [7.49772, 48.48701]}}, {"type": "Feature", "properties": {"nom": "Saint-Étienne La Terrasse", "code_insee": "42218", "code_uic": "87726158", "segment": "B", "voyageurs": 135932, "voyageurs_2019": 107576, "tendance_pct": 26.4}, "geometry": {"type": "Point", "coordinates": [4.379601, 45.464843]}}, {"type": "Feature", "properties": {"nom": "Mortcerf", "code_insee": "77318", "code_uic": "87116244", "segment": "B", "voyageurs": 135675, "voyageurs_2019": 154778, "tendance_pct": -12.3}, "geometry": {"type": "Point", "coordinates": [2.907555, 48.789219]}}, {"type": "Feature", "properties": {"nom": "Cires-lès-Mello", "code_insee": "60155", "code_uic": "87313551", "segment": "B", "voyageurs": 134919, "voyageurs_2019": 96422, "tendance_pct": 39.9}, "geometry": {"type": "Point", "coordinates": [2.36019, 49.271796]}}, {"type": "Feature", "properties": {"nom": "Pins-Justaret", "code_insee": "31421", "code_uic": "87618116", "segment": "B", "voyageurs": 134693, "voyageurs_2019": 125313, "tendance_pct": 7.5}, "geometry": {"type": "Point", "coordinates": [1.399645, 43.479213]}}, {"type": "Feature", "properties": {"nom": "Montlouis-sur-Loire", "code_insee": "37156", "code_uic": "87571273", "segment": "C", "voyageurs": 134378, "voyageurs_2019": 20874, "tendance_pct": 543.8}, "geometry": {"type": "Point", "coordinates": [0.817399, 47.391531]}}, {"type": "Feature", "properties": {"nom": "Vendôme", "code_insee": "41269", "code_uic": "87574558", "segment": "B", "voyageurs": 133974, "voyageurs_2019": 96700, "tendance_pct": 38.5}, "geometry": {"type": "Point", "coordinates": [1.067873, 47.80215]}}, {"type": "Feature", "properties": {"nom": "Mauzé-sur-le-Mignon", "code_insee": "79170", "code_uic": "87485250", "segment": "B", "voyageurs": 133699, "voyageurs_2019": 77183, "tendance_pct": 73.2}, "geometry": {"type": "Point", "coordinates": [-0.673726, 46.199588]}}, {"type": "Feature", "properties": {"nom": "Noyelles-sur-Mer", "code_insee": "80600", "code_uic": "87317396", "segment": "B", "voyageurs": 133531, "voyageurs_2019": 78623, "tendance_pct": 69.8}, "geometry": {"type": "Point", "coordinates": [1.704577, 50.187541]}}, {"type": "Feature", "properties": {"nom": "Dieulouard", "code_insee": "54157", "code_uic": "87141812", "segment": "B", "voyageurs": 133395, "voyageurs_2019": 121260, "tendance_pct": 10.0}, "geometry": {"type": "Point", "coordinates": [6.071489, 48.843367]}}, {"type": "Feature", "properties": {"nom": "Haluchère Batignolles", "code_insee": "44109", "code_uic": "87590331", "segment": "B", "voyageurs": 133201, "voyageurs_2019": 116440, "tendance_pct": 14.4}, "geometry": {"type": "Point", "coordinates": [-1.522444, 47.249142]}}, {"type": "Feature", "properties": {"nom": "Monthermé", "code_insee": "08081", "code_uic": "87172056", "segment": "B", "voyageurs": 133163, "voyageurs_2019": 95726, "tendance_pct": 39.1}, "geometry": {"type": "Point", "coordinates": [4.74053, 49.865621]}}, {"type": "Feature", "properties": {"nom": "Longages - Noé", "code_insee": "31303", "code_uic": "87611053", "segment": "B", "voyageurs": 132711, "voyageurs_2019": 102160, "tendance_pct": 29.9}, "geometry": {"type": "Point", "coordinates": [1.251953, 43.356324]}}, {"type": "Feature", "properties": {"nom": "L'Isle-sur-le-Doubs", "code_insee": "25315", "code_uic": "87184572", "segment": "B", "voyageurs": 132116, "voyageurs_2019": 106385, "tendance_pct": 24.2}, "geometry": {"type": "Point", "coordinates": [6.581261, 47.447378]}}, {"type": "Feature", "properties": {"nom": "Manosque - Gréoux-les-Bains", "code_insee": "04112", "code_uic": "87751321", "segment": "C", "voyageurs": 131129, "voyageurs_2019": 90904, "tendance_pct": 44.2}, "geometry": {"type": "Point", "coordinates": [5.793324, 43.823194]}}, {"type": "Feature", "properties": {"nom": "Bonneval", "code_insee": "28051", "code_uic": "87545731", "segment": "C", "voyageurs": 131013, "voyageurs_2019": 42944, "tendance_pct": 205.1}, "geometry": {"type": "Point", "coordinates": [1.386184, 48.186296]}}, {"type": "Feature", "properties": {"nom": "Le Méridien La Ferrière", "code_insee": "69244", "code_uic": "87721522", "segment": "B", "voyageurs": 130830, "voyageurs_2019": 155019, "tendance_pct": -15.6}, "geometry": {"type": "Point", "coordinates": [4.748443, 45.768499]}}, {"type": "Feature", "properties": {"nom": "Azay-le-Rideau", "code_insee": "37014", "code_uic": "87571638", "segment": "B", "voyageurs": 130435, "voyageurs_2019": 84578, "tendance_pct": 54.2}, "geometry": {"type": "Point", "coordinates": [0.447539, 47.266338]}}, {"type": "Feature", "properties": {"nom": "Bauvin - Provin", "code_insee": "59052", "code_uic": "87345280", "segment": "B", "voyageurs": 130202, "voyageurs_2019": 185978, "tendance_pct": -30.0}, "geometry": {"type": "Point", "coordinates": [2.9054, 50.51168]}}, {"type": "Feature", "properties": {"nom": "Grigny le Sablon", "code_insee": "69096", "code_uic": "87722298", "segment": "B", "voyageurs": 129010, "voyageurs_2019": 92875, "tendance_pct": 38.9}, "geometry": {"type": "Point", "coordinates": [4.796144, 45.60726]}}, {"type": "Feature", "properties": {"nom": "Morhange", "code_insee": "57483", "code_uic": "87192286", "segment": "B", "voyageurs": 128991, "voyageurs_2019": 95491, "tendance_pct": 35.1}, "geometry": {"type": "Point", "coordinates": [6.659027, 48.936624]}}, {"type": "Feature", "properties": {"nom": "Saint-Leu-d'Esserent", "code_insee": "60584", "code_uic": "87276402", "segment": "B", "voyageurs": 128020, "voyageurs_2019": 117808, "tendance_pct": 8.7}, "geometry": {"type": "Point", "coordinates": [2.417784, 49.214082]}}, {"type": "Feature", "properties": {"nom": "Bruyères", "code_insee": "88078", "code_uic": "87144154", "segment": "B", "voyageurs": 127688, "voyageurs_2019": 50987, "tendance_pct": 150.4}, "geometry": {"type": "Point", "coordinates": [6.718764, 48.204895]}}, {"type": "Feature", "properties": {"nom": "Sermaise", "code_insee": "91593", "code_uic": "87545517", "segment": "B", "voyageurs": 127315, "voyageurs_2019": 131344, "tendance_pct": -3.1}, "geometry": {"type": "Point", "coordinates": [2.06865, 48.53536]}}, {"type": "Feature", "properties": {"nom": "Bagneaux-sur-Loing", "code_insee": "77016", "code_uic": "87684191", "segment": "C", "voyageurs": 127269, "voyageurs_2019": 29663, "tendance_pct": 329.0}, "geometry": {"type": "Point", "coordinates": [2.703333, 48.23048]}}, {"type": "Feature", "properties": {"nom": "Rilly-la-Montagne", "code_insee": "51461", "code_uic": "87171595", "segment": "B", "voyageurs": 126919, "voyageurs_2019": 63585, "tendance_pct": 99.6}, "geometry": {"type": "Point", "coordinates": [4.040861, 49.166452]}}, {"type": "Feature", "properties": {"nom": "Mérignac Arlac", "code_insee": "33281", "code_uic": "87278259", "segment": "C", "voyageurs": 126877, "voyageurs_2019": 141346, "tendance_pct": -10.2}, "geometry": {"type": "Point", "coordinates": [-0.62614, 44.82656]}}, {"type": "Feature", "properties": {"nom": "Boissise-le-Roi", "code_insee": "77040", "code_uic": "87682518", "segment": "B", "voyageurs": 126786, "voyageurs_2019": 129195, "tendance_pct": -1.9}, "geometry": {"type": "Point", "coordinates": [2.572953, 48.529319]}}, {"type": "Feature", "properties": {"nom": "Livron-sur-Drôme", "code_insee": "26165", "code_uic": "87761247", "segment": "C", "voyageurs": 126743, "voyageurs_2019": 61938, "tendance_pct": 104.6}, "geometry": {"type": "Point", "coordinates": [4.830541, 44.779604]}}, {"type": "Feature", "properties": {"nom": "Pérenchies", "code_insee": "59457", "code_uic": "87286278", "segment": "C", "voyageurs": 126686, "voyageurs_2019": 72519, "tendance_pct": 74.7}, "geometry": {"type": "Point", "coordinates": [2.97729, 50.66697]}}, {"type": "Feature", "properties": {"nom": "Anizy - Pinon", "code_insee": "02602", "code_uic": "87296566", "segment": "B", "voyageurs": 126609, "voyageurs_2019": 87841, "tendance_pct": 44.1}, "geometry": {"type": "Point", "coordinates": [3.448764, 49.496007]}}, {"type": "Feature", "properties": {"nom": "Grésy-sur-Aix", "code_insee": "73128", "code_uic": "87746107", "segment": "B", "voyageurs": 126444, "voyageurs_2019": 69592, "tendance_pct": 81.7}, "geometry": {"type": "Point", "coordinates": [5.922175, 45.724516]}}, {"type": "Feature", "properties": {"nom": "La Crau", "code_insee": "83047", "code_uic": "87755611", "segment": "B", "voyageurs": 126069, "voyageurs_2019": 64283, "tendance_pct": 96.1}, "geometry": {"type": "Point", "coordinates": [6.068766, 43.144935]}}, {"type": "Feature", "properties": {"nom": "Le Pouliguen", "code_insee": "44135", "code_uic": "87481762", "segment": "B", "voyageurs": 125948, "voyageurs_2019": 87996, "tendance_pct": 43.1}, "geometry": {"type": "Point", "coordinates": [-2.433145, 47.28254]}}, {"type": "Feature", "properties": {"nom": "Collonges - Fontaines", "code_insee": "69063", "code_uic": "87721225", "segment": "B", "voyageurs": 125763, "voyageurs_2019": 92646, "tendance_pct": 35.7}, "geometry": {"type": "Point", "coordinates": [4.846614, 45.82911]}}, {"type": "Feature", "properties": {"nom": "Pont-du-Château", "code_insee": "63284", "code_uic": "87734087", "segment": "C", "voyageurs": 125488, "voyageurs_2019": 46360, "tendance_pct": 170.7}, "geometry": {"type": "Point", "coordinates": [3.237783, 45.788554]}}, {"type": "Feature", "properties": {"nom": "Sainte-Colombe Septveilles", "code_insee": "77404", "code_uic": "87116178", "segment": "B", "voyageurs": 125372, "voyageurs_2019": 139106, "tendance_pct": -9.9}, "geometry": {"type": "Point", "coordinates": [3.25602, 48.52959]}}, {"type": "Feature", "properties": {"nom": "Jouy", "code_insee": "28201", "code_uic": "87394155", "segment": "B", "voyageurs": 124677, "voyageurs_2019": 95286, "tendance_pct": 30.8}, "geometry": {"type": "Point", "coordinates": [1.557397, 48.510258]}}, {"type": "Feature", "properties": {"nom": "Étain", "code_insee": "55181", "code_uic": "87175794", "segment": "B", "voyageurs": 124626, "voyageurs_2019": 88957, "tendance_pct": 40.1}, "geometry": {"type": "Point", "coordinates": [5.639808, 49.207491]}}, {"type": "Feature", "properties": {"nom": "Pont-sur-Yonne", "code_insee": "89309", "code_uic": "87683136", "segment": "B", "voyageurs": 124592, "voyageurs_2019": 108606, "tendance_pct": 14.7}, "geometry": {"type": "Point", "coordinates": [3.201463, 48.286287]}}, {"type": "Feature", "properties": {"nom": "Dieupentale", "code_insee": "82048", "code_uic": "87611681", "segment": "B", "voyageurs": 124454, "voyageurs_2019": 92083, "tendance_pct": 35.2}, "geometry": {"type": "Point", "coordinates": [1.276001, 43.865469]}}, {"type": "Feature", "properties": {"nom": "Varades - Saint-Florent le Vieil", "code_insee": "44213", "code_uic": "87484386", "segment": "B", "voyageurs": 123919, "voyageurs_2019": 90502, "tendance_pct": 36.9}, "geometry": {"type": "Point", "coordinates": [-1.019712, 47.374447]}}, {"type": "Feature", "properties": {"nom": "Poligny", "code_insee": "39434", "code_uic": "87718189", "segment": "B", "voyageurs": 123658, "voyageurs_2019": 95413, "tendance_pct": 29.6}, "geometry": {"type": "Point", "coordinates": [5.700105, 46.844339]}}, {"type": "Feature", "properties": {"nom": "Limersheim", "code_insee": "67200", "code_uic": "87212274", "segment": "C", "voyageurs": 123589, "voyageurs_2019": 100755, "tendance_pct": 22.7}, "geometry": {"type": "Point", "coordinates": [7.660358, 48.461733]}}, {"type": "Feature", "properties": {"nom": "Solliès-Pont", "code_insee": "83130", "code_uic": "87755330", "segment": "B", "voyageurs": 123336, "voyageurs_2019": 73277, "tendance_pct": 68.3}, "geometry": {"type": "Point", "coordinates": [6.046416, 43.190781]}}, {"type": "Feature", "properties": {"nom": "Monteux", "code_insee": "84080", "code_uic": "87765818", "segment": "B", "voyageurs": 123118, "voyageurs_2019": 106553, "tendance_pct": 15.5}, "geometry": {"type": "Point", "coordinates": [4.994781, 44.037462]}}, {"type": "Feature", "properties": {"nom": "Varennes-sur-Allier", "code_insee": "03298", "code_uic": "87696351", "segment": "B", "voyageurs": 123083, "voyageurs_2019": 96115, "tendance_pct": 28.1}, "geometry": {"type": "Point", "coordinates": [3.394178, 46.315492]}}, {"type": "Feature", "properties": {"nom": "Modane", "code_insee": "73157", "code_uic": "87742007", "segment": "B", "voyageurs": 122917, "voyageurs_2019": 205104, "tendance_pct": -40.1}, "geometry": {"type": "Point", "coordinates": [6.658161, 45.193365]}}, {"type": "Feature", "properties": {"nom": "Brassac-les-Mines - Sainte-Florine", "code_insee": "63050", "code_uic": "87734244", "segment": "B", "voyageurs": 122704, "voyageurs_2019": 102367, "tendance_pct": 19.9}, "geometry": {"type": "Point", "coordinates": [3.330167, 45.414246]}}, {"type": "Feature", "properties": {"nom": "Watten - Éperlecques", "code_insee": "62297", "code_uic": "87281436", "segment": "B", "voyageurs": 122322, "voyageurs_2019": 113082, "tendance_pct": 8.2}, "geometry": {"type": "Point", "coordinates": [2.20796, 50.825404]}}, {"type": "Feature", "properties": {"nom": "Pas des Lanciers", "code_insee": "13054", "code_uic": "87753285", "segment": "B", "voyageurs": 122079, "voyageurs_2019": 119491, "tendance_pct": 2.2}, "geometry": {"type": "Point", "coordinates": [5.253822, 43.409655]}}, {"type": "Feature", "properties": {"nom": "Bueil", "code_insee": "27119", "code_uic": "87387092", "segment": "B", "voyageurs": 122018, "voyageurs_2019": 107823, "tendance_pct": 13.2}, "geometry": {"type": "Point", "coordinates": [1.44359, 48.925382]}}, {"type": "Feature", "properties": {"nom": "Carnoules", "code_insee": "83033", "code_uic": "87755371", "segment": "B", "voyageurs": 121947, "voyageurs_2019": 97030, "tendance_pct": 25.7}, "geometry": {"type": "Point", "coordinates": [6.186253, 43.29741]}}, {"type": "Feature", "properties": {"nom": "Grisolles", "code_insee": "82075", "code_uic": "87611673", "segment": "B", "voyageurs": 121826, "voyageurs_2019": 88875, "tendance_pct": 37.1}, "geometry": {"type": "Point", "coordinates": [1.302329, 43.826962]}}, {"type": "Feature", "properties": {"nom": "Couilly - Saint-Germain - Quincy", "code_insee": "77413", "code_uic": "87116731", "segment": "C", "voyageurs": 121776, "voyageurs_2019": 102343, "tendance_pct": 19.0}, "geometry": {"type": "Point", "coordinates": [2.854057, 48.883021]}}, {"type": "Feature", "properties": {"nom": "Bruyères-sur-Oise", "code_insee": "95116", "code_uic": "87276451", "segment": "B", "voyageurs": 121287, "voyageurs_2019": 112059, "tendance_pct": 8.2}, "geometry": {"type": "Point", "coordinates": [2.325964, 49.15521]}}, {"type": "Feature", "properties": {"nom": "Tiercé", "code_insee": "49347", "code_uic": "87484147", "segment": "B", "voyageurs": 120085, "voyageurs_2019": 122747, "tendance_pct": -2.2}, "geometry": {"type": "Point", "coordinates": [-0.469347, 47.617532]}}, {"type": "Feature", "properties": {"nom": "Ars-sur-Moselle", "code_insee": "57032", "code_uic": "87192401", "segment": "B", "voyageurs": 120029, "voyageurs_2019": 108528, "tendance_pct": 10.6}, "geometry": {"type": "Point", "coordinates": [6.077646, 49.074475]}}, {"type": "Feature", "properties": {"nom": "Castelsarrasin", "code_insee": "82033", "code_uic": "87611897", "segment": "B", "voyageurs": 119909, "voyageurs_2019": 76508, "tendance_pct": 56.7}, "geometry": {"type": "Point", "coordinates": [1.114395, 44.04035]}}, {"type": "Feature", "properties": {"nom": "Banyuls-sur-Mer", "code_insee": "66016", "code_uic": "87784298", "segment": "B", "voyageurs": 119683, "voyageurs_2019": 74781, "tendance_pct": 60.0}, "geometry": {"type": "Point", "coordinates": [3.12505, 42.482958]}}, {"type": "Feature", "properties": {"nom": "Bas - Monistrol-sur-Loire", "code_insee": "43020", "code_uic": "87726778", "segment": "B", "voyageurs": 119627, "voyageurs_2019": 102476, "tendance_pct": 16.7}, "geometry": {"type": "Point", "coordinates": [4.139602, 45.297596]}}, {"type": "Feature", "properties": {"nom": "La Suze-sur-Sarthe", "code_insee": "72346", "code_uic": "87396366", "segment": "B", "voyageurs": 119106, "voyageurs_2019": 125553, "tendance_pct": -5.1}, "geometry": {"type": "Point", "coordinates": [0.026637, 47.891989]}}, {"type": "Feature", "properties": {"nom": "Dachstein", "code_insee": "67300", "code_uic": "87214551", "segment": "B", "voyageurs": 118712, "voyageurs_2019": 106254, "tendance_pct": 11.7}, "geometry": {"type": "Point", "coordinates": [7.533004, 48.542855]}}, {"type": "Feature", "properties": {"nom": "Dijon Porte Neuve", "code_insee": "21231", "code_uic": "87713008", "segment": "B", "voyageurs": 118604, "voyageurs_2019": 127926, "tendance_pct": -7.3}, "geometry": {"type": "Point", "coordinates": [5.054872, 47.322806]}}, {"type": "Feature", "properties": {"nom": "Brioude", "code_insee": "43040", "code_uic": "87734269", "segment": "B", "voyageurs": 118457, "voyageurs_2019": 95704, "tendance_pct": 23.8}, "geometry": {"type": "Point", "coordinates": [3.378634, 45.300649]}}, {"type": "Feature", "properties": {"nom": "Pont-à-Vendin", "code_insee": "62666", "code_uic": "87345264", "segment": "B", "voyageurs": 118385, "voyageurs_2019": 82222, "tendance_pct": 44.0}, "geometry": {"type": "Point", "coordinates": [2.875194, 50.471381]}}, {"type": "Feature", "properties": {"nom": "Duppigheim", "code_insee": "67108", "code_uic": "87214536", "segment": "C", "voyageurs": 118030, "voyageurs_2019": 111178, "tendance_pct": 6.2}, "geometry": {"type": "Point", "coordinates": [7.586809, 48.543967]}}, {"type": "Feature", "properties": {"nom": "Dorlisheim", "code_insee": "67101", "code_uic": "87214338", "segment": "C", "voyageurs": 118003, "voyageurs_2019": 111005, "tendance_pct": 6.3}, "geometry": {"type": "Point", "coordinates": [7.493055, 48.524991]}}, {"type": "Feature", "properties": {"nom": "Mareil-sur-Mauldre", "code_insee": "78368", "code_uic": "87381715", "segment": "C", "voyageurs": 117519, "voyageurs_2019": 85503, "tendance_pct": 37.4}, "geometry": {"type": "Point", "coordinates": [1.871516, 48.89368]}}, {"type": "Feature", "properties": {"nom": "Perrignier", "code_insee": "74210", "code_uic": "87745620", "segment": "C", "voyageurs": 117355, "voyageurs_2019": 52922, "tendance_pct": 121.8}, "geometry": {"type": "Point", "coordinates": [6.424921, 46.303259]}}, {"type": "Feature", "properties": {"nom": "Gundershoffen", "code_insee": "67176", "code_uic": "87213223", "segment": "B", "voyageurs": 117154, "voyageurs_2019": 79706, "tendance_pct": 47.0}, "geometry": {"type": "Point", "coordinates": [7.653535, 48.905261]}}, {"type": "Feature", "properties": {"nom": "Leucate La Franqui", "code_insee": "11202", "code_uic": "87781088", "segment": "B", "voyageurs": 116857, "voyageurs_2019": 68400, "tendance_pct": 70.8}, "geometry": {"type": "Point", "coordinates": [3.012856, 42.932772]}}, {"type": "Feature", "properties": {"nom": "Loriol-sur-Drôme", "code_insee": "26166", "code_uic": "87761262", "segment": "C", "voyageurs": 116615, "voyageurs_2019": 62121, "tendance_pct": 87.7}, "geometry": {"type": "Point", "coordinates": [4.817168, 44.754497]}}, {"type": "Feature", "properties": {"nom": "Montrichard", "code_insee": "41151", "code_uic": "87574855", "segment": "B", "voyageurs": 116338, "voyageurs_2019": 89033, "tendance_pct": 30.7}, "geometry": {"type": "Point", "coordinates": [1.17176, 47.343766]}}, {"type": "Feature", "properties": {"nom": "Machecoul", "code_insee": "44087", "code_uic": "87481366", "segment": "B", "voyageurs": 116298, "voyageurs_2019": 79509, "tendance_pct": 46.3}, "geometry": {"type": "Point", "coordinates": [-1.822752, 46.990504]}}, {"type": "Feature", "properties": {"nom": "Le Coteau", "code_insee": "42071", "code_uic": "87726828", "segment": "C", "voyageurs": 116162, "voyageurs_2019": 84195, "tendance_pct": 38.0}, "geometry": {"type": "Point", "coordinates": [4.086248, 46.023984]}}, {"type": "Feature", "properties": {"nom": "Poix-Terron", "code_insee": "08341", "code_uic": "87172171", "segment": "B", "voyageurs": 115969, "voyageurs_2019": 89351, "tendance_pct": 29.8}, "geometry": {"type": "Point", "coordinates": [4.636535, 49.650001]}}, {"type": "Feature", "properties": {"nom": "Pibrac", "code_insee": "31417", "code_uic": "87611830", "segment": "B", "voyageurs": 115815, "voyageurs_2019": 100582, "tendance_pct": 15.1}, "geometry": {"type": "Point", "coordinates": [1.289237, 43.621364]}}, {"type": "Feature", "properties": {"nom": "Sillé-le-Guillaume", "code_insee": "72334", "code_uic": "87396234", "segment": "C", "voyageurs": 115577, "voyageurs_2019": 100320, "tendance_pct": 15.2}, "geometry": {"type": "Point", "coordinates": [-0.12897, 48.181874]}}, {"type": "Feature", "properties": {"nom": "Mouroux", "code_insee": "77320", "code_uic": "87116285", "segment": "C", "voyageurs": 114793, "voyageurs_2019": 112857, "tendance_pct": 1.7}, "geometry": {"type": "Point", "coordinates": [3.042342, 48.813995]}}, {"type": "Feature", "properties": {"nom": "Betton", "code_insee": "35024", "code_uic": "87471045", "segment": "C", "voyageurs": 114781, "voyageurs_2019": 69479, "tendance_pct": 65.2}, "geometry": {"type": "Point", "coordinates": [-1.634475, 48.18148]}}, {"type": "Feature", "properties": {"nom": "Breteil", "code_insee": "35040", "code_uic": "87471102", "segment": "C", "voyageurs": 114549, "voyageurs_2019": 87850, "tendance_pct": 30.4}, "geometry": {"type": "Point", "coordinates": [-1.897209, 48.140571]}}, {"type": "Feature", "properties": {"nom": "Dinan", "code_insee": "22050", "code_uic": "87478164", "segment": "C", "voyageurs": 113535, "voyageurs_2019": 72293, "tendance_pct": 57.0}, "geometry": {"type": "Point", "coordinates": [-2.053542, 48.456764]}}, {"type": "Feature", "properties": {"nom": "Culmont - Chalindrey", "code_insee": "52155", "code_uic": "87142125", "segment": "C", "voyageurs": 112123, "voyageurs_2019": 60945, "tendance_pct": 84.0}, "geometry": {"type": "Point", "coordinates": [5.443222, 47.81009]}}, {"type": "Feature", "properties": {"nom": "Villedieu-les-Poêles", "code_insee": "50639", "code_uic": "87447698", "segment": "B", "voyageurs": 112032, "voyageurs_2019": 101134, "tendance_pct": 10.8}, "geometry": {"type": "Point", "coordinates": [-1.225559, 48.834049]}}, {"type": "Feature", "properties": {"nom": "Kurtzenhouse", "code_insee": "67252", "code_uic": "87213660", "segment": "B", "voyageurs": 111836, "voyageurs_2019": 101037, "tendance_pct": 10.7}, "geometry": {"type": "Point", "coordinates": [7.813045, 48.741862]}}, {"type": "Feature", "properties": {"nom": "Mourmelon-le-Petit", "code_insee": "51389", "code_uic": "87174409", "segment": "C", "voyageurs": 111725, "voyageurs_2019": 79829, "tendance_pct": 40.0}, "geometry": {"type": "Point", "coordinates": [4.318098, 49.131308]}}, {"type": "Feature", "properties": {"nom": "Bar-sur-Aube", "code_insee": "10033", "code_uic": "87118299", "segment": "C", "voyageurs": 111576, "voyageurs_2019": 89686, "tendance_pct": 24.4}, "geometry": {"type": "Point", "coordinates": [4.706671, 48.23854]}}, {"type": "Feature", "properties": {"nom": "Crest", "code_insee": "26108", "code_uic": "87761783", "segment": "C", "voyageurs": 111228, "voyageurs_2019": 75386, "tendance_pct": 47.5}, "geometry": {"type": "Point", "coordinates": [5.016097, 44.730155]}}, {"type": "Feature", "properties": {"nom": "Strasbourg Roethig", "code_insee": "67267", "code_uic": "87212191", "segment": "C", "voyageurs": 111023, "voyageurs_2019": 75283, "tendance_pct": 47.5}, "geometry": {"type": "Point", "coordinates": [7.695045, 48.56329]}}, {"type": "Feature", "properties": {"nom": "Saint-Gilles Lycée Haut-Rhin", "code_insee": "68374", "code_uic": "87181552", "segment": "B", "voyageurs": 110993, "voyageurs_2019": 58513, "tendance_pct": 89.7}, "geometry": {"type": "Point", "coordinates": [7.260975, 48.075861]}}, {"type": "Feature", "properties": {"nom": "Vertou", "code_insee": "44215", "code_uic": "87481408", "segment": "B", "voyageurs": 110962, "voyageurs_2019": 89228, "tendance_pct": 24.4}, "geometry": {"type": "Point", "coordinates": [-1.478005, 47.186143]}}, {"type": "Feature", "properties": {"nom": "Capdenac", "code_insee": "12052", "code_uic": "87613109", "segment": "B", "voyageurs": 110896, "voyageurs_2019": 107834, "tendance_pct": 2.8}, "geometry": {"type": "Point", "coordinates": [2.077963, 44.578246]}}, {"type": "Feature", "properties": {"nom": "Château-Renault", "code_insee": "37063", "code_uic": "87574665", "segment": "B", "voyageurs": 110831, "voyageurs_2019": 68702, "tendance_pct": 61.3}, "geometry": {"type": "Point", "coordinates": [0.901524, 47.587796]}}, {"type": "Feature", "properties": {"nom": "Dannemarie", "code_insee": "68068", "code_uic": "87182253", "segment": "B", "voyageurs": 110374, "voyageurs_2019": 109780, "tendance_pct": 0.5}, "geometry": {"type": "Point", "coordinates": [7.124907, 47.627577]}}, {"type": "Feature", "properties": {"nom": "Saint-Hilaire - Saint-Nazaire", "code_insee": "38394", "code_uic": "87761684", "segment": "C", "voyageurs": 110057, "voyageurs_2019": 73432, "tendance_pct": 49.9}, "geometry": {"type": "Point", "coordinates": [5.243851, 45.07134]}}, {"type": "Feature", "properties": {"nom": "Connerré - Beillé", "code_insee": "72031", "code_uic": "87396309", "segment": "B", "voyageurs": 109988, "voyageurs_2019": 141667, "tendance_pct": -22.4}, "geometry": {"type": "Point", "coordinates": [0.48687, 48.0735]}}, {"type": "Feature", "properties": {"nom": "La Frayère", "code_insee": "06029", "code_uic": "87757740", "segment": "B", "voyageurs": 109839, "voyageurs_2019": 84814, "tendance_pct": 29.5}, "geometry": {"type": "Point", "coordinates": [6.97209, 43.558109]}}, {"type": "Feature", "properties": {"nom": "Commentry", "code_insee": "03082", "code_uic": "87641415", "segment": "B", "voyageurs": 109615, "voyageurs_2019": 128926, "tendance_pct": -15.0}, "geometry": {"type": "Point", "coordinates": [2.739949, 46.295102]}}, {"type": "Feature", "properties": {"nom": "Montrond-les-Bains", "code_insee": "42149", "code_uic": "87726885", "segment": "B", "voyageurs": 109531, "voyageurs_2019": 119711, "tendance_pct": -8.5}, "geometry": {"type": "Point", "coordinates": [4.248814, 45.644429]}}, {"type": "Feature", "properties": {"nom": "Ingrandes-Le Fresne-sur-Loire", "code_insee": "49160", "code_uic": "87484360", "segment": "C", "voyageurs": 109383, "voyageurs_2019": 60098, "tendance_pct": 82.0}, "geometry": {"type": "Point", "coordinates": [-0.92102, 47.405638]}}, {"type": "Feature", "properties": {"nom": "Nesle", "code_insee": "80585", "code_uic": "87313486", "segment": "C", "voyageurs": 109199, "voyageurs_2019": 72574, "tendance_pct": 50.5}, "geometry": {"type": "Point", "coordinates": [2.908988, 49.763915]}}, {"type": "Feature", "properties": {"nom": "La Villette Saint-Prest", "code_insee": "28358", "code_uic": "87394171", "segment": "C", "voyageurs": 109176, "voyageurs_2019": 93032, "tendance_pct": 17.4}, "geometry": {"type": "Point", "coordinates": [1.522873, 48.48272]}}, {"type": "Feature", "properties": {"nom": "Carry-le-Rouet", "code_insee": "13021", "code_uic": "87753566", "segment": "C", "voyageurs": 108272, "voyageurs_2019": 80636, "tendance_pct": 34.3}, "geometry": {"type": "Point", "coordinates": [5.153594, 43.336592]}}, {"type": "Feature", "properties": {"nom": "Isles - Armentières - Congis", "code_insee": "77231", "code_uic": "87116616", "segment": "C", "voyageurs": 108253, "voyageurs_2019": 103553, "tendance_pct": 4.5}, "geometry": {"type": "Point", "coordinates": [3.0073, 48.998099]}}, {"type": "Feature", "properties": {"nom": "Morteau", "code_insee": "25411", "code_uic": "87718619", "segment": "B", "voyageurs": 107370, "voyageurs_2019": 176150, "tendance_pct": -39.0}, "geometry": {"type": "Point", "coordinates": [6.604653, 47.053727]}}, {"type": "Feature", "properties": {"nom": "Kilstett", "code_insee": "67237", "code_uic": "87212324", "segment": "B", "voyageurs": 107224, "voyageurs_2019": 96880, "tendance_pct": 10.7}, "geometry": {"type": "Point", "coordinates": [7.854903, 48.679307]}}, {"type": "Feature", "properties": {"nom": "Ruffec", "code_insee": "16292", "code_uic": "87583849", "segment": "C", "voyageurs": 106981, "voyageurs_2019": 73937, "tendance_pct": 44.7}, "geometry": {"type": "Point", "coordinates": [0.190205, 46.030518]}}, {"type": "Feature", "properties": {"nom": "Givors Canal", "code_insee": "69091", "code_uic": "87722439", "segment": "C", "voyageurs": 106952, "voyageurs_2019": 70452, "tendance_pct": 51.8}, "geometry": {"type": "Point", "coordinates": [4.772575, 45.595766]}}, {"type": "Feature", "properties": {"nom": "Us", "code_insee": "95625", "code_uic": "87381178", "segment": "C", "voyageurs": 106903, "voyageurs_2019": 122476, "tendance_pct": -12.7}, "geometry": {"type": "Point", "coordinates": [1.97076, 49.09969]}}, {"type": "Feature", "properties": {"nom": "Artix", "code_insee": "64061", "code_uic": "87672212", "segment": "C", "voyageurs": 106432, "voyageurs_2019": 42665, "tendance_pct": 149.5}, "geometry": {"type": "Point", "coordinates": [-0.570188, 43.393106]}}, {"type": "Feature", "properties": {"nom": "Auvers-sur-Oise", "code_insee": "95039", "code_uic": "87276543", "segment": "C", "voyageurs": 105669, "voyageurs_2019": 137596, "tendance_pct": -23.2}, "geometry": {"type": "Point", "coordinates": [2.17526, 49.07062]}}, {"type": "Feature", "properties": {"nom": "Niolon", "code_insee": "13088", "code_uic": "87753582", "segment": "C", "voyageurs": 105351, "voyageurs_2019": 34070, "tendance_pct": 209.2}, "geometry": {"type": "Point", "coordinates": [5.256941, 43.340223]}}, {"type": "Feature", "properties": {"nom": "Mehun-sur-Yèvre", "code_insee": "18141", "code_uic": "87576116", "segment": "C", "voyageurs": 105160, "voyageurs_2019": 46896, "tendance_pct": 124.2}, "geometry": {"type": "Point", "coordinates": [2.207134, 47.139441]}}, {"type": "Feature", "properties": {"nom": "Revigny-sur-Ornain", "code_insee": "55427", "code_uic": "87175018", "segment": "B", "voyageurs": 104927, "voyageurs_2019": 89991, "tendance_pct": 16.6}, "geometry": {"type": "Point", "coordinates": [4.985574, 48.824045]}}, {"type": "Feature", "properties": {"nom": "Lépin-le-Lac - La Bauche", "code_insee": "73145", "code_uic": "87741439", "segment": "C", "voyageurs": 104659, "voyageurs_2019": 56105, "tendance_pct": 86.5}, "geometry": {"type": "Point", "coordinates": [5.764983, 45.541519]}}, {"type": "Feature", "properties": {"nom": "Mionnay", "code_insee": "01248", "code_uic": "87723726", "segment": "C", "voyageurs": 104428, "voyageurs_2019": 98182, "tendance_pct": 6.4}, "geometry": {"type": "Point", "coordinates": [4.919752, 45.896678]}}, {"type": "Feature", "properties": {"nom": "Quincieux", "code_insee": "69207", "code_uic": "87721290", "segment": "C", "voyageurs": 104030, "voyageurs_2019": 73920, "tendance_pct": 40.7}, "geometry": {"type": "Point", "coordinates": [4.778564, 45.906881]}}, {"type": "Feature", "properties": {"nom": "Podensac", "code_insee": "33327", "code_uic": "87582734", "segment": "C", "voyageurs": 104010, "voyageurs_2019": 89635, "tendance_pct": 16.0}, "geometry": {"type": "Point", "coordinates": [-0.358906, 44.648966]}}, {"type": "Feature", "properties": {"nom": "Graffenwald", "code_insee": "68375", "code_uic": "87181131", "segment": "C", "voyageurs": 103554, "voyageurs_2019": 78248, "tendance_pct": 32.3}, "geometry": {"type": "Point", "coordinates": [7.224791, 47.780823]}}, {"type": "Feature", "properties": {"nom": "Sées", "code_insee": "61464", "code_uic": "87444695", "segment": "C", "voyageurs": 103413, "voyageurs_2019": 77199, "tendance_pct": 34.0}, "geometry": {"type": "Point", "coordinates": [0.166185, 48.5999]}}, {"type": "Feature", "properties": {"nom": "Baziège", "code_insee": "31048", "code_uic": "87611723", "segment": "C", "voyageurs": 103277, "voyageurs_2019": 55961, "tendance_pct": 84.6}, "geometry": {"type": "Point", "coordinates": [1.620502, 43.45357]}}, {"type": "Feature", "properties": {"nom": "Villaines-sous-Bois", "code_insee": "95056", "code_uic": "87272021", "segment": "C", "voyageurs": 103028, "voyageurs_2019": 94805, "tendance_pct": 8.7}, "geometry": {"type": "Point", "coordinates": [2.351374, 49.079827]}}, {"type": "Feature", "properties": {"nom": "Saint-Florentin - Vergigny", "code_insee": "89439", "code_uic": "87683318", "segment": "C", "voyageurs": 102851, "voyageurs_2019": 75902, "tendance_pct": 35.5}, "geometry": {"type": "Point", "coordinates": [3.731036, 47.981058]}}, {"type": "Feature", "properties": {"nom": "Fumay", "code_insee": "08185", "code_uic": "87172098", "segment": "C", "voyageurs": 102609, "voyageurs_2019": 69508, "tendance_pct": 47.6}, "geometry": {"type": "Point", "coordinates": [4.6926, 49.986048]}}, {"type": "Feature", "properties": {"nom": "Vonnas", "code_insee": "01457", "code_uic": "87725820", "segment": "B", "voyageurs": 102046, "voyageurs_2019": 91327, "tendance_pct": 11.7}, "geometry": {"type": "Point", "coordinates": [4.991668, 46.227285]}}, {"type": "Feature", "properties": {"nom": "Pauillac", "code_insee": "33314", "code_uic": "87581256", "segment": "C", "voyageurs": 101842, "voyageurs_2019": 86219, "tendance_pct": 18.1}, "geometry": {"type": "Point", "coordinates": [-0.755134, 45.203844]}}, {"type": "Feature", "properties": {"nom": "Sessenheim", "code_insee": "67465", "code_uic": "87212365", "segment": "C", "voyageurs": 101767, "voyageurs_2019": 84660, "tendance_pct": 20.2}, "geometry": {"type": "Point", "coordinates": [7.989319, 48.796463]}}, {"type": "Feature", "properties": {"nom": "Saint-Chamas", "code_insee": "13092", "code_uic": "87753202", "segment": "C", "voyageurs": 101409, "voyageurs_2019": 75620, "tendance_pct": 34.1}, "geometry": {"type": "Point", "coordinates": [5.040296, 43.551158]}}, {"type": "Feature", "properties": {"nom": "Vernaison", "code_insee": "69260", "code_uic": "87722264", "segment": "C", "voyageurs": 101168, "voyageurs_2019": 85053, "tendance_pct": 18.9}, "geometry": {"type": "Point", "coordinates": [4.813291, 45.645648]}}, {"type": "Feature", "properties": {"nom": "Saint-Erme-Outre-et-Ramecourt", "code_insee": "02676", "code_uic": "87171751", "segment": "C", "voyageurs": 100594, "voyageurs_2019": 64178, "tendance_pct": 56.7}, "geometry": {"type": "Point", "coordinates": [3.85765, 49.526986]}}, {"type": "Feature", "properties": {"nom": "Vire", "code_insee": "14762", "code_uic": "87448159", "segment": "C", "voyageurs": 100571, "voyageurs_2019": 80187, "tendance_pct": 25.4}, "geometry": {"type": "Point", "coordinates": [-0.882884, 48.846329]}}, {"type": "Feature", "properties": {"nom": "Grandvilliers", "code_insee": "60286", "code_uic": "87313734", "segment": "C", "voyageurs": 100500, "voyageurs_2019": 43744, "tendance_pct": 129.7}, "geometry": {"type": "Point", "coordinates": [1.938484, 49.659378]}}, {"type": "Feature", "properties": {"nom": "Achiet-le-Grand", "code_insee": "62005", "code_uic": "87342048", "segment": "C", "voyageurs": 100369, "voyageurs_2019": 97848, "tendance_pct": 2.6}, "geometry": {"type": "Point", "coordinates": [2.780168, 50.131752]}}, {"type": "Feature", "properties": {"nom": "Schwindratzheim", "code_insee": "67460", "code_uic": "87212159", "segment": "C", "voyageurs": 100181, "voyageurs_2019": 77435, "tendance_pct": 29.4}, "geometry": {"type": "Point", "coordinates": [7.600547, 48.753647]}}, {"type": "Feature", "properties": {"nom": "Decize", "code_insee": "58095", "code_uic": "87696484", "segment": "C", "voyageurs": 100153, "voyageurs_2019": 94895, "tendance_pct": 5.5}, "geometry": {"type": "Point", "coordinates": [3.467274, 46.837362]}}, {"type": "Feature", "properties": {"nom": "Ranguin", "code_insee": "06085", "code_uic": "87757732", "segment": "C", "voyageurs": 100108, "voyageurs_2019": 76307, "tendance_pct": 31.2}, "geometry": {"type": "Point", "coordinates": [6.969313, 43.569164]}}, {"type": "Feature", "properties": {"nom": "Saint-Fargeau-Ponthierry", "code_insee": "77407", "code_uic": "87682542", "segment": "B", "voyageurs": 100087, "voyageurs_2019": 120792, "tendance_pct": -17.1}, "geometry": {"type": "Point", "coordinates": [2.542493, 48.564549]}}, {"type": "Feature", "properties": {"nom": "Uzerche", "code_insee": "19276", "code_uic": "87594200", "segment": "C", "voyageurs": 99546, "voyageurs_2019": 69918, "tendance_pct": 42.4}, "geometry": {"type": "Point", "coordinates": [1.570274, 45.440709]}}, {"type": "Feature", "properties": {"nom": "Villers-Saint-Paul", "code_insee": "60684", "code_uic": "87276378", "segment": "C", "voyageurs": 99340, "voyageurs_2019": 74251, "tendance_pct": 33.8}, "geometry": {"type": "Point", "coordinates": [2.489907, 49.282576]}}, {"type": "Feature", "properties": {"nom": "Paimpol", "code_insee": "22162", "code_uic": "87473868", "segment": "C", "voyageurs": 99051, "voyageurs_2019": 66268, "tendance_pct": 49.5}, "geometry": {"type": "Point", "coordinates": [-3.046096, 48.77694]}}, {"type": "Feature", "properties": {"nom": "La Rochelle Porte Dauphine", "code_insee": "17300", "code_uic": "87437798", "segment": "C", "voyageurs": 98919, "voyageurs_2019": 71943, "tendance_pct": 37.5}, "geometry": {"type": "Point", "coordinates": [-1.151841, 46.16755]}}, {"type": "Feature", "properties": {"nom": "Picquigny", "code_insee": "80622", "code_uic": "87313106", "segment": "C", "voyageurs": 98884, "voyageurs_2019": 67126, "tendance_pct": 47.3}, "geometry": {"type": "Point", "coordinates": [2.143276, 49.946156]}}, {"type": "Feature", "properties": {"nom": "Saint-Médard-d'Eyrans", "code_insee": "33448", "code_uic": "87582692", "segment": "C", "voyageurs": 98569, "voyageurs_2019": 72449, "tendance_pct": 36.1}, "geometry": {"type": "Point", "coordinates": [-0.505717, 44.716857]}}, {"type": "Feature", "properties": {"nom": "Balbigny", "code_insee": "42011", "code_uic": "87726869", "segment": "C", "voyageurs": 98551, "voyageurs_2019": 83759, "tendance_pct": 17.7}, "geometry": {"type": "Point", "coordinates": [4.187443, 45.817858]}}, {"type": "Feature", "properties": {"nom": "Romorantin-Lanthenay", "code_insee": "41194", "code_uic": "87576025", "segment": "B", "voyageurs": 98540, "voyageurs_2019": 119781, "tendance_pct": -17.7}, "geometry": {"type": "Point", "coordinates": [1.739014, 47.355447]}}, {"type": "Feature", "properties": {"nom": "La Grande-Paroisse", "code_insee": "77210", "code_uic": "87682476", "segment": "C", "voyageurs": 98534, "voyageurs_2019": 66342, "tendance_pct": 48.5}, "geometry": {"type": "Point", "coordinates": [2.897161, 48.378775]}}, {"type": "Feature", "properties": {"nom": "Arbois", "code_insee": "39013", "code_uic": "87718155", "segment": "C", "voyageurs": 98412, "voyageurs_2019": 52202, "tendance_pct": 88.5}, "geometry": {"type": "Point", "coordinates": [5.764827, 46.912509]}}, {"type": "Feature", "properties": {"nom": "Langres", "code_insee": "52269", "code_uic": "87142091", "segment": "C", "voyageurs": 98261, "voyageurs_2019": 81529, "tendance_pct": 20.5}, "geometry": {"type": "Point", "coordinates": [5.344406, 47.876947]}}, {"type": "Feature", "properties": {"nom": "Lisle-sur-Tarn", "code_insee": "81145", "code_uic": "87615310", "segment": "B", "voyageurs": 98225, "voyageurs_2019": 75711, "tendance_pct": 29.7}, "geometry": {"type": "Point", "coordinates": [1.80823, 43.85639]}}, {"type": "Feature", "properties": {"nom": "Vulaines-sur-Seine - Samoreau", "code_insee": "77533", "code_uic": "87682443", "segment": "C", "voyageurs": 98213, "voyageurs_2019": 52885, "tendance_pct": 85.7}, "geometry": {"type": "Point", "coordinates": [2.753101, 48.430547]}}, {"type": "Feature", "properties": {"nom": "Seyssel - Corbonod", "code_insee": "01118", "code_uic": "87745828", "segment": "C", "voyageurs": 97817, "voyageurs_2019": 65164, "tendance_pct": 50.1}, "geometry": {"type": "Point", "coordinates": [5.831516, 45.963031]}}, {"type": "Feature", "properties": {"nom": "Valence d'Agen", "code_insee": "82186", "code_uic": "87611863", "segment": "C", "voyageurs": 97814, "voyageurs_2019": 60291, "tendance_pct": 62.2}, "geometry": {"type": "Point", "coordinates": [0.891574, 44.111732]}}, {"type": "Feature", "properties": {"nom": "Nézel - Aulnay", "code_insee": "78451", "code_uic": "87381731", "segment": "C", "voyageurs": 97394, "voyageurs_2019": 82508, "tendance_pct": 18.0}, "geometry": {"type": "Point", "coordinates": [1.84053, 48.938764]}}, {"type": "Feature", "properties": {"nom": "Saint-Geniès-de-Malgoirès", "code_insee": "30255", "code_uic": "87775361", "segment": "C", "voyageurs": 96700, "voyageurs_2019": 93907, "tendance_pct": 3.0}, "geometry": {"type": "Point", "coordinates": [4.214942, 43.950168]}}, {"type": "Feature", "properties": {"nom": "Nouvion-sur-Meuse", "code_insee": "08327", "code_uic": "87172213", "segment": "C", "voyageurs": 96652, "voyageurs_2019": 45483, "tendance_pct": 112.5}, "geometry": {"type": "Point", "coordinates": [4.794973, 49.697313]}}, {"type": "Feature", "properties": {"nom": "Tarascon-sur-Ariège", "code_insee": "09306", "code_uic": "87611590", "segment": "C", "voyageurs": 96379, "voyageurs_2019": 49041, "tendance_pct": 96.5}, "geometry": {"type": "Point", "coordinates": [1.599932, 42.849539]}}, {"type": "Feature", "properties": {"nom": "Luçon", "code_insee": "85128", "code_uic": "87486258", "segment": "C", "voyageurs": 96291, "voyageurs_2019": 54757, "tendance_pct": 75.9}, "geometry": {"type": "Point", "coordinates": [-1.167422, 46.463823]}}, {"type": "Feature", "properties": {"nom": "Gorges", "code_insee": "44064", "code_uic": "87481432", "segment": "C", "voyageurs": 96092, "voyageurs_2019": 87678, "tendance_pct": 9.6}, "geometry": {"type": "Point", "coordinates": [-1.305878, 47.100149]}}, {"type": "Feature", "properties": {"nom": "Albi Madeleine", "code_insee": "81004", "code_uic": "87615195", "segment": "C", "voyageurs": 95925, "voyageurs_2019": 51855, "tendance_pct": 85.0}, "geometry": {"type": "Point", "coordinates": [2.140963, 43.938011]}}, {"type": "Feature", "properties": {"nom": "Coarraze - Nay", "code_insee": "64191", "code_uic": "87672139", "segment": "C", "voyageurs": 95852, "voyageurs_2019": 33712, "tendance_pct": 184.3}, "geometry": {"type": "Point", "coordinates": [-0.241643, 43.181835]}}, {"type": "Feature", "properties": {"nom": "Gannat", "code_insee": "03118", "code_uic": "87732404", "segment": "C", "voyageurs": 95694, "voyageurs_2019": 91313, "tendance_pct": 4.8}, "geometry": {"type": "Point", "coordinates": [3.204751, 46.097596]}}, {"type": "Feature", "properties": {"nom": "Héricy", "code_insee": "77226", "code_uic": "87682435", "segment": "C", "voyageurs": 95669, "voyageurs_2019": 56569, "tendance_pct": 69.1}, "geometry": {"type": "Point", "coordinates": [2.760534, 48.442485]}}, {"type": "Feature", "properties": {"nom": "Ker Lann", "code_insee": "35047", "code_uic": "87159947", "segment": "C", "voyageurs": 95268, "voyageurs_2019": 71306, "tendance_pct": 33.6}, "geometry": {"type": "Point", "coordinates": [-1.739831, 48.042986]}}, {"type": "Feature", "properties": {"nom": "Saint-Aignan - Noyers", "code_insee": "41164", "code_uic": "87574897", "segment": "C", "voyageurs": 95106, "voyageurs_2019": 96602, "tendance_pct": -1.5}, "geometry": {"type": "Point", "coordinates": [1.383837, 47.286913]}}, {"type": "Feature", "properties": {"nom": "Staffelfelden", "code_insee": "68321", "code_uic": "87182691", "segment": "C", "voyageurs": 94806, "voyageurs_2019": 68825, "tendance_pct": 37.7}, "geometry": {"type": "Point", "coordinates": [7.265166, 47.827961]}}, {"type": "Feature", "properties": {"nom": "La Gouesnière - Cancale - Saint-Méloir-des-Ondes", "code_insee": "35299", "code_uic": "87478099", "segment": "C", "voyageurs": 94728, "voyageurs_2019": 49866, "tendance_pct": 90.0}, "geometry": {"type": "Point", "coordinates": [-1.905811, 48.614421]}}, {"type": "Feature", "properties": {"nom": "Saint-Chély-d'Apcher", "code_insee": "48140", "code_uic": "87783241", "segment": "C", "voyageurs": 94347, "voyageurs_2019": 44600, "tendance_pct": 111.5}, "geometry": {"type": "Point", "coordinates": [3.27069, 44.801738]}}, {"type": "Feature", "properties": {"nom": "Aigueperse", "code_insee": "63001", "code_uic": "87734129", "segment": "C", "voyageurs": 94234, "voyageurs_2019": 75954, "tendance_pct": 24.1}, "geometry": {"type": "Point", "coordinates": [3.198262, 46.014788]}}, {"type": "Feature", "properties": {"nom": "Arc-et-Senans", "code_insee": "25021", "code_uic": "87718841", "segment": "C", "voyageurs": 94166, "voyageurs_2019": 55544, "tendance_pct": 69.5}, "geometry": {"type": "Point", "coordinates": [5.776784, 47.030352]}}, {"type": "Feature", "properties": {"nom": "Guérard - La Celle-sur-Morin", "code_insee": "77219", "code_uic": "87116269", "segment": "C", "voyageurs": 93881, "voyageurs_2019": 88140, "tendance_pct": 6.5}, "geometry": {"type": "Point", "coordinates": [2.954783, 48.810588]}}, {"type": "Feature", "properties": {"nom": "Puyoô", "code_insee": "64461", "code_uic": "87672279", "segment": "C", "voyageurs": 93497, "voyageurs_2019": 43793, "tendance_pct": 113.5}, "geometry": {"type": "Point", "coordinates": [-0.910815, 43.524543]}}, {"type": "Feature", "properties": {"nom": "Vitry-en-Artois", "code_insee": "62865", "code_uic": "87342113", "segment": "C", "voyageurs": 93438, "voyageurs_2019": 91824, "tendance_pct": 1.8}, "geometry": {"type": "Point", "coordinates": [2.982083, 50.327609]}}, {"type": "Feature", "properties": {"nom": "Cintegabelle", "code_insee": "31145", "code_uic": "87611376", "segment": "B", "voyageurs": 93431, "voyageurs_2019": 81773, "tendance_pct": 14.3}, "geometry": {"type": "Point", "coordinates": [1.520427, 43.30542]}}, {"type": "Feature", "properties": {"nom": "Lezoux", "code_insee": "63195", "code_uic": "87734442", "segment": "C", "voyageurs": 93308, "voyageurs_2019": 85008, "tendance_pct": 9.8}, "geometry": {"type": "Point", "coordinates": [3.385986, 45.821218]}}, {"type": "Feature", "properties": {"nom": "Mareuil-sur-Ourcq", "code_insee": "60380", "code_uic": "87116665", "segment": "C", "voyageurs": 93075, "voyageurs_2019": 114428, "tendance_pct": -18.7}, "geometry": {"type": "Point", "coordinates": [3.075653, 49.135542]}}, {"type": "Feature", "properties": {"nom": "Arches", "code_insee": "88011", "code_uic": "87144410", "segment": "C", "voyageurs": 93016, "voyageurs_2019": 64056, "tendance_pct": 45.2}, "geometry": {"type": "Point", "coordinates": [6.528308, 48.119813]}}, {"type": "Feature", "properties": {"nom": "Neufchâteau", "code_insee": "88321", "code_uic": "87141291", "segment": "C", "voyageurs": 93016, "voyageurs_2019": 73661, "tendance_pct": 26.3}, "geometry": {"type": "Point", "coordinates": [5.690402, 48.358343]}}, {"type": "Feature", "properties": {"nom": "Précy-sur-Oise", "code_insee": "60513", "code_uic": "87276410", "segment": "C", "voyageurs": 92803, "voyageurs_2019": 75241, "tendance_pct": 23.3}, "geometry": {"type": "Point", "coordinates": [2.376464, 49.203349]}}, {"type": "Feature", "properties": {"nom": "Chaponost", "code_insee": "69043", "code_uic": "87722710", "segment": "C", "voyageurs": 92700, "voyageurs_2019": 91801, "tendance_pct": 1.0}, "geometry": {"type": "Point", "coordinates": [4.764301, 45.698489]}}, {"type": "Feature", "properties": {"nom": "Avord", "code_insee": "18018", "code_uic": "87576439", "segment": "C", "voyageurs": 92478, "voyageurs_2019": 35132, "tendance_pct": 163.2}, "geometry": {"type": "Point", "coordinates": [2.652376, 47.034906]}}, {"type": "Feature", "properties": {"nom": "Surdon", "code_insee": "61101", "code_uic": "87444562", "segment": "B", "voyageurs": 92366, "voyageurs_2019": 66411, "tendance_pct": 39.1}, "geometry": {"type": "Point", "coordinates": [0.13441, 48.664769]}}, {"type": "Feature", "properties": {"nom": "Saint-Mathurin-sur-Loire", "code_insee": "49307", "code_uic": "87487892", "segment": "C", "voyageurs": 92236, "voyageurs_2019": 109370, "tendance_pct": -15.7}, "geometry": {"type": "Point", "coordinates": [-0.318227, 47.412247]}}, {"type": "Feature", "properties": {"nom": "Veynes Dévoluy", "code_insee": "05179", "code_uic": "87763300", "segment": "C", "voyageurs": 92146, "voyageurs_2019": 77042, "tendance_pct": 19.6}, "geometry": {"type": "Point", "coordinates": [5.815764, 44.532005]}}, {"type": "Feature", "properties": {"nom": "Chevaigné", "code_insee": "35079", "code_uic": "87471458", "segment": "C", "voyageurs": 91727, "voyageurs_2019": 55765, "tendance_pct": 64.5}, "geometry": {"type": "Point", "coordinates": [-1.630762, 48.208904]}}, {"type": "Feature", "properties": {"nom": "Mont-Dauphin - Guillestre", "code_insee": "05052", "code_uic": "87763508", "segment": "C", "voyageurs": 91712, "voyageurs_2019": 77673, "tendance_pct": 18.1}, "geometry": {"type": "Point", "coordinates": [6.615603, 44.674628]}}, {"type": "Feature", "properties": {"nom": "Artenay", "code_insee": "45008", "code_uic": "87543058", "segment": "C", "voyageurs": 91501, "voyageurs_2019": 71415, "tendance_pct": 28.1}, "geometry": {"type": "Point", "coordinates": [1.883371, 48.080876]}}, {"type": "Feature", "properties": {"nom": "Vireux-Molhain", "code_insee": "08486", "code_uic": "87172114", "segment": "C", "voyageurs": 91235, "voyageurs_2019": 49956, "tendance_pct": 82.6}, "geometry": {"type": "Point", "coordinates": [4.723391, 50.082797]}}, {"type": "Feature", "properties": {"nom": "Latour-de-Carol - Enveitg", "code_insee": "66066", "code_uic": "87611483", "segment": "C", "voyageurs": 91178, "voyageurs_2019": 56705, "tendance_pct": 60.8}, "geometry": {"type": "Point", "coordinates": [1.904503, 42.459046]}}, {"type": "Feature", "properties": {"nom": "Brebières", "code_insee": "62173", "code_uic": "87345108", "segment": "C", "voyageurs": 91177, "voyageurs_2019": 86470, "tendance_pct": 5.4}, "geometry": {"type": "Point", "coordinates": [3.0142, 50.33624]}}, {"type": "Feature", "properties": {"nom": "Retiers", "code_insee": "35239", "code_uic": "87471359", "segment": "C", "voyageurs": 91170, "voyageurs_2019": 38366, "tendance_pct": 137.6}, "geometry": {"type": "Point", "coordinates": [-1.389844, 47.91326]}}, {"type": "Feature", "properties": {"nom": "Aiguebelle", "code_insee": "73002", "code_uic": "87741256", "segment": "C", "voyageurs": 91094, "voyageurs_2019": 80418, "tendance_pct": 13.3}, "geometry": {"type": "Point", "coordinates": [6.306718, 45.543723]}}, {"type": "Feature", "properties": {"nom": "Machilly", "code_insee": "74158", "code_uic": "87745588", "segment": "C", "voyageurs": 91059, "voyageurs_2019": 22807, "tendance_pct": 299.3}, "geometry": {"type": "Point", "coordinates": [6.328233, 46.251283]}}, {"type": "Feature", "properties": {"nom": "Abancourt", "code_insee": "60001", "code_uic": "87313759", "segment": "C", "voyageurs": 90965, "voyageurs_2019": 42685, "tendance_pct": 113.1}, "geometry": {"type": "Point", "coordinates": [1.774306, 49.685224]}}, {"type": "Feature", "properties": {"nom": "Écommoy", "code_insee": "72124", "code_uic": "87396564", "segment": "C", "voyageurs": 90899, "voyageurs_2019": 91331, "tendance_pct": -0.5}, "geometry": {"type": "Point", "coordinates": [0.269187, 47.824629]}}, {"type": "Feature", "properties": {"nom": "Caulnes", "code_insee": "22032", "code_uic": "87473066", "segment": "C", "voyageurs": 90645, "voyageurs_2019": 55299, "tendance_pct": 63.9}, "geometry": {"type": "Point", "coordinates": [-2.155593, 48.284426]}}, {"type": "Feature", "properties": {"nom": "Francheville", "code_insee": "69089", "code_uic": "87722702", "segment": "C", "voyageurs": 90604, "voyageurs_2019": 79040, "tendance_pct": 14.6}, "geometry": {"type": "Point", "coordinates": [4.769373, 45.733647]}}, {"type": "Feature", "properties": {"nom": "Wisches", "code_insee": "67543", "code_uic": "87214676", "segment": "C", "voyageurs": 90441, "voyageurs_2019": 88851, "tendance_pct": 1.8}, "geometry": {"type": "Point", "coordinates": [7.270094, 48.507649]}}, {"type": "Feature", "properties": {"nom": "Aigrefeuille le Thou", "code_insee": "17447", "code_uic": "87485193", "segment": "C", "voyageurs": 90376, "voyageurs_2019": 31170, "tendance_pct": 189.9}, "geometry": {"type": "Point", "coordinates": [-0.95168, 46.09402]}}, {"type": "Feature", "properties": {"nom": "Amagne - Lucquy", "code_insee": "08008", "code_uic": "87172262", "segment": "C", "voyageurs": 90151, "voyageurs_2019": 52065, "tendance_pct": 73.2}, "geometry": {"type": "Point", "coordinates": [4.473878, 49.523819]}}, {"type": "Feature", "properties": {"nom": "Champigny sur Yonne", "code_insee": "89074", "code_uic": "87683128", "segment": "B", "voyageurs": 90112, "voyageurs_2019": 80015, "tendance_pct": 12.6}, "geometry": {"type": "Point", "coordinates": [3.130572, 48.323742]}}, {"type": "Feature", "properties": {"nom": "Arenc Euroméditerranée", "code_insee": "13202", "code_uic": "87580340", "segment": "C", "voyageurs": 89976, "voyageurs_2019": 56897, "tendance_pct": 58.1}, "geometry": {"type": "Point", "coordinates": [5.367622, 43.313234]}}, {"type": "Feature", "properties": {"nom": "Die", "code_insee": "26113", "code_uic": "87761841", "segment": "C", "voyageurs": 89813, "voyageurs_2019": 57018, "tendance_pct": 57.5}, "geometry": {"type": "Point", "coordinates": [5.363205, 44.758255]}}, {"type": "Feature", "properties": {"nom": "Rosult", "code_insee": "59511", "code_uic": "87286567", "segment": "C", "voyageurs": 89723, "voyageurs_2019": 68125, "tendance_pct": 31.7}, "geometry": {"type": "Point", "coordinates": [3.349012, 50.456367]}}, {"type": "Feature", "properties": {"nom": "Le Poirier Université", "code_insee": "59603", "code_uic": "87343210", "segment": "C", "voyageurs": 89600, "voyageurs_2019": 176451, "tendance_pct": -49.2}, "geometry": {"type": "Point", "coordinates": [3.50273, 50.33006]}}, {"type": "Feature", "properties": {"nom": "Bailleau-le-Pin", "code_insee": "28021", "code_uic": "87394411", "segment": "B", "voyageurs": 89254, "voyageurs_2019": 79178, "tendance_pct": 12.7}, "geometry": {"type": "Point", "coordinates": [1.324885, 48.366803]}}, {"type": "Feature", "properties": {"nom": "Nogent-sur-Vernisson", "code_insee": "45229", "code_uic": "87684274", "segment": "C", "voyageurs": 89229, "voyageurs_2019": 48845, "tendance_pct": 82.7}, "geometry": {"type": "Point", "coordinates": [2.737577, 47.852794]}}, {"type": "Feature", "properties": {"nom": "Pompey", "code_insee": "54430", "code_uic": "87141788", "segment": "C", "voyageurs": 88762, "voyageurs_2019": 77858, "tendance_pct": 14.0}, "geometry": {"type": "Point", "coordinates": [6.13061, 48.77304]}}, {"type": "Feature", "properties": {"nom": "Guéret", "code_insee": "23096", "code_uic": "87597609", "segment": "C", "voyageurs": 88359, "voyageurs_2019": 79157, "tendance_pct": 11.6}, "geometry": {"type": "Point", "coordinates": [1.879385, 46.174186]}}, {"type": "Feature", "properties": {"nom": "Entraigues-sur-la-Sorgue", "code_insee": "84043", "code_uic": "87765826", "segment": "C", "voyageurs": 88316, "voyageurs_2019": 79583, "tendance_pct": 11.0}, "geometry": {"type": "Point", "coordinates": [4.922697, 44.005428]}}, {"type": "Feature", "properties": {"nom": "Saint-Cyr-en-Val La Source", "code_insee": "45272", "code_uic": "87543116", "segment": "C", "voyageurs": 88312, "voyageurs_2019": 67204, "tendance_pct": 31.4}, "geometry": {"type": "Point", "coordinates": [1.947604, 47.8192]}}, {"type": "Feature", "properties": {"nom": "Elne", "code_insee": "66065", "code_uic": "87784207", "segment": "C", "voyageurs": 88225, "voyageurs_2019": 65786, "tendance_pct": 34.1}, "geometry": {"type": "Point", "coordinates": [2.963585, 42.597114]}}, {"type": "Feature", "properties": {"nom": "La Mothe-Achard", "code_insee": "85152", "code_uic": "87486423", "segment": "C", "voyageurs": 88224, "voyageurs_2019": 57654, "tendance_pct": 53.0}, "geometry": {"type": "Point", "coordinates": [-1.659636, 46.606865]}}, {"type": "Feature", "properties": {"nom": "Vayres", "code_insee": "33539", "code_uic": "87584714", "segment": "C", "voyageurs": 88124, "voyageurs_2019": 46569, "tendance_pct": 89.2}, "geometry": {"type": "Point", "coordinates": [-0.31686, 44.89717]}}, {"type": "Feature", "properties": {"nom": "Veauche - Saint-Galmier", "code_insee": "42323", "code_uic": "87726208", "segment": "C", "voyageurs": 88116, "voyageurs_2019": 91984, "tendance_pct": -4.2}, "geometry": {"type": "Point", "coordinates": [4.293438, 45.565928]}}, {"type": "Feature", "properties": {"nom": "Saint-Amour", "code_insee": "39475", "code_uic": "87718296", "segment": "C", "voyageurs": 87714, "voyageurs_2019": 51071, "tendance_pct": 71.7}, "geometry": {"type": "Point", "coordinates": [5.334185, 46.433824]}}, {"type": "Feature", "properties": {"nom": "Saint-Germain-sur-Ille", "code_insee": "35274", "code_uic": "87478016", "segment": "C", "voyageurs": 87636, "voyageurs_2019": 53527, "tendance_pct": 63.7}, "geometry": {"type": "Point", "coordinates": [-1.65418, 48.23948]}}, {"type": "Feature", "properties": {"nom": "Le Cellier", "code_insee": "44028", "code_uic": "87481168", "segment": "C", "voyageurs": 87362, "voyageurs_2019": 53036, "tendance_pct": 64.7}, "geometry": {"type": "Point", "coordinates": [-1.350669, 47.313516]}}, {"type": "Feature", "properties": {"nom": "Lutzelbourg", "code_insee": "57427", "code_uic": "87215160", "segment": "C", "voyageurs": 87345, "voyageurs_2019": 73763, "tendance_pct": 18.4}, "geometry": {"type": "Point", "coordinates": [7.251681, 48.729906]}}, {"type": "Feature", "properties": {"nom": "Malansac", "code_insee": "56123", "code_uic": "87476689", "segment": "C", "voyageurs": 87304, "voyageurs_2019": 37905, "tendance_pct": 130.3}, "geometry": {"type": "Point", "coordinates": [-2.29618, 47.675618]}}, {"type": "Feature", "properties": {"nom": "Le Tréport - Mers-les-Bains", "code_insee": "76711", "code_uic": "87317529", "segment": "C", "voyageurs": 86872, "voyageurs_2019": 34731, "tendance_pct": 150.1}, "geometry": {"type": "Point", "coordinates": [1.376374, 50.062859]}}, {"type": "Feature", "properties": {"nom": "Saint-Marcel en Dombes", "code_insee": "01371", "code_uic": "87723742", "segment": "C", "voyageurs": 86817, "voyageurs_2019": 74865, "tendance_pct": 16.0}, "geometry": {"type": "Point", "coordinates": [4.977515, 45.95037]}}, {"type": "Feature", "properties": {"nom": "Saint-Avre - La Chambre", "code_insee": "73224", "code_uic": "87741306", "segment": "C", "voyageurs": 86739, "voyageurs_2019": 69710, "tendance_pct": 24.4}, "geometry": {"type": "Point", "coordinates": [6.302828, 45.353098]}}, {"type": "Feature", "properties": {"nom": "Réding", "code_insee": "57566", "code_uic": "87215079", "segment": "C", "voyageurs": 86328, "voyageurs_2019": 59618, "tendance_pct": 44.8}, "geometry": {"type": "Point", "coordinates": [7.095885, 48.742959]}}, {"type": "Feature", "properties": {"nom": "Metz Nord", "code_insee": "57463", "code_uic": "87192070", "segment": "C", "voyageurs": 86236, "voyageurs_2019": 35065, "tendance_pct": 145.9}, "geometry": {"type": "Point", "coordinates": [6.16791, 49.13673]}}, {"type": "Feature", "properties": {"nom": "Brou", "code_insee": "28061", "code_uic": "87394452", "segment": "B", "voyageurs": 86123, "voyageurs_2019": 80996, "tendance_pct": 6.3}, "geometry": {"type": "Point", "coordinates": [1.16067, 48.215759]}}, {"type": "Feature", "properties": {"nom": "Malaunay - Le Houlme", "code_insee": "76366", "code_uic": "87411256", "segment": "C", "voyageurs": 86100, "voyageurs_2019": 90023, "tendance_pct": -4.4}, "geometry": {"type": "Point", "coordinates": [1.039578, 49.513333]}}, {"type": "Feature", "properties": {"nom": "Busigny", "code_insee": "59118", "code_uic": "87296244", "segment": "C", "voyageurs": 85880, "voyageurs_2019": 56535, "tendance_pct": 51.9}, "geometry": {"type": "Point", "coordinates": [3.446117, 50.039724]}}, {"type": "Feature", "properties": {"nom": "Le Fauga", "code_insee": "31181", "code_uic": "87611046", "segment": "C", "voyageurs": 85525, "voyageurs_2019": 51144, "tendance_pct": 67.2}, "geometry": {"type": "Point", "coordinates": [1.282718, 43.404329]}}, {"type": "Feature", "properties": {"nom": "Épluches", "code_insee": "95572", "code_uic": "87276147", "segment": "C", "voyageurs": 85520, "voyageurs_2019": 82821, "tendance_pct": 3.3}, "geometry": {"type": "Point", "coordinates": [2.122597, 49.054933]}}, {"type": "Feature", "properties": {"nom": "Sausset-les-Pins", "code_insee": "13104", "code_uic": "87753558", "segment": "C", "voyageurs": 85428, "voyageurs_2019": 69283, "tendance_pct": 23.3}, "geometry": {"type": "Point", "coordinates": [5.110001, 43.332864]}}, {"type": "Feature", "properties": {"nom": "Sarliève - Cournon", "code_insee": "63124", "code_uic": "87734152", "segment": "C", "voyageurs": 85420, "voyageurs_2019": 39848, "tendance_pct": 114.4}, "geometry": {"type": "Point", "coordinates": [3.16812, 45.73877]}}, {"type": "Feature", "properties": {"nom": "Cerbère", "code_insee": "66048", "code_uic": "87785006", "segment": "C", "voyageurs": 85261, "voyageurs_2019": 53142, "tendance_pct": 60.4}, "geometry": {"type": "Point", "coordinates": [3.163403, 42.441773]}}, {"type": "Feature", "properties": {"nom": "Étang-sur-Arroux", "code_insee": "71192", "code_uic": "87694141", "segment": "C", "voyageurs": 85075, "voyageurs_2019": 76539, "tendance_pct": 11.2}, "geometry": {"type": "Point", "coordinates": [4.183841, 46.867908]}}, {"type": "Feature", "properties": {"nom": "Le Coudray-Montceaux", "code_insee": "91179", "code_uic": "87681635", "segment": "C", "voyageurs": 84810, "voyageurs_2019": 87387, "tendance_pct": -2.9}, "geometry": {"type": "Point", "coordinates": [2.492465, 48.566168]}}, {"type": "Feature", "properties": {"nom": "Villiers Montbarbin", "code_insee": "77142", "code_uic": "87116749", "segment": "C", "voyageurs": 84511, "voyageurs_2019": 64214, "tendance_pct": 31.6}, "geometry": {"type": "Point", "coordinates": [2.883042, 48.863254]}}, {"type": "Feature", "properties": {"nom": "Russ Hersbach", "code_insee": "67543", "code_uic": "87214684", "segment": "C", "voyageurs": 84356, "voyageurs_2019": 63451, "tendance_pct": 32.9}, "geometry": {"type": "Point", "coordinates": [7.251925, 48.498221]}}, {"type": "Feature", "properties": {"nom": "Servas - Lent", "code_insee": "01405", "code_uic": "87723791", "segment": "C", "voyageurs": 84262, "voyageurs_2019": 66259, "tendance_pct": 27.2}, "geometry": {"type": "Point", "coordinates": [5.168131, 46.130666]}}, {"type": "Feature", "properties": {"nom": "Maromme", "code_insee": "76474", "code_uic": "87411249", "segment": "C", "voyageurs": 84221, "voyageurs_2019": 99415, "tendance_pct": -15.3}, "geometry": {"type": "Point", "coordinates": [1.050485, 49.479935]}}, {"type": "Feature", "properties": {"nom": "Montceau-les-Mines", "code_insee": "71306", "code_uic": "87694620", "segment": "C", "voyageurs": 84173, "voyageurs_2019": 71447, "tendance_pct": 17.8}, "geometry": {"type": "Point", "coordinates": [4.361026, 46.670664]}}, {"type": "Feature", "properties": {"nom": "Saint-Égrève Saint-Robert", "code_insee": "38382", "code_uic": "87747352", "segment": "C", "voyageurs": 84142, "voyageurs_2019": 72567, "tendance_pct": 16.0}, "geometry": {"type": "Point", "coordinates": [5.671269, 45.235723]}}, {"type": "Feature", "properties": {"nom": "Beaucaire", "code_insee": "30032", "code_uic": "87775023", "segment": "C", "voyageurs": 84064, "voyageurs_2019": 6521, "tendance_pct": 1189.1}, "geometry": {"type": "Point", "coordinates": [4.647087, 43.80209]}}, {"type": "Feature", "properties": {"nom": "Saint-Jean-Pied-de-Port", "code_insee": "64485", "code_uic": "87673723", "segment": "C", "voyageurs": 84014, "voyageurs_2019": 62202, "tendance_pct": 35.1}, "geometry": {"type": "Point", "coordinates": [-1.238013, 43.167939]}}, {"type": "Feature", "properties": {"nom": "Saint-Médard-de-Guizières", "code_insee": "33447", "code_uic": "87584607", "segment": "C", "voyageurs": 83899, "voyageurs_2019": 38870, "tendance_pct": 115.8}, "geometry": {"type": "Point", "coordinates": [-0.048825, 45.015572]}}, {"type": "Feature", "properties": {"nom": "Nœux-les-Mines", "code_insee": "62617", "code_uic": "87342139", "segment": "C", "voyageurs": 83446, "voyageurs_2019": 95971, "tendance_pct": -13.1}, "geometry": {"type": "Point", "coordinates": [2.67393, 50.48297]}}, {"type": "Feature", "properties": {"nom": "Saint-Roch", "code_insee": "80021", "code_uic": "87313080", "segment": "C", "voyageurs": 83396, "voyageurs_2019": 79609, "tendance_pct": 4.8}, "geometry": {"type": "Point", "coordinates": [2.283713, 49.893358]}}, {"type": "Feature", "properties": {"nom": "Colmar Saint-Joseph", "code_insee": "68066", "code_uic": "87181222", "segment": "C", "voyageurs": 83271, "voyageurs_2019": 76016, "tendance_pct": 9.5}, "geometry": {"type": "Point", "coordinates": [7.34534, 48.08164]}}, {"type": "Feature", "properties": {"nom": "Haubourdin", "code_insee": "59286", "code_uic": "87286096", "segment": "C", "voyageurs": 83253, "voyageurs_2019": 61310, "tendance_pct": 35.8}, "geometry": {"type": "Point", "coordinates": [2.990153, 50.60705]}}, {"type": "Feature", "properties": {"nom": "Saint-Paul-de-Varax", "code_insee": "01383", "code_uic": "87723783", "segment": "C", "voyageurs": 83175, "voyageurs_2019": 79363, "tendance_pct": 4.8}, "geometry": {"type": "Point", "coordinates": [5.128205, 46.100033]}}, {"type": "Feature", "properties": {"nom": "Cavignac", "code_insee": "33114", "code_uic": "87491217", "segment": "C", "voyageurs": 83172, "voyageurs_2019": 55349, "tendance_pct": 50.3}, "geometry": {"type": "Point", "coordinates": [-0.382243, 45.105163]}}, {"type": "Feature", "properties": {"nom": "Landas", "code_insee": "59330", "code_uic": "87286575", "segment": "C", "voyageurs": 83119, "voyageurs_2019": 63157, "tendance_pct": 31.6}, "geometry": {"type": "Point", "coordinates": [3.290568, 50.468778]}}, {"type": "Feature", "properties": {"nom": "Joinville", "code_insee": "52250", "code_uic": "87175091", "segment": "C", "voyageurs": 83005, "voyageurs_2019": 57765, "tendance_pct": 43.7}, "geometry": {"type": "Point", "coordinates": [5.143503, 48.444298]}}, {"type": "Feature", "properties": {"nom": "Mundolsheim", "code_insee": "67309", "code_uic": "87212100", "segment": "C", "voyageurs": 82994, "voyageurs_2019": 69281, "tendance_pct": 19.8}, "geometry": {"type": "Point", "coordinates": [7.721389, 48.644773]}}, {"type": "Feature", "properties": {"nom": "Landévant", "code_insee": "56097", "code_uic": "87476234", "segment": "C", "voyageurs": 82973, "voyageurs_2019": 49467, "tendance_pct": 67.7}, "geometry": {"type": "Point", "coordinates": [-3.125131, 47.759578]}}, {"type": "Feature", "properties": {"nom": "Wavrin", "code_insee": "59653", "code_uic": "87286419", "segment": "C", "voyageurs": 82851, "voyageurs_2019": 98796, "tendance_pct": -16.1}, "geometry": {"type": "Point", "coordinates": [2.93672, 50.57443]}}, {"type": "Feature", "properties": {"nom": "Merxheim", "code_insee": "68203", "code_uic": "87182725", "segment": "C", "voyageurs": 82580, "voyageurs_2019": 56389, "tendance_pct": 46.4}, "geometry": {"type": "Point", "coordinates": [7.30228, 47.912641]}}, {"type": "Feature", "properties": {"nom": "Sarlat-la-Canéda", "code_insee": "24520", "code_uic": "87595827", "segment": "C", "voyageurs": 82527, "voyageurs_2019": 33045, "tendance_pct": 149.7}, "geometry": {"type": "Point", "coordinates": [1.220328, 44.877021]}}, {"type": "Feature", "properties": {"nom": "Vélines", "code_insee": "24568", "code_uic": "87584177", "segment": "C", "voyageurs": 82430, "voyageurs_2019": 30900, "tendance_pct": 166.8}, "geometry": {"type": "Point", "coordinates": [0.103658, 44.852015]}}, {"type": "Feature", "properties": {"nom": "Herrlisheim-près-Colmar", "code_insee": "68134", "code_uic": "87182329", "segment": "C", "voyageurs": 82428, "voyageurs_2019": 51225, "tendance_pct": 60.9}, "geometry": {"type": "Point", "coordinates": [7.320638, 48.016642]}}, {"type": "Feature", "properties": {"nom": "Port-Sainte-Marie", "code_insee": "47210", "code_uic": "87586107", "segment": "C", "voyageurs": 82324, "voyageurs_2019": 40711, "tendance_pct": 102.2}, "geometry": {"type": "Point", "coordinates": [0.390506, 44.250438]}}, {"type": "Feature", "properties": {"nom": "Lingolsheim", "code_insee": "67267", "code_uic": "87214502", "segment": "C", "voyageurs": 82272, "voyageurs_2019": 69740, "tendance_pct": 18.0}, "geometry": {"type": "Point", "coordinates": [7.678114, 48.559409]}}, {"type": "Feature", "properties": {"nom": "Aurec-sur-Loire", "code_insee": "43012", "code_uic": "87726760", "segment": "C", "voyageurs": 82218, "voyageurs_2019": 69598, "tendance_pct": 18.1}, "geometry": {"type": "Point", "coordinates": [4.198344, 45.371161]}}, {"type": "Feature", "properties": {"nom": "Bogny-sur-Meuse", "code_insee": "08081", "code_uic": "87172049", "segment": "C", "voyageurs": 82139, "voyageurs_2019": 65702, "tendance_pct": 25.0}, "geometry": {"type": "Point", "coordinates": [4.763232, 49.858312]}}, {"type": "Feature", "properties": {"nom": "Jeumont", "code_insee": "59324", "code_uic": "87295014", "segment": "C", "voyageurs": 82089, "voyageurs_2019": 92964, "tendance_pct": -11.7}, "geometry": {"type": "Point", "coordinates": [4.08645, 50.29606]}}, {"type": "Feature", "properties": {"nom": "La Redonne Ensuès", "code_insee": "13033", "code_uic": "87753574", "segment": "C", "voyageurs": 81953, "voyageurs_2019": 46278, "tendance_pct": 77.1}, "geometry": {"type": "Point", "coordinates": [5.197567, 43.33447]}}, {"type": "Feature", "properties": {"nom": "Montreux-Vieux", "code_insee": "68215", "code_uic": "87184275", "segment": "C", "voyageurs": 81491, "voyageurs_2019": 80973, "tendance_pct": 0.6}, "geometry": {"type": "Point", "coordinates": [7.025395, 47.617858]}}, {"type": "Feature", "properties": {"nom": "Ussel", "code_insee": "19275", "code_uic": "87594093", "segment": "C", "voyageurs": 81348, "voyageurs_2019": 55008, "tendance_pct": 47.9}, "geometry": {"type": "Point", "coordinates": [2.314344, 45.557438]}}, {"type": "Feature", "properties": {"nom": "Delle", "code_insee": "90033", "code_uic": "87184440", "segment": "C", "voyageurs": 80841, "voyageurs_2019": 25996, "tendance_pct": 211.0}, "geometry": {"type": "Point", "coordinates": [7.00962, 47.50593]}}, {"type": "Feature", "properties": {"nom": "Serqueux", "code_insee": "76672", "code_uic": "87411470", "segment": "C", "voyageurs": 80617, "voyageurs_2019": 78511, "tendance_pct": 2.7}, "geometry": {"type": "Point", "coordinates": [1.539527, 49.631509]}}, {"type": "Feature", "properties": {"nom": "Saint-Georges-de-Reneins", "code_insee": "69206", "code_uic": "87721340", "segment": "C", "voyageurs": 80440, "voyageurs_2019": 66746, "tendance_pct": 20.5}, "geometry": {"type": "Point", "coordinates": [4.718891, 46.062195]}}, {"type": "Feature", "properties": {"nom": "Soulac-sur-Mer", "code_insee": "33514", "code_uic": "87581371", "segment": "C", "voyageurs": 80377, "voyageurs_2019": 50903, "tendance_pct": 57.9}, "geometry": {"type": "Point", "coordinates": [-1.117589, 45.508177]}}, {"type": "Feature", "properties": {"nom": "Virieu-le-Grand - Belley", "code_insee": "01452", "code_uic": "87741504", "segment": "C", "voyageurs": 80316, "voyageurs_2019": 44111, "tendance_pct": 82.1}, "geometry": {"type": "Point", "coordinates": [5.653616, 45.848282]}}, {"type": "Feature", "properties": {"nom": "Mont-Louis - La Cabanasse", "code_insee": "66027", "code_uic": "87784793", "segment": "C", "voyageurs": 79888, "voyageurs_2019": 77862, "tendance_pct": 2.6}, "geometry": {"type": "Point", "coordinates": [2.113138, 42.50209]}}, {"type": "Feature", "properties": {"nom": "Villefranche-de-Rouergue", "code_insee": "12300", "code_uic": "87613893", "segment": "C", "voyageurs": 79649, "voyageurs_2019": 66546, "tendance_pct": 19.7}, "geometry": {"type": "Point", "coordinates": [2.036459, 44.347498]}}, {"type": "Feature", "properties": {"nom": "Rombas - Clouange", "code_insee": "57591", "code_uic": "87191734", "segment": "C", "voyageurs": 79295, "voyageurs_2019": 67381, "tendance_pct": 17.7}, "geometry": {"type": "Point", "coordinates": [6.099054, 49.256055]}}, {"type": "Feature", "properties": {"nom": "Couzon-au-Mont-d'Or", "code_insee": "69068", "code_uic": "87721241", "segment": "C", "voyageurs": 79132, "voyageurs_2019": 56195, "tendance_pct": 40.8}, "geometry": {"type": "Point", "coordinates": [4.829479, 45.848674]}}, {"type": "Feature", "properties": {"nom": "Biache-Saint-Vaast", "code_insee": "62128", "code_uic": "87342097", "segment": "C", "voyageurs": 79041, "voyageurs_2019": 61097, "tendance_pct": 29.4}, "geometry": {"type": "Point", "coordinates": [2.941498, 50.316252]}}, {"type": "Feature", "properties": {"nom": "Tieffenbach - Struth", "code_insee": "67491", "code_uic": "87215699", "segment": "C", "voyageurs": 78977, "voyageurs_2019": 63356, "tendance_pct": 24.7}, "geometry": {"type": "Point", "coordinates": [7.25527, 48.906217]}}, {"type": "Feature", "properties": {"nom": "Châbons", "code_insee": "38065", "code_uic": "87747212", "segment": "C", "voyageurs": 78818, "voyageurs_2019": 53351, "tendance_pct": 47.7}, "geometry": {"type": "Point", "coordinates": [5.428101, 45.438357]}}, {"type": "Feature", "properties": {"nom": "Moult - Argences", "code_insee": "14456", "code_uic": "87444190", "segment": "C", "voyageurs": 78763, "voyageurs_2019": 65037, "tendance_pct": 21.1}, "geometry": {"type": "Point", "coordinates": [-0.186436, 49.111185]}}, {"type": "Feature", "properties": {"nom": "Ludon-Médoc", "code_insee": "33256", "code_uic": "87581181", "segment": "C", "voyageurs": 78376, "voyageurs_2019": 44365, "tendance_pct": 76.7}, "geometry": {"type": "Point", "coordinates": [-0.611801, 44.974401]}}, {"type": "Feature", "properties": {"nom": "Pontorson - Mont-Saint-Michel", "code_insee": "50410", "code_uic": "87478263", "segment": "C", "voyageurs": 78308, "voyageurs_2019": 16749, "tendance_pct": 367.5}, "geometry": {"type": "Point", "coordinates": [-1.504931, 48.552729]}}, {"type": "Feature", "properties": {"nom": "Cessieu", "code_insee": "38064", "code_uic": "87723452", "segment": "C", "voyageurs": 78017, "voyageurs_2019": 33073, "tendance_pct": 135.9}, "geometry": {"type": "Point", "coordinates": [5.376118, 45.56116]}}, {"type": "Feature", "properties": {"nom": "Parent - Coudes - Champeix", "code_insee": "63269", "code_uic": "87734194", "segment": "C", "voyageurs": 77561, "voyageurs_2019": 63985, "tendance_pct": 21.2}, "geometry": {"type": "Point", "coordinates": [3.217824, 45.613974]}}, {"type": "Feature", "properties": {"nom": "Briare", "code_insee": "45053", "code_uic": "87696088", "segment": "C", "voyageurs": 77007, "voyageurs_2019": 47148, "tendance_pct": 63.3}, "geometry": {"type": "Point", "coordinates": [2.733715, 47.646431]}}, {"type": "Feature", "properties": {"nom": "Penhoët", "code_insee": "44184", "code_uic": "87321745", "segment": "C", "voyageurs": 76956, "voyageurs_2019": 50651, "tendance_pct": 51.9}, "geometry": {"type": "Point", "coordinates": [-2.200866, 47.290744]}}, {"type": "Feature", "properties": {"nom": "Ronchin", "code_insee": "59507", "code_uic": "87286534", "segment": "C", "voyageurs": 76461, "voyageurs_2019": 46032, "tendance_pct": 66.1}, "geometry": {"type": "Point", "coordinates": [3.078373, 50.604566]}}, {"type": "Feature", "properties": {"nom": "Les Rosiers-sur-Loire", "code_insee": "49261", "code_uic": "87487876", "segment": "C", "voyageurs": 76365, "voyageurs_2019": 60806, "tendance_pct": 25.6}, "geometry": {"type": "Point", "coordinates": [-0.220537, 47.362539]}}, {"type": "Feature", "properties": {"nom": "Couëron", "code_insee": "44047", "code_uic": "87481804", "segment": "C", "voyageurs": 76155, "voyageurs_2019": 56980, "tendance_pct": 33.7}, "geometry": {"type": "Point", "coordinates": [-1.723501, 47.222041]}}, {"type": "Feature", "properties": {"nom": "Fretin", "code_insee": "59256", "code_uic": "87286641", "segment": "C", "voyageurs": 75826, "voyageurs_2019": 92078, "tendance_pct": -17.7}, "geometry": {"type": "Point", "coordinates": [3.149513, 50.559925]}}, {"type": "Feature", "properties": {"nom": "Estrées-Saint-Denis", "code_insee": "60223", "code_uic": "87313387", "segment": "C", "voyageurs": 75710, "voyageurs_2019": 49403, "tendance_pct": 53.2}, "geometry": {"type": "Point", "coordinates": [2.642402, 49.438216]}}, {"type": "Feature", "properties": {"nom": "Saint-Pierre-sur-Dives", "code_insee": "14654", "code_uic": "87444216", "segment": "C", "voyageurs": 75554, "voyageurs_2019": 42027, "tendance_pct": 79.8}, "geometry": {"type": "Point", "coordinates": [-0.040585, 49.023106]}}, {"type": "Feature", "properties": {"nom": "Montbartier", "code_insee": "82123", "code_uic": "87611699", "segment": "C", "voyageurs": 75034, "voyageurs_2019": 54779, "tendance_pct": 37.0}, "geometry": {"type": "Point", "coordinates": [1.264501, 43.924155]}}, {"type": "Feature", "properties": {"nom": "Macau", "code_insee": "33262", "code_uic": "87581199", "segment": "C", "voyageurs": 74794, "voyageurs_2019": 55197, "tendance_pct": 35.5}, "geometry": {"type": "Point", "coordinates": [-0.620007, 45.004098]}}, {"type": "Feature", "properties": {"nom": "Châteaulin", "code_insee": "29026", "code_uic": "87474064", "segment": "C", "voyageurs": 74725, "voyageurs_2019": 32682, "tendance_pct": 128.6}, "geometry": {"type": "Point", "coordinates": [-4.094308, 48.201603]}}, {"type": "Feature", "properties": {"nom": "Marcelcave", "code_insee": "80507", "code_uic": "87313445", "segment": "C", "voyageurs": 74632, "voyageurs_2019": 50551, "tendance_pct": 47.6}, "geometry": {"type": "Point", "coordinates": [2.581903, 49.853217]}}, {"type": "Feature", "properties": {"nom": "Vittel", "code_insee": "88516", "code_uic": "87144279", "segment": "C", "voyageurs": 74630, "voyageurs_2019": 53800, "tendance_pct": 38.7}, "geometry": {"type": "Point", "coordinates": [5.941872, 48.202488]}}, {"type": "Feature", "properties": {"nom": "Nieppe", "code_insee": "59431", "code_uic": "87287151", "segment": "C", "voyageurs": 74570, "voyageurs_2019": 77174, "tendance_pct": -3.4}, "geometry": {"type": "Point", "coordinates": [2.828965, 50.696697]}}, {"type": "Feature", "properties": {"nom": "Thann Centre", "code_insee": "68334", "code_uic": "87472605", "segment": "C", "voyageurs": 74166, "voyageurs_2019": 44953, "tendance_pct": 65.0}, "geometry": {"type": "Point", "coordinates": [7.101046, 47.809923]}}, {"type": "Feature", "properties": {"nom": "Cadaujac", "code_insee": "33080", "code_uic": "87582684", "segment": "C", "voyageurs": 74005, "voyageurs_2019": 43876, "tendance_pct": 68.7}, "geometry": {"type": "Point", "coordinates": [-0.537619, 44.752063]}}, {"type": "Feature", "properties": {"nom": "Valleiry", "code_insee": "74288", "code_uic": "87745414", "segment": "C", "voyageurs": 73922, "voyageurs_2019": 41979, "tendance_pct": 76.1}, "geometry": {"type": "Point", "coordinates": [5.96735, 46.109288]}}, {"type": "Feature", "properties": {"nom": "Labenne", "code_insee": "40133", "code_uic": "87673293", "segment": "C", "voyageurs": 73876, "voyageurs_2019": 40509, "tendance_pct": 82.4}, "geometry": {"type": "Point", "coordinates": [-1.428871, 43.587051]}}, {"type": "Feature", "properties": {"nom": "Chenonceaux", "code_insee": "37073", "code_uic": "87574491", "segment": "C", "voyageurs": 73714, "voyageurs_2019": 45390, "tendance_pct": 62.4}, "geometry": {"type": "Point", "coordinates": [1.0661, 47.330554]}}, {"type": "Feature", "properties": {"nom": "Mazamet", "code_insee": "81163", "code_uic": "87615542", "segment": "C", "voyageurs": 73500, "voyageurs_2019": 55808, "tendance_pct": 31.7}, "geometry": {"type": "Point", "coordinates": [2.374735, 43.497785]}}, {"type": "Feature", "properties": {"nom": "Champtocé-sur-Loire", "code_insee": "49068", "code_uic": "87484352", "segment": "C", "voyageurs": 73444, "voyageurs_2019": 37933, "tendance_pct": 93.6}, "geometry": {"type": "Point", "coordinates": [-0.868575, 47.410246]}}, {"type": "Feature", "properties": {"nom": "Saint-Hilaire-de-Riez", "code_insee": "85226", "code_uic": "87486563", "segment": "C", "voyageurs": 73238, "voyageurs_2019": 45305, "tendance_pct": 61.7}, "geometry": {"type": "Point", "coordinates": [-1.949684, 46.716674]}}, {"type": "Feature", "properties": {"nom": "Saint-Antoine", "code_insee": "13215", "code_uic": "87751826", "segment": "C", "voyageurs": 73217, "voyageurs_2019": 33063, "tendance_pct": 121.4}, "geometry": {"type": "Point", "coordinates": [5.35781, 43.369599]}}, {"type": "Feature", "properties": {"nom": "Montaudran", "code_insee": "31555", "code_uic": "87612010", "segment": "C", "voyageurs": 73196, "voyageurs_2019": 36930, "tendance_pct": 98.2}, "geometry": {"type": "Point", "coordinates": [1.480436, 43.573459]}}, {"type": "Feature", "properties": {"nom": "Laboissière - Le Déluge", "code_insee": "60330", "code_uic": "87313676", "segment": "C", "voyageurs": 73172, "voyageurs_2019": 27855, "tendance_pct": 162.7}, "geometry": {"type": "Point", "coordinates": [2.136149, 49.288537]}}, {"type": "Feature", "properties": {"nom": "Montry - Condé", "code_insee": "77315", "code_uic": "87116400", "segment": "C", "voyageurs": 72934, "voyageurs_2019": 50924, "tendance_pct": 43.2}, "geometry": {"type": "Point", "coordinates": [2.826234, 48.890827]}}, {"type": "Feature", "properties": {"nom": "Saint-Louis La Chaussée", "code_insee": "68297", "code_uic": "87181016", "segment": "C", "voyageurs": 72702, "voyageurs_2019": 64290, "tendance_pct": 13.1}, "geometry": {"type": "Point", "coordinates": [7.53121, 47.609478]}}, {"type": "Feature", "properties": {"nom": "Gauriaguet", "code_insee": "33183", "code_uic": "87491225", "segment": "C", "voyageurs": 72537, "voyageurs_2019": 41321, "tendance_pct": 75.5}, "geometry": {"type": "Point", "coordinates": [-0.399269, 45.054294]}}, {"type": "Feature", "properties": {"nom": "Saujon", "code_insee": "17421", "code_uic": "87491811", "segment": "C", "voyageurs": 72426, "voyageurs_2019": 52649, "tendance_pct": 37.6}, "geometry": {"type": "Point", "coordinates": [-0.930019, 45.666502]}}, {"type": "Feature", "properties": {"nom": "Trélazé", "code_insee": "49353", "code_uic": "87701532", "segment": "C", "voyageurs": 72354, "voyageurs_2019": 44256, "tendance_pct": 63.5}, "geometry": {"type": "Point", "coordinates": [-0.4696, 47.45272]}}, {"type": "Feature", "properties": {"nom": "Méroux", "code_insee": "90068", "code_uic": "87184408", "segment": "A", "voyageurs": 72069, "voyageurs_2019": 33018, "tendance_pct": 118.3}, "geometry": {"type": "Point", "coordinates": [6.89903, 47.58659]}}, {"type": "Feature", "properties": {"nom": "Geispolsheim", "code_insee": "67152", "code_uic": "87212258", "segment": "C", "voyageurs": 71924, "voyageurs_2019": 61437, "tendance_pct": 17.1}, "geometry": {"type": "Point", "coordinates": [7.684358, 48.519052]}}, {"type": "Feature", "properties": {"nom": "La Forest-Landerneau", "code_insee": "29056", "code_uic": "87474221", "segment": "C", "voyageurs": 71755, "voyageurs_2019": 73450, "tendance_pct": -2.3}, "geometry": {"type": "Point", "coordinates": [-4.307451, 48.426309]}}, {"type": "Feature", "properties": {"nom": "Fontaine-le-Port", "code_insee": "77188", "code_uic": "87682427", "segment": "C", "voyageurs": 71725, "voyageurs_2019": 42287, "tendance_pct": 69.6}, "geometry": {"type": "Point", "coordinates": [2.751404, 48.487136]}}, {"type": "Feature", "properties": {"nom": "La Poterie", "code_insee": "35238", "code_uic": "87334508", "segment": "C", "voyageurs": 71677, "voyageurs_2019": 33400, "tendance_pct": 114.6}, "geometry": {"type": "Point", "coordinates": [-1.630773, 48.092345]}}, {"type": "Feature", "properties": {"nom": "Villeneuve-sur-Yonne", "code_insee": "89464", "code_uic": "87683219", "segment": "C", "voyageurs": 71644, "voyageurs_2019": 53213, "tendance_pct": 34.6}, "geometry": {"type": "Point", "coordinates": [3.286925, 48.085013]}}, {"type": "Feature", "properties": {"nom": "Nevers Le Banlay", "code_insee": "58194", "code_uic": "87559070", "segment": "C", "voyageurs": 71640, "voyageurs_2019": 45742, "tendance_pct": 56.6}, "geometry": {"type": "Point", "coordinates": [3.163675, 47.006897]}}, {"type": "Feature", "properties": {"nom": "Marienthal", "code_insee": "67180", "code_uic": "87213603", "segment": "C", "voyageurs": 71592, "voyageurs_2019": 64140, "tendance_pct": 11.6}, "geometry": {"type": "Point", "coordinates": [7.823189, 48.781863]}}, {"type": "Feature", "properties": {"nom": "Saales", "code_insee": "67421", "code_uic": "87214783", "segment": "C", "voyageurs": 71394, "voyageurs_2019": 38779, "tendance_pct": 84.1}, "geometry": {"type": "Point", "coordinates": [7.110373, 48.347156]}}, {"type": "Feature", "properties": {"nom": "Saint-Amarin", "code_insee": "68292", "code_uic": "87182600", "segment": "C", "voyageurs": 71351, "voyageurs_2019": 51487, "tendance_pct": 38.6}, "geometry": {"type": "Point", "coordinates": [7.028745, 47.87286]}}, {"type": "Feature", "properties": {"nom": "Illfurth", "code_insee": "68152", "code_uic": "87182204", "segment": "C", "voyageurs": 70611, "voyageurs_2019": 78865, "tendance_pct": -10.5}, "geometry": {"type": "Point", "coordinates": [7.268571, 47.676432]}}, {"type": "Feature", "properties": {"nom": "Broons", "code_insee": "22020", "code_uic": "87473074", "segment": "C", "voyageurs": 70577, "voyageurs_2019": 36462, "tendance_pct": 93.6}, "geometry": {"type": "Point", "coordinates": [-2.235658, 48.333296]}}, {"type": "Feature", "properties": {"nom": "Stephansfeld", "code_insee": "67067", "code_uic": "87212126", "segment": "C", "voyageurs": 70410, "voyageurs_2019": 40172, "tendance_pct": 75.3}, "geometry": {"type": "Point", "coordinates": [7.704595, 48.717587]}}, {"type": "Feature", "properties": {"nom": "Saint-Amand-Montrond - Orval", "code_insee": "18172", "code_uic": "87576322", "segment": "C", "voyageurs": 70067, "voyageurs_2019": 57623, "tendance_pct": 21.6}, "geometry": {"type": "Point", "coordinates": [2.485944, 46.726541]}}, {"type": "Feature", "properties": {"nom": "Port-Saint-Père - Saint-Mars", "code_insee": "44133", "code_uic": "87481218", "segment": "C", "voyageurs": 69999, "voyageurs_2019": 38746, "tendance_pct": 80.7}, "geometry": {"type": "Point", "coordinates": [-1.739307, 47.116492]}}, {"type": "Feature", "properties": {"nom": "Roeschwoog", "code_insee": "67405", "code_uic": "87212407", "segment": "C", "voyageurs": 69968, "voyageurs_2019": 58857, "tendance_pct": 18.9}, "geometry": {"type": "Point", "coordinates": [8.029874, 48.833466]}}, {"type": "Feature", "properties": {"nom": "Le Luc - Le Cannet", "code_insee": "83031", "code_uic": "87755405", "segment": "C", "voyageurs": 69831, "voyageurs_2019": 47512, "tendance_pct": 47.0}, "geometry": {"type": "Point", "coordinates": [6.343097, 43.390238]}}, {"type": "Feature", "properties": {"nom": "Istres", "code_insee": "13047", "code_uic": "87753418", "segment": "C", "voyageurs": 69791, "voyageurs_2019": 55373, "tendance_pct": 26.0}, "geometry": {"type": "Point", "coordinates": [4.980427, 43.515395]}}, {"type": "Feature", "properties": {"nom": "Villeperdue", "code_insee": "37278", "code_uic": "87575043", "segment": "C", "voyageurs": 69586, "voyageurs_2019": 45646, "tendance_pct": 52.4}, "geometry": {"type": "Point", "coordinates": [0.633645, 47.202044]}}, {"type": "Feature", "properties": {"nom": "Escalquens", "code_insee": "31169", "code_uic": "87611707", "segment": "C", "voyageurs": 69299, "voyageurs_2019": 57402, "tendance_pct": 20.7}, "geometry": {"type": "Point", "coordinates": [1.542277, 43.517096]}}, {"type": "Feature", "properties": {"nom": "Saint-Étienne Le Clapier", "code_insee": "42218", "code_uic": "87726174", "segment": "C", "voyageurs": 68999, "voyageurs_2019": 52487, "tendance_pct": 31.5}, "geometry": {"type": "Point", "coordinates": [4.378227, 45.437112]}}, {"type": "Feature", "properties": {"nom": "Frouard", "code_insee": "54215", "code_uic": "87141077", "segment": "C", "voyageurs": 68920, "voyageurs_2019": 54606, "tendance_pct": 26.2}, "geometry": {"type": "Point", "coordinates": [6.14411, 48.75545]}}, {"type": "Feature", "properties": {"nom": "Conlie", "code_insee": "72089", "code_uic": "87396218", "segment": "C", "voyageurs": 68499, "voyageurs_2019": 64332, "tendance_pct": 6.5}, "geometry": {"type": "Point", "coordinates": [-0.011374, 48.127291]}}, {"type": "Feature", "properties": {"nom": "Metzeral", "code_insee": "68204", "code_uic": "87182816", "segment": "C", "voyageurs": 68257, "voyageurs_2019": 54194, "tendance_pct": 25.9}, "geometry": {"type": "Point", "coordinates": [7.073338, 48.01333]}}, {"type": "Feature", "properties": {"nom": "Villeneuve-lès-Maguelone", "code_insee": "34337", "code_uic": "87773515", "segment": "C", "voyageurs": 68140, "voyageurs_2019": 12476, "tendance_pct": 446.2}, "geometry": {"type": "Point", "coordinates": [3.849917, 43.543823]}}, {"type": "Feature", "properties": {"nom": "Champagney", "code_insee": "70120", "code_uic": "87185348", "segment": "C", "voyageurs": 68063, "voyageurs_2019": 52227, "tendance_pct": 30.3}, "geometry": {"type": "Point", "coordinates": [6.701277, 47.70314]}}, {"type": "Feature", "properties": {"nom": "Pringy", "code_insee": "74010", "code_uic": "87746206", "segment": "C", "voyageurs": 67997, "voyageurs_2019": 25219, "tendance_pct": 169.6}, "geometry": {"type": "Point", "coordinates": [6.123274, 45.939524]}}, {"type": "Feature", "properties": {"nom": "Clerval", "code_insee": "25156", "code_uic": "87184622", "segment": "C", "voyageurs": 67943, "voyageurs_2019": 52180, "tendance_pct": 30.2}, "geometry": {"type": "Point", "coordinates": [6.492057, 47.396658]}}, {"type": "Feature", "properties": {"nom": "Motteville", "code_insee": "76456", "code_uic": "87411280", "segment": "C", "voyageurs": 67908, "voyageurs_2019": 89599, "tendance_pct": -24.2}, "geometry": {"type": "Point", "coordinates": [0.849799, 49.636572]}}, {"type": "Feature", "properties": {"nom": "Montendre", "code_insee": "17240", "code_uic": "87491183", "segment": "C", "voyageurs": 67826, "voyageurs_2019": 45974, "tendance_pct": 47.5}, "geometry": {"type": "Point", "coordinates": [-0.396173, 45.280546]}}, {"type": "Feature", "properties": {"nom": "Bouaye", "code_insee": "44018", "code_uic": "87481200", "segment": "C", "voyageurs": 67513, "voyageurs_2019": 33921, "tendance_pct": 99.0}, "geometry": {"type": "Point", "coordinates": [-1.681099, 47.138081]}}, {"type": "Feature", "properties": {"nom": "La Penne-sur-Huveaune", "code_insee": "13070", "code_uic": "87751743", "segment": "C", "voyageurs": 67461, "voyageurs_2019": 68514, "tendance_pct": -1.5}, "geometry": {"type": "Point", "coordinates": [5.51557, 43.284677]}}, {"type": "Feature", "properties": {"nom": "Baisieux", "code_insee": "59044", "code_uic": "87286872", "segment": "C", "voyageurs": 67152, "voyageurs_2019": 57067, "tendance_pct": 17.7}, "geometry": {"type": "Point", "coordinates": [3.23478, 50.61845]}}, {"type": "Feature", "properties": {"nom": "Gièvres", "code_insee": "41097", "code_uic": "87576876", "segment": "C", "voyageurs": 66976, "voyageurs_2019": 56134, "tendance_pct": 19.3}, "geometry": {"type": "Point", "coordinates": [1.667827, 47.278793]}}, {"type": "Feature", "properties": {"nom": "Vendeuvre-sur-Barse", "code_insee": "10401", "code_uic": "87118257", "segment": "C", "voyageurs": 66757, "voyageurs_2019": 44126, "tendance_pct": 51.3}, "geometry": {"type": "Point", "coordinates": [4.467213, 48.240069]}}, {"type": "Feature", "properties": {"nom": "L'Hermitage - Mordelles", "code_insee": "35131", "code_uic": "87471060", "segment": "C", "voyageurs": 66738, "voyageurs_2019": 45614, "tendance_pct": 46.3}, "geometry": {"type": "Point", "coordinates": [-1.819299, 48.123142]}}, {"type": "Feature", "properties": {"nom": "Bassens", "code_insee": "33032", "code_uic": "87581850", "segment": "C", "voyageurs": 66686, "voyageurs_2019": 39149, "tendance_pct": 70.3}, "geometry": {"type": "Point", "coordinates": [-0.522314, 44.901293]}}, {"type": "Feature", "properties": {"nom": "Hoenheim Tram", "code_insee": "67204", "code_uic": "87338517", "segment": "C", "voyageurs": 66558, "voyageurs_2019": 75183, "tendance_pct": -11.5}, "geometry": {"type": "Point", "coordinates": [7.758139, 48.628598]}}, {"type": "Feature", "properties": {"nom": "Orchamps", "code_insee": "39396", "code_uic": "87718361", "segment": "C", "voyageurs": 66549, "voyageurs_2019": 44978, "tendance_pct": 48.0}, "geometry": {"type": "Point", "coordinates": [5.659147, 47.150096]}}, {"type": "Feature", "properties": {"nom": "Vic - Mireval", "code_insee": "34333", "code_uic": "87773531", "segment": "C", "voyageurs": 66432, "voyageurs_2019": 15609, "tendance_pct": 325.6}, "geometry": {"type": "Point", "coordinates": [3.79945, 43.500769]}}, {"type": "Feature", "properties": {"nom": "Saint-Julien - Clénay", "code_insee": "21555", "code_uic": "87713834", "segment": "C", "voyageurs": 66380, "voyageurs_2019": 29002, "tendance_pct": 128.9}, "geometry": {"type": "Point", "coordinates": [5.128186, 47.406013]}}, {"type": "Feature", "properties": {"nom": "Hesdin", "code_insee": "62447", "code_uic": "87317222", "segment": "C", "voyageurs": 66354, "voyageurs_2019": 6425, "tendance_pct": 932.7}, "geometry": {"type": "Point", "coordinates": [2.035188, 50.378286]}}, {"type": "Feature", "properties": {"nom": "Mâlain", "code_insee": "21373", "code_uic": "87713065", "segment": "C", "voyageurs": 66176, "voyageurs_2019": 35042, "tendance_pct": 88.8}, "geometry": {"type": "Point", "coordinates": [4.810536, 47.327002]}}, {"type": "Feature", "properties": {"nom": "Nexon", "code_insee": "87106", "code_uic": "87592725", "segment": "C", "voyageurs": 66137, "voyageurs_2019": 61162, "tendance_pct": 8.1}, "geometry": {"type": "Point", "coordinates": [1.17844, 45.691569]}}, {"type": "Feature", "properties": {"nom": "Chevilly", "code_insee": "45093", "code_uic": "87543041", "segment": "C", "voyageurs": 65988, "voyageurs_2019": 45655, "tendance_pct": 44.5}, "geometry": {"type": "Point", "coordinates": [1.879301, 48.026621]}}, {"type": "Feature", "properties": {"nom": "Marseille-en-Beauvaisis", "code_insee": "60387", "code_uic": "87313726", "segment": "C", "voyageurs": 65733, "voyageurs_2019": 28586, "tendance_pct": 129.9}, "geometry": {"type": "Point", "coordinates": [1.954635, 49.570907]}}, {"type": "Feature", "properties": {"nom": "Joué-lès-Tours", "code_insee": "37122", "code_uic": "87571885", "segment": "C", "voyageurs": 65666, "voyageurs_2019": 59792, "tendance_pct": 9.8}, "geometry": {"type": "Point", "coordinates": [0.667559, 47.354174]}}, {"type": "Feature", "properties": {"nom": "Strazeele", "code_insee": "59582", "code_uic": "87286203", "segment": "C", "voyageurs": 65596, "voyageurs_2019": 49897, "tendance_pct": 31.5}, "geometry": {"type": "Point", "coordinates": [2.631218, 50.713492]}}, {"type": "Feature", "properties": {"nom": "Vernou-la-Celle-sur-Seine", "code_insee": "77494", "code_uic": "87682468", "segment": "C", "voyageurs": 65572, "voyageurs_2019": 54224, "tendance_pct": 20.9}, "geometry": {"type": "Point", "coordinates": [2.842465, 48.386455]}}, {"type": "Feature", "properties": {"nom": "Raedersheim", "code_insee": "68260", "code_uic": "87182717", "segment": "C", "voyageurs": 65357, "voyageurs_2019": 52673, "tendance_pct": 24.1}, "geometry": {"type": "Point", "coordinates": [7.284047, 47.886906]}}, {"type": "Feature", "properties": {"nom": "Champlan", "code_insee": "91136", "code_uic": "87725457", "segment": "B", "voyageurs": 65289, "voyageurs_2019": 0, "tendance_pct": null}, "geometry": {"type": "Point", "coordinates": [2.28073, 48.70804]}}, {"type": "Feature", "properties": {"nom": "Babinière", "code_insee": "44035", "code_uic": "87590349", "segment": "C", "voyageurs": 65211, "voyageurs_2019": 65168, "tendance_pct": 0.1}, "geometry": {"type": "Point", "coordinates": [-1.544928, 47.258753]}}, {"type": "Feature", "properties": {"nom": "Gimont Cahuzac", "code_insee": "32147", "code_uic": "87611772", "segment": "C", "voyageurs": 65166, "voyageurs_2019": 54608, "tendance_pct": 19.3}, "geometry": {"type": "Point", "coordinates": [0.867625, 43.633052]}}, {"type": "Feature", "properties": {"nom": "Avallon", "code_insee": "89025", "code_uic": "87683789", "segment": "C", "voyageurs": 65089, "voyageurs_2019": 45473, "tendance_pct": 43.1}, "geometry": {"type": "Point", "coordinates": [3.912446, 47.495755]}}, {"type": "Feature", "properties": {"nom": "Aubigny-en-Artois", "code_insee": "62045", "code_uic": "87342246", "segment": "C", "voyageurs": 64945, "voyageurs_2019": 50207, "tendance_pct": 29.4}, "geometry": {"type": "Point", "coordinates": [2.592805, 50.35297]}}, {"type": "Feature", "properties": {"nom": "Lacourtensourt", "code_insee": "31555", "code_uic": "87611434", "segment": "C", "voyageurs": 64847, "voyageurs_2019": 42915, "tendance_pct": 51.1}, "geometry": {"type": "Point", "coordinates": [1.413869, 43.663884]}}, {"type": "Feature", "properties": {"nom": "Tricot", "code_insee": "60643", "code_uic": "87313353", "segment": "C", "voyageurs": 64823, "voyageurs_2019": 46366, "tendance_pct": 39.8}, "geometry": {"type": "Point", "coordinates": [2.581559, 49.561988]}}, {"type": "Feature", "properties": {"nom": "Bonson", "code_insee": "42022", "code_uic": "87726414", "segment": "C", "voyageurs": 64689, "voyageurs_2019": 66667, "tendance_pct": -3.0}, "geometry": {"type": "Point", "coordinates": [4.216308, 45.522194]}}, {"type": "Feature", "properties": {"nom": "Sisteron", "code_insee": "04209", "code_uic": "87751206", "segment": "C", "voyageurs": 64637, "voyageurs_2019": 45132, "tendance_pct": 43.2}, "geometry": {"type": "Point", "coordinates": [5.946589, 44.190202]}}, {"type": "Feature", "properties": {"nom": "Carhaix-Plouguer", "code_insee": "29024", "code_uic": "87473504", "segment": "C", "voyageurs": 64579, "voyageurs_2019": 34270, "tendance_pct": 88.4}, "geometry": {"type": "Point", "coordinates": [-3.562217, 48.278002]}}, {"type": "Feature", "properties": {"nom": "Chartrettes", "code_insee": "77096", "code_uic": "87682419", "segment": "C", "voyageurs": 64007, "voyageurs_2019": 53428, "tendance_pct": 19.8}, "geometry": {"type": "Point", "coordinates": [2.695006, 48.487077]}}, {"type": "Feature", "properties": {"nom": "Seurre", "code_insee": "21607", "code_uic": "87713677", "segment": "C", "voyageurs": 63901, "voyageurs_2019": 59970, "tendance_pct": 6.6}, "geometry": {"type": "Point", "coordinates": [5.151312, 46.996411]}}, {"type": "Feature", "properties": {"nom": "Limoux", "code_insee": "11206", "code_uic": "87615161", "segment": "C", "voyageurs": 63875, "voyageurs_2019": 7516, "tendance_pct": 749.9}, "geometry": {"type": "Point", "coordinates": [2.222829, 43.056383]}}, {"type": "Feature", "properties": {"nom": "Montataire", "code_insee": "60414", "code_uic": "87276618", "segment": "C", "voyageurs": 63783, "voyageurs_2019": 42097, "tendance_pct": 51.5}, "geometry": {"type": "Point", "coordinates": [2.436215, 49.251036]}}, {"type": "Feature", "properties": {"nom": "Nouzonville", "code_insee": "08328", "code_uic": "87172023", "segment": "C", "voyageurs": 63720, "voyageurs_2019": 22170, "tendance_pct": 187.4}, "geometry": {"type": "Point", "coordinates": [4.742815, 49.812013]}}, {"type": "Feature", "properties": {"nom": "Vougeot - Gilly-lès-Cîteaux", "code_insee": "21297", "code_uic": "87713511", "segment": "C", "voyageurs": 63549, "voyageurs_2019": 36550, "tendance_pct": 73.9}, "geometry": {"type": "Point", "coordinates": [4.971569, 47.175556]}}, {"type": "Feature", "properties": {"nom": "Bègles", "code_insee": "33039", "code_uic": "87581801", "segment": "C", "voyageurs": 63510, "voyageurs_2019": 34296, "tendance_pct": 85.2}, "geometry": {"type": "Point", "coordinates": [-0.555249, 44.799539]}}, {"type": "Feature", "properties": {"nom": "Jarville-la-Malgrange", "code_insee": "54274", "code_uic": "87141010", "segment": "C", "voyageurs": 63383, "voyageurs_2019": 41635, "tendance_pct": 52.2}, "geometry": {"type": "Point", "coordinates": [6.202464, 48.669838]}}, {"type": "Feature", "properties": {"nom": "Margaux", "code_insee": "33268", "code_uic": "87581215", "segment": "C", "voyageurs": 63365, "voyageurs_2019": 38867, "tendance_pct": 63.0}, "geometry": {"type": "Point", "coordinates": [-0.685415, 45.035831]}}, {"type": "Feature", "properties": {"nom": "Vincey", "code_insee": "88355", "code_uic": "87144063", "segment": "C", "voyageurs": 63028, "voyageurs_2019": 17932, "tendance_pct": 251.5}, "geometry": {"type": "Point", "coordinates": [6.335513, 48.343647]}}, {"type": "Feature", "properties": {"nom": "Naucelle", "code_insee": "12169", "code_uic": "87615732", "segment": "C", "voyageurs": 62819, "voyageurs_2019": 18942, "tendance_pct": 231.6}, "geometry": {"type": "Point", "coordinates": [2.363504, 44.185479]}}, {"type": "Feature", "properties": {"nom": "Imphy", "code_insee": "58134", "code_uic": "87696450", "segment": "C", "voyageurs": 62795, "voyageurs_2019": 44593, "tendance_pct": 40.8}, "geometry": {"type": "Point", "coordinates": [3.259711, 46.933354]}}, {"type": "Feature", "properties": {"nom": "Saint-Blaise-la-Roche Poutay", "code_insee": "67424", "code_uic": "87214742", "segment": "C", "voyageurs": 62007, "voyageurs_2019": 42757, "tendance_pct": 45.0}, "geometry": {"type": "Point", "coordinates": [7.165329, 48.407609]}}, {"type": "Feature", "properties": {"nom": "Étival-Clairefontaine", "code_insee": "88165", "code_uic": "87144642", "segment": "C", "voyageurs": 61702, "voyageurs_2019": 55177, "tendance_pct": 11.8}, "geometry": {"type": "Point", "coordinates": [6.876961, 48.367199]}}, {"type": "Feature", "properties": {"nom": "Matzenheim", "code_insee": "67285", "code_uic": "87214130", "segment": "C", "voyageurs": 61628, "voyageurs_2019": 35607, "tendance_pct": 73.1}, "geometry": {"type": "Point", "coordinates": [7.6196, 48.398756]}}, {"type": "Feature", "properties": {"nom": "Thouaré-sur-Loire", "code_insee": "44204", "code_uic": "87481143", "segment": "C", "voyageurs": 61351, "voyageurs_2019": 34328, "tendance_pct": 78.7}, "geometry": {"type": "Point", "coordinates": [-1.440963, 47.265114]}}, {"type": "Feature", "properties": {"nom": "L'Argentière Les Écrins", "code_insee": "05006", "code_uic": "87763557", "segment": "C", "voyageurs": 61284, "voyageurs_2019": 45379, "tendance_pct": 35.0}, "geometry": {"type": "Point", "coordinates": [6.556416, 44.79098]}}, {"type": "Feature", "properties": {"nom": "Savy-Berlette", "code_insee": "62785", "code_uic": "87342253", "segment": "C", "voyageurs": 61174, "voyageurs_2019": 29712, "tendance_pct": 105.9}, "geometry": {"type": "Point", "coordinates": [2.557732, 50.353876]}}, {"type": "Feature", "properties": {"nom": "Wattignies - Templemars", "code_insee": "59585", "code_uic": "87286526", "segment": "C", "voyageurs": 60938, "voyageurs_2019": 69841, "tendance_pct": -12.7}, "geometry": {"type": "Point", "coordinates": [3.051975, 50.579314]}}, {"type": "Feature", "properties": {"nom": "Cugand", "code_insee": "85076", "code_uic": "87481457", "segment": "C", "voyageurs": 60811, "voyageurs_2019": 12805, "tendance_pct": 374.9}, "geometry": {"type": "Point", "coordinates": [-1.253301, 47.05826]}}, {"type": "Feature", "properties": {"nom": "Étainhus - Saint-Romain", "code_insee": "76250", "code_uic": "87413328", "segment": "C", "voyageurs": 60792, "voyageurs_2019": 63166, "tendance_pct": -3.8}, "geometry": {"type": "Point", "coordinates": [0.331023, 49.561215]}}, {"type": "Feature", "properties": {"nom": "Meyrargues", "code_insee": "13059", "code_uic": "87751370", "segment": "C", "voyageurs": 60708, "voyageurs_2019": 54518, "tendance_pct": 11.4}, "geometry": {"type": "Point", "coordinates": [5.539574, 43.644008]}}, {"type": "Feature", "properties": {"nom": "Avion", "code_insee": "62065", "code_uic": "87342584", "segment": "C", "voyageurs": 60350, "voyageurs_2019": 84499, "tendance_pct": -28.6}, "geometry": {"type": "Point", "coordinates": [2.83365, 50.40723]}}, {"type": "Feature", "properties": {"nom": "Lusignan", "code_insee": "86139", "code_uic": "87485540", "segment": "C", "voyageurs": 60306, "voyageurs_2019": 51159, "tendance_pct": 17.9}, "geometry": {"type": "Point", "coordinates": [0.116555, 46.435495]}}, {"type": "Feature", "properties": {"nom": "Les Deux Jumeaux", "code_insee": "64260", "code_uic": "87677104", "segment": "C", "voyageurs": 60206, "voyageurs_2019": 32774, "tendance_pct": 83.7}, "geometry": {"type": "Point", "coordinates": [-1.764353, 43.369957]}}, {"type": "Feature", "properties": {"nom": "Kerhuon", "code_insee": "29235", "code_uic": "87474213", "segment": "C", "voyageurs": 60172, "voyageurs_2019": 47127, "tendance_pct": 27.7}, "geometry": {"type": "Point", "coordinates": [-4.388214, 48.409663]}}, {"type": "Feature", "properties": {"nom": "Vauvert", "code_insee": "30341", "code_uic": "87775817", "segment": "C", "voyageurs": 60049, "voyageurs_2019": 3329, "tendance_pct": 1703.8}, "geometry": {"type": "Point", "coordinates": [4.270165, 43.695037]}}, {"type": "Feature", "properties": {"nom": "Torfou-Sèvremoine", "code_insee": "49350", "code_uic": "87486894", "segment": "C", "voyageurs": 59782, "voyageurs_2019": 12669, "tendance_pct": 371.9}, "geometry": {"type": "Point", "coordinates": [-1.11738, 47.033115]}}, {"type": "Feature", "properties": {"nom": "Arvant", "code_insee": "43038", "code_uic": "87734251", "segment": "C", "voyageurs": 59671, "voyageurs_2019": 51427, "tendance_pct": 16.0}, "geometry": {"type": "Point", "coordinates": [3.310675, 45.36538]}}, {"type": "Feature", "properties": {"nom": "Varilhes", "code_insee": "09324", "code_uic": "87611327", "segment": "C", "voyageurs": 59617, "voyageurs_2019": 44325, "tendance_pct": 34.5}, "geometry": {"type": "Point", "coordinates": [1.628482, 43.041559]}}, {"type": "Feature", "properties": {"nom": "Saint-Jean-de-Losne", "code_insee": "21577", "code_uic": "87713651", "segment": "C", "voyageurs": 59595, "voyageurs_2019": 53468, "tendance_pct": 11.5}, "geometry": {"type": "Point", "coordinates": [5.244123, 47.09973]}}, {"type": "Feature", "properties": {"nom": "Saint-Martin-le-Beau", "code_insee": "37225", "code_uic": "87574459", "segment": "C", "voyageurs": 59516, "voyageurs_2019": 45160, "tendance_pct": 31.8}, "geometry": {"type": "Point", "coordinates": [0.905842, 47.355206]}}, {"type": "Feature", "properties": {"nom": "Pont-Saint-Vincent", "code_insee": "54432", "code_uic": "87141523", "segment": "C", "voyageurs": 59383, "voyageurs_2019": 35726, "tendance_pct": 66.2}, "geometry": {"type": "Point", "coordinates": [6.10315, 48.602373]}}, {"type": "Feature", "properties": {"nom": "Seugy", "code_insee": "95594", "code_uic": "87272039", "segment": "C", "voyageurs": 59359, "voyageurs_2019": 65028, "tendance_pct": -8.7}, "geometry": {"type": "Point", "coordinates": [2.398912, 49.118992]}}, {"type": "Feature", "properties": {"nom": "Vosves", "code_insee": "77152", "code_uic": "87682500", "segment": "C", "voyageurs": 59311, "voyageurs_2019": 36530, "tendance_pct": 62.4}, "geometry": {"type": "Point", "coordinates": [2.599147, 48.515112]}}, {"type": "Feature", "properties": {"nom": "Thourotte", "code_insee": "60636", "code_uic": "87276741", "segment": "C", "voyageurs": 59210, "voyageurs_2019": 45937, "tendance_pct": 28.9}, "geometry": {"type": "Point", "coordinates": [2.883002, 49.476072]}}, {"type": "Feature", "properties": {"nom": "Saint-Médard-sur-Ille", "code_insee": "35296", "code_uic": "87478024", "segment": "C", "voyageurs": 59018, "voyageurs_2019": 38691, "tendance_pct": 52.5}, "geometry": {"type": "Point", "coordinates": [-1.667489, 48.274222]}}, {"type": "Feature", "properties": {"nom": "Vivonne", "code_insee": "86293", "code_uic": "87575290", "segment": "C", "voyageurs": 58856, "voyageurs_2019": 34012, "tendance_pct": 73.0}, "geometry": {"type": "Point", "coordinates": [0.265316, 46.426636]}}, {"type": "Feature", "properties": {"nom": "Eymoutiers Vassivière", "code_insee": "87064", "code_uic": "87592121", "segment": "C", "voyageurs": 58848, "voyageurs_2019": 44042, "tendance_pct": 33.6}, "geometry": {"type": "Point", "coordinates": [1.741224, 45.739788]}}, {"type": "Feature", "properties": {"nom": "Les Portes de Saint-Cyr", "code_insee": "78646", "code_uic": "87710921", "segment": "B", "voyageurs": 58848, "voyageurs_2019": 0, "tendance_pct": null}, "geometry": {"type": "Point", "coordinates": [2.07716, 48.8062]}}, {"type": "Feature", "properties": {"nom": "Hautmont", "code_insee": "59291", "code_uic": "87295568", "segment": "C", "voyageurs": 58624, "voyageurs_2019": 83504, "tendance_pct": -29.8}, "geometry": {"type": "Point", "coordinates": [3.91522, 50.25398]}}, {"type": "Feature", "properties": {"nom": "Loivre", "code_insee": "51329", "code_uic": "87171728", "segment": "C", "voyageurs": 58616, "voyageurs_2019": 26527, "tendance_pct": 121.0}, "geometry": {"type": "Point", "coordinates": [3.99067, 49.346679]}}, {"type": "Feature", "properties": {"nom": "Aubie - Saint-Antoine", "code_insee": "33018", "code_uic": "87491233", "segment": "C", "voyageurs": 58449, "voyageurs_2019": 39025, "tendance_pct": 49.8}, "geometry": {"type": "Point", "coordinates": [-0.419884, 45.015142]}}, {"type": "Feature", "properties": {"nom": "Font-Romeu-Odeillo-Via", "code_insee": "66124", "code_uic": "87784819", "segment": "C", "voyageurs": 58396, "voyageurs_2019": 47484, "tendance_pct": 23.0}, "geometry": {"type": "Point", "coordinates": [2.038392, 42.491232]}}, {"type": "Feature", "properties": {"nom": "Mende", "code_insee": "48095", "code_uic": "87783605", "segment": "C", "voyageurs": 58349, "voyageurs_2019": 26910, "tendance_pct": 116.8}, "geometry": {"type": "Point", "coordinates": [3.501987, 44.522322]}}, {"type": "Feature", "properties": {"nom": "Cordemais", "code_insee": "44045", "code_uic": "87481820", "segment": "C", "voyageurs": 58102, "voyageurs_2019": 36473, "tendance_pct": 59.3}, "geometry": {"type": "Point", "coordinates": [-1.846677, 47.30215]}}, {"type": "Feature", "properties": {"nom": "Esches", "code_insee": "60218", "code_uic": "87272096", "segment": "C", "voyageurs": 57843, "voyageurs_2019": 44886, "tendance_pct": 28.9}, "geometry": {"type": "Point", "coordinates": [2.170812, 49.21252]}}, {"type": "Feature", "properties": {"nom": "Loos lez Lille", "code_insee": "59360", "code_uic": "87286112", "segment": "C", "voyageurs": 57811, "voyageurs_2019": 40088, "tendance_pct": 44.2}, "geometry": {"type": "Point", "coordinates": [3.017058, 50.612817]}}, {"type": "Feature", "properties": {"nom": "Irigny Yvours", "code_insee": "69100", "code_uic": "87722249", "segment": "C", "voyageurs": 57800, "voyageurs_2019": 16431, "tendance_pct": 251.8}, "geometry": {"type": "Point", "coordinates": [4.83229, 45.69002]}}, {"type": "Feature", "properties": {"nom": "Conches-en-Ouche", "code_insee": "27165", "code_uic": "87387159", "segment": "C", "voyageurs": 57779, "voyageurs_2019": 88186, "tendance_pct": -34.5}, "geometry": {"type": "Point", "coordinates": [0.93789, 48.96236]}}, {"type": "Feature", "properties": {"nom": "Ambazac", "code_insee": "87002", "code_uic": "87592311", "segment": "C", "voyageurs": 57718, "voyageurs_2019": 27893, "tendance_pct": 106.9}, "geometry": {"type": "Point", "coordinates": [1.406501, 45.952906]}}, {"type": "Feature", "properties": {"nom": "Pierre-Bénite", "code_insee": "69152", "code_uic": "87722231", "segment": "C", "voyageurs": 57700, "voyageurs_2019": 45505, "tendance_pct": 26.8}, "geometry": {"type": "Point", "coordinates": [4.824506, 45.706677]}}, {"type": "Feature", "properties": {"nom": "Abbaretz", "code_insee": "44001", "code_uic": "87481614", "segment": "C", "voyageurs": 57686, "voyageurs_2019": 38473, "tendance_pct": 49.9}, "geometry": {"type": "Point", "coordinates": [-1.524416, 47.554643]}}, {"type": "Feature", "properties": {"nom": "Pons", "code_insee": "17283", "code_uic": "87491100", "segment": "C", "voyageurs": 57668, "voyageurs_2019": 30263, "tendance_pct": 90.6}, "geometry": {"type": "Point", "coordinates": [-0.538912, 45.578077]}}, {"type": "Feature", "properties": {"nom": "Hangest-sur-Somme", "code_insee": "80416", "code_uic": "87313114", "segment": "C", "voyageurs": 57553, "voyageurs_2019": 43635, "tendance_pct": 31.9}, "geometry": {"type": "Point", "coordinates": [2.066141, 49.982201]}}, {"type": "Feature", "properties": {"nom": "Retournac", "code_insee": "43162", "code_uic": "87734749", "segment": "C", "voyageurs": 57476, "voyageurs_2019": 49984, "tendance_pct": 15.0}, "geometry": {"type": "Point", "coordinates": [4.036117, 45.201347]}}, {"type": "Feature", "properties": {"nom": "Romanèche-Thorins", "code_insee": "71372", "code_uic": "87725739", "segment": "C", "voyageurs": 57447, "voyageurs_2019": 44326, "tendance_pct": 29.6}, "geometry": {"type": "Point", "coordinates": [4.742101, 46.176391]}}, {"type": "Feature", "properties": {"nom": "Moosch", "code_insee": "68217", "code_uic": "87182592", "segment": "C", "voyageurs": 57155, "voyageurs_2019": 41079, "tendance_pct": 39.1}, "geometry": {"type": "Point", "coordinates": [7.050763, 47.860745]}}, {"type": "Feature", "properties": {"nom": "Beslé", "code_insee": "44067", "code_uic": "87471219", "segment": "C", "voyageurs": 56705, "voyageurs_2019": 28946, "tendance_pct": 95.9}, "geometry": {"type": "Point", "coordinates": [-1.870637, 47.698879]}}, {"type": "Feature", "properties": {"nom": "Le Buisson-de-Cadouin", "code_insee": "24068", "code_uic": "87595751", "segment": "C", "voyageurs": 56490, "voyageurs_2019": 36727, "tendance_pct": 53.8}, "geometry": {"type": "Point", "coordinates": [0.908176, 44.84723]}}, {"type": "Feature", "properties": {"nom": "Gardonne", "code_insee": "24194", "code_uic": "87584235", "segment": "C", "voyageurs": 56384, "voyageurs_2019": 22457, "tendance_pct": 151.1}, "geometry": {"type": "Point", "coordinates": [0.331943, 44.834754]}}, {"type": "Feature", "properties": {"nom": "Saint-Romain-le-Puy", "code_insee": "42285", "code_uic": "87726430", "segment": "C", "voyageurs": 56289, "voyageurs_2019": 54396, "tendance_pct": 3.5}, "geometry": {"type": "Point", "coordinates": [4.120827, 45.554554]}}, {"type": "Feature", "properties": {"nom": "Longuyon", "code_insee": "54322", "code_uic": "87194274", "segment": "C", "voyageurs": 56255, "voyageurs_2019": 56106, "tendance_pct": 0.3}, "geometry": {"type": "Point", "coordinates": [5.604482, 49.444255]}}, {"type": "Feature", "properties": {"nom": "Montoir-de-Bretagne", "code_insee": "44103", "code_uic": "87481713", "segment": "C", "voyageurs": 56237, "voyageurs_2019": 37489, "tendance_pct": 50.0}, "geometry": {"type": "Point", "coordinates": [-2.161678, 47.321016]}}, {"type": "Feature", "properties": {"nom": "La Guerche-sur-l'Aubois", "code_insee": "18108", "code_uic": "87576470", "segment": "C", "voyageurs": 56221, "voyageurs_2019": 36367, "tendance_pct": 54.6}, "geometry": {"type": "Point", "coordinates": [2.948573, 46.947739]}}, {"type": "Feature", "properties": {"nom": "Champagnole", "code_insee": "39097", "code_uic": "87715326", "segment": "C", "voyageurs": 56211, "voyageurs_2019": 35922, "tendance_pct": 56.5}, "geometry": {"type": "Point", "coordinates": [5.910031, 46.749298]}}, {"type": "Feature", "properties": {"nom": "Monnaie", "code_insee": "37153", "code_uic": "87574681", "segment": "C", "voyageurs": 56192, "voyageurs_2019": 29171, "tendance_pct": 92.6}, "geometry": {"type": "Point", "coordinates": [0.793285, 47.498749]}}, {"type": "Feature", "properties": {"nom": "Ay", "code_insee": "51030", "code_uic": "87171561", "segment": "C", "voyageurs": 56169, "voyageurs_2019": 58894, "tendance_pct": -4.6}, "geometry": {"type": "Point", "coordinates": [4.001564, 49.048732]}}, {"type": "Feature", "properties": {"nom": "Buno - Gironville", "code_insee": "91121", "code_uic": "87681510", "segment": "C", "voyageurs": 56114, "voyageurs_2019": 60666, "tendance_pct": -7.5}, "geometry": {"type": "Point", "coordinates": [2.387115, 48.370847]}}, {"type": "Feature", "properties": {"nom": "Châteauneuf-sur-Charente", "code_insee": "16090", "code_uic": "87491506", "segment": "C", "voyageurs": 56083, "voyageurs_2019": 56387, "tendance_pct": -0.5}, "geometry": {"type": "Point", "coordinates": [-0.0502, 45.599836]}}, {"type": "Feature", "properties": {"nom": "Ancy-sur-Moselle", "code_insee": "57021", "code_uic": "87192419", "segment": "C", "voyageurs": 56012, "voyageurs_2019": 50264, "tendance_pct": 11.4}, "geometry": {"type": "Point", "coordinates": [6.062766, 49.057509]}}, {"type": "Feature", "properties": {"nom": "Brionne", "code_insee": "27116", "code_uic": "87415364", "segment": "C", "voyageurs": 55766, "voyageurs_2019": 13096, "tendance_pct": 325.8}, "geometry": {"type": "Point", "coordinates": [0.71153, 49.196419]}}, {"type": "Feature", "properties": {"nom": "Parempuyre", "code_insee": "33312", "code_uic": "87581710", "segment": "C", "voyageurs": 55602, "voyageurs_2019": 52843, "tendance_pct": 5.2}, "geometry": {"type": "Point", "coordinates": [-0.61934, 44.944703]}}, {"type": "Feature", "properties": {"nom": "Neuvic", "code_insee": "24309", "code_uic": "87595272", "segment": "C", "voyageurs": 55571, "voyageurs_2019": 33360, "tendance_pct": 66.6}, "geometry": {"type": "Point", "coordinates": [0.445016, 45.099963]}}, {"type": "Feature", "properties": {"nom": "Wilwisheim", "code_insee": "67534", "code_uic": "87212175", "segment": "C", "voyageurs": 55475, "voyageurs_2019": 39515, "tendance_pct": 40.4}, "geometry": {"type": "Point", "coordinates": [7.50776, 48.745831]}}, {"type": "Feature", "properties": {"nom": "Sainte-Eulalie - Carbon-Blanc", "code_insee": "33397", "code_uic": "87491282", "segment": "C", "voyageurs": 55417, "voyageurs_2019": 32005, "tendance_pct": 73.2}, "geometry": {"type": "Point", "coordinates": [-0.493974, 44.897833]}}, {"type": "Feature", "properties": {"nom": "Tournay", "code_insee": "65447", "code_uic": "87671172", "segment": "C", "voyageurs": 55387, "voyageurs_2019": 14364, "tendance_pct": 285.6}, "geometry": {"type": "Point", "coordinates": [0.23897, 43.183607]}}, {"type": "Feature", "properties": {"nom": "Sainte-Marthe en Provence", "code_insee": "13214", "code_uic": "87751842", "segment": "C", "voyageurs": 55208, "voyageurs_2019": 28648, "tendance_pct": 92.7}, "geometry": {"type": "Point", "coordinates": [5.390412, 43.339241]}}, {"type": "Feature", "properties": {"nom": "Bischheim", "code_insee": "67043", "code_uic": "87212308", "segment": "C", "voyageurs": 55191, "voyageurs_2019": 52507, "tendance_pct": 5.1}, "geometry": {"type": "Point", "coordinates": [7.742216, 48.611835]}}, {"type": "Feature", "properties": {"nom": "Égletons", "code_insee": "19073", "code_uic": "87594168", "segment": "C", "voyageurs": 55131, "voyageurs_2019": 31577, "tendance_pct": 74.6}, "geometry": {"type": "Point", "coordinates": [2.065124, 45.402382]}}, {"type": "Feature", "properties": {"nom": "Chantenay", "code_insee": "44109", "code_uic": "87481051", "segment": "C", "voyageurs": 55107, "voyageurs_2019": 45506, "tendance_pct": 21.1}, "geometry": {"type": "Point", "coordinates": [-1.594363, 47.197123]}}, {"type": "Feature", "properties": {"nom": "Guéthary", "code_insee": "64249", "code_uic": "87673459", "segment": "C", "voyageurs": 55069, "voyageurs_2019": 27590, "tendance_pct": 99.6}, "geometry": {"type": "Point", "coordinates": [-1.609862, 43.425349]}}, {"type": "Feature", "properties": {"nom": "Moyeuvre-Grande", "code_insee": "57491", "code_uic": "87191718", "segment": "C", "voyageurs": 55038, "voyageurs_2019": 33122, "tendance_pct": 66.2}, "geometry": {"type": "Point", "coordinates": [6.043226, 49.246713]}}, {"type": "Feature", "properties": {"nom": "Pont-de-Veyle", "code_insee": "01134", "code_uic": "87725804", "segment": "C", "voyageurs": 54921, "voyageurs_2019": 43215, "tendance_pct": 27.1}, "geometry": {"type": "Point", "coordinates": [4.893035, 46.267911]}}, {"type": "Feature", "properties": {"nom": "Liévin", "code_insee": "62510", "code_uic": "87345041", "segment": "C", "voyageurs": 54889, "voyageurs_2019": 52898, "tendance_pct": 3.8}, "geometry": {"type": "Point", "coordinates": [2.771632, 50.434139]}}, {"type": "Feature", "properties": {"nom": "La Bernerie-en-Retz", "code_insee": "44012", "code_uic": "87481267", "segment": "C", "voyageurs": 54839, "voyageurs_2019": 30187, "tendance_pct": 81.7}, "geometry": {"type": "Point", "coordinates": [-2.034141, 47.083262]}}, {"type": "Feature", "properties": {"nom": "Port-de-Piles", "code_insee": "37045", "code_uic": "87575076", "segment": "C", "voyageurs": 54807, "voyageurs_2019": 34532, "tendance_pct": 58.7}, "geometry": {"type": "Point", "coordinates": [0.598918, 47.01026]}}, {"type": "Feature", "properties": {"nom": "Froncles Buxières", "code_insee": "52211", "code_uic": "87142240", "segment": "C", "voyageurs": 54688, "voyageurs_2019": 36457, "tendance_pct": 50.0}, "geometry": {"type": "Point", "coordinates": [5.14156, 48.29674]}}, {"type": "Feature", "properties": {"nom": "Erdre Active", "code_insee": "44035", "code_uic": "87590356", "segment": "C", "voyageurs": 54569, "voyageurs_2019": 41140, "tendance_pct": 32.6}, "geometry": {"type": "Point", "coordinates": [-1.544552, 47.282902]}}, {"type": "Feature", "properties": {"nom": "Wesserling", "code_insee": "68089", "code_uic": "87182618", "segment": "C", "voyageurs": 54426, "voyageurs_2019": 43828, "tendance_pct": 24.2}, "geometry": {"type": "Point", "coordinates": [6.997519, 47.889965]}}, {"type": "Feature", "properties": {"nom": "La Couronne Carro", "code_insee": "13056", "code_uic": "87753541", "segment": "C", "voyageurs": 54394, "voyageurs_2019": 25227, "tendance_pct": 115.6}, "geometry": {"type": "Point", "coordinates": [5.051708, 43.339808]}}, {"type": "Feature", "properties": {"nom": "Beauvoisin", "code_insee": "30033", "code_uic": "87775809", "segment": "C", "voyageurs": 54368, "voyageurs_2019": 916, "tendance_pct": 5835.4}, "geometry": {"type": "Point", "coordinates": [4.321218, 43.724503]}}, {"type": "Feature", "properties": {"nom": "Le Thor", "code_insee": "84132", "code_uic": "87765453", "segment": "C", "voyageurs": 54227, "voyageurs_2019": 39760, "tendance_pct": 36.4}, "geometry": {"type": "Point", "coordinates": [4.996266, 43.926505]}}, {"type": "Feature", "properties": {"nom": "Port-Vendres", "code_insee": "66148", "code_uic": "87784264", "segment": "C", "voyageurs": 54122, "voyageurs_2019": 27707, "tendance_pct": 95.3}, "geometry": {"type": "Point", "coordinates": [3.102576, 42.513608]}}, {"type": "Feature", "properties": {"nom": "Cercottes", "code_insee": "45062", "code_uic": "87543033", "segment": "C", "voyageurs": 53925, "voyageurs_2019": 42501, "tendance_pct": 26.9}, "geometry": {"type": "Point", "coordinates": [1.884981, 47.986155]}}, {"type": "Feature", "properties": {"nom": "Voves", "code_insee": "28422", "code_uic": "87545707", "segment": "C", "voyageurs": 53719, "voyageurs_2019": 42483, "tendance_pct": 26.4}, "geometry": {"type": "Point", "coordinates": [1.622287, 48.27501]}}, {"type": "Feature", "properties": {"nom": "Montmorillon", "code_insee": "86165", "code_uic": "87575480", "segment": "C", "voyageurs": 53715, "voyageurs_2019": 40196, "tendance_pct": 33.6}, "geometry": {"type": "Point", "coordinates": [0.873747, 46.417498]}}, {"type": "Feature", "properties": {"nom": "Boran-sur-Oise", "code_insee": "60086", "code_uic": "87276444", "segment": "C", "voyageurs": 53476, "voyageurs_2019": 41161, "tendance_pct": 29.9}, "geometry": {"type": "Point", "coordinates": [2.362537, 49.167135]}}, {"type": "Feature", "properties": {"nom": "Caudéran Mérignac", "code_insee": "33063", "code_uic": "87581538", "segment": "C", "voyageurs": 53379, "voyageurs_2019": 72314, "tendance_pct": -26.2}, "geometry": {"type": "Point", "coordinates": [-0.627434, 44.84288]}}, {"type": "Feature", "properties": {"nom": "Vallorcine", "code_insee": "74290", "code_uic": "87746875", "segment": "C", "voyageurs": 53251, "voyageurs_2019": 12214, "tendance_pct": 336.0}, "geometry": {"type": "Point", "coordinates": [6.932669, 46.032498]}}, {"type": "Feature", "properties": {"nom": "Seltz", "code_insee": "67463", "code_uic": "87212431", "segment": "C", "voyageurs": 53172, "voyageurs_2019": 47482, "tendance_pct": 12.0}, "geometry": {"type": "Point", "coordinates": [8.098672, 48.896563]}}, {"type": "Feature", "properties": {"nom": "Pont de Dore", "code_insee": "63276", "code_uic": "87734459", "segment": "C", "voyageurs": 53118, "voyageurs_2019": 58791, "tendance_pct": -9.6}, "geometry": {"type": "Point", "coordinates": [3.490325, 45.842783]}}, {"type": "Feature", "properties": {"nom": "Saint-Sébastien Pas Enchantés", "code_insee": "44190", "code_uic": "87354589", "segment": "C", "voyageurs": 53105, "voyageurs_2019": 30198, "tendance_pct": 75.9}, "geometry": {"type": "Point", "coordinates": [-1.510907, 47.206951]}}, {"type": "Feature", "properties": {"nom": "Drap - Cantaron", "code_insee": "06031", "code_uic": "87756775", "segment": "C", "voyageurs": 53049, "voyageurs_2019": 46557, "tendance_pct": 13.9}, "geometry": {"type": "Point", "coordinates": [7.316874, 43.75996]}}, {"type": "Feature", "properties": {"nom": "Brazey-en-Plaine", "code_insee": "21103", "code_uic": "87713644", "segment": "C", "voyageurs": 53002, "voyageurs_2019": 36997, "tendance_pct": 43.3}, "geometry": {"type": "Point", "coordinates": [5.212128, 47.131455]}}, {"type": "Feature", "properties": {"nom": "Saint-Martin-d'Oney", "code_insee": "40274", "code_uic": "87671495", "segment": "C", "voyageurs": 52753, "voyageurs_2019": 43527, "tendance_pct": 21.2}, "geometry": {"type": "Point", "coordinates": [-0.651693, 43.930112]}}, {"type": "Feature", "properties": {"nom": "Jarnac", "code_insee": "16153", "code_uic": "87491472", "segment": "C", "voyageurs": 52635, "voyageurs_2019": 39286, "tendance_pct": 34.0}, "geometry": {"type": "Point", "coordinates": [-0.177761, 45.671129]}}, {"type": "Feature", "properties": {"nom": "Saint-Claude", "code_insee": "39478", "code_uic": "87743633", "segment": "C", "voyageurs": 52552, "voyageurs_2019": 33828, "tendance_pct": 55.4}, "geometry": {"type": "Point", "coordinates": [5.860347, 46.389954]}}, {"type": "Feature", "properties": {"nom": "Le Meux - La Croix-Saint-Ouen", "code_insee": "60402", "code_uic": "87276733", "segment": "C", "voyageurs": 52298, "voyageurs_2019": 39014, "tendance_pct": 34.0}, "geometry": {"type": "Point", "coordinates": [2.753264, 49.359403]}}, {"type": "Feature", "properties": {"nom": "Ronchamp", "code_insee": "70451", "code_uic": "87185314", "segment": "C", "voyageurs": 51940, "voyageurs_2019": 41658, "tendance_pct": 24.7}, "geometry": {"type": "Point", "coordinates": [6.623279, 47.699031]}}, {"type": "Feature", "properties": {"nom": "Brion - Montréal-la-Cluse", "code_insee": "01063", "code_uic": "87131961", "segment": "C", "voyageurs": 51873, "voyageurs_2019": 35922, "tendance_pct": 44.4}, "geometry": {"type": "Point", "coordinates": [5.55852, 46.175701]}}, {"type": "Feature", "properties": {"nom": "Mérenvielle", "code_insee": "31339", "code_uic": "87611814", "segment": "C", "voyageurs": 51848, "voyageurs_2019": 51200, "tendance_pct": 1.3}, "geometry": {"type": "Point", "coordinates": [1.15033, 43.636505]}}, {"type": "Feature", "properties": {"nom": "Pont-de-Buis", "code_insee": "29302", "code_uic": "87474056", "segment": "C", "voyageurs": 51764, "voyageurs_2019": 17857, "tendance_pct": 189.9}, "geometry": {"type": "Point", "coordinates": [-4.086123, 48.254402]}}, {"type": "Feature", "properties": {"nom": "Alaï", "code_insee": "69244", "code_uic": "87722744", "segment": "C", "voyageurs": 51699, "voyageurs_2019": 37840, "tendance_pct": 36.6}, "geometry": {"type": "Point", "coordinates": [4.771782, 45.75212]}}, {"type": "Feature", "properties": {"nom": "Montreuil sur Mer", "code_insee": "62588", "code_uic": "87317164", "segment": "C", "voyageurs": 51218, "voyageurs_2019": 2462, "tendance_pct": 1980.3}, "geometry": {"type": "Point", "coordinates": [1.769166, 50.466195]}}, {"type": "Feature", "properties": {"nom": "Ranchot", "code_insee": "39451", "code_uic": "87718338", "segment": "C", "voyageurs": 51011, "voyageurs_2019": 52998, "tendance_pct": -3.7}, "geometry": {"type": "Point", "coordinates": [5.724661, 47.152563]}}, {"type": "Feature", "properties": {"nom": "Willer-sur-Thur", "code_insee": "68372", "code_uic": "87182584", "segment": "C", "voyageurs": 50897, "voyageurs_2019": 33144, "tendance_pct": 53.6}, "geometry": {"type": "Point", "coordinates": [7.06932, 47.842549]}}, {"type": "Feature", "properties": {"nom": "Schweighouse-sur-Moder", "code_insee": "67458", "code_uic": "87213108", "segment": "C", "voyageurs": 50887, "voyageurs_2019": 24974, "tendance_pct": 103.8}, "geometry": {"type": "Point", "coordinates": [7.742564, 48.828677]}}, {"type": "Feature", "properties": {"nom": "Wihr-au-Val - Soultzbach", "code_insee": "68368", "code_uic": "87182378", "segment": "C", "voyageurs": 50783, "voyageurs_2019": 40307, "tendance_pct": 26.0}, "geometry": {"type": "Point", "coordinates": [7.209535, 48.046052]}}, {"type": "Feature", "properties": {"nom": "Allée Royale", "code_insee": "78646", "code_uic": "87710913", "segment": "B", "voyageurs": 50743, "voyageurs_2019": 0, "tendance_pct": null}, "geometry": {"type": "Point", "coordinates": [2.07827, 48.81431]}}, {"type": "Feature", "properties": {"nom": "Graffenstaden", "code_insee": "67152", "code_uic": "87212241", "segment": "C", "voyageurs": 50646, "voyageurs_2019": 33255, "tendance_pct": 52.3}, "geometry": {"type": "Point", "coordinates": [7.689786, 48.532438]}}, {"type": "Feature", "properties": {"nom": "Saint-Saviol", "code_insee": "86247", "code_uic": "87575365", "segment": "C", "voyageurs": 50595, "voyageurs_2019": 33056, "tendance_pct": 53.1}, "geometry": {"type": "Point", "coordinates": [0.2179, 46.147005]}}, {"type": "Feature", "properties": {"nom": "Tenay - Hauteville", "code_insee": "01416", "code_uic": "87743757", "segment": "C", "voyageurs": 50530, "voyageurs_2019": 29469, "tendance_pct": 71.5}, "geometry": {"type": "Point", "coordinates": [5.50161, 45.92221]}}, {"type": "Feature", "properties": {"nom": "Bannalec", "code_insee": "29004", "code_uic": "87474189", "segment": "C", "voyageurs": 50087, "voyageurs_2019": 28103, "tendance_pct": 78.2}, "geometry": {"type": "Point", "coordinates": [-3.706527, 47.926747]}}, {"type": "Feature", "properties": {"nom": "Gallieni Cancéropôle", "code_insee": "31555", "code_uic": "87497461", "segment": "C", "voyageurs": 50012, "voyageurs_2019": 56259, "tendance_pct": -11.1}, "geometry": {"type": "Point", "coordinates": [1.41958, 43.573088]}}, {"type": "Feature", "properties": {"nom": "Collonges-lès-Premières", "code_insee": "21183", "code_uic": "87713321", "segment": "C", "voyageurs": 49759, "voyageurs_2019": 28509, "tendance_pct": 74.5}, "geometry": {"type": "Point", "coordinates": [5.265348, 47.221253]}}, {"type": "Feature", "properties": {"nom": "Breteuil", "code_insee": "60039", "code_uic": "87313247", "segment": "C", "voyageurs": 49740, "voyageurs_2019": 41007, "tendance_pct": 21.3}, "geometry": {"type": "Point", "coordinates": [2.384516, 49.626389]}}, {"type": "Feature", "properties": {"nom": "Rountzenheim", "code_insee": "67014", "code_uic": "87212373", "segment": "C", "voyageurs": 49682, "voyageurs_2019": 31261, "tendance_pct": 58.9}, "geometry": {"type": "Point", "coordinates": [8.011908, 48.820435]}}, {"type": "Feature", "properties": {"nom": "Port-de-Bouc", "code_insee": "13077", "code_uic": "87753459", "segment": "C", "voyageurs": 49671, "voyageurs_2019": 43749, "tendance_pct": 13.5}, "geometry": {"type": "Point", "coordinates": [4.984601, 43.407132]}}, {"type": "Feature", "properties": {"nom": "Thiers", "code_insee": "63430", "code_uic": "87734475", "segment": "C", "voyageurs": 49614, "voyageurs_2019": 43341, "tendance_pct": 14.5}, "geometry": {"type": "Point", "coordinates": [3.54318, 45.86105]}}, {"type": "Feature", "properties": {"nom": "Chevrières", "code_insee": "60149", "code_uic": "87276311", "segment": "C", "voyageurs": 49528, "voyageurs_2019": 28748, "tendance_pct": 72.3}, "geometry": {"type": "Point", "coordinates": [2.682803, 49.337306]}}, {"type": "Feature", "properties": {"nom": "Saint-Sulpice-Laurière", "code_insee": "87181", "code_uic": "87592345", "segment": "C", "voyageurs": 49484, "voyageurs_2019": 37213, "tendance_pct": 33.0}, "geometry": {"type": "Point", "coordinates": [1.476222, 46.046918]}}, {"type": "Feature", "properties": {"nom": "Blaisy-Bas", "code_insee": "21080", "code_uic": "87713073", "segment": "C", "voyageurs": 49299, "voyageurs_2019": 36585, "tendance_pct": 34.8}, "geometry": {"type": "Point", "coordinates": [4.741075, 47.373443]}}, {"type": "Feature", "properties": {"nom": "Pignans", "code_insee": "83092", "code_uic": "87755389", "segment": "C", "voyageurs": 49264, "voyageurs_2019": 23944, "tendance_pct": 105.7}, "geometry": {"type": "Point", "coordinates": [6.224846, 43.298475]}}, {"type": "Feature", "properties": {"nom": "Haybes", "code_insee": "08222", "code_uic": "87172106", "segment": "C", "voyageurs": 49152, "voyageurs_2019": 30678, "tendance_pct": 60.2}, "geometry": {"type": "Point", "coordinates": [4.704538, 50.011689]}}, {"type": "Feature", "properties": {"nom": "Pontanevaux", "code_insee": "71090", "code_uic": "87725721", "segment": "C", "voyageurs": 48906, "voyageurs_2019": 37095, "tendance_pct": 31.8}, "geometry": {"type": "Point", "coordinates": [4.772889, 46.213032]}}, {"type": "Feature", "properties": {"nom": "Sains-du-Nord", "code_insee": "59525", "code_uic": "87295709", "segment": "C", "voyageurs": 48790, "voyageurs_2019": 53761, "tendance_pct": -9.2}, "geometry": {"type": "Point", "coordinates": [4.001696, 50.088949]}}, {"type": "Feature", "properties": {"nom": "Bouthéon", "code_insee": "42005", "code_uic": "87726216", "segment": "C", "voyageurs": 48740, "voyageurs_2019": 43426, "tendance_pct": 12.2}, "geometry": {"type": "Point", "coordinates": [4.277719, 45.524629]}}, {"type": "Feature", "properties": {"nom": "Serquigny", "code_insee": "27622", "code_uic": "87444315", "segment": "C", "voyageurs": 48728, "voyageurs_2019": 28003, "tendance_pct": 74.0}, "geometry": {"type": "Point", "coordinates": [0.718989, 49.107412]}}, {"type": "Feature", "properties": {"nom": "Neuves-Maisons", "code_insee": "54397", "code_uic": "87141507", "segment": "C", "voyageurs": 48404, "voyageurs_2019": 26275, "tendance_pct": 84.2}, "geometry": {"type": "Point", "coordinates": [6.10789, 48.614767]}}, {"type": "Feature", "properties": {"nom": "Le Molay-Littry", "code_insee": "14370", "code_uic": "87444083", "segment": "C", "voyageurs": 48274, "voyageurs_2019": 21046, "tendance_pct": 129.4}, "geometry": {"type": "Point", "coordinates": [-0.880974, 49.249326]}}, {"type": "Feature", "properties": {"nom": "Véretz - Montlouis", "code_insee": "37156", "code_uic": "87574434", "segment": "C", "voyageurs": 48152, "voyageurs_2019": 28212, "tendance_pct": 70.7}, "geometry": {"type": "Point", "coordinates": [0.819908, 47.371506]}}, {"type": "Feature", "properties": {"nom": "La Trinité Victor", "code_insee": "06149", "code_uic": "87756767", "segment": "C", "voyageurs": 48133, "voyageurs_2019": 61038, "tendance_pct": -21.1}, "geometry": {"type": "Point", "coordinates": [7.31146, 43.742785]}}, {"type": "Feature", "properties": {"nom": "Lamanon", "code_insee": "13049", "code_uic": "87753731", "segment": "C", "voyageurs": 48101, "voyageurs_2019": 39147, "tendance_pct": 22.9}, "geometry": {"type": "Point", "coordinates": [5.091333, 43.699966]}}, {"type": "Feature", "properties": {"nom": "Saint-Laurent-de-la-Prée - Fouras", "code_insee": "17353", "code_uic": "87485136", "segment": "C", "voyageurs": 47948, "voyageurs_2019": 33925, "tendance_pct": 41.3}, "geometry": {"type": "Point", "coordinates": [-1.02743, 45.993]}}, {"type": "Feature", "properties": {"nom": "Crépieux la Pape", "code_insee": "69286", "code_uic": "87723502", "segment": "C", "voyageurs": 47798, "voyageurs_2019": 9378, "tendance_pct": 409.7}, "geometry": {"type": "Point", "coordinates": [4.892292, 45.803835]}}, {"type": "Feature", "properties": {"nom": "Allassac", "code_insee": "19005", "code_uic": "87594234", "segment": "C", "voyageurs": 47761, "voyageurs_2019": 23411, "tendance_pct": 104.0}, "geometry": {"type": "Point", "coordinates": [1.473147, 45.258938]}}, {"type": "Feature", "properties": {"nom": "Morez", "code_insee": "39368", "code_uic": "87715441", "segment": "C", "voyageurs": 47509, "voyageurs_2019": 26948, "tendance_pct": 76.3}, "geometry": {"type": "Point", "coordinates": [6.023578, 46.526217]}}, {"type": "Feature", "properties": {"nom": "Peyrehorade", "code_insee": "40224", "code_uic": "87672337", "segment": "C", "voyageurs": 47299, "voyageurs_2019": 19160, "tendance_pct": 146.9}, "geometry": {"type": "Point", "coordinates": [-1.115758, 43.54681]}}, {"type": "Feature", "properties": {"nom": "Steenwerck", "code_insee": "59043", "code_uic": "87286161", "segment": "C", "voyageurs": 47229, "voyageurs_2019": 48554, "tendance_pct": -2.7}, "geometry": {"type": "Point", "coordinates": [2.785577, 50.713459]}}, {"type": "Feature", "properties": {"nom": "Terrasson-Lavilledieu", "code_insee": "24547", "code_uic": "87594408", "segment": "C", "voyageurs": 47218, "voyageurs_2019": 28633, "tendance_pct": 64.9}, "geometry": {"type": "Point", "coordinates": [1.300422, 45.13579]}}, {"type": "Feature", "properties": {"nom": "Ruminghem", "code_insee": "62730", "code_uic": "87287300", "segment": "C", "voyageurs": 47172, "voyageurs_2019": 30921, "tendance_pct": 52.6}, "geometry": {"type": "Point", "coordinates": [2.157671, 50.862064]}}, {"type": "Feature", "properties": {"nom": "Monsempron-Libos", "code_insee": "47179", "code_uic": "87586453", "segment": "C", "voyageurs": 47114, "voyageurs_2019": 35773, "tendance_pct": 31.7}, "geometry": {"type": "Point", "coordinates": [0.941228, 44.486631]}}, {"type": "Feature", "properties": {"nom": "Montbizot", "code_insee": "72205", "code_uic": "87396044", "segment": "C", "voyageurs": 47015, "voyageurs_2019": 29840, "tendance_pct": 57.6}, "geometry": {"type": "Point", "coordinates": [0.190861, 48.151513]}}, {"type": "Feature", "properties": {"nom": "Moulis - Listrac", "code_insee": "33297", "code_uic": "87581231", "segment": "C", "voyageurs": 46905, "voyageurs_2019": 28996, "tendance_pct": 61.8}, "geometry": {"type": "Point", "coordinates": [-0.744737, 45.084027]}}, {"type": "Feature", "properties": {"nom": "Arbanats", "code_insee": "33007", "code_uic": "87582726", "segment": "C", "voyageurs": 46870, "voyageurs_2019": 58138, "tendance_pct": -19.4}, "geometry": {"type": "Point", "coordinates": [-0.395452, 44.674355]}}, {"type": "Feature", "properties": {"nom": "Sénas", "code_insee": "13105", "code_uic": "87753715", "segment": "C", "voyageurs": 46862, "voyageurs_2019": 30374, "tendance_pct": 54.3}, "geometry": {"type": "Point", "coordinates": [5.073365, 43.740957]}}, {"type": "Feature", "properties": {"nom": "Vorey", "code_insee": "43267", "code_uic": "87734723", "segment": "C", "voyageurs": 46714, "voyageurs_2019": 45135, "tendance_pct": 3.5}, "geometry": {"type": "Point", "coordinates": [3.911422, 45.182909]}}, {"type": "Feature", "properties": {"nom": "Nuits sous Ravières", "code_insee": "89280", "code_uic": "87713156", "segment": "C", "voyageurs": 46689, "voyageurs_2019": 34707, "tendance_pct": 34.5}, "geometry": {"type": "Point", "coordinates": [4.211186, 47.729114]}}, {"type": "Feature", "properties": {"nom": "Chamousset", "code_insee": "73068", "code_uic": "87741231", "segment": "C", "voyageurs": 46635, "voyageurs_2019": 25795, "tendance_pct": 80.8}, "geometry": {"type": "Point", "coordinates": [6.206743, 45.557574]}}, {"type": "Feature", "properties": {"nom": "Méricourt - Ribemont", "code_insee": "80530", "code_uic": "87313064", "segment": "C", "voyageurs": 46491, "voyageurs_2019": 39174, "tendance_pct": 18.7}, "geometry": {"type": "Point", "coordinates": [2.572625, 49.955638]}}, {"type": "Feature", "properties": {"nom": "Pléchâtel", "code_insee": "35221", "code_uic": "87471177", "segment": "C", "voyageurs": 46445, "voyageurs_2019": 33192, "tendance_pct": 39.9}, "geometry": {"type": "Point", "coordinates": [-1.776361, 47.871951]}}, {"type": "Feature", "properties": {"nom": "Mézériat", "code_insee": "01246", "code_uic": "87725838", "segment": "C", "voyageurs": 46281, "voyageurs_2019": 41775, "tendance_pct": 10.8}, "geometry": {"type": "Point", "coordinates": [5.046622, 46.23505]}}, {"type": "Feature", "properties": {"nom": "Montrabé", "code_insee": "31389", "code_uic": "87611848", "segment": "C", "voyageurs": 46274, "voyageurs_2019": 40745, "tendance_pct": 13.6}, "geometry": {"type": "Point", "coordinates": [1.524048, 43.64502]}}, {"type": "Feature", "properties": {"nom": "Saint-Jean-d'Angély", "code_insee": "17347", "code_uic": "87491357", "segment": "C", "voyageurs": 46265, "voyageurs_2019": 39979, "tendance_pct": 15.7}, "geometry": {"type": "Point", "coordinates": [-0.509783, 45.940774]}}, {"type": "Feature", "properties": {"nom": "Donzère", "code_insee": "26116", "code_uic": "87764290", "segment": "C", "voyageurs": 46233, "voyageurs_2019": 27825, "tendance_pct": 66.2}, "geometry": {"type": "Point", "coordinates": [4.704626, 44.443365]}}, {"type": "Feature", "properties": {"nom": "La Baule Les Pins", "code_insee": "44055", "code_uic": "87481697", "segment": "C", "voyageurs": 46150, "voyageurs_2019": 28368, "tendance_pct": 62.7}, "geometry": {"type": "Point", "coordinates": [-2.364844, 47.28352]}}, {"type": "Feature", "properties": {"nom": "Angers Maître École", "code_insee": "49007", "code_uic": "87484048", "segment": "C", "voyageurs": 46045, "voyageurs_2019": 23126, "tendance_pct": 99.1}, "geometry": {"type": "Point", "coordinates": [-0.531894, 47.46709]}}, {"type": "Feature", "properties": {"nom": "Landry", "code_insee": "73142", "code_uic": "87741777", "segment": "C", "voyageurs": 45927, "voyageurs_2019": 36159, "tendance_pct": 27.0}, "geometry": {"type": "Point", "coordinates": [6.733818, 45.574171]}}, {"type": "Feature", "properties": {"nom": "Santes", "code_insee": "59553", "code_uic": "87286401", "segment": "C", "voyageurs": 45926, "voyageurs_2019": 48428, "tendance_pct": -5.2}, "geometry": {"type": "Point", "coordinates": [2.961977, 50.592012]}}, {"type": "Feature", "properties": {"nom": "Gerzat", "code_insee": "63164", "code_uic": "87734046", "segment": "C", "voyageurs": 45834, "voyageurs_2019": 27140, "tendance_pct": 68.9}, "geometry": {"type": "Point", "coordinates": [3.143105, 45.833588]}}, {"type": "Feature", "properties": {"nom": "Epfig", "code_insee": "67125", "code_uic": "87214221", "segment": "C", "voyageurs": 45765, "voyageurs_2019": 26024, "tendance_pct": 75.9}, "geometry": {"type": "Point", "coordinates": [7.450405, 48.363764]}}, {"type": "Feature", "properties": {"nom": "Le Breuil-sur-Couze", "code_insee": "63052", "code_uic": "87734228", "segment": "C", "voyageurs": 45730, "voyageurs_2019": 28746, "tendance_pct": 59.1}, "geometry": {"type": "Point", "coordinates": [3.262148, 45.467084]}}, {"type": "Feature", "properties": {"nom": "Régny", "code_insee": "42181", "code_uic": "87721050", "segment": "C", "voyageurs": 45715, "voyageurs_2019": 36415, "tendance_pct": 25.5}, "geometry": {"type": "Point", "coordinates": [4.215075, 45.987705]}}, {"type": "Feature", "properties": {"nom": "Boulazac", "code_insee": "24053", "code_uic": "87725473", "segment": "C", "voyageurs": 45696, "voyageurs_2019": 0, "tendance_pct": null}, "geometry": {"type": "Point", "coordinates": [0.772645, 45.172291]}}, {"type": "Feature", "properties": {"nom": "Bénesse-Maremne", "code_insee": "40036", "code_uic": "87673285", "segment": "C", "voyageurs": 45570, "voyageurs_2019": 13991, "tendance_pct": 225.7}, "geometry": {"type": "Point", "coordinates": [-1.369851, 43.627748]}}, {"type": "Feature", "properties": {"nom": "La Brillanne - Oraison", "code_insee": "04034", "code_uic": "87751271", "segment": "C", "voyageurs": 45502, "voyageurs_2019": 29036, "tendance_pct": 56.7}, "geometry": {"type": "Point", "coordinates": [5.89232, 43.924777]}}, {"type": "Feature", "properties": {"nom": "Fontaines - Mercurey", "code_insee": "71202", "code_uic": "87713586", "segment": "C", "voyageurs": 45462, "voyageurs_2019": 33976, "tendance_pct": 33.8}, "geometry": {"type": "Point", "coordinates": [4.775069, 46.851211]}}, {"type": "Feature", "properties": {"nom": "Briouze", "code_insee": "61063", "code_uic": "87448084", "segment": "C", "voyageurs": 45439, "voyageurs_2019": 37420, "tendance_pct": 21.4}, "geometry": {"type": "Point", "coordinates": [-0.368204, 48.701862]}}, {"type": "Feature", "properties": {"nom": "Frontenex", "code_insee": "73121", "code_uic": "87741629", "segment": "C", "voyageurs": 45427, "voyageurs_2019": 33797, "tendance_pct": 34.4}, "geometry": {"type": "Point", "coordinates": [6.314056, 45.630546]}}, {"type": "Feature", "properties": {"nom": "Saint-Gildas-des-Bois", "code_insee": "44161", "code_uic": "87476762", "segment": "C", "voyageurs": 45409, "voyageurs_2019": 33328, "tendance_pct": 36.2}, "geometry": {"type": "Point", "coordinates": [-2.043892, 47.516614]}}, {"type": "Feature", "properties": {"nom": "Agay", "code_insee": "83118", "code_uic": "87757559", "segment": "C", "voyageurs": 45285, "voyageurs_2019": 22284, "tendance_pct": 103.2}, "geometry": {"type": "Point", "coordinates": [6.8565, 43.43137]}}, {"type": "Feature", "properties": {"nom": "Langogne", "code_insee": "48080", "code_uic": "87734350", "segment": "C", "voyageurs": 45254, "voyageurs_2019": 28294, "tendance_pct": 59.9}, "geometry": {"type": "Point", "coordinates": [3.857305, 44.732776]}}, {"type": "Feature", "properties": {"nom": "Chaponval", "code_insee": "95039", "code_uic": "87276162", "segment": "C", "voyageurs": 45128, "voyageurs_2019": 55733, "tendance_pct": -19.0}, "geometry": {"type": "Point", "coordinates": [2.142378, 49.069482]}}, {"type": "Feature", "properties": {"nom": "Razac-sur-l'Isle", "code_insee": "24350", "code_uic": "87595223", "segment": "C", "voyageurs": 45077, "voyageurs_2019": 5446, "tendance_pct": 727.7}, "geometry": {"type": "Point", "coordinates": [0.599285, 45.165929]}}, {"type": "Feature", "properties": {"nom": "Génolhac", "code_insee": "30130", "code_uic": "87775213", "segment": "C", "voyageurs": 45058, "voyageurs_2019": 25944, "tendance_pct": 73.7}, "geometry": {"type": "Point", "coordinates": [3.951641, 44.347163]}}, {"type": "Feature", "properties": {"nom": "Vivoin - Beaumont", "code_insee": "72380", "code_uic": "87396077", "segment": "C", "voyageurs": 45002, "voyageurs_2019": 48894, "tendance_pct": -8.0}, "geometry": {"type": "Point", "coordinates": [0.144783, 48.230209]}}, {"type": "Feature", "properties": {"nom": "Saint-Pierre-la-Cour", "code_insee": "53247", "code_uic": "87478768", "segment": "C", "voyageurs": 44962, "voyageurs_2019": 55467, "tendance_pct": -18.9}, "geometry": {"type": "Point", "coordinates": [-1.025297, 48.113597]}}, {"type": "Feature", "properties": {"nom": "Meurchin", "code_insee": "62573", "code_uic": "87345272", "segment": "C", "voyageurs": 44947, "voyageurs_2019": 75042, "tendance_pct": -40.1}, "geometry": {"type": "Point", "coordinates": [2.89309, 50.497052]}}, {"type": "Feature", "properties": {"nom": "Nouan-le-Fuzelier", "code_insee": "41161", "code_uic": "87543157", "segment": "C", "voyageurs": 44704, "voyageurs_2019": 35637, "tendance_pct": 25.4}, "geometry": {"type": "Point", "coordinates": [2.033096, 47.533779]}}, {"type": "Feature", "properties": {"nom": "Cuinchy", "code_insee": "62262", "code_uic": "87342410", "segment": "C", "voyageurs": 44355, "voyageurs_2019": 47390, "tendance_pct": -6.4}, "geometry": {"type": "Point", "coordinates": [2.747353, 50.521969]}}, {"type": "Feature", "properties": {"nom": "Liverdun", "code_insee": "54318", "code_uic": "87141069", "segment": "C", "voyageurs": 44299, "voyageurs_2019": 29876, "tendance_pct": 48.3}, "geometry": {"type": "Point", "coordinates": [6.061737, 48.749316]}}, {"type": "Feature", "properties": {"nom": "Martigues", "code_insee": "13056", "code_uic": "87753509", "segment": "C", "voyageurs": 44299, "voyageurs_2019": 40292, "tendance_pct": 9.9}, "geometry": {"type": "Point", "coordinates": [5.02578, 43.392921]}}, {"type": "Feature", "properties": {"nom": "Boussay - La Bruffière", "code_insee": "44022", "code_uic": "87481176", "segment": "C", "voyageurs": 44288, "voyageurs_2019": 13195, "tendance_pct": 235.6}, "geometry": {"type": "Point", "coordinates": [-1.182805, 47.050574]}}, {"type": "Feature", "properties": {"nom": "La Wantzenau", "code_insee": "67519", "code_uic": "87212316", "segment": "C", "voyageurs": 44186, "voyageurs_2019": 48018, "tendance_pct": -8.0}, "geometry": {"type": "Point", "coordinates": [7.824783, 48.665189]}}, {"type": "Feature", "properties": {"nom": "Chalais", "code_insee": "16073", "code_uic": "87583690", "segment": "C", "voyageurs": 44069, "voyageurs_2019": 22302, "tendance_pct": 97.6}, "geometry": {"type": "Point", "coordinates": [0.043597, 45.270833]}}, {"type": "Feature", "properties": {"nom": "Turckheim", "code_insee": "68338", "code_uic": "87182352", "segment": "C", "voyageurs": 43974, "voyageurs_2019": 47400, "tendance_pct": -7.2}, "geometry": {"type": "Point", "coordinates": [7.279466, 48.085629]}}, {"type": "Feature", "properties": {"nom": "Breuil - Romain", "code_insee": "51086", "code_uic": "87171322", "segment": "C", "voyageurs": 43925, "voyageurs_2019": 19333, "tendance_pct": 127.2}, "geometry": {"type": "Point", "coordinates": [3.766532, 49.308414]}}, {"type": "Feature", "properties": {"nom": "Jœuf", "code_insee": "54280", "code_uic": "87191700", "segment": "C", "voyageurs": 43849, "voyageurs_2019": 37612, "tendance_pct": 16.6}, "geometry": {"type": "Point", "coordinates": [6.017702, 49.225008]}}, {"type": "Feature", "properties": {"nom": "Éloyes", "code_insee": "88158", "code_uic": "87144436", "segment": "C", "voyageurs": 43609, "voyageurs_2019": 36583, "tendance_pct": 19.2}, "geometry": {"type": "Point", "coordinates": [6.600159, 48.087067]}}, {"type": "Feature", "properties": {"nom": "Gravelines", "code_insee": "59273", "code_uic": "87281246", "segment": "C", "voyageurs": 43409, "voyageurs_2019": 48190, "tendance_pct": -9.9}, "geometry": {"type": "Point", "coordinates": [2.123285, 50.978736]}}, {"type": "Feature", "properties": {"nom": "Landaul - Mendon", "code_insee": "56096", "code_uic": "87476226", "segment": "C", "voyageurs": 43329, "voyageurs_2019": 28627, "tendance_pct": 51.4}, "geometry": {"type": "Point", "coordinates": [-3.086017, 47.735988]}}, {"type": "Feature", "properties": {"nom": "Bitschwiller-lès-Thann", "code_insee": "68040", "code_uic": "87182576", "segment": "C", "voyageurs": 43312, "voyageurs_2019": 36084, "tendance_pct": 20.0}, "geometry": {"type": "Point", "coordinates": [7.078514, 47.827372]}}, {"type": "Feature", "properties": {"nom": "Pont de Bois", "code_insee": "59009", "code_uic": "87286831", "segment": "C", "voyageurs": 43205, "voyageurs_2019": 32391, "tendance_pct": 33.4}, "geometry": {"type": "Point", "coordinates": [3.13026, 50.62403]}}, {"type": "Feature", "properties": {"nom": "Lille Porte de Douai", "code_insee": "59350", "code_uic": "87287250", "segment": "C", "voyageurs": 43198, "voyageurs_2019": 31099, "tendance_pct": 38.9}, "geometry": {"type": "Point", "coordinates": [3.075837, 50.611905]}}, {"type": "Feature", "properties": {"nom": "Grand-Combe la Pise", "code_insee": "30132", "code_uic": "87775254", "segment": "C", "voyageurs": 43055, "voyageurs_2019": 18485, "tendance_pct": 132.9}, "geometry": {"type": "Point", "coordinates": [4.032959, 44.209816]}}, {"type": "Feature", "properties": {"nom": "Étriché - Châteauneuf", "code_insee": "49132", "code_uic": "87484154", "segment": "C", "voyageurs": 42973, "voyageurs_2019": 50986, "tendance_pct": -15.7}, "geometry": {"type": "Point", "coordinates": [-0.460899, 47.656708]}}, {"type": "Feature", "properties": {"nom": "Homécourt", "code_insee": "54263", "code_uic": "87191692", "segment": "C", "voyageurs": 42915, "voyageurs_2019": 30182, "tendance_pct": 42.2}, "geometry": {"type": "Point", "coordinates": [5.999171, 49.218299]}}, {"type": "Feature", "properties": {"nom": "Clamecy", "code_insee": "58079", "code_uic": "87696807", "segment": "C", "voyageurs": 42824, "voyageurs_2019": 27041, "tendance_pct": 58.4}, "geometry": {"type": "Point", "coordinates": [3.520767, 47.466698]}}, {"type": "Feature", "properties": {"nom": "La Clayette - Baudemont", "code_insee": "71022", "code_uic": "87694737", "segment": "C", "voyageurs": 42507, "voyageurs_2019": 26913, "tendance_pct": 57.9}, "geometry": {"type": "Point", "coordinates": [4.298419, 46.288147]}}, {"type": "Feature", "properties": {"nom": "Savennières - Béhuard", "code_insee": "49329", "code_uic": "87484329", "segment": "C", "voyageurs": 42387, "voyageurs_2019": 49522, "tendance_pct": -14.4}, "geometry": {"type": "Point", "coordinates": [-0.654, 47.381733]}}, {"type": "Feature", "properties": {"nom": "Clelles - Mens", "code_insee": "38113", "code_uic": "87747626", "segment": "C", "voyageurs": 42355, "voyageurs_2019": 22305, "tendance_pct": 89.9}, "geometry": {"type": "Point", "coordinates": [5.605062, 44.827244]}}, {"type": "Feature", "properties": {"nom": "Bellac", "code_insee": "87011", "code_uic": "87592485", "segment": "C", "voyageurs": 42248, "voyageurs_2019": 26216, "tendance_pct": 61.2}, "geometry": {"type": "Point", "coordinates": [1.046117, 46.125204]}}, {"type": "Feature", "properties": {"nom": "Walbourg", "code_insee": "67511", "code_uic": "87213405", "segment": "C", "voyageurs": 42141, "voyageurs_2019": 43834, "tendance_pct": -3.9}, "geometry": {"type": "Point", "coordinates": [7.809271, 48.886216]}}, {"type": "Feature", "properties": {"nom": "Poliénas", "code_insee": "38310", "code_uic": "87761742", "segment": "C", "voyageurs": 42133, "voyageurs_2019": 32826, "tendance_pct": 28.4}, "geometry": {"type": "Point", "coordinates": [5.473585, 45.256006]}}, {"type": "Feature", "properties": {"nom": "Bédarieux", "code_insee": "34028", "code_uic": "87781609", "segment": "C", "voyageurs": 42068, "voyageurs_2019": 13726, "tendance_pct": 206.5}, "geometry": {"type": "Point", "coordinates": [3.149569, 43.608697]}}, {"type": "Feature", "properties": {"nom": "Ygos-Saint-Saturnin", "code_insee": "40333", "code_uic": "87671487", "segment": "C", "voyageurs": 42050, "voyageurs_2019": 24844, "tendance_pct": 69.3}, "geometry": {"type": "Point", "coordinates": [-0.736153, 43.978185]}}, {"type": "Feature", "properties": {"nom": "Saint-Sébastien Frêne Rond", "code_insee": "44190", "code_uic": "87354597", "segment": "C", "voyageurs": 42006, "voyageurs_2019": 28256, "tendance_pct": 48.7}, "geometry": {"type": "Point", "coordinates": [-1.495744, 47.190391]}}, {"type": "Feature", "properties": {"nom": "Donchery", "code_insee": "08142", "code_uic": "87172239", "segment": "C", "voyageurs": 42005, "voyageurs_2019": 23429, "tendance_pct": 79.3}, "geometry": {"type": "Point", "coordinates": [4.874753, 49.698127]}}, {"type": "Feature", "properties": {"nom": "Chauffailles", "code_insee": "71120", "code_uic": "87694778", "segment": "C", "voyageurs": 41791, "voyageurs_2019": 30581, "tendance_pct": 36.7}, "geometry": {"type": "Point", "coordinates": [4.345428, 46.207455]}}, {"type": "Feature", "properties": {"nom": "Lalinde", "code_insee": "24223", "code_uic": "87584441", "segment": "C", "voyageurs": 41578, "voyageurs_2019": 14540, "tendance_pct": 186.0}, "geometry": {"type": "Point", "coordinates": [0.742781, 44.839615]}}, {"type": "Feature", "properties": {"nom": "Port-Brillet", "code_insee": "53182", "code_uic": "87478750", "segment": "C", "voyageurs": 41514, "voyageurs_2019": 51913, "tendance_pct": -20.0}, "geometry": {"type": "Point", "coordinates": [-0.974068, 48.110672]}}, {"type": "Feature", "properties": {"nom": "Ille-sur-Têt", "code_insee": "66088", "code_uic": "87784561", "segment": "C", "voyageurs": 41449, "voyageurs_2019": 1152, "tendance_pct": 3498.0}, "geometry": {"type": "Point", "coordinates": [2.624286, 42.66824]}}, {"type": "Feature", "properties": {"nom": "Zillisheim", "code_insee": "68384", "code_uic": "87182196", "segment": "C", "voyageurs": 41379, "voyageurs_2019": 39973, "tendance_pct": 3.5}, "geometry": {"type": "Point", "coordinates": [7.294538, 47.694314]}}, {"type": "Feature", "properties": {"nom": "Crêches-sur-Saône", "code_insee": "71150", "code_uic": "87725713", "segment": "C", "voyageurs": 41199, "voyageurs_2019": 27490, "tendance_pct": 49.9}, "geometry": {"type": "Point", "coordinates": [4.784023, 46.246176]}}, {"type": "Feature", "properties": {"nom": "Maillé", "code_insee": "37142", "code_uic": "87575068", "segment": "C", "voyageurs": 41175, "voyageurs_2019": 23699, "tendance_pct": 73.7}, "geometry": {"type": "Point", "coordinates": [0.583024, 47.053385]}}, {"type": "Feature", "properties": {"nom": "Naintré", "code_insee": "86174", "code_uic": "87575175", "segment": "C", "voyageurs": 41095, "voyageurs_2019": 26364, "tendance_pct": 55.9}, "geometry": {"type": "Point", "coordinates": [0.496345, 46.75953]}}, {"type": "Feature", "properties": {"nom": "Neussargues", "code_insee": "15141", "code_uic": "87645507", "segment": "C", "voyageurs": 41074, "voyageurs_2019": 23995, "tendance_pct": 71.2}, "geometry": {"type": "Point", "coordinates": [2.979187, 45.125304]}}, {"type": "Feature", "properties": {"nom": "Kogenheim", "code_insee": "67246", "code_uic": "87214114", "segment": "C", "voyageurs": 41035, "voyageurs_2019": 28436, "tendance_pct": 44.3}, "geometry": {"type": "Point", "coordinates": [7.535309, 48.338953]}}, {"type": "Feature", "properties": {"nom": "Luxé", "code_insee": "16196", "code_uic": "87583823", "segment": "C", "voyageurs": 40856, "voyageurs_2019": 23325, "tendance_pct": 75.2}, "geometry": {"type": "Point", "coordinates": [0.109411, 45.887395]}}, {"type": "Feature", "properties": {"nom": "Ballan-Miré", "code_insee": "37018", "code_uic": "87571604", "segment": "C", "voyageurs": 40844, "voyageurs_2019": 44366, "tendance_pct": -7.9}, "geometry": {"type": "Point", "coordinates": [0.618897, 47.336992]}}, {"type": "Feature", "properties": {"nom": "Esvres sur Indre", "code_insee": "37104", "code_uic": "87571422", "segment": "C", "voyageurs": 40630, "voyageurs_2019": 25371, "tendance_pct": 60.1}, "geometry": {"type": "Point", "coordinates": [0.781652, 47.284102]}}, {"type": "Feature", "properties": {"nom": "Courcy - Brimont", "code_insee": "51183", "code_uic": "87171710", "segment": "C", "voyageurs": 40603, "voyageurs_2019": 20326, "tendance_pct": 99.8}, "geometry": {"type": "Point", "coordinates": [4.013462, 49.3296]}}, {"type": "Feature", "properties": {"nom": "Cormery", "code_insee": "37083", "code_uic": "87571430", "segment": "C", "voyageurs": 40543, "voyageurs_2019": 97289, "tendance_pct": -58.3}, "geometry": {"type": "Point", "coordinates": [0.833953, 47.26254]}}, {"type": "Feature", "properties": {"nom": "Avranches", "code_insee": "50025", "code_uic": "87448514", "segment": "C", "voyageurs": 40521, "voyageurs_2019": 16899, "tendance_pct": 139.8}, "geometry": {"type": "Point", "coordinates": [-1.370076, 48.690244]}}, {"type": "Feature", "properties": {"nom": "Selles-sur-Cher", "code_insee": "41242", "code_uic": "87576868", "segment": "C", "voyageurs": 40368, "voyageurs_2019": 27663, "tendance_pct": 45.9}, "geometry": {"type": "Point", "coordinates": [1.546199, 47.281696]}}, {"type": "Feature", "properties": {"nom": "Rully", "code_insee": "71378", "code_uic": "87712026", "segment": "C", "voyageurs": 40268, "voyageurs_2019": 28812, "tendance_pct": 39.8}, "geometry": {"type": "Point", "coordinates": [4.761033, 46.88043]}}, {"type": "Feature", "properties": {"nom": "Monestier-de-Clermont", "code_insee": "38242", "code_uic": "87747592", "segment": "C", "voyageurs": 40197, "voyageurs_2019": 27898, "tendance_pct": 44.1}, "geometry": {"type": "Point", "coordinates": [5.63397, 44.911996]}}, {"type": "Feature", "properties": {"nom": "La Chapelle Aulnay", "code_insee": "44035", "code_uic": "87590364", "segment": "C", "voyageurs": 40144, "voyageurs_2019": 21028, "tendance_pct": 90.9}, "geometry": {"type": "Point", "coordinates": [-1.5415, 47.30859]}}, {"type": "Feature", "properties": {"nom": "Bagnols-sur-Cèze", "code_insee": "30028", "code_uic": "87764571", "segment": "C", "voyageurs": 40110, "voyageurs_2019": 0, "tendance_pct": null}, "geometry": {"type": "Point", "coordinates": [4.627032, 44.161626]}}, {"type": "Feature", "properties": {"nom": "Logelbach", "code_insee": "68374", "code_uic": "87182345", "segment": "C", "voyageurs": 39721, "voyageurs_2019": 36187, "tendance_pct": 9.8}, "geometry": {"type": "Point", "coordinates": [7.320608, 48.087299]}}, {"type": "Feature", "properties": {"nom": "La Jarrie", "code_insee": "17194", "code_uic": "87485185", "segment": "C", "voyageurs": 39651, "voyageurs_2019": 18035, "tendance_pct": 119.9}, "geometry": {"type": "Point", "coordinates": [-1.02347, 46.12045]}}, {"type": "Feature", "properties": {"nom": "Contrexéville", "code_insee": "88114", "code_uic": "87144287", "segment": "C", "voyageurs": 39624, "voyageurs_2019": 25390, "tendance_pct": 56.1}, "geometry": {"type": "Point", "coordinates": [5.890633, 48.179613]}}, {"type": "Feature", "properties": {"nom": "Saint-Julien-du-Sault", "code_insee": "89348", "code_uic": "87683227", "segment": "C", "voyageurs": 39500, "voyageurs_2019": 29000, "tendance_pct": 36.2}, "geometry": {"type": "Point", "coordinates": [3.302688, 48.026919]}}, {"type": "Feature", "properties": {"nom": "Mauves-sur-Loire", "code_insee": "44094", "code_uic": "87481150", "segment": "C", "voyageurs": 39492, "voyageurs_2019": 20802, "tendance_pct": 89.8}, "geometry": {"type": "Point", "coordinates": [-1.389304, 47.293021]}}, {"type": "Feature", "properties": {"nom": "Condat - Le Lardin", "code_insee": "24229", "code_uic": "87594382", "segment": "C", "voyageurs": 39491, "voyageurs_2019": 28351, "tendance_pct": 39.3}, "geometry": {"type": "Point", "coordinates": [1.226749, 45.126713]}}, {"type": "Feature", "properties": {"nom": "Saint-Étienne-du-Rouvray", "code_insee": "76575", "code_uic": "87411215", "segment": "C", "voyageurs": 39456, "voyageurs_2019": 33652, "tendance_pct": 17.2}, "geometry": {"type": "Point", "coordinates": [1.109567, 49.377155]}}, {"type": "Feature", "properties": {"nom": "Compans", "code_insee": "77123", "code_uic": "87272047", "segment": "C", "voyageurs": 39454, "voyageurs_2019": 38205, "tendance_pct": 3.3}, "geometry": {"type": "Point", "coordinates": [2.665272, 48.991577]}}, {"type": "Feature", "properties": {"nom": "Ormoy-Villers", "code_insee": "60479", "code_uic": "87271585", "segment": "C", "voyageurs": 39318, "voyageurs_2019": 34935, "tendance_pct": 12.5}, "geometry": {"type": "Point", "coordinates": [2.83795, 49.20032]}}, {"type": "Feature", "properties": {"nom": "Noyen-sur-Sarthe", "code_insee": "72223", "code_uic": "87396374", "segment": "C", "voyageurs": 39247, "voyageurs_2019": 54586, "tendance_pct": -28.1}, "geometry": {"type": "Point", "coordinates": [-0.098175, 47.874454]}}, {"type": "Feature", "properties": {"nom": "Gertwiller", "code_insee": "67155", "code_uic": "87214254", "segment": "C", "voyageurs": 39245, "voyageurs_2019": 26369, "tendance_pct": 48.8}, "geometry": {"type": "Point", "coordinates": [7.466317, 48.413362]}}, {"type": "Feature", "properties": {"nom": "Tonnay-Charente", "code_insee": "17449", "code_uic": "87485151", "segment": "C", "voyageurs": 39220, "voyageurs_2019": 15321, "tendance_pct": 156.0}, "geometry": {"type": "Point", "coordinates": [-0.897898, 45.943399]}}, {"type": "Feature", "properties": {"nom": "Saint-Césaire", "code_insee": "30189", "code_uic": "87775072", "segment": "C", "voyageurs": 39197, "voyageurs_2019": 16278, "tendance_pct": 140.8}, "geometry": {"type": "Point", "coordinates": [4.32764, 43.813386]}}, {"type": "Feature", "properties": {"nom": "Salses-le-Château", "code_insee": "66190", "code_uic": "87784157", "segment": "C", "voyageurs": 39128, "voyageurs_2019": 17568, "tendance_pct": 122.7}, "geometry": {"type": "Point", "coordinates": [2.917447, 42.835609]}}, {"type": "Feature", "properties": {"nom": "Sennecey-le-Grand", "code_insee": "71512", "code_uic": "87725614", "segment": "C", "voyageurs": 39100, "voyageurs_2019": 31410, "tendance_pct": 24.5}, "geometry": {"type": "Point", "coordinates": [4.874316, 46.640645]}}, {"type": "Feature", "properties": {"nom": "Morières-lès-Avignon", "code_insee": "84081", "code_uic": "87765420", "segment": "C", "voyageurs": 39037, "voyageurs_2019": 29589, "tendance_pct": 31.9}, "geometry": {"type": "Point", "coordinates": [4.908205, 43.94147]}}, {"type": "Feature", "properties": {"nom": "Millau", "code_insee": "12145", "code_uic": "87783001", "segment": "C", "voyageurs": 38857, "voyageurs_2019": 40223, "tendance_pct": -3.4}, "geometry": {"type": "Point", "coordinates": [3.07457, 44.102344]}}, {"type": "Feature", "properties": {"nom": "Saint-Léonard-de-Noblat", "code_insee": "87161", "code_uic": "87592071", "segment": "C", "voyageurs": 38852, "voyageurs_2019": 36509, "tendance_pct": 6.4}, "geometry": {"type": "Point", "coordinates": [1.481686, 45.83202]}}, {"type": "Feature", "properties": {"nom": "Le Plessis Chenet", "code_insee": "91179", "code_uic": "87681627", "segment": "C", "voyageurs": 38821, "voyageurs_2019": 40266, "tendance_pct": -3.6}, "geometry": {"type": "Point", "coordinates": [2.479586, 48.573565]}}, {"type": "Feature", "properties": {"nom": "Courthézon", "code_insee": "84039", "code_uic": "87765180", "segment": "C", "voyageurs": 38740, "voyageurs_2019": 25599, "tendance_pct": 51.3}, "geometry": {"type": "Point", "coordinates": [4.88818, 44.089948]}}, {"type": "Feature", "properties": {"nom": "Nérondes", "code_insee": "18160", "code_uic": "87576454", "segment": "C", "voyageurs": 38605, "voyageurs_2019": 20245, "tendance_pct": 90.7}, "geometry": {"type": "Point", "coordinates": [2.82217, 46.99969]}}, {"type": "Feature", "properties": {"nom": "Saint-Aigulin - La Roche-Chalais", "code_insee": "17309", "code_uic": "87584540", "segment": "C", "voyageurs": 38556, "voyageurs_2019": 21510, "tendance_pct": 79.2}, "geometry": {"type": "Point", "coordinates": [-0.018977, 45.157316]}}, {"type": "Feature", "properties": {"nom": "Épierre - Saint-Léger", "code_insee": "73109", "code_uic": "87741280", "segment": "C", "voyageurs": 38510, "voyageurs_2019": 30020, "tendance_pct": 28.3}, "geometry": {"type": "Point", "coordinates": [6.292521, 45.457027]}}, {"type": "Feature", "properties": {"nom": "Avenay", "code_insee": "51028", "code_uic": "87171579", "segment": "C", "voyageurs": 38477, "voyageurs_2019": 18793, "tendance_pct": 104.7}, "geometry": {"type": "Point", "coordinates": [4.043689, 49.064783]}}, {"type": "Feature", "properties": {"nom": "Boulouris sur Mer", "code_insee": "83118", "code_uic": "87757534", "segment": "C", "voyageurs": 38368, "voyageurs_2019": 19593, "tendance_pct": 95.8}, "geometry": {"type": "Point", "coordinates": [6.808252, 43.416347]}}, {"type": "Feature", "properties": {"nom": "Morannes", "code_insee": "49220", "code_uic": "87484170", "segment": "C", "voyageurs": 38346, "voyageurs_2019": 42135, "tendance_pct": -9.0}, "geometry": {"type": "Point", "coordinates": [-0.417969, 47.73909]}}, {"type": "Feature", "properties": {"nom": "Puget-Ville", "code_insee": "83100", "code_uic": "87755363", "segment": "C", "voyageurs": 38325, "voyageurs_2019": 17979, "tendance_pct": 113.2}, "geometry": {"type": "Point", "coordinates": [6.138448, 43.283085]}}, {"type": "Feature", "properties": {"nom": "Le Chambon-Feugerolles", "code_insee": "42044", "code_uic": "87726711", "segment": "C", "voyageurs": 38271, "voyageurs_2019": 34013, "tendance_pct": 12.5}, "geometry": {"type": "Point", "coordinates": [4.322382, 45.394743]}}, {"type": "Feature", "properties": {"nom": "Calonne-Ricouart", "code_insee": "62194", "code_uic": "87342543", "segment": "C", "voyageurs": 38184, "voyageurs_2019": 54456, "tendance_pct": -29.9}, "geometry": {"type": "Point", "coordinates": [2.48121, 50.482704]}}, {"type": "Feature", "properties": {"nom": "Meymac", "code_insee": "19136", "code_uic": "87594275", "segment": "C", "voyageurs": 38110, "voyageurs_2019": 21029, "tendance_pct": 81.2}, "geometry": {"type": "Point", "coordinates": [2.16409, 45.530231]}}, {"type": "Feature", "properties": {"nom": "Étalans", "code_insee": "25222", "code_uic": "87718536", "segment": "C", "voyageurs": 38103, "voyageurs_2019": 48324, "tendance_pct": -21.2}, "geometry": {"type": "Point", "coordinates": [6.270617, 47.155884]}}, {"type": "Feature", "properties": {"nom": "Oermingen", "code_insee": "67355", "code_uic": "87215632", "segment": "C", "voyageurs": 38063, "voyageurs_2019": 25491, "tendance_pct": 49.3}, "geometry": {"type": "Point", "coordinates": [7.131732, 49.000372]}}, {"type": "Feature", "properties": {"nom": "La Crèche", "code_insee": "79048", "code_uic": "87485474", "segment": "C", "voyageurs": 37977, "voyageurs_2019": 19339, "tendance_pct": 96.4}, "geometry": {"type": "Point", "coordinates": [-0.296208, 46.360418]}}, {"type": "Feature", "properties": {"nom": "Callac", "code_insee": "22025", "code_uic": "87473546", "segment": "C", "voyageurs": 37916, "voyageurs_2019": 27278, "tendance_pct": 39.0}, "geometry": {"type": "Point", "coordinates": [-3.419782, 48.40622]}}, {"type": "Feature", "properties": {"nom": "Lalbenque - Fontanes", "code_insee": "46109", "code_uic": "87613323", "segment": "C", "voyageurs": 37623, "voyageurs_2019": 8564, "tendance_pct": 339.3}, "geometry": {"type": "Point", "coordinates": [1.511663, 44.333239]}}, {"type": "Feature", "properties": {"nom": "Bourgtheroulde - Thuit-Hébert", "code_insee": "27637", "code_uic": "87415323", "segment": "C", "voyageurs": 37622, "voyageurs_2019": 2424, "tendance_pct": 1452.1}, "geometry": {"type": "Point", "coordinates": [0.83832, 49.317438]}}, {"type": "Feature", "properties": {"nom": "Langeac", "code_insee": "43112", "code_uic": "87734319", "segment": "C", "voyageurs": 37452, "voyageurs_2019": 25507, "tendance_pct": 46.8}, "geometry": {"type": "Point", "coordinates": [3.490672, 45.10125]}}, {"type": "Feature", "properties": {"nom": "Wimille - Wimereux", "code_insee": "62894", "code_uic": "87317123", "segment": "C", "voyageurs": 37425, "voyageurs_2019": 57719, "tendance_pct": -35.2}, "geometry": {"type": "Point", "coordinates": [1.613746, 50.763846]}}, {"type": "Feature", "properties": {"nom": "Montsûrs", "code_insee": "53043", "code_uic": "87478537", "segment": "C", "voyageurs": 37245, "voyageurs_2019": 29501, "tendance_pct": 26.2}, "geometry": {"type": "Point", "coordinates": [-0.550642, 48.14149]}}, {"type": "Feature", "properties": {"nom": "Bois-d'Oingt - Légny", "code_insee": "69111", "code_uic": "87721787", "segment": "C", "voyageurs": 37226, "voyageurs_2019": 35206, "tendance_pct": 5.7}, "geometry": {"type": "Point", "coordinates": [4.575043, 45.906584]}}, {"type": "Feature", "properties": {"nom": "Vieux-Thann Zone Industrielle", "code_insee": "68348", "code_uic": "87181289", "segment": "C", "voyageurs": 36878, "voyageurs_2019": 24167, "tendance_pct": 52.6}, "geometry": {"type": "Point", "coordinates": [7.132643, 47.802062]}}, {"type": "Feature", "properties": {"nom": "Magland", "code_insee": "74159", "code_uic": "87746412", "segment": "C", "voyageurs": 36828, "voyageurs_2019": 24673, "tendance_pct": 49.3}, "geometry": {"type": "Point", "coordinates": [6.621507, 46.016945]}}, {"type": "Feature", "properties": {"nom": "Courcelles-sur-Nied", "code_insee": "57156", "code_uic": "87192211", "segment": "C", "voyageurs": 36803, "voyageurs_2019": 22931, "tendance_pct": 60.5}, "geometry": {"type": "Point", "coordinates": [6.310993, 49.063403]}}, {"type": "Feature", "properties": {"nom": "Dissay", "code_insee": "86095", "code_uic": "87575191", "segment": "C", "voyageurs": 36798, "voyageurs_2019": 25212, "tendance_pct": 46.0}, "geometry": {"type": "Point", "coordinates": [0.421016, 46.703544]}}, {"type": "Feature", "properties": {"nom": "Trie-Château", "code_insee": "60644", "code_uic": "87381236", "segment": "C", "voyageurs": 36652, "voyageurs_2019": 33359, "tendance_pct": 9.9}, "geometry": {"type": "Point", "coordinates": [1.818039, 49.282717]}}, {"type": "Feature", "properties": {"nom": "Lauterbourg", "code_insee": "67261", "code_uic": "87212464", "segment": "C", "voyageurs": 36642, "voyageurs_2019": 25742, "tendance_pct": 42.3}, "geometry": {"type": "Point", "coordinates": [8.182682, 48.967697]}}, {"type": "Feature", "properties": {"nom": "Peltre", "code_insee": "57534", "code_uic": "87192203", "segment": "C", "voyageurs": 36318, "voyageurs_2019": 27544, "tendance_pct": 31.9}, "geometry": {"type": "Point", "coordinates": [6.222048, 49.073877]}}, {"type": "Feature", "properties": {"nom": "La Basse Indre - Saint-Herblain", "code_insee": "44162", "code_uic": "87481069", "segment": "C", "voyageurs": 36061, "voyageurs_2019": 35569, "tendance_pct": 1.4}, "geometry": {"type": "Point", "coordinates": [-1.660309, 47.204087]}}, {"type": "Feature", "properties": {"nom": "Andelot-en-Montagne", "code_insee": "39009", "code_uic": "87715102", "segment": "C", "voyageurs": 36040, "voyageurs_2019": 5782, "tendance_pct": 523.3}, "geometry": {"type": "Point", "coordinates": [5.923584, 46.859467]}}, {"type": "Feature", "properties": {"nom": "Goxwiller", "code_insee": "67164", "code_uic": "87214270", "segment": "C", "voyageurs": 35806, "voyageurs_2019": 28766, "tendance_pct": 24.5}, "geometry": {"type": "Point", "coordinates": [7.47873, 48.432755]}}, {"type": "Feature", "properties": {"nom": "Kruth", "code_insee": "68171", "code_uic": "87182642", "segment": "C", "voyageurs": 35800, "voyageurs_2019": 26336, "tendance_pct": 35.9}, "geometry": {"type": "Point", "coordinates": [6.969094, 47.92396]}}, {"type": "Feature", "properties": {"nom": "La Chapelle Centre", "code_insee": "44035", "code_uic": "87481564", "segment": "C", "voyageurs": 35703, "voyageurs_2019": 31155, "tendance_pct": 14.6}, "geometry": {"type": "Point", "coordinates": [-1.548012, 47.297203]}}, {"type": "Feature", "properties": {"nom": "Villefranche-sur-Cher", "code_insee": "41280", "code_uic": "87576884", "segment": "C", "voyageurs": 35574, "voyageurs_2019": 27715, "tendance_pct": 28.4}, "geometry": {"type": "Point", "coordinates": [1.768094, 47.294803]}}, {"type": "Feature", "properties": {"nom": "Dambach-la-Ville", "code_insee": "67084", "code_uic": "87214213", "segment": "C", "voyageurs": 35500, "voyageurs_2019": 39069, "tendance_pct": -9.1}, "geometry": {"type": "Point", "coordinates": [7.435556, 48.321635]}}, {"type": "Feature", "properties": {"nom": "Saint-Junien", "code_insee": "87154", "code_uic": "87592709", "segment": "C", "voyageurs": 35397, "voyageurs_2019": 22353, "tendance_pct": 58.4}, "geometry": {"type": "Point", "coordinates": [0.900485, 45.881384]}}, {"type": "Feature", "properties": {"nom": "Pont-d'Ain", "code_insee": "01304", "code_uic": "87743120", "segment": "C", "voyageurs": 35368, "voyageurs_2019": 26296, "tendance_pct": 34.5}, "geometry": {"type": "Point", "coordinates": [5.334328, 46.053961]}}, {"type": "Feature", "properties": {"nom": "Gonfaron", "code_insee": "83067", "code_uic": "87755397", "segment": "C", "voyageurs": 35061, "voyageurs_2019": 26393, "tendance_pct": 32.8}, "geometry": {"type": "Point", "coordinates": [6.281764, 43.317152]}}, {"type": "Feature", "properties": {"nom": "Breitenbach", "code_insee": "68051", "code_uic": "87182659", "segment": "C", "voyageurs": 34957, "voyageurs_2019": 30219, "tendance_pct": 15.7}, "geometry": {"type": "Point", "coordinates": [7.104052, 48.028533]}}, {"type": "Feature", "properties": {"nom": "Aiserey", "code_insee": "21005", "code_uic": "87713636", "segment": "C", "voyageurs": 34936, "voyageurs_2019": 25004, "tendance_pct": 39.7}, "geometry": {"type": "Point", "coordinates": [5.158245, 47.170501]}}, {"type": "Feature", "properties": {"nom": "Le Theil-de-Bretagne", "code_insee": "35333", "code_uic": "87471342", "segment": "C", "voyageurs": 34858, "voyageurs_2019": 12541, "tendance_pct": 178.0}, "geometry": {"type": "Point", "coordinates": [-1.431993, 47.918742]}}, {"type": "Feature", "properties": {"nom": "Les Moutiers-en-Retz", "code_insee": "44106", "code_uic": "87481259", "segment": "C", "voyageurs": 34833, "voyageurs_2019": 20176, "tendance_pct": 72.6}, "geometry": {"type": "Point", "coordinates": [-2.000963, 47.061898]}}, {"type": "Feature", "properties": {"nom": "Santeuil - Le Perchay", "code_insee": "95584", "code_uic": "87381186", "segment": "C", "voyageurs": 34808, "voyageurs_2019": 20305, "tendance_pct": 71.4}, "geometry": {"type": "Point", "coordinates": [1.94893, 49.12416]}}, {"type": "Feature", "properties": {"nom": "Bengy-sur-Craon", "code_insee": "18027", "code_uic": "87576447", "segment": "C", "voyageurs": 34797, "voyageurs_2019": 16781, "tendance_pct": 107.4}, "geometry": {"type": "Point", "coordinates": [2.749236, 47.00047]}}, {"type": "Feature", "properties": {"nom": "Batz-sur-Mer", "code_insee": "44010", "code_uic": "87481770", "segment": "C", "voyageurs": 34742, "voyageurs_2019": 15922, "tendance_pct": 118.2}, "geometry": {"type": "Point", "coordinates": [-2.478987, 47.280954]}}, {"type": "Feature", "properties": {"nom": "Besançon Mouillère", "code_insee": "25056", "code_uic": "87718015", "segment": "C", "voyageurs": 34698, "voyageurs_2019": 80798, "tendance_pct": -57.1}, "geometry": {"type": "Point", "coordinates": [6.03391, 47.240372]}}, {"type": "Feature", "properties": {"nom": "Deville", "code_insee": "08139", "code_uic": "87172064", "segment": "C", "voyageurs": 34500, "voyageurs_2019": 24336, "tendance_pct": 41.8}, "geometry": {"type": "Point", "coordinates": [4.707206, 49.879603]}}, {"type": "Feature", "properties": {"nom": "Dangé-Saint-Romain", "code_insee": "86092", "code_uic": "87575126", "segment": "C", "voyageurs": 34472, "voyageurs_2019": 20056, "tendance_pct": 71.9}, "geometry": {"type": "Point", "coordinates": [0.608775, 46.93784]}}, {"type": "Feature", "properties": {"nom": "Saint-Denis-de-Pile", "code_insee": "33393", "code_uic": "87584508", "segment": "C", "voyageurs": 34285, "voyageurs_2019": 36759, "tendance_pct": -6.7}, "geometry": {"type": "Point", "coordinates": [-0.198082, 44.978605]}}, {"type": "Feature", "properties": {"nom": "Martres-Tolosane", "code_insee": "31324", "code_uic": "87611087", "segment": "C", "voyageurs": 34244, "voyageurs_2019": 26839, "tendance_pct": 27.6}, "geometry": {"type": "Point", "coordinates": [1.016756, 43.196207]}}, {"type": "Feature", "properties": {"nom": "Fresnoy-le-Grand", "code_insee": "02334", "code_uic": "87296293", "segment": "C", "voyageurs": 34241, "voyageurs_2019": 22961, "tendance_pct": 49.1}, "geometry": {"type": "Point", "coordinates": [3.43268, 49.950196]}}, {"type": "Feature", "properties": {"nom": "Louhans", "code_insee": "71263", "code_uic": "87713735", "segment": "C", "voyageurs": 34166, "voyageurs_2019": 31418, "tendance_pct": 8.7}, "geometry": {"type": "Point", "coordinates": [5.217485, 46.6309]}}, {"type": "Feature", "properties": {"nom": "Saint-Saturnin-lès-Avignon", "code_insee": "84119", "code_uic": "87765438", "segment": "C", "voyageurs": 34087, "voyageurs_2019": 19977, "tendance_pct": 70.6}, "geometry": {"type": "Point", "coordinates": [4.935279, 43.953178]}}, {"type": "Feature", "properties": {"nom": "Hesdigneul-lès-Boulogne", "code_insee": "62446", "code_uic": "87317107", "segment": "C", "voyageurs": 34041, "voyageurs_2019": 30185, "tendance_pct": 12.8}, "geometry": {"type": "Point", "coordinates": [1.666997, 50.660947]}}, {"type": "Feature", "properties": {"nom": "Avignonet-Lauragais", "code_insee": "31037", "code_uic": "87616011", "segment": "C", "voyageurs": 34028, "voyageurs_2019": 20463, "tendance_pct": 66.3}, "geometry": {"type": "Point", "coordinates": [1.787269, 43.363877]}}, {"type": "Feature", "properties": {"nom": "Hirson Écoles", "code_insee": "02381", "code_uic": "87324335", "segment": "C", "voyageurs": 33863, "voyageurs_2019": 28484, "tendance_pct": 18.9}, "geometry": {"type": "Point", "coordinates": [4.086149, 49.928832]}}, {"type": "Feature", "properties": {"nom": "Le Mans Hôpital-Université", "code_insee": "72181", "code_uic": "87743872", "segment": "B", "voyageurs": 33826, "voyageurs_2019": 0, "tendance_pct": null}, "geometry": {"type": "Point", "coordinates": [0.174451, 48.014871]}}, {"type": "Feature", "properties": {"nom": "Orgon", "code_insee": "13067", "code_uic": "87753707", "segment": "C", "voyageurs": 33803, "voyageurs_2019": 14277, "tendance_pct": 136.8}, "geometry": {"type": "Point", "coordinates": [5.045674, 43.785913]}}, {"type": "Feature", "properties": {"nom": "Baroncourt", "code_insee": "55158", "code_uic": "87192658", "segment": "C", "voyageurs": 33758, "voyageurs_2019": 9000, "tendance_pct": 275.1}, "geometry": {"type": "Point", "coordinates": [5.699739, 49.284533]}}, {"type": "Feature", "properties": {"nom": "Lussac-les-Châteaux", "code_insee": "86140", "code_uic": "87575845", "segment": "C", "voyageurs": 33668, "voyageurs_2019": 22309, "tendance_pct": 50.9}, "geometry": {"type": "Point", "coordinates": [0.718692, 46.405111]}}, {"type": "Feature", "properties": {"nom": "Daours", "code_insee": "80036", "code_uic": "87315044", "segment": "C", "voyageurs": 33652, "voyageurs_2019": 31699, "tendance_pct": 6.2}, "geometry": {"type": "Point", "coordinates": [2.459053, 49.899267]}}, {"type": "Feature", "properties": {"nom": "Longueil-Sainte-Marie", "code_insee": "60369", "code_uic": "87276303", "segment": "C", "voyageurs": 33577, "voyageurs_2019": 40050, "tendance_pct": -16.2}, "geometry": {"type": "Point", "coordinates": [2.717554, 49.342538]}}, {"type": "Feature", "properties": {"nom": "Pontgouin", "code_insee": "28302", "code_uic": "87394247", "segment": "C", "voyageurs": 33519, "voyageurs_2019": 19123, "tendance_pct": 75.3}, "geometry": {"type": "Point", "coordinates": [1.141436, 48.477867]}}, {"type": "Feature", "properties": {"nom": "Rivarennes", "code_insee": "37200", "code_uic": "87571653", "segment": "C", "voyageurs": 33467, "voyageurs_2019": 21814, "tendance_pct": 53.4}, "geometry": {"type": "Point", "coordinates": [0.3619, 47.267742]}}, {"type": "Feature", "properties": {"nom": "Château-Arnoux-Saint-Auban", "code_insee": "04049", "code_uic": "87751230", "segment": "C", "voyageurs": 33463, "voyageurs_2019": 18133, "tendance_pct": 84.5}, "geometry": {"type": "Point", "coordinates": [5.997373, 44.061565]}}, {"type": "Feature", "properties": {"nom": "Le Cateau-Cambrésis", "code_insee": "59136", "code_uic": "87295220", "segment": "C", "voyageurs": 33230, "voyageurs_2019": 27490, "tendance_pct": 20.9}, "geometry": {"type": "Point", "coordinates": [3.540045, 50.091461]}}, {"type": "Feature", "properties": {"nom": "Jaunay-Clan", "code_insee": "86115", "code_uic": "87575217", "segment": "C", "voyageurs": 33216, "voyageurs_2019": 26591, "tendance_pct": 24.9}, "geometry": {"type": "Point", "coordinates": [0.381653, 46.682044]}}, {"type": "Feature", "properties": {"nom": "Quédillac", "code_insee": "35234", "code_uic": "87473058", "segment": "C", "voyageurs": 33144, "voyageurs_2019": 15811, "tendance_pct": 109.6}, "geometry": {"type": "Point", "coordinates": [-2.14522, 48.24848]}}, {"type": "Feature", "properties": {"nom": "La Tricherie", "code_insee": "86019", "code_uic": "87575183", "segment": "C", "voyageurs": 33073, "voyageurs_2019": 21736, "tendance_pct": 52.2}, "geometry": {"type": "Point", "coordinates": [0.441202, 46.728821]}}, {"type": "Feature", "properties": {"nom": "L'Ariane La Trinité", "code_insee": "06149", "code_uic": "87751529", "segment": "C", "voyageurs": 32946, "voyageurs_2019": 31204, "tendance_pct": 5.6}, "geometry": {"type": "Point", "coordinates": [7.30253, 43.734372]}}, {"type": "Feature", "properties": {"nom": "Thouars", "code_insee": "79329", "code_uic": "87487009", "segment": "C", "voyageurs": 32916, "voyageurs_2019": 25252, "tendance_pct": 30.4}, "geometry": {"type": "Point", "coordinates": [-0.209794, 46.985244]}}, {"type": "Feature", "properties": {"nom": "Longueil-Annel", "code_insee": "60368", "code_uic": "87272195", "segment": "C", "voyageurs": 32888, "voyageurs_2019": 22887, "tendance_pct": 43.7}, "geometry": {"type": "Point", "coordinates": [2.863409, 49.467244]}}, {"type": "Feature", "properties": {"nom": "Sainte-Anne", "code_insee": "56176", "code_uic": "87476648", "segment": "C", "voyageurs": 32866, "voyageurs_2019": 16121, "tendance_pct": 103.9}, "geometry": {"type": "Point", "coordinates": [-2.96048, 47.678581]}}, {"type": "Feature", "properties": {"nom": "Audrieu", "code_insee": "14026", "code_uic": "87444059", "segment": "C", "voyageurs": 32667, "voyageurs_2019": 15635, "tendance_pct": 108.9}, "geometry": {"type": "Point", "coordinates": [-0.596014, 49.216132]}}, {"type": "Feature", "properties": {"nom": "Septèmes-les-Vallons", "code_insee": "13106", "code_uic": "87751800", "segment": "C", "voyageurs": 32650, "voyageurs_2019": 23002, "tendance_pct": 41.9}, "geometry": {"type": "Point", "coordinates": [5.370176, 43.403114]}}, {"type": "Feature", "properties": {"nom": "Feuquières - Broquiers", "code_insee": "60233", "code_uic": "87313742", "segment": "C", "voyageurs": 32640, "voyageurs_2019": 12362, "tendance_pct": 164.0}, "geometry": {"type": "Point", "coordinates": [1.830517, 49.654575]}}, {"type": "Feature", "properties": {"nom": "Luzy", "code_insee": "58149", "code_uic": "87696534", "segment": "C", "voyageurs": 32637, "voyageurs_2019": 28921, "tendance_pct": 12.8}, "geometry": {"type": "Point", "coordinates": [3.969324, 46.794079]}}, {"type": "Feature", "properties": {"nom": "Saint-Marcel", "code_insee": "13211", "code_uic": "87751701", "segment": "C", "voyageurs": 32632, "voyageurs_2019": 21771, "tendance_pct": 49.9}, "geometry": {"type": "Point", "coordinates": [5.467116, 43.28818]}}, {"type": "Feature", "properties": {"nom": "Bruges", "code_insee": "33075", "code_uic": "87581736", "segment": "C", "voyageurs": 32557, "voyageurs_2019": 51176, "tendance_pct": -36.4}, "geometry": {"type": "Point", "coordinates": [-0.609445, 44.887012]}}, {"type": "Feature", "properties": {"nom": "Sury-le-Comtal", "code_insee": "42304", "code_uic": "87726422", "segment": "C", "voyageurs": 32406, "voyageurs_2019": 21113, "tendance_pct": 53.5}, "geometry": {"type": "Point", "coordinates": [4.18249, 45.529119]}}, {"type": "Feature", "properties": {"nom": "Andrézieux-Bouthéon", "code_insee": "42005", "code_uic": "87726406", "segment": "C", "voyageurs": 32366, "voyageurs_2019": 37934, "tendance_pct": -14.7}, "geometry": {"type": "Point", "coordinates": [4.254834, 45.521704]}}, {"type": "Feature", "properties": {"nom": "Foëcy", "code_insee": "18096", "code_uic": "87576108", "segment": "C", "voyageurs": 32331, "voyageurs_2019": 27253, "tendance_pct": 18.6}, "geometry": {"type": "Point", "coordinates": [2.162506, 47.175691]}}, {"type": "Feature", "properties": {"nom": "Montérolier - Buchy", "code_insee": "76445", "code_uic": "87411454", "segment": "C", "voyageurs": 32330, "voyageurs_2019": 38036, "tendance_pct": -15.0}, "geometry": {"type": "Point", "coordinates": [1.334746, 49.603185]}}, {"type": "Feature", "properties": {"nom": "Laigné - Saint-Gervais", "code_insee": "72287", "code_uic": "87396556", "segment": "C", "voyageurs": 32329, "voyageurs_2019": 37997, "tendance_pct": -14.9}, "geometry": {"type": "Point", "coordinates": [0.21721, 47.874007]}}, {"type": "Feature", "properties": {"nom": "Théoule-sur-Mer", "code_insee": "06138", "code_uic": "87757583", "segment": "C", "voyageurs": 32131, "voyageurs_2019": 14349, "tendance_pct": 123.9}, "geometry": {"type": "Point", "coordinates": [6.936798, 43.513493]}}, {"type": "Feature", "properties": {"nom": "Thieux - Nantouillet", "code_insee": "77332", "code_uic": "87272054", "segment": "C", "voyageurs": 32123, "voyageurs_2019": 25362, "tendance_pct": 26.7}, "geometry": {"type": "Point", "coordinates": [2.680527, 49.008435]}}, {"type": "Feature", "properties": {"nom": "Les Fontinettes", "code_insee": "62193", "code_uic": "87317305", "segment": "C", "voyageurs": 32089, "voyageurs_2019": 30715, "tendance_pct": 4.5}, "geometry": {"type": "Point", "coordinates": [1.849634, 50.940831]}}, {"type": "Feature", "properties": {"nom": "Raismes", "code_insee": "59491", "code_uic": "87343319", "segment": "C", "voyageurs": 32081, "voyageurs_2019": 47322, "tendance_pct": -32.2}, "geometry": {"type": "Point", "coordinates": [3.478832, 50.39025]}}, {"type": "Feature", "properties": {"nom": "Chabris", "code_insee": "36034", "code_uic": "87576223", "segment": "C", "voyageurs": 32073, "voyageurs_2019": 24538, "tendance_pct": 30.7}, "geometry": {"type": "Point", "coordinates": [1.645942, 47.254984]}}, {"type": "Feature", "properties": {"nom": "Donges", "code_insee": "44052", "code_uic": "87481721", "segment": "C", "voyageurs": 31937, "voyageurs_2019": 10787, "tendance_pct": 196.1}, "geometry": {"type": "Point", "coordinates": [-2.07236, 47.3151]}}, {"type": "Feature", "properties": {"nom": "Boigneville", "code_insee": "91069", "code_uic": "87684407", "segment": "C", "voyageurs": 31866, "voyageurs_2019": 35444, "tendance_pct": -10.1}, "geometry": {"type": "Point", "coordinates": [2.378979, 48.342078]}}, {"type": "Feature", "properties": {"nom": "Amilly Ouerray", "code_insee": "28006", "code_uic": "87394205", "segment": "C", "voyageurs": 31801, "voyageurs_2019": 26442, "tendance_pct": 20.3}, "geometry": {"type": "Point", "coordinates": [1.389288, 48.438183]}}, {"type": "Feature", "properties": {"nom": "Beauvoir-sur-Niort", "code_insee": "79031", "code_uic": "87485342", "segment": "C", "voyageurs": 31767, "voyageurs_2019": 26170, "tendance_pct": 21.4}, "geometry": {"type": "Point", "coordinates": [-0.468754, 46.176886]}}, {"type": "Feature", "properties": {"nom": "Gunsbach - Griesbach", "code_insee": "68109", "code_uic": "87182386", "segment": "C", "voyageurs": 31742, "voyageurs_2019": 19337, "tendance_pct": 64.2}, "geometry": {"type": "Point", "coordinates": [7.174841, 48.041491]}}, {"type": "Feature", "properties": {"nom": "Saint-Ay", "code_insee": "45269", "code_uic": "87574129", "segment": "C", "voyageurs": 31621, "voyageurs_2019": 19804, "tendance_pct": 59.7}, "geometry": {"type": "Point", "coordinates": [1.74996, 47.863133]}}, {"type": "Feature", "properties": {"nom": "Saint-Victor - Thizy", "code_insee": "42293", "code_uic": "87721043", "segment": "C", "voyageurs": 31538, "voyageurs_2019": 20748, "tendance_pct": 52.0}, "geometry": {"type": "Point", "coordinates": [4.281025, 46.002478]}}, {"type": "Feature", "properties": {"nom": "Blangy-sur-Bresle", "code_insee": "76101", "code_uic": "87313809", "segment": "C", "voyageurs": 31504, "voyageurs_2019": 21218, "tendance_pct": 48.5}, "geometry": {"type": "Point", "coordinates": [1.625907, 49.932607]}}, {"type": "Feature", "properties": {"nom": "Dannemarie - Velesmes", "code_insee": "25195", "code_uic": "87718312", "segment": "C", "voyageurs": 31325, "voyageurs_2019": 24692, "tendance_pct": 26.9}, "geometry": {"type": "Point", "coordinates": [5.873835, 47.20386]}}, {"type": "Feature", "properties": {"nom": "Longueville-sur-Scie", "code_insee": "76397", "code_uic": "87415141", "segment": "C", "voyageurs": 31231, "voyageurs_2019": 29584, "tendance_pct": 5.6}, "geometry": {"type": "Point", "coordinates": [1.110343, 49.791756]}}, {"type": "Feature", "properties": {"nom": "Morgny-la-Pommeraye", "code_insee": "76453", "code_uic": "87411439", "segment": "C", "voyageurs": 31209, "voyageurs_2019": 23642, "tendance_pct": 32.0}, "geometry": {"type": "Point", "coordinates": [1.247853, 49.523218]}}, {"type": "Feature", "properties": {"nom": "Oderen", "code_insee": "68247", "code_uic": "87182634", "segment": "C", "voyageurs": 31108, "voyageurs_2019": 20299, "tendance_pct": 53.2}, "geometry": {"type": "Point", "coordinates": [6.973483, 47.911876]}}, {"type": "Feature", "properties": {"nom": "Vis à Marles", "code_insee": "62489", "code_uic": "87342535", "segment": "C", "voyageurs": 31080, "voyageurs_2019": 35853, "tendance_pct": -13.3}, "geometry": {"type": "Point", "coordinates": [2.517114, 50.505012]}}, {"type": "Feature", "properties": {"nom": "Gragnague", "code_insee": "31228", "code_uic": "87615377", "segment": "C", "voyageurs": 30847, "voyageurs_2019": 18618, "tendance_pct": 65.7}, "geometry": {"type": "Point", "coordinates": [1.567731, 43.696179]}}, {"type": "Feature", "properties": {"nom": "Issé", "code_insee": "44075", "code_uic": "87481622", "segment": "C", "voyageurs": 30804, "voyageurs_2019": 20099, "tendance_pct": 53.3}, "geometry": {"type": "Point", "coordinates": [-1.45068, 47.626829]}}, {"type": "Feature", "properties": {"nom": "Domblans - Voiteur", "code_insee": "39199", "code_uic": "87718213", "segment": "C", "voyageurs": 30594, "voyageurs_2019": 31832, "tendance_pct": -3.9}, "geometry": {"type": "Point", "coordinates": [5.597746, 46.762781]}}, {"type": "Feature", "properties": {"nom": "Chorges", "code_insee": "05040", "code_uic": "87763425", "segment": "C", "voyageurs": 30519, "voyageurs_2019": 26500, "tendance_pct": 15.2}, "geometry": {"type": "Point", "coordinates": [6.271889, 44.545842]}}, {"type": "Feature", "properties": {"nom": "Chedde", "code_insee": "74208", "code_uic": "87746701", "segment": "C", "voyageurs": 30425, "voyageurs_2019": 20478, "tendance_pct": 48.6}, "geometry": {"type": "Point", "coordinates": [6.719766, 45.926346]}}, {"type": "Feature", "properties": {"nom": "La Bastide - Saint-Laurent-les-Bains", "code_insee": "48021", "code_uic": "87775171", "segment": "C", "voyageurs": 30347, "voyageurs_2019": 23374, "tendance_pct": 29.8}, "geometry": {"type": "Point", "coordinates": [3.904285, 44.593483]}}, {"type": "Feature", "properties": {"nom": "Fougeray - Langon", "code_insee": "35145", "code_uic": "87471201", "segment": "C", "voyageurs": 30336, "voyageurs_2019": 16822, "tendance_pct": 80.3}, "geometry": {"type": "Point", "coordinates": [-1.851092, 47.729796]}}, {"type": "Feature", "properties": {"nom": "Corbehem", "code_insee": "62240", "code_uic": "87345116", "segment": "C", "voyageurs": 30265, "voyageurs_2019": 29767, "tendance_pct": 1.7}, "geometry": {"type": "Point", "coordinates": [3.040538, 50.342855]}}, {"type": "Feature", "properties": {"nom": "Valençay", "code_insee": "36228", "code_uic": "87576215", "segment": "C", "voyageurs": 30214, "voyageurs_2019": 17372, "tendance_pct": 73.9}, "geometry": {"type": "Point", "coordinates": [1.558444, 47.163172]}}, {"type": "Feature", "properties": {"nom": "Steinbourg", "code_insee": "67478", "code_uic": "87212209", "segment": "C", "voyageurs": 30170, "voyageurs_2019": 61815, "tendance_pct": -51.2}, "geometry": {"type": "Point", "coordinates": [7.416299, 48.763529]}}, {"type": "Feature", "properties": {"nom": "Ludres", "code_insee": "54328", "code_uic": "87141481", "segment": "C", "voyageurs": 30115, "voyageurs_2019": 22919, "tendance_pct": 31.4}, "geometry": {"type": "Point", "coordinates": [6.170912, 48.621955]}}, {"type": "Feature", "properties": {"nom": "Yffiniac", "code_insee": "22389", "code_uic": "87473116", "segment": "C", "voyageurs": 29992, "voyageurs_2019": 28784, "tendance_pct": 4.2}, "geometry": {"type": "Point", "coordinates": [-2.652463, 48.470246]}}, {"type": "Feature", "properties": {"nom": "Saint-Savinien", "code_insee": "17397", "code_uic": "87491035", "segment": "C", "voyageurs": 29982, "voyageurs_2019": 22904, "tendance_pct": 30.9}, "geometry": {"type": "Point", "coordinates": [-0.677878, 45.875928]}}, {"type": "Feature", "properties": {"nom": "Lamagistère", "code_insee": "82089", "code_uic": "87611855", "segment": "C", "voyageurs": 29911, "voyageurs_2019": 16800, "tendance_pct": 78.0}, "geometry": {"type": "Point", "coordinates": [0.8255, 44.126723]}}, {"type": "Feature", "properties": {"nom": "Chindrieux", "code_insee": "73085", "code_uic": "87741116", "segment": "C", "voyageurs": 29856, "voyageurs_2019": 23568, "tendance_pct": 26.7}, "geometry": {"type": "Point", "coordinates": [5.846888, 45.803438]}}, {"type": "Feature", "properties": {"nom": "Nice Pont Michel", "code_insee": "06088", "code_uic": "87590299", "segment": "C", "voyageurs": 29841, "voyageurs_2019": 26770, "tendance_pct": 11.5}, "geometry": {"type": "Point", "coordinates": [7.29144, 43.72175]}}, {"type": "Feature", "properties": {"nom": "Digoin", "code_insee": "71176", "code_uic": "87694695", "segment": "C", "voyageurs": 29838, "voyageurs_2019": 19319, "tendance_pct": 54.4}, "geometry": {"type": "Point", "coordinates": [3.987654, 46.48516]}}, {"type": "Feature", "properties": {"nom": "La Guierche", "code_insee": "72147", "code_uic": "87396036", "segment": "C", "voyageurs": 29815, "voyageurs_2019": 25208, "tendance_pct": 18.3}, "geometry": {"type": "Point", "coordinates": [0.193102, 48.113877]}}, {"type": "Feature", "properties": {"nom": "Saint-Hilaire-de-Chaléons", "code_insee": "44164", "code_uic": "87481234", "segment": "C", "voyageurs": 29722, "voyageurs_2019": 22733, "tendance_pct": 30.7}, "geometry": {"type": "Point", "coordinates": [-1.86506, 47.10577]}}, {"type": "Feature", "properties": {"nom": "Marbache", "code_insee": "54351", "code_uic": "87141796", "segment": "C", "voyageurs": 29652, "voyageurs_2019": 19855, "tendance_pct": 49.3}, "geometry": {"type": "Point", "coordinates": [6.109176, 48.80104]}}, {"type": "Feature", "properties": {"nom": "Saint-André-lez-Lille", "code_insee": "59527", "code_uic": "87286195", "segment": "C", "voyageurs": 29626, "voyageurs_2019": 15321, "tendance_pct": 93.4}, "geometry": {"type": "Point", "coordinates": [3.047592, 50.654484]}}, {"type": "Feature", "properties": {"nom": "Le Bouscat - Saint-Germaine", "code_insee": "33069", "code_uic": "87738096", "segment": "C", "voyageurs": 29418, "voyageurs_2019": 0, "tendance_pct": null}, "geometry": {"type": "Point", "coordinates": [-0.614049, 44.870926]}}, {"type": "Feature", "properties": {"nom": "Lamure-sur-Azergues", "code_insee": "69107", "code_uic": "87721860", "segment": "C", "voyageurs": 29406, "voyageurs_2019": 25077, "tendance_pct": 17.3}, "geometry": {"type": "Point", "coordinates": [4.492114, 46.061083]}}, {"type": "Feature", "properties": {"nom": "Reuilly", "code_insee": "36171", "code_uic": "87597039", "segment": "C", "voyageurs": 29397, "voyageurs_2019": 21607, "tendance_pct": 36.1}, "geometry": {"type": "Point", "coordinates": [2.047478, 47.085368]}}, {"type": "Feature", "properties": {"nom": "Auneau", "code_insee": "28317", "code_uic": "87545657", "segment": "C", "voyageurs": 29352, "voyageurs_2019": 30190, "tendance_pct": -2.8}, "geometry": {"type": "Point", "coordinates": [1.77998, 48.445824]}}, {"type": "Feature", "properties": {"nom": "La Hutte Coulombiers", "code_insee": "72097", "code_uic": "87396093", "segment": "C", "voyageurs": 29337, "voyageurs_2019": 17621, "tendance_pct": 66.5}, "geometry": {"type": "Point", "coordinates": [0.105679, 48.303495]}}, {"type": "Feature", "properties": {"nom": "Mayet", "code_insee": "72191", "code_uic": "87396580", "segment": "C", "voyageurs": 29235, "voyageurs_2019": 33455, "tendance_pct": -12.6}, "geometry": {"type": "Point", "coordinates": [0.265938, 47.760146]}}, {"type": "Feature", "properties": {"nom": "Ascq", "code_insee": "59009", "code_uic": "87286864", "segment": "C", "voyageurs": 29204, "voyageurs_2019": 16603, "tendance_pct": 75.9}, "geometry": {"type": "Point", "coordinates": [3.159899, 50.621859]}}, {"type": "Feature", "properties": {"nom": "Le Vieux Briollay", "code_insee": "49048", "code_uic": "87484139", "segment": "C", "voyageurs": 29188, "voyageurs_2019": 22877, "tendance_pct": 27.6}, "geometry": {"type": "Point", "coordinates": [-0.48294, 47.57397]}}, {"type": "Feature", "properties": {"nom": "Fellering", "code_insee": "68089", "code_uic": "87182626", "segment": "C", "voyageurs": 29170, "voyageurs_2019": 25221, "tendance_pct": 15.7}, "geometry": {"type": "Point", "coordinates": [6.987135, 47.897589]}}, {"type": "Feature", "properties": {"nom": "Saint-Senoux - Pléchâtel", "code_insee": "35312", "code_uic": "87471169", "segment": "C", "voyageurs": 29136, "voyageurs_2019": 16198, "tendance_pct": 79.9}, "geometry": {"type": "Point", "coordinates": [-1.76619, 47.897752]}}, {"type": "Feature", "properties": {"nom": "Laillé", "code_insee": "35126", "code_uic": "87471144", "segment": "C", "voyageurs": 29088, "voyageurs_2019": 16302, "tendance_pct": 78.4}, "geometry": {"type": "Point", "coordinates": [-1.749565, 47.971753]}}, {"type": "Feature", "properties": {"nom": "Albias", "code_insee": "82002", "code_uic": "87613398", "segment": "C", "voyageurs": 29041, "voyageurs_2019": 11386, "tendance_pct": 155.1}, "geometry": {"type": "Point", "coordinates": [1.444801, 44.091908]}}, {"type": "Feature", "properties": {"nom": "Virieu sur Bourbre", "code_insee": "38293", "code_uic": "87747204", "segment": "C", "voyageurs": 29038, "voyageurs_2019": 24338, "tendance_pct": 19.3}, "geometry": {"type": "Point", "coordinates": [5.472142, 45.491703]}}, {"type": "Feature", "properties": {"nom": "Petit-Croix", "code_insee": "90071", "code_uic": "87184267", "segment": "C", "voyageurs": 28722, "voyageurs_2019": 18014, "tendance_pct": 59.4}, "geometry": {"type": "Point", "coordinates": [6.994741, 47.610104]}}, {"type": "Feature", "properties": {"nom": "Eu", "code_insee": "76255", "code_uic": "87317537", "segment": "C", "voyageurs": 28711, "voyageurs_2019": 19477, "tendance_pct": 47.4}, "geometry": {"type": "Point", "coordinates": [1.416837, 50.054199]}}, {"type": "Feature", "properties": {"nom": "Montfavet", "code_insee": "84007", "code_uic": "87765412", "segment": "C", "voyageurs": 28531, "voyageurs_2019": 24245, "tendance_pct": 17.7}, "geometry": {"type": "Point", "coordinates": [4.873943, 43.932635]}}, {"type": "Feature", "properties": {"nom": "Val-de-Vesle", "code_insee": "51571", "code_uic": "87171611", "segment": "C", "voyageurs": 28466, "voyageurs_2019": 12017, "tendance_pct": 136.9}, "geometry": {"type": "Point", "coordinates": [4.22221, 49.17792]}}, {"type": "Feature", "properties": {"nom": "Pierre-Buffière", "code_insee": "87119", "code_uic": "87592253", "segment": "C", "voyageurs": 28335, "voyageurs_2019": 20396, "tendance_pct": 38.9}, "geometry": {"type": "Point", "coordinates": [1.347267, 45.699523]}}, {"type": "Feature", "properties": {"nom": "Boën-sur-Lignon", "code_insee": "42019", "code_uic": "87726471", "segment": "C", "voyageurs": 28265, "voyageurs_2019": 25451, "tendance_pct": 11.1}, "geometry": {"type": "Point", "coordinates": [4.005154, 45.741361]}}, {"type": "Feature", "properties": {"nom": "Le Genest-Saint-Isle", "code_insee": "53103", "code_uic": "87478743", "segment": "C", "voyageurs": 28264, "voyageurs_2019": 33964, "tendance_pct": -16.8}, "geometry": {"type": "Point", "coordinates": [-0.885808, 48.096737]}}, {"type": "Feature", "properties": {"nom": "Villenouvelle", "code_insee": "31589", "code_uic": "87618215", "segment": "C", "voyageurs": 28046, "voyageurs_2019": 17338, "tendance_pct": 61.8}, "geometry": {"type": "Point", "coordinates": [1.661081, 43.433036]}}, {"type": "Feature", "properties": {"nom": "Pertuis", "code_insee": "84089", "code_uic": "87751362", "segment": "C", "voyageurs": 28017, "voyageurs_2019": 9661, "tendance_pct": 190.0}, "geometry": {"type": "Point", "coordinates": [5.503702, 43.684555]}}, {"type": "Feature", "properties": {"nom": "Montmoreau", "code_insee": "16294", "code_uic": "87583674", "segment": "C", "voyageurs": 28002, "voyageurs_2019": 14114, "tendance_pct": 98.4}, "geometry": {"type": "Point", "coordinates": [0.138001, 45.398299]}}, {"type": "Feature", "properties": {"nom": "Saint-Yrieix-la-Perche", "code_insee": "87187", "code_uic": "87592824", "segment": "C", "voyageurs": 27967, "voyageurs_2019": 25400, "tendance_pct": 10.1}, "geometry": {"type": "Point", "coordinates": [1.205361, 45.519252]}}, {"type": "Feature", "properties": {"nom": "La Madeleine", "code_insee": "59368", "code_uic": "87286187", "segment": "C", "voyageurs": 27897, "voyageurs_2019": 9570, "tendance_pct": 191.5}, "geometry": {"type": "Point", "coordinates": [3.07258, 50.660804]}}, {"type": "Feature", "properties": {"nom": "Cercy-la-Tour", "code_insee": "58046", "code_uic": "87696492", "segment": "C", "voyageurs": 27813, "voyageurs_2019": 28653, "tendance_pct": -2.9}, "geometry": {"type": "Point", "coordinates": [3.645203, 46.857882]}}, {"type": "Feature", "properties": {"nom": "Bourbourg", "code_insee": "59094", "code_uic": "87281279", "segment": "C", "voyageurs": 27758, "voyageurs_2019": 20921, "tendance_pct": 32.7}, "geometry": {"type": "Point", "coordinates": [2.194231, 50.952267]}}, {"type": "Feature", "properties": {"nom": "Gemeaux", "code_insee": "21290", "code_uic": "87713842", "segment": "C", "voyageurs": 27715, "voyageurs_2019": 22959, "tendance_pct": 20.7}, "geometry": {"type": "Point", "coordinates": [5.129307, 47.478542]}}, {"type": "Feature", "properties": {"nom": "Chessy", "code_insee": "69056", "code_uic": "87721761", "segment": "C", "voyageurs": 27627, "voyageurs_2019": 19161, "tendance_pct": 44.2}, "geometry": {"type": "Point", "coordinates": [4.622262, 45.885545]}}, {"type": "Feature", "properties": {"nom": "Fourchambault", "code_insee": "58117", "code_uic": "87696229", "segment": "C", "voyageurs": 27591, "voyageurs_2019": 16850, "tendance_pct": 63.7}, "geometry": {"type": "Point", "coordinates": [3.087367, 47.018968]}}, {"type": "Feature", "properties": {"nom": "Baule", "code_insee": "45024", "code_uic": "87574152", "segment": "C", "voyageurs": 27557, "voyageurs_2019": 16635, "tendance_pct": 65.7}, "geometry": {"type": "Point", "coordinates": [1.668127, 47.811754]}}, {"type": "Feature", "properties": {"nom": "Fors", "code_insee": "79125", "code_uic": "87485326", "segment": "C", "voyageurs": 27549, "voyageurs_2019": 28194, "tendance_pct": -2.3}, "geometry": {"type": "Point", "coordinates": [-0.406945, 46.23452]}}, {"type": "Feature", "properties": {"nom": "Niversac", "code_insee": "24439", "code_uic": "87595512", "segment": "C", "voyageurs": 27457, "voyageurs_2019": 10885, "tendance_pct": 152.2}, "geometry": {"type": "Point", "coordinates": [0.808219, 45.138308]}}, {"type": "Feature", "properties": {"nom": "Bourgneuf-en-Retz", "code_insee": "44021", "code_uic": "87481242", "segment": "C", "voyageurs": 27350, "voyageurs_2019": 18222, "tendance_pct": 50.1}, "geometry": {"type": "Point", "coordinates": [-1.955194, 47.046963]}}, {"type": "Feature", "properties": {"nom": "Dardilly Le Jubin", "code_insee": "69072", "code_uic": "87721449", "segment": "C", "voyageurs": 27296, "voyageurs_2019": 38983, "tendance_pct": -30.0}, "geometry": {"type": "Point", "coordinates": [4.761345, 45.815143]}}, {"type": "Feature", "properties": {"nom": "Pont de la Deûle", "code_insee": "59234", "code_uic": "87345207", "segment": "C", "voyageurs": 27234, "voyageurs_2019": 19152, "tendance_pct": 42.2}, "geometry": {"type": "Point", "coordinates": [3.08503, 50.39813]}}, {"type": "Feature", "properties": {"nom": "Ondres", "code_insee": "40209", "code_uic": "87673319", "segment": "C", "voyageurs": 27124, "voyageurs_2019": 15794, "tendance_pct": 71.7}, "geometry": {"type": "Point", "coordinates": [-1.457179, 43.568581]}}, {"type": "Feature", "properties": {"nom": "Belleville", "code_insee": "54060", "code_uic": "87141804", "segment": "C", "voyageurs": 26949, "voyageurs_2019": 25006, "tendance_pct": 7.8}, "geometry": {"type": "Point", "coordinates": [6.101864, 48.819572]}}, {"type": "Feature", "properties": {"nom": "Bretenoux - Biars", "code_insee": "46029", "code_uic": "87594762", "segment": "C", "voyageurs": 26886, "voyageurs_2019": 15092, "tendance_pct": 78.1}, "geometry": {"type": "Point", "coordinates": [1.843687, 44.927369]}}, {"type": "Feature", "properties": {"nom": "Les Églisottes-et-Chalaures", "code_insee": "33154", "code_uic": "87584532", "segment": "C", "voyageurs": 26851, "voyageurs_2019": 21979, "tendance_pct": 22.2}, "geometry": {"type": "Point", "coordinates": [-0.043758, 45.09423]}}, {"type": "Feature", "properties": {"nom": "Bouchain", "code_insee": "59092", "code_uic": "87345389", "segment": "C", "voyageurs": 26813, "voyageurs_2019": 37029, "tendance_pct": -27.6}, "geometry": {"type": "Point", "coordinates": [3.33191, 50.278089]}}, {"type": "Feature", "properties": {"nom": "Le Dramont", "code_insee": "83118", "code_uic": "87757542", "segment": "C", "voyageurs": 26736, "voyageurs_2019": 11865, "tendance_pct": 125.3}, "geometry": {"type": "Point", "coordinates": [6.844247, 43.417819]}}, {"type": "Feature", "properties": {"nom": "Tincques", "code_insee": "62820", "code_uic": "87342303", "segment": "C", "voyageurs": 26728, "voyageurs_2019": 15853, "tendance_pct": 68.6}, "geometry": {"type": "Point", "coordinates": [2.498029, 50.35699]}}, {"type": "Feature", "properties": {"nom": "Chasseneuil-du-Poitou", "code_insee": "86062", "code_uic": "87575225", "segment": "C", "voyageurs": 26707, "voyageurs_2019": 13325, "tendance_pct": 100.4}, "geometry": {"type": "Point", "coordinates": [0.373028, 46.65177]}}, {"type": "Feature", "properties": {"nom": "Objat", "code_insee": "19153", "code_uic": "87594630", "segment": "C", "voyageurs": 26688, "voyageurs_2019": 7364, "tendance_pct": 262.4}, "geometry": {"type": "Point", "coordinates": [1.406829, 45.264733]}}, {"type": "Feature", "properties": {"nom": "Dardilly Les Mouilles", "code_insee": "69072", "code_uic": "87721480", "segment": "C", "voyageurs": 26429, "voyageurs_2019": 23821, "tendance_pct": 10.9}, "geometry": {"type": "Point", "coordinates": [4.760029, 45.796741]}}, {"type": "Feature", "properties": {"nom": "Corps-Nuds", "code_insee": "35088", "code_uic": "87471326", "segment": "C", "voyageurs": 26260, "voyageurs_2019": 3533, "tendance_pct": 643.3}, "geometry": {"type": "Point", "coordinates": [-1.575472, 47.985167]}}, {"type": "Feature", "properties": {"nom": "Montgeroult - Courcelles", "code_insee": "95422", "code_uic": "87381160", "segment": "C", "voyageurs": 26209, "voyageurs_2019": 19162, "tendance_pct": 36.8}, "geometry": {"type": "Point", "coordinates": [2.003496, 49.080583]}}, {"type": "Feature", "properties": {"nom": "Meursault", "code_insee": "21412", "code_uic": "87713560", "segment": "C", "voyageurs": 26122, "voyageurs_2019": 18328, "tendance_pct": 42.5}, "geometry": {"type": "Point", "coordinates": [4.795444, 46.96905]}}, {"type": "Feature", "properties": {"nom": "Bretoncelles", "code_insee": "61061", "code_uic": "87394270", "segment": "C", "voyageurs": 26008, "voyageurs_2019": 22932, "tendance_pct": 13.4}, "geometry": {"type": "Point", "coordinates": [0.892382, 48.432674]}}, {"type": "Feature", "properties": {"nom": "Frénouville - Cagny", "code_insee": "14287", "code_uic": "87444182", "segment": "C", "voyageurs": 25986, "voyageurs_2019": 19546, "tendance_pct": 32.9}, "geometry": {"type": "Point", "coordinates": [-0.260326, 49.141119]}}, {"type": "Feature", "properties": {"nom": "Liancourt-Saint-Pierre", "code_insee": "60361", "code_uic": "87381210", "segment": "C", "voyageurs": 25961, "voyageurs_2019": 23845, "tendance_pct": 8.9}, "geometry": {"type": "Point", "coordinates": [1.905543, 49.220496]}}, {"type": "Feature", "properties": {"nom": "Pont-Remy", "code_insee": "80635", "code_uic": "87313130", "segment": "C", "voyageurs": 25886, "voyageurs_2019": 16813, "tendance_pct": 54.0}, "geometry": {"type": "Point", "coordinates": [1.89884, 50.047234]}}, {"type": "Feature", "properties": {"nom": "Saint-Laurent-en-Grandvaux", "code_insee": "39487", "code_uic": "87715417", "segment": "C", "voyageurs": 25885, "voyageurs_2019": 15068, "tendance_pct": 71.8}, "geometry": {"type": "Point", "coordinates": [5.951212, 46.574798]}}, {"type": "Feature", "properties": {"nom": "Igney - Avricourt", "code_insee": "54035", "code_uic": "87215103", "segment": "C", "voyageurs": 25861, "voyageurs_2019": 21350, "tendance_pct": 21.1}, "geometry": {"type": "Point", "coordinates": [6.805306, 48.646701]}}, {"type": "Feature", "properties": {"nom": "Saint-Denis-lès-Martel", "code_insee": "46265", "code_uic": "87594572", "segment": "C", "voyageurs": 25700, "voyageurs_2019": 13427, "tendance_pct": 91.4}, "geometry": {"type": "Point", "coordinates": [1.666338, 44.945932]}}, {"type": "Feature", "properties": {"nom": "Dives-sur-Mer - Cabourg", "code_insee": "14225", "code_uic": "87444414", "segment": "C", "voyageurs": 25631, "voyageurs_2019": 27525, "tendance_pct": -6.9}, "geometry": {"type": "Point", "coordinates": [-0.1075, 49.286478]}}, {"type": "Feature", "properties": {"nom": "Les Lacs", "code_insee": "35252", "code_uic": "87471516", "segment": "C", "voyageurs": 25628, "voyageurs_2019": 16383, "tendance_pct": 56.4}, "geometry": {"type": "Point", "coordinates": [-1.320817, 48.109436]}}, {"type": "Feature", "properties": {"nom": "Pontmort", "code_insee": "63068", "code_uic": "87734103", "segment": "C", "voyageurs": 25607, "voyageurs_2019": 17357, "tendance_pct": 47.5}, "geometry": {"type": "Point", "coordinates": [3.160125, 45.939486]}}, {"type": "Feature", "properties": {"nom": "Les Houches", "code_insee": "74143", "code_uic": "87746743", "segment": "C", "voyageurs": 25588, "voyageurs_2019": 19061, "tendance_pct": 34.2}, "geometry": {"type": "Point", "coordinates": [6.796924, 45.893564]}}, {"type": "Feature", "properties": {"nom": "Saint-Léon-sur-l'Isle", "code_insee": "24442", "code_uic": "87595264", "segment": "C", "voyageurs": 25578, "voyageurs_2019": 16631, "tendance_pct": 53.8}, "geometry": {"type": "Point", "coordinates": [0.492311, 45.1233]}}, {"type": "Feature", "properties": {"nom": "Vielmur-sur-Agout", "code_insee": "81315", "code_uic": "87615492", "segment": "C", "voyageurs": 25524, "voyageurs_2019": 21524, "tendance_pct": 18.6}, "geometry": {"type": "Point", "coordinates": [2.089578, 43.623928]}}, {"type": "Feature", "properties": {"nom": "Saint-Laurent - Gainneville", "code_insee": "76596", "code_uic": "87413310", "segment": "C", "voyageurs": 25483, "voyageurs_2019": 41991, "tendance_pct": -39.3}, "geometry": {"type": "Point", "coordinates": [0.252296, 49.528565]}}, {"type": "Feature", "properties": {"nom": "La Ville-Dieu-du-Temple", "code_insee": "82096", "code_uic": "87611459", "segment": "C", "voyageurs": 25479, "voyageurs_2019": 11468, "tendance_pct": 122.2}, "geometry": {"type": "Point", "coordinates": [1.214965, 44.035519]}}, {"type": "Feature", "properties": {"nom": "La Bohalle", "code_insee": "49032", "code_uic": "87487843", "segment": "C", "voyageurs": 25468, "voyageurs_2019": 27951, "tendance_pct": -8.9}, "geometry": {"type": "Point", "coordinates": [-0.400043, 47.434236]}}, {"type": "Feature", "properties": {"nom": "Vimy", "code_insee": "62861", "code_uic": "87342576", "segment": "C", "voyageurs": 25421, "voyageurs_2019": 19849, "tendance_pct": 28.1}, "geometry": {"type": "Point", "coordinates": [2.822955, 50.373232]}}, {"type": "Feature", "properties": {"nom": "Hargicourt - Pierrepont", "code_insee": "80419", "code_uic": "87313338", "segment": "C", "voyageurs": 25352, "voyageurs_2019": 16867, "tendance_pct": 50.3}, "geometry": {"type": "Point", "coordinates": [2.531767, 49.713859]}}, {"type": "Feature", "properties": {"nom": "Bedous", "code_insee": "64104", "code_uic": "87672774", "segment": "C", "voyageurs": 25212, "voyageurs_2019": 16872, "tendance_pct": 49.4}, "geometry": {"type": "Point", "coordinates": [-0.60348, 42.99589]}}, {"type": "Feature", "properties": {"nom": "La Grave d'Ambarès", "code_insee": "33003", "code_uic": "87491274", "segment": "C", "voyageurs": 25137, "voyageurs_2019": 15736, "tendance_pct": 59.7}, "geometry": {"type": "Point", "coordinates": [-0.477021, 44.935642]}}, {"type": "Feature", "properties": {"nom": "Saint-Aubin - Saint-Luperce", "code_insee": "28325", "code_uic": "87394213", "segment": "C", "voyageurs": 25136, "voyageurs_2019": 18501, "tendance_pct": 35.9}, "geometry": {"type": "Point", "coordinates": [1.331839, 48.447642]}}, {"type": "Feature", "properties": {"nom": "Anor", "code_insee": "59012", "code_uic": "87295055", "segment": "C", "voyageurs": 25016, "voyageurs_2019": 20768, "tendance_pct": 20.5}, "geometry": {"type": "Point", "coordinates": [4.09298, 49.984892]}}, {"type": "Feature", "properties": {"nom": "Villefort", "code_insee": "48198", "code_uic": "87775197", "segment": "C", "voyageurs": 25015, "voyageurs_2019": 11344, "tendance_pct": 120.5}, "geometry": {"type": "Point", "coordinates": [3.924015, 44.43951]}}, {"type": "Feature", "properties": {"nom": "Beaurainville", "code_insee": "62100", "code_uic": "87317198", "segment": "C", "voyageurs": 24962, "voyageurs_2019": 2379, "tendance_pct": 949.3}, "geometry": {"type": "Point", "coordinates": [1.895345, 50.422891]}}, {"type": "Feature", "properties": {"nom": "Casino Lacroix Laval", "code_insee": "69250", "code_uic": "87208553", "segment": "C", "voyageurs": 24956, "voyageurs_2019": 21010, "tendance_pct": 18.8}, "geometry": {"type": "Point", "coordinates": [4.730938, 45.787811]}}, {"type": "Feature", "properties": {"nom": "Trois Chênes", "code_insee": "90010", "code_uic": "87184242", "segment": "C", "voyageurs": 24922, "voyageurs_2019": 22181, "tendance_pct": 12.4}, "geometry": {"type": "Point", "coordinates": [6.846228, 47.648082]}}, {"type": "Feature", "properties": {"nom": "Bords", "code_insee": "17053", "code_uic": "87491019", "segment": "C", "voyageurs": 24870, "voyageurs_2019": 8135, "tendance_pct": 205.7}, "geometry": {"type": "Point", "coordinates": [-0.798544, 45.894463]}}, {"type": "Feature", "properties": {"nom": "Damiatte - Saint-Paul", "code_insee": "81078", "code_uic": "87615484", "segment": "C", "voyageurs": 24862, "voyageurs_2019": 20332, "tendance_pct": 22.3}, "geometry": {"type": "Point", "coordinates": [1.973359, 43.656619]}}, {"type": "Feature", "properties": {"nom": "Thenon", "code_insee": "24550", "code_uic": "87595579", "segment": "C", "voyageurs": 24849, "voyageurs_2019": 14887, "tendance_pct": 66.9}, "geometry": {"type": "Point", "coordinates": [1.06869, 45.160186]}}, {"type": "Feature", "properties": {"nom": "Selles-Saint-Denis", "code_insee": "41241", "code_uic": "87576140", "segment": "C", "voyageurs": 24824, "voyageurs_2019": 19628, "tendance_pct": 26.5}, "geometry": {"type": "Point", "coordinates": [1.922204, 47.388386]}}, {"type": "Feature", "properties": {"nom": "Berthelming", "code_insee": "57066", "code_uic": "87215335", "segment": "C", "voyageurs": 24773, "voyageurs_2019": 21267, "tendance_pct": 16.5}, "geometry": {"type": "Point", "coordinates": [7.008786, 48.809647]}}, {"type": "Feature", "properties": {"nom": "Monnerville", "code_insee": "91414", "code_uic": "87545111", "segment": "C", "voyageurs": 24680, "voyageurs_2019": 25461, "tendance_pct": -3.1}, "geometry": {"type": "Point", "coordinates": [2.032059, 48.348492]}}, {"type": "Feature", "properties": {"nom": "Bussière-Galant", "code_insee": "87027", "code_uic": "87592741", "segment": "C", "voyageurs": 24636, "voyageurs_2019": 17746, "tendance_pct": 38.8}, "geometry": {"type": "Point", "coordinates": [1.026137, 45.607622]}}, {"type": "Feature", "properties": {"nom": "Denain", "code_insee": "59172", "code_uic": "87343459", "segment": "C", "voyageurs": 24409, "voyageurs_2019": 36925, "tendance_pct": -33.9}, "geometry": {"type": "Point", "coordinates": [3.388699, 50.334542]}}, {"type": "Feature", "properties": {"nom": "Laissey", "code_insee": "25323", "code_uic": "87718437", "segment": "C", "voyageurs": 24342, "voyageurs_2019": 16678, "tendance_pct": 46.0}, "geometry": {"type": "Point", "coordinates": [6.23304, 47.298723]}}, {"type": "Feature", "properties": {"nom": "Saint-Clément - Laronxe", "code_insee": "54472", "code_uic": "87141374", "segment": "C", "voyageurs": 24326, "voyageurs_2019": 27866, "tendance_pct": -12.7}, "geometry": {"type": "Point", "coordinates": [6.608111, 48.531228]}}, {"type": "Feature", "properties": {"nom": "Le Dorat", "code_insee": "87059", "code_uic": "87592543", "segment": "C", "voyageurs": 24261, "voyageurs_2019": 19196, "tendance_pct": 26.4}, "geometry": {"type": "Point", "coordinates": [1.079336, 46.211091]}}, {"type": "Feature", "properties": {"nom": "Nantiat", "code_insee": "87103", "code_uic": "87592444", "segment": "C", "voyageurs": 24186, "voyageurs_2019": 16700, "tendance_pct": 44.8}, "geometry": {"type": "Point", "coordinates": [1.156373, 46.005619]}}, {"type": "Feature", "properties": {"nom": "Germaine", "code_insee": "51266", "code_uic": "87171587", "segment": "C", "voyageurs": 24127, "voyageurs_2019": 17553, "tendance_pct": 37.5}, "geometry": {"type": "Point", "coordinates": [4.022898, 49.127763]}}, {"type": "Feature", "properties": {"nom": "Gallargues-le-Montueux", "code_insee": "30123", "code_uic": "87775130", "segment": "C", "voyageurs": 24076, "voyageurs_2019": 7596, "tendance_pct": 217.0}, "geometry": {"type": "Point", "coordinates": [4.171503, 43.716229]}}, {"type": "Feature", "properties": {"nom": "Condé-sur-Huisne", "code_insee": "61116", "code_uic": "87394288", "segment": "C", "voyageurs": 24049, "voyageurs_2019": 15552, "tendance_pct": 54.6}, "geometry": {"type": "Point", "coordinates": [0.848702, 48.383483]}}, {"type": "Feature", "properties": {"nom": "Voujeaucourt", "code_insee": "25632", "code_uic": "87184531", "segment": "C", "voyageurs": 24041, "voyageurs_2019": 12042, "tendance_pct": 99.6}, "geometry": {"type": "Point", "coordinates": [6.769967, 47.478973]}}, {"type": "Feature", "properties": {"nom": "Chaingy Fourneaux Plage", "code_insee": "45067", "code_uic": "87574111", "segment": "C", "voyageurs": 24040, "voyageurs_2019": 14271, "tendance_pct": 68.5}, "geometry": {"type": "Point", "coordinates": [1.782422, 47.877071]}}, {"type": "Feature", "properties": {"nom": "Massiac - Blesle", "code_insee": "15119", "code_uic": "87734871", "segment": "C", "voyageurs": 24031, "voyageurs_2019": 30084, "tendance_pct": -20.1}, "geometry": {"type": "Point", "coordinates": [3.196552, 45.253769]}}, {"type": "Feature", "properties": {"nom": "Dirinon", "code_insee": "29140", "code_uic": "87474015", "segment": "C", "voyageurs": 23923, "voyageurs_2019": 8153, "tendance_pct": 193.4}, "geometry": {"type": "Point", "coordinates": [-4.285503, 48.392634]}}, {"type": "Feature", "properties": {"nom": "Gramat", "code_insee": "46128", "code_uic": "87613059", "segment": "C", "voyageurs": 23867, "voyageurs_2019": 12369, "tendance_pct": 93.0}, "geometry": {"type": "Point", "coordinates": [1.722303, 44.773428]}}, {"type": "Feature", "properties": {"nom": "La Roche-Maurice", "code_insee": "29237", "code_uic": "87474262", "segment": "C", "voyageurs": 23711, "voyageurs_2019": 14028, "tendance_pct": 69.0}, "geometry": {"type": "Point", "coordinates": [-4.205096, 48.474089]}}, {"type": "Feature", "properties": {"nom": "Laragne-Montéglin", "code_insee": "05070", "code_uic": "87763755", "segment": "C", "voyageurs": 23702, "voyageurs_2019": 17947, "tendance_pct": 32.1}, "geometry": {"type": "Point", "coordinates": [5.818983, 44.316498]}}, {"type": "Feature", "properties": {"nom": "La Fresnais", "code_insee": "35116", "code_uic": "87478081", "segment": "C", "voyageurs": 23632, "voyageurs_2019": 15788, "tendance_pct": 49.7}, "geometry": {"type": "Point", "coordinates": [-1.84322, 48.593655]}}, {"type": "Feature", "properties": {"nom": "Verrey-sous-Salmaise", "code_insee": "21670", "code_uic": "87713081", "segment": "C", "voyageurs": 23557, "voyageurs_2019": 19996, "tendance_pct": 17.8}, "geometry": {"type": "Point", "coordinates": [4.670022, 47.43859]}}, {"type": "Feature", "properties": {"nom": "Cloyes-sur-le-Loir", "code_insee": "28103", "code_uic": "87574509", "segment": "C", "voyageurs": 23546, "voyageurs_2019": 14659, "tendance_pct": 60.6}, "geometry": {"type": "Point", "coordinates": [1.243354, 47.992103]}}, {"type": "Feature", "properties": {"nom": "Siorac-en-Périgord", "code_insee": "24538", "code_uic": "87595769", "segment": "C", "voyageurs": 23491, "voyageurs_2019": 7951, "tendance_pct": 195.4}, "geometry": {"type": "Point", "coordinates": [0.984457, 44.819741]}}, {"type": "Feature", "properties": {"nom": "Ebersheim", "code_insee": "67115", "code_uic": "87214106", "segment": "C", "voyageurs": 23369, "voyageurs_2019": 17186, "tendance_pct": 36.0}, "geometry": {"type": "Point", "coordinates": [7.494471, 48.309995]}}, {"type": "Feature", "properties": {"nom": "Luxeuil-les-Bains", "code_insee": "70311", "code_uic": "87185595", "segment": "C", "voyageurs": 23351, "voyageurs_2019": 19251, "tendance_pct": 21.3}, "geometry": {"type": "Point", "coordinates": [6.372659, 47.814861]}}, {"type": "Feature", "properties": {"nom": "Pont-de-l'Arche", "code_insee": "27008", "code_uic": "87415661", "segment": "C", "voyageurs": 23336, "voyageurs_2019": 8975, "tendance_pct": 160.0}, "geometry": {"type": "Point", "coordinates": [1.159656, 49.317093]}}, {"type": "Feature", "properties": {"nom": "Champigneulles", "code_insee": "54115", "code_uic": "87141085", "segment": "C", "voyageurs": 23316, "voyageurs_2019": 14994, "tendance_pct": 55.5}, "geometry": {"type": "Point", "coordinates": [6.16913, 48.73499]}}, {"type": "Feature", "properties": {"nom": "Munster Badischhof", "code_insee": "68226", "code_uic": "87386540", "segment": "C", "voyageurs": 23315, "voyageurs_2019": 11730, "tendance_pct": 98.8}, "geometry": {"type": "Point", "coordinates": [7.152886, 48.039075]}}, {"type": "Feature", "properties": {"nom": "Bédarrides", "code_insee": "84016", "code_uic": "87765198", "segment": "C", "voyageurs": 23262, "voyageurs_2019": 20446, "tendance_pct": 13.8}, "geometry": {"type": "Point", "coordinates": [4.893132, 44.040764]}}, {"type": "Feature", "properties": {"nom": "Pouxeux", "code_insee": "88358", "code_uic": "87144428", "segment": "C", "voyageurs": 23203, "voyageurs_2019": 13399, "tendance_pct": 73.2}, "geometry": {"type": "Point", "coordinates": [6.581027, 48.103942]}}, {"type": "Feature", "properties": {"nom": "Boucau", "code_insee": "64140", "code_uic": "87673095", "segment": "C", "voyageurs": 23189, "voyageurs_2019": 8764, "tendance_pct": 164.6}, "geometry": {"type": "Point", "coordinates": [-1.490587, 43.523422]}}, {"type": "Feature", "properties": {"nom": "Sévérac", "code_insee": "44196", "code_uic": "87476754", "segment": "C", "voyageurs": 23150, "voyageurs_2019": 10076, "tendance_pct": 129.8}, "geometry": {"type": "Point", "coordinates": [-2.072707, 47.549865]}}, {"type": "Feature", "properties": {"nom": "Tessonnières", "code_insee": "81099", "code_uic": "87615245", "segment": "C", "voyageurs": 23124, "voyageurs_2019": 2846, "tendance_pct": 712.5}, "geometry": {"type": "Point", "coordinates": [1.936953, 43.928421]}}, {"type": "Feature", "properties": {"nom": "Cubzac-les-Ponts", "code_insee": "33143", "code_uic": "87491266", "segment": "C", "voyageurs": 23102, "voyageurs_2019": 10687, "tendance_pct": 116.2}, "geometry": {"type": "Point", "coordinates": [-0.459094, 44.972941]}}, {"type": "Feature", "properties": {"nom": "Druye", "code_insee": "37099", "code_uic": "87571612", "segment": "C", "voyageurs": 23051, "voyageurs_2019": 16989, "tendance_pct": 35.7}, "geometry": {"type": "Point", "coordinates": [0.535481, 47.307019]}}, {"type": "Feature", "properties": {"nom": "Anché - Voulon", "code_insee": "86003", "code_uic": "87575332", "segment": "C", "voyageurs": 22870, "voyageurs_2019": 9770, "tendance_pct": 134.1}, "geometry": {"type": "Point", "coordinates": [0.250342, 46.349619]}}, {"type": "Feature", "properties": {"nom": "Aigues-Mortes", "code_insee": "30003", "code_uic": "87775858", "segment": "C", "voyageurs": 22731, "voyageurs_2019": 6146, "tendance_pct": 269.9}, "geometry": {"type": "Point", "coordinates": [4.19121, 43.570901]}}, {"type": "Feature", "properties": {"nom": "Lavilletertre", "code_insee": "60356", "code_uic": "87381202", "segment": "C", "voyageurs": 22509, "voyageurs_2019": 11988, "tendance_pct": 87.8}, "geometry": {"type": "Point", "coordinates": [1.920636, 49.202467]}}, {"type": "Feature", "properties": {"nom": "Pernes - Camblain", "code_insee": "62197", "code_uic": "87342550", "segment": "C", "voyageurs": 22463, "voyageurs_2019": 19542, "tendance_pct": 14.9}, "geometry": {"type": "Point", "coordinates": [2.431082, 50.480205]}}, {"type": "Feature", "properties": {"nom": "Monte-Carlo Country Club", "code_insee": "06104", "code_uic": "87338590", "segment": "C", "voyageurs": 22425, "voyageurs_2019": 340, "tendance_pct": 6495.6}, "geometry": {"type": "Point", "coordinates": [7.44821, 43.75438]}}, {"type": "Feature", "properties": {"nom": "Cousance", "code_insee": "39173", "code_uic": "87718270", "segment": "C", "voyageurs": 22358, "voyageurs_2019": 7077, "tendance_pct": 215.9}, "geometry": {"type": "Point", "coordinates": [5.386822, 46.535357]}}, {"type": "Feature", "properties": {"nom": "La Brohinière", "code_insee": "35184", "code_uic": "87471094", "segment": "C", "voyageurs": 22356, "voyageurs_2019": 12887, "tendance_pct": 73.5}, "geometry": {"type": "Point", "coordinates": [-2.110452, 48.213472]}}, {"type": "Feature", "properties": {"nom": "Bretteville - Norrey", "code_insee": "14098", "code_uic": "87444042", "segment": "C", "voyageurs": 22271, "voyageurs_2019": 26421, "tendance_pct": -15.7}, "geometry": {"type": "Point", "coordinates": [-0.51274, 49.203411]}}, {"type": "Feature", "properties": {"nom": "Limoges Montjovis", "code_insee": "87085", "code_uic": "87592022", "segment": "C", "voyageurs": 22269, "voyageurs_2019": 18657, "tendance_pct": 19.4}, "geometry": {"type": "Point", "coordinates": [1.251415, 45.838412]}}, {"type": "Feature", "properties": {"nom": "Ligugé", "code_insee": "86133", "code_uic": "87575274", "segment": "C", "voyageurs": 22236, "voyageurs_2019": 9088, "tendance_pct": 144.7}, "geometry": {"type": "Point", "coordinates": [0.333173, 46.520309]}}, {"type": "Feature", "properties": {"nom": "Murat", "code_insee": "15138", "code_uic": "87645481", "segment": "C", "voyageurs": 22126, "voyageurs_2019": 13215, "tendance_pct": 67.4}, "geometry": {"type": "Point", "coordinates": [2.869604, 45.109148]}}, {"type": "Feature", "properties": {"nom": "Magnac - Vicq", "code_insee": "87203", "code_uic": "87592279", "segment": "C", "voyageurs": 22025, "voyageurs_2019": 13498, "tendance_pct": 63.2}, "geometry": {"type": "Point", "coordinates": [1.443844, 45.628801]}}, {"type": "Feature", "properties": {"nom": "Iteuil", "code_insee": "86113", "code_uic": "87577403", "segment": "C", "voyageurs": 21999, "voyageurs_2019": 10228, "tendance_pct": 115.1}, "geometry": {"type": "Point", "coordinates": [0.31683, 46.484122]}}, {"type": "Feature", "properties": {"nom": "La Coquille", "code_insee": "24133", "code_uic": "87592501", "segment": "C", "voyageurs": 21682, "voyageurs_2019": 16363, "tendance_pct": 32.5}, "geometry": {"type": "Point", "coordinates": [0.974401, 45.540851]}}, {"type": "Feature", "properties": {"nom": "Ingersheim - Cité Scolaire", "code_insee": "68338", "code_uic": "87303875", "segment": "C", "voyageurs": 21650, "voyageurs_2019": 19495, "tendance_pct": 11.1}, "geometry": {"type": "Point", "coordinates": [7.29823, 48.08883]}}, {"type": "Feature", "properties": {"nom": "Aytré Plage", "code_insee": "17028", "code_uic": "87437806", "segment": "C", "voyageurs": 21598, "voyageurs_2019": 11310, "tendance_pct": 91.0}, "geometry": {"type": "Point", "coordinates": [-1.128046, 46.127381]}}, {"type": "Feature", "properties": {"nom": "Saint-Romain-de-Popey", "code_insee": "69234", "code_uic": "87721456", "segment": "C", "voyageurs": 21589, "voyageurs_2019": 20021, "tendance_pct": 7.8}, "geometry": {"type": "Point", "coordinates": [4.542335, 45.861605]}}, {"type": "Feature", "properties": {"nom": "Ruffey-lès-Echirey", "code_insee": "21535", "code_uic": "87713826", "segment": "C", "voyageurs": 21561, "voyageurs_2019": 11368, "tendance_pct": 89.7}, "geometry": {"type": "Point", "coordinates": [5.079358, 47.370587]}}, {"type": "Feature", "properties": {"nom": "Magneux - Courlandon", "code_insee": "51337", "code_uic": "87400986", "segment": "C", "voyageurs": 21550, "voyageurs_2019": 14861, "tendance_pct": 45.0}, "geometry": {"type": "Point", "coordinates": [3.733144, 49.310001]}}, {"type": "Feature", "properties": {"nom": "Sept-Saulx", "code_insee": "51530", "code_uic": "87171645", "segment": "C", "voyageurs": 21423, "voyageurs_2019": 7067, "tendance_pct": 203.1}, "geometry": {"type": "Point", "coordinates": [4.256974, 49.151133]}}, {"type": "Feature", "properties": {"nom": "Volvic", "code_insee": "63470", "code_uic": "87641423", "segment": "C", "voyageurs": 21395, "voyageurs_2019": 8791, "tendance_pct": 143.4}, "geometry": {"type": "Point", "coordinates": [3.003146, 45.864715]}}, {"type": "Feature", "properties": {"nom": "Aulnat Aéroport", "code_insee": "63019", "code_uic": "87562421", "segment": "C", "voyageurs": 21385, "voyageurs_2019": 10154, "tendance_pct": 110.6}, "geometry": {"type": "Point", "coordinates": [3.161433, 45.792057]}}, {"type": "Feature", "properties": {"nom": "Neufchâtel-Hardelot", "code_insee": "62604", "code_uic": "87317099", "segment": "C", "voyageurs": 21339, "voyageurs_2019": 11140, "tendance_pct": 91.6}, "geometry": {"type": "Point", "coordinates": [1.643115, 50.62364]}}, {"type": "Feature", "properties": {"nom": "Rœux", "code_insee": "62718", "code_uic": "87342089", "segment": "C", "voyageurs": 21295, "voyageurs_2019": 21031, "tendance_pct": 1.3}, "geometry": {"type": "Point", "coordinates": [2.895017, 50.30344]}}, {"type": "Feature", "properties": {"nom": "Hoelschloch", "code_insee": "67487", "code_uic": "87213413", "segment": "C", "voyageurs": 21270, "voyageurs_2019": 20638, "tendance_pct": 3.1}, "geometry": {"type": "Point", "coordinates": [7.831495, 48.916325]}}, {"type": "Feature", "properties": {"nom": "Le Lioran", "code_insee": "15101", "code_uic": "87645473", "segment": "C", "voyageurs": 21224, "voyageurs_2019": 16717, "tendance_pct": 27.0}, "geometry": {"type": "Point", "coordinates": [2.753337, 45.090546]}}, {"type": "Feature", "properties": {"nom": "Andorre – l’Hospitalet", "code_insee": "09139", "code_uic": "87611517", "segment": "C", "voyageurs": 21164, "voyageurs_2019": 12852, "tendance_pct": 64.7}, "geometry": {"type": "Point", "coordinates": [1.800264, 42.589453]}}, {"type": "Feature", "properties": {"nom": "Le Theil - La Rouge", "code_insee": "61356", "code_uic": "87396333", "segment": "C", "voyageurs": 21145, "voyageurs_2019": 20229, "tendance_pct": 4.5}, "geometry": {"type": "Point", "coordinates": [0.694458, 48.267296]}}, {"type": "Feature", "properties": {"nom": "Gestel", "code_insee": "56063", "code_uic": "87476309", "segment": "C", "voyageurs": 20844, "voyageurs_2019": 8441, "tendance_pct": 146.9}, "geometry": {"type": "Point", "coordinates": [-3.443134, 47.80299]}}, {"type": "Feature", "properties": {"nom": "Azay-sur-Cher", "code_insee": "37156", "code_uic": "87574442", "segment": "C", "voyageurs": 20791, "voyageurs_2019": 13599, "tendance_pct": 52.9}, "geometry": {"type": "Point", "coordinates": [0.859989, 47.365269]}}, {"type": "Feature", "properties": {"nom": "Plénée-Jugon", "code_insee": "22185", "code_uic": "87473082", "segment": "C", "voyageurs": 20761, "voyageurs_2019": 10722, "tendance_pct": 93.6}, "geometry": {"type": "Point", "coordinates": [-2.354611, 48.376656]}}, {"type": "Feature", "properties": {"nom": "Tracy - Sancerre", "code_insee": "58295", "code_uic": "87696161", "segment": "C", "voyageurs": 20703, "voyageurs_2019": 11580, "tendance_pct": 78.8}, "geometry": {"type": "Point", "coordinates": [2.880416, 47.33764]}}, {"type": "Feature", "properties": {"nom": "Prades - Molitg-les-Bains", "code_insee": "66149", "code_uic": "87784637", "segment": "C", "voyageurs": 20701, "voyageurs_2019": 2701, "tendance_pct": 666.4}, "geometry": {"type": "Point", "coordinates": [2.429418, 42.617099]}}, {"type": "Feature", "properties": {"nom": "La Rivière de Mansac", "code_insee": "19124", "code_uic": "87594416", "segment": "C", "voyageurs": 20688, "voyageurs_2019": 263, "tendance_pct": 7766.2}, "geometry": {"type": "Point", "coordinates": [1.365509, 45.139681]}}, {"type": "Feature", "properties": {"nom": "Marquillies", "code_insee": "59388", "code_uic": "87342469", "segment": "C", "voyageurs": 20688, "voyageurs_2019": 18664, "tendance_pct": 10.8}, "geometry": {"type": "Point", "coordinates": [2.866171, 50.547725]}}, {"type": "Feature", "properties": {"nom": "Colombier-Fontaine", "code_insee": "25159", "code_uic": "87184556", "segment": "C", "voyageurs": 20653, "voyageurs_2019": 14534, "tendance_pct": 42.1}, "geometry": {"type": "Point", "coordinates": [6.689007, 47.455485]}}, {"type": "Feature", "properties": {"nom": "La Ferté-Imbault", "code_insee": "41084", "code_uic": "87576082", "segment": "C", "voyageurs": 20607, "voyageurs_2019": 12963, "tendance_pct": 59.0}, "geometry": {"type": "Point", "coordinates": [1.958054, 47.383544]}}, {"type": "Feature", "properties": {"nom": "Saulon", "code_insee": "21585", "code_uic": "87713628", "segment": "C", "voyageurs": 20484, "voyageurs_2019": 13891, "tendance_pct": 47.5}, "geometry": {"type": "Point", "coordinates": [5.104599, 47.224035]}}, {"type": "Feature", "properties": {"nom": "Picon Busserine", "code_insee": "13214", "code_uic": "87759290", "segment": "C", "voyageurs": 20435, "voyageurs_2019": 5253, "tendance_pct": 289.0}, "geometry": {"type": "Point", "coordinates": [5.392746, 43.330999]}}, {"type": "Feature", "properties": {"nom": "Nurieux-Volognat", "code_insee": "01267", "code_uic": "87743351", "segment": "C", "voyageurs": 20428, "voyageurs_2019": 20701, "tendance_pct": -1.3}, "geometry": {"type": "Point", "coordinates": [5.532749, 46.184219]}}, {"type": "Feature", "properties": {"nom": "Pontcharra - Saint-Forgeux", "code_insee": "69157", "code_uic": "87721464", "segment": "C", "voyageurs": 20393, "voyageurs_2019": 14848, "tendance_pct": 37.3}, "geometry": {"type": "Point", "coordinates": [4.492778, 45.871491]}}, {"type": "Feature", "properties": {"nom": "Lumes", "code_insee": "08263", "code_uic": "87172189", "segment": "C", "voyageurs": 20382, "voyageurs_2019": 15942, "tendance_pct": 27.9}, "geometry": {"type": "Point", "coordinates": [4.783357, 49.732797]}}, {"type": "Feature", "properties": {"nom": "Martigné-Ferchaud", "code_insee": "35167", "code_uic": "87471367", "segment": "C", "voyageurs": 20282, "voyageurs_2019": 2684, "tendance_pct": 655.7}, "geometry": {"type": "Point", "coordinates": [-1.313794, 47.83213]}}, {"type": "Feature", "properties": {"nom": "Pont-Saint-Esprit", "code_insee": "30202", "code_uic": "87764555", "segment": "C", "voyageurs": 20262, "voyageurs_2019": 0, "tendance_pct": null}, "geometry": {"type": "Point", "coordinates": [4.643263, 44.253527]}}, {"type": "Feature", "properties": {"nom": "Labergement-Sainte-Marie", "code_insee": "25320", "code_uic": "87715219", "segment": "C", "voyageurs": 20192, "voyageurs_2019": 8043, "tendance_pct": 151.1}, "geometry": {"type": "Point", "coordinates": [6.28011, 46.77632]}}, {"type": "Feature", "properties": {"nom": "Le Vernet d'Ariège", "code_insee": "09331", "code_uic": "87611350", "segment": "C", "voyageurs": 20192, "voyageurs_2019": 9502, "tendance_pct": 112.5}, "geometry": {"type": "Point", "coordinates": [1.611621, 43.189414]}}, {"type": "Feature", "properties": {"nom": "Saint-Germain-les-Belles", "code_insee": "87146", "code_uic": "87592287", "segment": "C", "voyageurs": 20092, "voyageurs_2019": 12422, "tendance_pct": 61.7}, "geometry": {"type": "Point", "coordinates": [1.48004, 45.60987]}}, {"type": "Feature", "properties": {"nom": "Ranspach", "code_insee": "68262", "code_uic": "87182402", "segment": "C", "voyageurs": 20080, "voyageurs_2019": 18981, "tendance_pct": 5.8}, "geometry": {"type": "Point", "coordinates": [7.01266, 47.88157]}}, {"type": "Feature", "properties": {"nom": "Valergues - Lansargues", "code_insee": "34321", "code_uic": "87773432", "segment": "C", "voyageurs": 20072, "voyageurs_2019": 8308, "tendance_pct": 141.6}, "geometry": {"type": "Point", "coordinates": [4.060109, 43.672678]}}, {"type": "Feature", "properties": {"nom": "Bressuire", "code_insee": "79049", "code_uic": "87487249", "segment": "C", "voyageurs": 20062, "voyageurs_2019": 23722, "tendance_pct": -15.4}, "geometry": {"type": "Point", "coordinates": [-0.496327, 46.838446]}}, {"type": "Feature", "properties": {"nom": "Angoulins sur Mer", "code_insee": "17010", "code_uic": "87485102", "segment": "C", "voyageurs": 20052, "voyageurs_2019": 11349, "tendance_pct": 76.7}, "geometry": {"type": "Point", "coordinates": [-1.11545, 46.108057]}}, {"type": "Feature", "properties": {"nom": "Fons - Saint-Mamert", "code_insee": "30112", "code_uic": "87775379", "segment": "C", "voyageurs": 20030, "voyageurs_2019": 23178, "tendance_pct": -13.6}, "geometry": {"type": "Point", "coordinates": [4.206669, 43.907319]}}, {"type": "Feature", "properties": {"nom": "Le Verdon-sur-Mer", "code_insee": "33544", "code_uic": "87581389", "segment": "C", "voyageurs": 20000, "voyageurs_2019": 10343, "tendance_pct": 93.4}, "geometry": {"type": "Point", "coordinates": [-1.065092, 45.549206]}}, {"type": "Feature", "properties": {"nom": "Montbazon", "code_insee": "37154", "code_uic": "87571406", "segment": "C", "voyageurs": 19969, "voyageurs_2019": 11899, "tendance_pct": 67.8}, "geometry": {"type": "Point", "coordinates": [0.721477, 47.291719]}}, {"type": "Feature", "properties": {"nom": "Guillerval", "code_insee": "91294", "code_uic": "87545129", "segment": "C", "voyageurs": 19953, "voyageurs_2019": 20584, "tendance_pct": -3.1}, "geometry": {"type": "Point", "coordinates": [2.059875, 48.374446]}}, {"type": "Feature", "properties": {"nom": "Saillans", "code_insee": "26289", "code_uic": "87761817", "segment": "C", "voyageurs": 19911, "voyageurs_2019": 13514, "tendance_pct": 47.3}, "geometry": {"type": "Point", "coordinates": [5.19404, 44.694437]}}, {"type": "Feature", "properties": {"nom": "Vidauban", "code_insee": "83148", "code_uic": "87755421", "segment": "C", "voyageurs": 19866, "voyageurs_2019": 12161, "tendance_pct": 63.4}, "geometry": {"type": "Point", "coordinates": [6.43385, 43.430942]}}, {"type": "Feature", "properties": {"nom": "Fleurville - Pont-de-Vaux", "code_insee": "71591", "code_uic": "87725663", "segment": "C", "voyageurs": 19817, "voyageurs_2019": 14190, "tendance_pct": 39.7}, "geometry": {"type": "Point", "coordinates": [4.884072, 46.450928]}}, {"type": "Feature", "properties": {"nom": "Carignan", "code_insee": "08090", "code_uic": "87172353", "segment": "C", "voyageurs": 19816, "voyageurs_2019": 20213, "tendance_pct": -2.0}, "geometry": {"type": "Point", "coordinates": [5.168475, 49.628574]}}, {"type": "Feature", "properties": {"nom": "Theillay", "code_insee": "41256", "code_uic": "87543199", "segment": "C", "voyageurs": 19701, "voyageurs_2019": 13704, "tendance_pct": 43.8}, "geometry": {"type": "Point", "coordinates": [2.044387, 47.31399]}}, {"type": "Feature", "properties": {"nom": "Lantenay", "code_insee": "21339", "code_uic": "87712323", "segment": "C", "voyageurs": 19691, "voyageurs_2019": 13643, "tendance_pct": 44.3}, "geometry": {"type": "Point", "coordinates": [4.860963, 47.335108]}}, {"type": "Feature", "properties": {"nom": "Les Eyzies-de-Tayac-Sireuil", "code_insee": "24172", "code_uic": "87595736", "segment": "C", "voyageurs": 19660, "voyageurs_2019": 20871, "tendance_pct": -5.8}, "geometry": {"type": "Point", "coordinates": [1.008194, 44.941192]}}, {"type": "Feature", "properties": {"nom": "Pougues-les-Eaux", "code_insee": "58214", "code_uic": "87696211", "segment": "C", "voyageurs": 19650, "voyageurs_2019": 13517, "tendance_pct": 45.4}, "geometry": {"type": "Point", "coordinates": [3.09403, 47.076784]}}, {"type": "Feature", "properties": {"nom": "Boves", "code_insee": "80131", "code_uic": "87313213", "segment": "C", "voyageurs": 19627, "voyageurs_2019": 18323, "tendance_pct": 7.1}, "geometry": {"type": "Point", "coordinates": [2.398116, 49.846235]}}, {"type": "Feature", "properties": {"nom": "Châtelaudren - Plouagat", "code_insee": "22206", "code_uic": "87473140", "segment": "C", "voyageurs": 19615, "voyageurs_2019": 11356, "tendance_pct": 72.7}, "geometry": {"type": "Point", "coordinates": [-2.974678, 48.533219]}}, {"type": "Feature", "properties": {"nom": "Corgoloin", "code_insee": "21194", "code_uic": "87713537", "segment": "C", "voyageurs": 19587, "voyageurs_2019": 15088, "tendance_pct": 29.8}, "geometry": {"type": "Point", "coordinates": [4.917123, 47.084198]}}, {"type": "Feature", "properties": {"nom": "Saint-Paterne-Racan", "code_insee": "37231", "code_uic": "87571554", "segment": "C", "voyageurs": 19548, "voyageurs_2019": 14497, "tendance_pct": 34.8}, "geometry": {"type": "Point", "coordinates": [0.478329, 47.6042]}}, {"type": "Feature", "properties": {"nom": "Longuerue - Vieux-Manoir", "code_insee": "76738", "code_uic": "87411447", "segment": "C", "voyageurs": 19440, "voyageurs_2019": 11158, "tendance_pct": 74.2}, "geometry": {"type": "Point", "coordinates": [1.276228, 49.556678]}}, {"type": "Feature", "properties": {"nom": "Voivres-lès-le-Mans", "code_insee": "72381", "code_uic": "87396358", "segment": "C", "voyageurs": 19379, "voyageurs_2019": 22708, "tendance_pct": -14.7}, "geometry": {"type": "Point", "coordinates": [0.085347, 47.93042]}}, {"type": "Feature", "properties": {"nom": "Saint-Geours-de-Maremne", "code_insee": "40261", "code_uic": "87673269", "segment": "C", "voyageurs": 19355, "voyageurs_2019": 5511, "tendance_pct": 251.2}, "geometry": {"type": "Point", "coordinates": [-1.24126, 43.671372]}}, {"type": "Feature", "properties": {"nom": "Farschviller", "code_insee": "57208", "code_uic": "87193524", "segment": "C", "voyageurs": 19353, "voyageurs_2019": 19952, "tendance_pct": -3.0}, "geometry": {"type": "Point", "coordinates": [6.908081, 49.087877]}}, {"type": "Feature", "properties": {"nom": "Viviez - Decazeville", "code_insee": "12305", "code_uic": "87613661", "segment": "C", "voyageurs": 19323, "voyageurs_2019": 14050, "tendance_pct": 37.5}, "geometry": {"type": "Point", "coordinates": [2.218258, 44.555568]}}, {"type": "Feature", "properties": {"nom": "Cravant - Bazarnes", "code_insee": "89030", "code_uic": "87683649", "segment": "C", "voyageurs": 19219, "voyageurs_2019": 8539, "tendance_pct": 125.1}, "geometry": {"type": "Point", "coordinates": [3.681174, 47.678508]}}, {"type": "Feature", "properties": {"nom": "Cambo-les-Bains", "code_insee": "64160", "code_uic": "87673657", "segment": "C", "voyageurs": 19208, "voyageurs_2019": 7449, "tendance_pct": 157.9}, "geometry": {"type": "Point", "coordinates": [-1.396685, 43.365624]}}, {"type": "Feature", "properties": {"nom": "Thézy-Glimont", "code_insee": "80752", "code_uic": "87316125", "segment": "C", "voyageurs": 19198, "voyageurs_2019": 14525, "tendance_pct": 32.2}, "geometry": {"type": "Point", "coordinates": [2.435931, 49.811853]}}, {"type": "Feature", "properties": {"nom": "Chazay - Marcilly", "code_insee": "69125", "code_uic": "87721415", "segment": "C", "voyageurs": 19195, "voyageurs_2019": 17133, "tendance_pct": 12.0}, "geometry": {"type": "Point", "coordinates": [4.725222, 45.872962]}}, {"type": "Feature", "properties": {"nom": "Montfort-le-Gesnois", "code_insee": "72241", "code_uic": "87396291", "segment": "C", "voyageurs": 19174, "voyageurs_2019": 34150, "tendance_pct": -43.9}, "geometry": {"type": "Point", "coordinates": [0.406424, 48.040566]}}, {"type": "Feature", "properties": {"nom": "Dompierre Sept Fons", "code_insee": "03102", "code_uic": "87696427", "segment": "C", "voyageurs": 19081, "voyageurs_2019": 14413, "tendance_pct": 32.4}, "geometry": {"type": "Point", "coordinates": [3.674931, 46.526317]}}, {"type": "Feature", "properties": {"nom": "Bessay-sur-Allier", "code_insee": "03025", "code_uic": "87696336", "segment": "C", "voyageurs": 19060, "voyageurs_2019": 13912, "tendance_pct": 37.0}, "geometry": {"type": "Point", "coordinates": [3.360648, 46.443585]}}, {"type": "Feature", "properties": {"nom": "Le Cailar", "code_insee": "30059", "code_uic": "87775825", "segment": "C", "voyageurs": 19060, "voyageurs_2019": 1551, "tendance_pct": 1128.9}, "geometry": {"type": "Point", "coordinates": [4.235424, 43.683414]}}, {"type": "Feature", "properties": {"nom": "Vallon-en-Sully", "code_insee": "03297", "code_uic": "87641357", "segment": "C", "voyageurs": 18949, "voyageurs_2019": 26669, "tendance_pct": -28.9}, "geometry": {"type": "Point", "coordinates": [2.610754, 46.536328]}}, {"type": "Feature", "properties": {"nom": "La Rivière-Drugeon", "code_insee": "25493", "code_uic": "87715144", "segment": "C", "voyageurs": 18840, "voyageurs_2019": 24754, "tendance_pct": -23.9}, "geometry": {"type": "Point", "coordinates": [6.213333, 46.870151]}}, {"type": "Feature", "properties": {"nom": "Argentière", "code_insee": "74056", "code_uic": "87746859", "segment": "C", "voyageurs": 18836, "voyageurs_2019": 14463, "tendance_pct": 30.2}, "geometry": {"type": "Point", "coordinates": [6.926484, 45.981944]}}, {"type": "Feature", "properties": {"nom": "Gadagne", "code_insee": "84036", "code_uic": "87765446", "segment": "C", "voyageurs": 18821, "voyageurs_2019": 9321, "tendance_pct": 101.9}, "geometry": {"type": "Point", "coordinates": [4.956809, 43.929682]}}, {"type": "Feature", "properties": {"nom": "Brandérion", "code_insee": "56021", "code_uic": "87476242", "segment": "C", "voyageurs": 18657, "voyageurs_2019": 8446, "tendance_pct": 120.9}, "geometry": {"type": "Point", "coordinates": [-3.19404, 47.782318]}}, {"type": "Feature", "properties": {"nom": "Coron de Méricourt", "code_insee": "62570", "code_uic": "87345132", "segment": "C", "voyageurs": 18631, "voyageurs_2019": 33746, "tendance_pct": -44.8}, "geometry": {"type": "Point", "coordinates": [2.885408, 50.415005]}}, {"type": "Feature", "properties": {"nom": "Saint-Priest-Taurion", "code_insee": "87178", "code_uic": "87592055", "segment": "C", "voyageurs": 18465, "voyageurs_2019": 18933, "tendance_pct": -2.5}, "geometry": {"type": "Point", "coordinates": [1.40023, 45.887238]}}, {"type": "Feature", "properties": {"nom": "Auchy-lès-Hesdin", "code_insee": "62050", "code_uic": "87317230", "segment": "C", "voyageurs": 18453, "voyageurs_2019": 1133, "tendance_pct": 1528.7}, "geometry": {"type": "Point", "coordinates": [2.102245, 50.396363]}}, {"type": "Feature", "properties": {"nom": "Sallaumines", "code_insee": "62771", "code_uic": "87345215", "segment": "C", "voyageurs": 18391, "voyageurs_2019": 15527, "tendance_pct": 18.4}, "geometry": {"type": "Point", "coordinates": [2.855677, 50.422327]}}, {"type": "Feature", "properties": {"nom": "Saint-Antoine-du-Rocher", "code_insee": "37206", "code_uic": "87571539", "segment": "C", "voyageurs": 18277, "voyageurs_2019": 14268, "tendance_pct": 28.1}, "geometry": {"type": "Point", "coordinates": [0.616468, 47.503839]}}, {"type": "Feature", "properties": {"nom": "Saint-Patrice", "code_insee": "37232", "code_uic": "87571810", "segment": "C", "voyageurs": 18215, "voyageurs_2019": 10059, "tendance_pct": 81.1}, "geometry": {"type": "Point", "coordinates": [0.309692, 47.285539]}}, {"type": "Feature", "properties": {"nom": "Buzy en Béarn", "code_insee": "64157", "code_uic": "87672634", "segment": "C", "voyageurs": 18102, "voyageurs_2019": 9425, "tendance_pct": 92.1}, "geometry": {"type": "Point", "coordinates": [-0.455886, 43.148272]}}, {"type": "Feature", "properties": {"nom": "Heiligenberg - Mollkirch", "code_insee": "67299", "code_uic": "87214627", "segment": "C", "voyageurs": 18027, "voyageurs_2019": 26388, "tendance_pct": -31.7}, "geometry": {"type": "Point", "coordinates": [7.381426, 48.527313]}}, {"type": "Feature", "properties": {"nom": "Sainte-Colombe", "code_insee": "25515", "code_uic": "87715151", "segment": "C", "voyageurs": 17963, "voyageurs_2019": 12094, "tendance_pct": 48.5}, "geometry": {"type": "Point", "coordinates": [6.265975, 46.879207]}}, {"type": "Feature", "properties": {"nom": "Saint-Cyprien", "code_insee": "24396", "code_uic": "87595777", "segment": "C", "voyageurs": 17908, "voyageurs_2019": 5546, "tendance_pct": 222.9}, "geometry": {"type": "Point", "coordinates": [1.043467, 44.863273]}}, {"type": "Feature", "properties": {"nom": "Rouillé", "code_insee": "86213", "code_uic": "87485532", "segment": "C", "voyageurs": 17896, "voyageurs_2019": 11199, "tendance_pct": 59.8}, "geometry": {"type": "Point", "coordinates": [0.042169, 46.419021]}}, {"type": "Feature", "properties": {"nom": "Châtillon d'Azergues", "code_insee": "03069", "code_uic": "87721753", "segment": "C", "voyageurs": 17727, "voyageurs_2019": 19714, "tendance_pct": -10.1}, "geometry": {"type": "Point", "coordinates": [4.645116, 45.875181]}}, {"type": "Feature", "properties": {"nom": "Fouday", "code_insee": "67144", "code_uic": "87214734", "segment": "C", "voyageurs": 17713, "voyageurs_2019": 10791, "tendance_pct": 64.1}, "geometry": {"type": "Point", "coordinates": [7.187425, 48.424887]}}, {"type": "Feature", "properties": {"nom": "Mennessis", "code_insee": "02474", "code_uic": "87296434", "segment": "C", "voyageurs": 17608, "voyageurs_2019": 6698, "tendance_pct": 162.9}, "geometry": {"type": "Point", "coordinates": [3.271114, 49.691599]}}, {"type": "Feature", "properties": {"nom": "Pouilly-sur-Loire", "code_insee": "58215", "code_uic": "87696179", "segment": "C", "voyageurs": 17547, "voyageurs_2019": 10479, "tendance_pct": 67.4}, "geometry": {"type": "Point", "coordinates": [2.966063, 47.28217]}}, {"type": "Feature", "properties": {"nom": "La Jonchère-Saint-Maurice", "code_insee": "87079", "code_uic": "87592337", "segment": "C", "voyageurs": 17523, "voyageurs_2019": 12096, "tendance_pct": 44.9}, "geometry": {"type": "Point", "coordinates": [1.480385, 45.994458]}}, {"type": "Feature", "properties": {"nom": "Nozières - Brignon", "code_insee": "30046", "code_uic": "87775353", "segment": "C", "voyageurs": 17407, "voyageurs_2019": 12945, "tendance_pct": 34.5}, "geometry": {"type": "Point", "coordinates": [4.207292, 43.976013]}}, {"type": "Feature", "properties": {"nom": "Aubigny-au-Bac", "code_insee": "59026", "code_uic": "87345447", "segment": "C", "voyageurs": 17375, "voyageurs_2019": 50636, "tendance_pct": -65.7}, "geometry": {"type": "Point", "coordinates": [3.158706, 50.268532]}}, {"type": "Feature", "properties": {"nom": "Bénestroff", "code_insee": "57060", "code_uic": "87192302", "segment": "C", "voyageurs": 17250, "voyageurs_2019": 11223, "tendance_pct": 53.7}, "geometry": {"type": "Point", "coordinates": [6.75266, 48.90656]}}, {"type": "Feature", "properties": {"nom": "La Ricamarie", "code_insee": "42183", "code_uic": "87726703", "segment": "C", "voyageurs": 17242, "voyageurs_2019": 10351, "tendance_pct": 66.6}, "geometry": {"type": "Point", "coordinates": [4.360686, 45.404152]}}, {"type": "Feature", "properties": {"nom": "Penne-d'Agenais", "code_insee": "47203", "code_uic": "87586438", "segment": "C", "voyageurs": 17126, "voyageurs_2019": 17528, "tendance_pct": -2.3}, "geometry": {"type": "Point", "coordinates": [0.802978, 44.379986]}}, {"type": "Feature", "properties": {"nom": "Avoudrey", "code_insee": "25039", "code_uic": "87718551", "segment": "C", "voyageurs": 17115, "voyageurs_2019": 21973, "tendance_pct": -22.1}, "geometry": {"type": "Point", "coordinates": [6.434573, 47.129836]}}, {"type": "Feature", "properties": {"nom": "Hombourg-Haut", "code_insee": "57332", "code_uic": "87193276", "segment": "C", "voyageurs": 17089, "voyageurs_2019": 10604, "tendance_pct": 61.2}, "geometry": {"type": "Point", "coordinates": [6.77427, 49.126109]}}, {"type": "Feature", "properties": {"nom": "Trith-Saint-Léger", "code_insee": "59603", "code_uic": "87343400", "segment": "C", "voyageurs": 17066, "voyageurs_2019": 10673, "tendance_pct": 59.9}, "geometry": {"type": "Point", "coordinates": [3.489325, 50.331815]}}, {"type": "Feature", "properties": {"nom": "Saint-Macaire", "code_insee": "33435", "code_uic": "87582825", "segment": "C", "voyageurs": 17006, "voyageurs_2019": 15852, "tendance_pct": 7.3}, "geometry": {"type": "Point", "coordinates": [-0.22706, 44.568622]}}, {"type": "Feature", "properties": {"nom": "Vern-sur-Seiche", "code_insee": "35352", "code_uic": "87471029", "segment": "C", "voyageurs": 16997, "voyageurs_2019": 6696, "tendance_pct": 153.8}, "geometry": {"type": "Point", "coordinates": [-1.596652, 48.046971]}}, {"type": "Feature", "properties": {"nom": "Chantonnay", "code_insee": "85051", "code_uic": "87486332", "segment": "C", "voyageurs": 16990, "voyageurs_2019": 17727, "tendance_pct": -4.2}, "geometry": {"type": "Point", "coordinates": [-1.054414, 46.689847]}}, {"type": "Feature", "properties": {"nom": "Formerie", "code_insee": "60245", "code_uic": "87313833", "segment": "C", "voyageurs": 16963, "voyageurs_2019": 10336, "tendance_pct": 64.1}, "geometry": {"type": "Point", "coordinates": [1.722908, 49.654218]}}, {"type": "Feature", "properties": {"nom": "Sermizelles - Vézelay", "code_insee": "89190", "code_uic": "87683722", "segment": "C", "voyageurs": 16943, "voyageurs_2019": 12225, "tendance_pct": 38.6}, "geometry": {"type": "Point", "coordinates": [3.79287, 47.528907]}}, {"type": "Feature", "properties": {"nom": "Olonne-sur-Mer", "code_insee": "85166", "code_uic": "87486431", "segment": "C", "voyageurs": 16917, "voyageurs_2019": 8921, "tendance_pct": 89.6}, "geometry": {"type": "Point", "coordinates": [-1.76738, 46.54866]}}, {"type": "Feature", "properties": {"nom": "Saint-Victor-l'Abbaye", "code_insee": "76602", "code_uic": "87415166", "segment": "C", "voyageurs": 16819, "voyageurs_2019": 13221, "tendance_pct": 27.2}, "geometry": {"type": "Point", "coordinates": [1.109712, 49.677035]}}, {"type": "Feature", "properties": {"nom": "Veigné", "code_insee": "37266", "code_uic": "87571414", "segment": "C", "voyageurs": 16760, "voyageurs_2019": 10360, "tendance_pct": 61.8}, "geometry": {"type": "Point", "coordinates": [0.734881, 47.291525]}}, {"type": "Feature", "properties": {"nom": "Grésy-sur-Isère", "code_insee": "73129", "code_uic": "87741611", "segment": "C", "voyageurs": 16740, "voyageurs_2019": 17257, "tendance_pct": -3.0}, "geometry": {"type": "Point", "coordinates": [6.258858, 45.594432]}}, {"type": "Feature", "properties": {"nom": "La Faloise", "code_insee": "80299", "code_uic": "87313239", "segment": "C", "voyageurs": 16712, "voyageurs_2019": 8722, "tendance_pct": 91.6}, "geometry": {"type": "Point", "coordinates": [2.348581, 49.696527]}}, {"type": "Feature", "properties": {"nom": "Jaux", "code_insee": "60325", "code_uic": "87272013", "segment": "C", "voyageurs": 16681, "voyageurs_2019": 9771, "tendance_pct": 70.7}, "geometry": {"type": "Point", "coordinates": [2.777316, 49.386803]}}, {"type": "Feature", "properties": {"nom": "Saubusse", "code_insee": "40293", "code_uic": "87673251", "segment": "C", "voyageurs": 16584, "voyageurs_2019": 6923, "tendance_pct": 139.5}, "geometry": {"type": "Point", "coordinates": [-1.19017, 43.660333]}}, {"type": "Feature", "properties": {"nom": "Montescourt-Lizerolles", "code_insee": "02504", "code_uic": "87296418", "segment": "C", "voyageurs": 16575, "voyageurs_2019": 12805, "tendance_pct": 29.4}, "geometry": {"type": "Point", "coordinates": [3.251976, 49.738084]}}, {"type": "Feature", "properties": {"nom": "Aubigné-Racan", "code_insee": "72013", "code_uic": "87396572", "segment": "C", "voyageurs": 16549, "voyageurs_2019": 13396, "tendance_pct": 23.5}, "geometry": {"type": "Point", "coordinates": [0.265771, 47.686945]}}, {"type": "Feature", "properties": {"nom": "Mont-sur-Meurthe", "code_insee": "54383", "code_uic": "87141143", "segment": "C", "voyageurs": 16486, "voyageurs_2019": 10788, "tendance_pct": 52.8}, "geometry": {"type": "Point", "coordinates": [6.449644, 48.559946]}}, {"type": "Feature", "properties": {"nom": "Saint-Jodard", "code_insee": "42241", "code_uic": "87726851", "segment": "C", "voyageurs": 16466, "voyageurs_2019": 12481, "tendance_pct": 31.9}, "geometry": {"type": "Point", "coordinates": [4.125231, 45.885712]}}, {"type": "Feature", "properties": {"nom": "Houlgate", "code_insee": "14338", "code_uic": "87444406", "segment": "C", "voyageurs": 16448, "voyageurs_2019": 15283, "tendance_pct": 7.6}, "geometry": {"type": "Point", "coordinates": [-0.077228, 49.300071]}}, {"type": "Feature", "properties": {"nom": "Lardenne", "code_insee": "31555", "code_uic": "87611939", "segment": "C", "voyageurs": 16448, "voyageurs_2019": 11783, "tendance_pct": 39.6}, "geometry": {"type": "Point", "coordinates": [1.383925, 43.596626]}}, {"type": "Feature", "properties": {"nom": "Anvin", "code_insee": "62036", "code_uic": "87317255", "segment": "C", "voyageurs": 16399, "voyageurs_2019": 811, "tendance_pct": 1922.1}, "geometry": {"type": "Point", "coordinates": [2.25494, 50.446845]}}, {"type": "Feature", "properties": {"nom": "Anthéor Cap Roux", "code_insee": "83118", "code_uic": "87757567", "segment": "C", "voyageurs": 16306, "voyageurs_2019": 6677, "tendance_pct": 144.2}, "geometry": {"type": "Point", "coordinates": [6.892104, 43.434964]}}, {"type": "Feature", "properties": {"nom": "Beaumont-le-Roger", "code_insee": "27051", "code_uic": "87387183", "segment": "C", "voyageurs": 16294, "voyageurs_2019": 12520, "tendance_pct": 30.1}, "geometry": {"type": "Point", "coordinates": [0.772787, 49.074172]}}, {"type": "Feature", "properties": {"nom": "Uchaud", "code_insee": "30333", "code_uic": "87775106", "segment": "C", "voyageurs": 16231, "voyageurs_2019": 1696, "tendance_pct": 857.0}, "geometry": {"type": "Point", "coordinates": [4.26831, 43.758399]}}, {"type": "Feature", "properties": {"nom": "Hoffen", "code_insee": "67206", "code_uic": "87213447", "segment": "C", "voyageurs": 16148, "voyageurs_2019": 11441, "tendance_pct": 41.1}, "geometry": {"type": "Point", "coordinates": [7.933587, 48.931247]}}, {"type": "Feature", "properties": {"nom": "Flavy-le-Martel", "code_insee": "02315", "code_uic": "87296871", "segment": "C", "voyageurs": 16102, "voyageurs_2019": 13988, "tendance_pct": 15.1}, "geometry": {"type": "Point", "coordinates": [3.190508, 49.718738]}}, {"type": "Feature", "properties": {"nom": "Saint-Nabord", "code_insee": "88429", "code_uic": "87146217", "segment": "C", "voyageurs": 16015, "voyageurs_2019": 6705, "tendance_pct": 138.9}, "geometry": {"type": "Point", "coordinates": [6.581894, 48.046172]}}, {"type": "Feature", "properties": {"nom": "Salomé", "code_insee": "59550", "code_uic": "87342451", "segment": "C", "voyageurs": 16011, "voyageurs_2019": 12839, "tendance_pct": 24.7}, "geometry": {"type": "Point", "coordinates": [2.836608, 50.541453]}}, {"type": "Feature", "properties": {"nom": "Saint-Pierre-le-Moûtier", "code_insee": "58264", "code_uic": "87696294", "segment": "C", "voyageurs": 15926, "voyageurs_2019": 7044, "tendance_pct": 126.1}, "geometry": {"type": "Point", "coordinates": [3.111743, 46.793237]}}, {"type": "Feature", "properties": {"nom": "Chamelet", "code_insee": "69039", "code_uic": "87721829", "segment": "C", "voyageurs": 15905, "voyageurs_2019": 13321, "tendance_pct": 19.4}, "geometry": {"type": "Point", "coordinates": [4.506935, 45.981641]}}, {"type": "Feature", "properties": {"nom": "Milly-sur-Thérain", "code_insee": "60403", "code_uic": "87313700", "segment": "C", "voyageurs": 15904, "voyageurs_2019": 5878, "tendance_pct": 170.6}, "geometry": {"type": "Point", "coordinates": [1.988233, 49.503526]}}, {"type": "Feature", "properties": {"nom": "Mervans", "code_insee": "71295", "code_uic": "87713701", "segment": "C", "voyageurs": 15893, "voyageurs_2019": 9278, "tendance_pct": 71.3}, "geometry": {"type": "Point", "coordinates": [5.17941, 46.798893]}}, {"type": "Feature", "properties": {"nom": "Aguilcourt - Variscourt", "code_insee": "02761", "code_uic": "87171702", "segment": "C", "voyageurs": 15866, "voyageurs_2019": 8796, "tendance_pct": 80.4}, "geometry": {"type": "Point", "coordinates": [3.973137, 49.408017]}}, {"type": "Feature", "properties": {"nom": "Monéteau - Gurgy", "code_insee": "89263", "code_uic": "87683557", "segment": "C", "voyageurs": 15866, "voyageurs_2019": 16007, "tendance_pct": -0.9}, "geometry": {"type": "Point", "coordinates": [3.579807, 47.850786]}}, {"type": "Feature", "properties": {"nom": "Kalhausen", "code_insee": "57355", "code_uic": "87193664", "segment": "C", "voyageurs": 15857, "voyageurs_2019": 10784, "tendance_pct": 47.0}, "geometry": {"type": "Point", "coordinates": [7.125352, 49.035058]}}, {"type": "Feature", "properties": {"nom": "Le Trayas", "code_insee": "83118", "code_uic": "87757575", "segment": "C", "voyageurs": 15847, "voyageurs_2019": 7145, "tendance_pct": 121.8}, "geometry": {"type": "Point", "coordinates": [6.924344, 43.474664]}}, {"type": "Feature", "properties": {"nom": "Le Bugue", "code_insee": "24067", "code_uic": "87595744", "segment": "C", "voyageurs": 15827, "voyageurs_2019": 11454, "tendance_pct": 38.2}, "geometry": {"type": "Point", "coordinates": [0.942795, 44.905689]}}, {"type": "Feature", "properties": {"nom": "Marvejols", "code_insee": "48092", "code_uic": "87783282", "segment": "C", "voyageurs": 15765, "voyageurs_2019": 15747, "tendance_pct": 0.1}, "geometry": {"type": "Point", "coordinates": [3.281072, 44.544682]}}, {"type": "Feature", "properties": {"nom": "Baraqueville Carcenac Peyralès", "code_insee": "12056", "code_uic": "87615757", "segment": "C", "voyageurs": 15762, "voyageurs_2019": 9837, "tendance_pct": 60.2}, "geometry": {"type": "Point", "coordinates": [2.427545, 44.270437]}}, {"type": "Feature", "properties": {"nom": "Villers-Saint-Sépulcre", "code_insee": "60685", "code_uic": "87313593", "segment": "C", "voyageurs": 15743, "voyageurs_2019": 8094, "tendance_pct": 94.5}, "geometry": {"type": "Point", "coordinates": [2.220439, 49.368078]}}, {"type": "Feature", "properties": {"nom": "Chaugey", "code_insee": "21356", "code_uic": "87712679", "segment": "C", "voyageurs": 15732, "voyageurs_2019": 9833, "tendance_pct": 60.0}, "geometry": {"type": "Point", "coordinates": [5.255191, 47.087204]}}, {"type": "Feature", "properties": {"nom": "Arleux", "code_insee": "59015", "code_uic": "87345421", "segment": "C", "voyageurs": 15728, "voyageurs_2019": 39865, "tendance_pct": -60.5}, "geometry": {"type": "Point", "coordinates": [3.120807, 50.28632]}}, {"type": "Feature", "properties": {"nom": "Miraumont", "code_insee": "80549", "code_uic": "87342030", "segment": "C", "voyageurs": 15693, "voyageurs_2019": 20130, "tendance_pct": -22.0}, "geometry": {"type": "Point", "coordinates": [2.734475, 50.095852]}}, {"type": "Feature", "properties": {"nom": "Aixe-sur-Vienne", "code_insee": "87001", "code_uic": "87592667", "segment": "C", "voyageurs": 15677, "voyageurs_2019": 10016, "tendance_pct": 56.5}, "geometry": {"type": "Point", "coordinates": [1.145689, 45.7965]}}, {"type": "Feature", "properties": {"nom": "Les Cabannes", "code_insee": "09070", "code_uic": "87611574", "segment": "C", "voyageurs": 15652, "voyageurs_2019": 7119, "tendance_pct": 119.9}, "geometry": {"type": "Point", "coordinates": [1.686298, 42.786285]}}, {"type": "Feature", "properties": {"nom": "Servoz", "code_insee": "74143", "code_uic": "87746719", "segment": "C", "voyageurs": 15645, "voyageurs_2019": 9679, "tendance_pct": 61.6}, "geometry": {"type": "Point", "coordinates": [6.763444, 45.924459]}}, {"type": "Feature", "properties": {"nom": "Saint-Aunès", "code_insee": "34240", "code_uic": "87773465", "segment": "C", "voyageurs": 15540, "voyageurs_2019": 3044, "tendance_pct": 410.5}, "geometry": {"type": "Point", "coordinates": [3.962899, 43.635438]}}, {"type": "Feature", "properties": {"nom": "Lexos", "code_insee": "82187", "code_uic": "87613489", "segment": "C", "voyageurs": 15501, "voyageurs_2019": 8511, "tendance_pct": 82.1}, "geometry": {"type": "Point", "coordinates": [1.885101, 44.142396]}}, {"type": "Feature", "properties": {"nom": "Viviers-du-Lac", "code_insee": "73328", "code_uic": "87741140", "segment": "C", "voyageurs": 15335, "voyageurs_2019": 8953, "tendance_pct": 71.3}, "geometry": {"type": "Point", "coordinates": [5.903339, 45.648502]}}, {"type": "Feature", "properties": {"nom": "Luttenbach-près-Munster", "code_insee": "68193", "code_uic": "87182543", "segment": "C", "voyageurs": 15291, "voyageurs_2019": 10194, "tendance_pct": 50.0}, "geometry": {"type": "Point", "coordinates": [7.118631, 48.035256]}}, {"type": "Feature", "properties": {"nom": "Aubin", "code_insee": "12013", "code_uic": "87613224", "segment": "C", "voyageurs": 15163, "voyageurs_2019": 5717, "tendance_pct": 165.2}, "geometry": {"type": "Point", "coordinates": [2.239313, 44.527276]}}, {"type": "Feature", "properties": {"nom": "Roppenheim", "code_insee": "67025", "code_uic": "87212415", "segment": "C", "voyageurs": 15090, "voyageurs_2019": 12481, "tendance_pct": 20.9}, "geometry": {"type": "Point", "coordinates": [8.062311, 48.851096]}}, {"type": "Feature", "properties": {"nom": "L'Hôpital-du-Grosbois", "code_insee": "25305", "code_uic": "87718528", "segment": "C", "voyageurs": 15081, "voyageurs_2019": 20152, "tendance_pct": -25.2}, "geometry": {"type": "Point", "coordinates": [6.213086, 47.169102]}}, {"type": "Feature", "properties": {"nom": "Vic-sur-Cère", "code_insee": "15258", "code_uic": "87645440", "segment": "C", "voyageurs": 14971, "voyageurs_2019": 9244, "tendance_pct": 62.0}, "geometry": {"type": "Point", "coordinates": [2.631664, 44.975877]}}, {"type": "Feature", "properties": {"nom": "Génelard", "code_insee": "71212", "code_uic": "87694653", "segment": "C", "voyageurs": 14966, "voyageurs_2019": 13655, "tendance_pct": 9.6}, "geometry": {"type": "Point", "coordinates": [4.237997, 46.581218]}}, {"type": "Feature", "properties": {"nom": "Plancoët", "code_insee": "22172", "code_uic": "87473272", "segment": "C", "voyageurs": 14960, "voyageurs_2019": 11118, "tendance_pct": 34.6}, "geometry": {"type": "Point", "coordinates": [-2.228921, 48.521679]}}, {"type": "Feature", "properties": {"nom": "Bas Évette", "code_insee": "90042", "code_uic": "87184200", "segment": "C", "voyageurs": 14957, "voyageurs_2019": 6821, "tendance_pct": 119.3}, "geometry": {"type": "Point", "coordinates": [6.806849, 47.681009]}}, {"type": "Feature", "properties": {"nom": "Clermont La Rotonde", "code_insee": "63113", "code_uic": "87396895", "segment": "C", "voyageurs": 14956, "voyageurs_2019": 11686, "tendance_pct": 28.0}, "geometry": {"type": "Point", "coordinates": [3.09097, 45.768095]}}, {"type": "Feature", "properties": {"nom": "Jarrie - Vizille", "code_insee": "38200", "code_uic": "87747535", "segment": "C", "voyageurs": 14946, "voyageurs_2019": 17869, "tendance_pct": -16.4}, "geometry": {"type": "Point", "coordinates": [5.742449, 45.085454]}}, {"type": "Feature", "properties": {"nom": "Lavoûte-sur-Loire", "code_insee": "43119", "code_uic": "87734707", "segment": "C", "voyageurs": 14909, "voyageurs_2019": 8833, "tendance_pct": 68.8}, "geometry": {"type": "Point", "coordinates": [3.90541, 45.12145]}}, {"type": "Feature", "properties": {"nom": "Sotteville-lès-Rouen", "code_insee": "76681", "code_uic": "87411223", "segment": "C", "voyageurs": 14899, "voyageurs_2019": 20331, "tendance_pct": -26.7}, "geometry": {"type": "Point", "coordinates": [1.102362, 49.412948]}}, {"type": "Feature", "properties": {"nom": "Lamonzie-Saint-Martin", "code_insee": "24225", "code_uic": "87584243", "segment": "C", "voyageurs": 14865, "voyageurs_2019": 750, "tendance_pct": 1882.0}, "geometry": {"type": "Point", "coordinates": [0.385461, 44.845025]}}, {"type": "Feature", "properties": {"nom": "Bretigny - Norges", "code_insee": "21107", "code_uic": "87712265", "segment": "C", "voyageurs": 14818, "voyageurs_2019": 8764, "tendance_pct": 69.1}, "geometry": {"type": "Point", "coordinates": [5.110584, 47.390044]}}, {"type": "Feature", "properties": {"nom": "Ogeu-les-Bains", "code_insee": "64421", "code_uic": "87672709", "segment": "C", "voyageurs": 14763, "voyageurs_2019": 9014, "tendance_pct": 63.8}, "geometry": {"type": "Point", "coordinates": [-0.507647, 43.153939]}}, {"type": "Feature", "properties": {"nom": "Houdemont", "code_insee": "54265", "code_uic": "87141473", "segment": "C", "voyageurs": 14750, "voyageurs_2019": 7963, "tendance_pct": 85.2}, "geometry": {"type": "Point", "coordinates": [6.179725, 48.645478]}}, {"type": "Feature", "properties": {"nom": "Notre-Dame de Briançon", "code_insee": "73187", "code_uic": "87741694", "segment": "C", "voyageurs": 14715, "voyageurs_2019": 5366, "tendance_pct": 174.2}, "geometry": {"type": "Point", "coordinates": [6.468778, 45.539319]}}, {"type": "Feature", "properties": {"nom": "Amifontaine", "code_insee": "02013", "code_uic": "87171744", "segment": "C", "voyageurs": 14700, "voyageurs_2019": 14722, "tendance_pct": -0.1}, "geometry": {"type": "Point", "coordinates": [3.910581, 49.484732]}}, {"type": "Feature", "properties": {"nom": "Blanzy", "code_insee": "71040", "code_uic": "87694612", "segment": "C", "voyageurs": 14625, "voyageurs_2019": 13853, "tendance_pct": 5.6}, "geometry": {"type": "Point", "coordinates": [4.391358, 46.694064]}}, {"type": "Feature", "properties": {"nom": "Plestan", "code_insee": "22193", "code_uic": "87473090", "segment": "C", "voyageurs": 14569, "voyageurs_2019": 7316, "tendance_pct": 99.1}, "geometry": {"type": "Point", "coordinates": [-2.442461, 48.425646]}}, {"type": "Feature", "properties": {"nom": "Plouharnel - Carnac", "code_insee": "56168", "code_uic": "87476416", "segment": "C", "voyageurs": 14556, "voyageurs_2019": 5478, "tendance_pct": 165.7}, "geometry": {"type": "Point", "coordinates": [-3.118448, 47.604294]}}, {"type": "Feature", "properties": {"nom": "Saint-Vincent le Château", "code_insee": "43230", "code_uic": "87734715", "segment": "C", "voyageurs": 14337, "voyageurs_2019": 11474, "tendance_pct": 25.0}, "geometry": {"type": "Point", "coordinates": [3.918627, 45.148879]}}, {"type": "Feature", "properties": {"nom": "Dingé", "code_insee": "35094", "code_uic": "87478040", "segment": "C", "voyageurs": 14285, "voyageurs_2019": 11488, "tendance_pct": 24.3}, "geometry": {"type": "Point", "coordinates": [-1.685973, 48.350738]}}, {"type": "Feature", "properties": {"nom": "Assier", "code_insee": "46009", "code_uic": "87613075", "segment": "C", "voyageurs": 14255, "voyageurs_2019": 8883, "tendance_pct": 60.5}, "geometry": {"type": "Point", "coordinates": [1.869768, 44.67462]}}, {"type": "Feature", "properties": {"nom": "Saint-Pierre-d'Aurillac", "code_insee": "33463", "code_uic": "87582833", "segment": "C", "voyageurs": 14228, "voyageurs_2019": 6221, "tendance_pct": 128.7}, "geometry": {"type": "Point", "coordinates": [-0.187622, 44.575245]}}, {"type": "Feature", "properties": {"nom": "Barsac", "code_insee": "33030", "code_uic": "87582759", "segment": "C", "voyageurs": 14168, "voyageurs_2019": 19071, "tendance_pct": -25.7}, "geometry": {"type": "Point", "coordinates": [-0.321578, 44.605431]}}, {"type": "Feature", "properties": {"nom": "Luc-la-Primaube", "code_insee": "12133", "code_uic": "87615773", "segment": "C", "voyageurs": 14143, "voyageurs_2019": 6669, "tendance_pct": 112.1}, "geometry": {"type": "Point", "coordinates": [2.554475, 44.291398]}}, {"type": "Feature", "properties": {"nom": "Marssac-sur-Tarn", "code_insee": "81156", "code_uic": "87615419", "segment": "C", "voyageurs": 14133, "voyageurs_2019": 9832, "tendance_pct": 43.7}, "geometry": {"type": "Point", "coordinates": [2.026913, 43.91518]}}, {"type": "Feature", "properties": {"nom": "Lunel-Viel", "code_insee": "34146", "code_uic": "87773424", "segment": "C", "voyageurs": 14100, "voyageurs_2019": 5517, "tendance_pct": 155.6}, "geometry": {"type": "Point", "coordinates": [4.09374, 43.681173]}}, {"type": "Feature", "properties": {"nom": "Saint-Rambert-en-Bugey", "code_insee": "01384", "code_uic": "87743740", "segment": "C", "voyageurs": 14099, "voyageurs_2019": 13428, "tendance_pct": 5.0}, "geometry": {"type": "Point", "coordinates": [5.438622, 45.94734]}}, {"type": "Feature", "properties": {"nom": "Saint-Joseph le Castellas", "code_insee": "13215", "code_uic": "87759316", "segment": "C", "voyageurs": 14054, "voyageurs_2019": 5908, "tendance_pct": 137.9}, "geometry": {"type": "Point", "coordinates": [5.377068, 43.351898]}}, {"type": "Feature", "properties": {"nom": "Pamproux", "code_insee": "79201", "code_uic": "87485524", "segment": "C", "voyageurs": 13992, "voyageurs_2019": 9903, "tendance_pct": 41.3}, "geometry": {"type": "Point", "coordinates": [-0.051931, 46.39963]}}, {"type": "Feature", "properties": {"nom": "Champagné", "code_insee": "72054", "code_uic": "87396275", "segment": "C", "voyageurs": 13965, "voyageurs_2019": 22836, "tendance_pct": -38.8}, "geometry": {"type": "Point", "coordinates": [0.335225, 48.019712]}}, {"type": "Feature", "properties": {"nom": "Renescure", "code_insee": "59497", "code_uic": "87281451", "segment": "C", "voyageurs": 13952, "voyageurs_2019": 27002, "tendance_pct": -48.3}, "geometry": {"type": "Point", "coordinates": [2.371364, 50.732006]}}, {"type": "Feature", "properties": {"nom": "Laifour", "code_insee": "08242", "code_uic": "87172072", "segment": "C", "voyageurs": 13911, "voyageurs_2019": 13098, "tendance_pct": 6.2}, "geometry": {"type": "Point", "coordinates": [4.692348, 49.911256]}}, {"type": "Feature", "properties": {"nom": "Cordes - Vindrac", "code_insee": "81320", "code_uic": "87613802", "segment": "C", "voyageurs": 13899, "voyageurs_2019": 9138, "tendance_pct": 52.1}, "geometry": {"type": "Point", "coordinates": [1.900229, 44.067189]}}, {"type": "Feature", "properties": {"nom": "Heilly", "code_insee": "80426", "code_uic": "87316059", "segment": "C", "voyageurs": 13785, "voyageurs_2019": 5151, "tendance_pct": 167.6}, "geometry": {"type": "Point", "coordinates": [2.539659, 49.943519]}}, {"type": "Feature", "properties": {"nom": "Les Bardys", "code_insee": "87178", "code_uic": "87592048", "segment": "C", "voyageurs": 13718, "voyageurs_2019": 1653, "tendance_pct": 729.9}, "geometry": {"type": "Point", "coordinates": [1.377389, 45.904687]}}, {"type": "Feature", "properties": {"nom": "Marseillan Plage", "code_insee": "34150", "code_uic": "87781294", "segment": "C", "voyageurs": 13672, "voyageurs_2019": 10913, "tendance_pct": 25.3}, "geometry": {"type": "Point", "coordinates": [3.535528, 43.318196]}}, {"type": "Feature", "properties": {"nom": "Gilley", "code_insee": "25271", "code_uic": "87718577", "segment": "C", "voyageurs": 13613, "voyageurs_2019": 21293, "tendance_pct": -36.1}, "geometry": {"type": "Point", "coordinates": [6.492568, 47.050063]}}, {"type": "Feature", "properties": {"nom": "Neuville-sur-Sarthe", "code_insee": "72217", "code_uic": "87396028", "segment": "C", "voyageurs": 13602, "voyageurs_2019": 10593, "tendance_pct": 28.4}, "geometry": {"type": "Point", "coordinates": [0.199729, 48.070558]}}, {"type": "Feature", "properties": {"nom": "Villenave-d'Ornon", "code_insee": "33550", "code_uic": "87581835", "segment": "C", "voyageurs": 13573, "voyageurs_2019": 10500, "tendance_pct": 29.3}, "geometry": {"type": "Point", "coordinates": [-0.547257, 44.768343]}}, {"type": "Feature", "properties": {"nom": "Morvillars", "code_insee": "90072", "code_uic": "87184424", "segment": "C", "voyageurs": 13548, "voyageurs_2019": 5243, "tendance_pct": 158.4}, "geometry": {"type": "Point", "coordinates": [6.93511, 47.54952]}}, {"type": "Feature", "properties": {"nom": "Châteauneuf-sur-Cher", "code_insee": "18058", "code_uic": "87576298", "segment": "C", "voyageurs": 13527, "voyageurs_2019": 10472, "tendance_pct": 29.2}, "geometry": {"type": "Point", "coordinates": [2.310383, 46.856814]}}, {"type": "Feature", "properties": {"nom": "Marigny", "code_insee": "79166", "code_uic": "87485334", "segment": "C", "voyageurs": 13510, "voyageurs_2019": 7067, "tendance_pct": 91.2}, "geometry": {"type": "Point", "coordinates": [-0.428404, 46.199083]}}, {"type": "Feature", "properties": {"nom": "Saint-Martin du Touch", "code_insee": "31555", "code_uic": "87353599", "segment": "C", "voyageurs": 13507, "voyageurs_2019": 11811, "tendance_pct": 14.4}, "geometry": {"type": "Point", "coordinates": [1.371855, 43.599788]}}, {"type": "Feature", "properties": {"nom": "Aubrives", "code_insee": "08028", "code_uic": "87172122", "segment": "C", "voyageurs": 13492, "voyageurs_2019": 10424, "tendance_pct": 29.4}, "geometry": {"type": "Point", "coordinates": [4.761651, 50.104451]}}, {"type": "Feature", "properties": {"nom": "Igney", "code_insee": "88247", "code_uic": "87144089", "segment": "C", "voyageurs": 13450, "voyageurs_2019": 14274, "tendance_pct": -5.8}, "geometry": {"type": "Point", "coordinates": [6.399546, 48.270964]}}, {"type": "Feature", "properties": {"nom": "Mohon", "code_insee": "08105", "code_uic": "87172155", "segment": "C", "voyageurs": 13412, "voyageurs_2019": 13533, "tendance_pct": -0.9}, "geometry": {"type": "Point", "coordinates": [4.73313, 49.752584]}}, {"type": "Feature", "properties": {"nom": "Cheilly-lès-Maranges", "code_insee": "71122", "code_uic": "87694398", "segment": "C", "voyageurs": 13404, "voyageurs_2019": 10672, "tendance_pct": 25.6}, "geometry": {"type": "Point", "coordinates": [4.675842, 46.892477]}}, {"type": "Feature", "properties": {"nom": "Beuvry lès Béthune", "code_insee": "62126", "code_uic": "87342402", "segment": "C", "voyageurs": 13375, "voyageurs_2019": 16102, "tendance_pct": -16.9}, "geometry": {"type": "Point", "coordinates": [2.692409, 50.535602]}}, {"type": "Feature", "properties": {"nom": "Vions - Chanaz", "code_insee": "73327", "code_uic": "87741108", "segment": "C", "voyageurs": 13352, "voyageurs_2019": 10396, "tendance_pct": 28.4}, "geometry": {"type": "Point", "coordinates": [5.807231, 45.824313]}}, {"type": "Feature", "properties": {"nom": "Banassac - La Canourgue", "code_insee": "48017", "code_uic": "87783324", "segment": "C", "voyageurs": 13283, "voyageurs_2019": 3164, "tendance_pct": 319.8}, "geometry": {"type": "Point", "coordinates": [3.195852, 44.447763]}}, {"type": "Feature", "properties": {"nom": "Chamonix Aiguille du Midi", "code_insee": "74056", "code_uic": "87462085", "segment": "C", "voyageurs": 13280, "voyageurs_2019": 5373, "tendance_pct": 147.2}, "geometry": {"type": "Point", "coordinates": [6.866715, 45.91993]}}, {"type": "Feature", "properties": {"nom": "Saint-Armel", "code_insee": "35250", "code_uic": "87471318", "segment": "C", "voyageurs": 13231, "voyageurs_2019": 3120, "tendance_pct": 324.1}, "geometry": {"type": "Point", "coordinates": [-1.594887, 48.014405]}}, {"type": "Feature", "properties": {"nom": "Dannes - Camiers", "code_insee": "62201", "code_uic": "87317081", "segment": "C", "voyageurs": 13227, "voyageurs_2019": 10346, "tendance_pct": 27.8}, "geometry": {"type": "Point", "coordinates": [1.614825, 50.575906]}}, {"type": "Feature", "properties": {"nom": "Muhlbach-sur-Munster", "code_insee": "68223", "code_uic": "87182733", "segment": "C", "voyageurs": 13190, "voyageurs_2019": 31410, "tendance_pct": -58.0}, "geometry": {"type": "Point", "coordinates": [7.087567, 48.024608]}}, {"type": "Feature", "properties": {"nom": "Grande-Synthe", "code_insee": "59271", "code_uic": "87281311", "segment": "C", "voyageurs": 13163, "voyageurs_2019": 6507, "tendance_pct": 102.3}, "geometry": {"type": "Point", "coordinates": [2.313355, 51.002688]}}, {"type": "Feature", "properties": {"nom": "Joigny-sur-Meuse", "code_insee": "08237", "code_uic": "87172031", "segment": "C", "voyageurs": 13128, "voyageurs_2019": 14007, "tendance_pct": -6.3}, "geometry": {"type": "Point", "coordinates": [4.767239, 49.833681]}}, {"type": "Feature", "properties": {"nom": "La Fouillouse", "code_insee": "42097", "code_uic": "87726232", "segment": "C", "voyageurs": 13031, "voyageurs_2019": 9693, "tendance_pct": 34.4}, "geometry": {"type": "Point", "coordinates": [4.317084, 45.497768]}}, {"type": "Feature", "properties": {"nom": "Saint-Omer-en-Chaussée", "code_insee": "60590", "code_uic": "87313718", "segment": "C", "voyageurs": 13018, "voyageurs_2019": 4522, "tendance_pct": 187.9}, "geometry": {"type": "Point", "coordinates": [1.997083, 49.530626]}}, {"type": "Feature", "properties": {"nom": "Serres", "code_insee": "05166", "code_uic": "87763722", "segment": "C", "voyageurs": 13012, "voyageurs_2019": 11608, "tendance_pct": 12.1}, "geometry": {"type": "Point", "coordinates": [5.71842, 44.424657]}}, {"type": "Feature", "properties": {"nom": "Chissay-en-Touraine", "code_insee": "41051", "code_uic": "87574848", "segment": "C", "voyageurs": 12947, "voyageurs_2019": 5992, "tendance_pct": 116.1}, "geometry": {"type": "Point", "coordinates": [1.133304, 47.3349]}}, {"type": "Feature", "properties": {"nom": "Lucé", "code_insee": "28218", "code_uic": "87394015", "segment": "C", "voyageurs": 12934, "voyageurs_2019": 20486, "tendance_pct": -36.9}, "geometry": {"type": "Point", "coordinates": [1.452968, 48.436673]}}, {"type": "Feature", "properties": {"nom": "Luc-en-Diois", "code_insee": "26167", "code_uic": "87761874", "segment": "C", "voyageurs": 12888, "voyageurs_2019": 8242, "tendance_pct": 56.4}, "geometry": {"type": "Point", "coordinates": [5.454623, 44.613661]}}, {"type": "Feature", "properties": {"nom": "Saint-Léger-sur-Dheune", "code_insee": "71442", "code_uic": "87694364", "segment": "C", "voyageurs": 12843, "voyageurs_2019": 10019, "tendance_pct": 28.2}, "geometry": {"type": "Point", "coordinates": [4.628604, 46.848453]}}, {"type": "Feature", "properties": {"nom": "Najac", "code_insee": "12167", "code_uic": "87613463", "segment": "C", "voyageurs": 12799, "voyageurs_2019": 10999, "tendance_pct": 16.4}, "geometry": {"type": "Point", "coordinates": [1.976163, 44.221802]}}, {"type": "Feature", "properties": {"nom": "Simandre-sur-Suran", "code_insee": "01408", "code_uic": "87743336", "segment": "C", "voyageurs": 12739, "voyageurs_2019": 18630, "tendance_pct": -31.6}, "geometry": {"type": "Point", "coordinates": [5.421093, 46.22021]}}, {"type": "Feature", "properties": {"nom": "Neuvy-Pailloux", "code_insee": "36140", "code_uic": "87597070", "segment": "C", "voyageurs": 12731, "voyageurs_2019": 9799, "tendance_pct": 29.9}, "geometry": {"type": "Point", "coordinates": [1.864247, 46.883564]}}, {"type": "Feature", "properties": {"nom": "Bugeat", "code_insee": "19033", "code_uic": "87592162", "segment": "C", "voyageurs": 12684, "voyageurs_2019": 7502, "tendance_pct": 69.1}, "geometry": {"type": "Point", "coordinates": [1.924815, 45.600597]}}, {"type": "Feature", "properties": {"nom": "Pontrieux Halte", "code_insee": "22250", "code_uic": "87473835", "segment": "C", "voyageurs": 12684, "voyageurs_2019": 3273, "tendance_pct": 287.5}, "geometry": {"type": "Point", "coordinates": [-3.164496, 48.698036]}}, {"type": "Feature", "properties": {"nom": "Messein", "code_insee": "54366", "code_uic": "87141499", "segment": "C", "voyageurs": 12677, "voyageurs_2019": 14096, "tendance_pct": -10.1}, "geometry": {"type": "Point", "coordinates": [6.137836, 48.612879]}}, {"type": "Feature", "properties": {"nom": "Laneuveville-devant-Nancy", "code_insee": "54300", "code_uic": "87141093", "segment": "C", "voyageurs": 12618, "voyageurs_2019": 10282, "tendance_pct": 22.7}, "geometry": {"type": "Point", "coordinates": [6.22792, 48.65564]}}, {"type": "Feature", "properties": {"nom": "Mullerhof", "code_insee": "67500", "code_uic": "87214643", "segment": "C", "voyageurs": 12608, "voyageurs_2019": 8058, "tendance_pct": 56.5}, "geometry": {"type": "Point", "coordinates": [7.311958, 48.52451]}}, {"type": "Feature", "properties": {"nom": "Vias", "code_insee": "34332", "code_uic": "87781260", "segment": "C", "voyageurs": 12518, "voyageurs_2019": 6904, "tendance_pct": 81.3}, "geometry": {"type": "Point", "coordinates": [3.425356, 43.315653]}}, {"type": "Feature", "properties": {"nom": "Aubazines - Saint-Hilaire", "code_insee": "19211", "code_uic": "87594465", "segment": "C", "voyageurs": 12449, "voyageurs_2019": 8137, "tendance_pct": 53.0}, "geometry": {"type": "Point", "coordinates": [1.641235, 45.181678]}}, {"type": "Feature", "properties": {"nom": "Saint-Pierre-Quiberon", "code_insee": "56234", "code_uic": "87476440", "segment": "C", "voyageurs": 12421, "voyageurs_2019": 7364, "tendance_pct": 68.7}, "geometry": {"type": "Point", "coordinates": [-3.138905, 47.521057]}}, {"type": "Feature", "properties": {"nom": "Ingrandes sur Vienne", "code_insee": "86111", "code_uic": "87575134", "segment": "C", "voyageurs": 12393, "voyageurs_2019": 6006, "tendance_pct": 106.3}, "geometry": {"type": "Point", "coordinates": [0.569116, 46.874628]}}, {"type": "Feature", "properties": {"nom": "Caudrot", "code_insee": "33111", "code_uic": "87582841", "segment": "C", "voyageurs": 12384, "voyageurs_2019": 8034, "tendance_pct": 54.1}, "geometry": {"type": "Point", "coordinates": [-0.145278, 44.580115]}}, {"type": "Feature", "properties": {"nom": "Coudekerque-Branche", "code_insee": "59155", "code_uic": "87281402", "segment": "C", "voyageurs": 12369, "voyageurs_2019": 26533, "tendance_pct": -53.4}, "geometry": {"type": "Point", "coordinates": [2.375142, 51.017707]}}, {"type": "Feature", "properties": {"nom": "Wallers", "code_insee": "59632", "code_uic": "87343301", "segment": "C", "voyageurs": 12340, "voyageurs_2019": 25641, "tendance_pct": -51.9}, "geometry": {"type": "Point", "coordinates": [3.393745, 50.384611]}}, {"type": "Feature", "properties": {"nom": "Les Ramassiers", "code_insee": "31555", "code_uic": "87353581", "segment": "C", "voyageurs": 12337, "voyageurs_2019": 9323, "tendance_pct": 32.3}, "geometry": {"type": "Point", "coordinates": [1.352803, 43.602459]}}, {"type": "Feature", "properties": {"nom": "Ebblinghem", "code_insee": "59184", "code_uic": "87281469", "segment": "C", "voyageurs": 12334, "voyageurs_2019": 28572, "tendance_pct": -56.8}, "geometry": {"type": "Point", "coordinates": [2.409148, 50.730646]}}, {"type": "Feature", "properties": {"nom": "Saône", "code_insee": "25532", "code_uic": "87718502", "segment": "C", "voyageurs": 12274, "voyageurs_2019": 30007, "tendance_pct": -59.1}, "geometry": {"type": "Point", "coordinates": [6.101309, 47.209767]}}, {"type": "Feature", "properties": {"nom": "Agonac", "code_insee": "24002", "code_uic": "87595157", "segment": "C", "voyageurs": 12251, "voyageurs_2019": 2538, "tendance_pct": 382.7}, "geometry": {"type": "Point", "coordinates": [0.748671, 45.286597]}}, {"type": "Feature", "properties": {"nom": "Éguzon-Chantôme", "code_insee": "36070", "code_uic": "87597153", "segment": "C", "voyageurs": 12240, "voyageurs_2019": 4960, "tendance_pct": 146.8}, "geometry": {"type": "Point", "coordinates": [1.552171, 46.439769]}}, {"type": "Feature", "properties": {"nom": "La Chapelle-Saint-Mesmin", "code_insee": "45075", "code_uic": "87543371", "segment": "C", "voyageurs": 12208, "voyageurs_2019": 12272, "tendance_pct": -0.5}, "geometry": {"type": "Point", "coordinates": [1.826819, 47.892929]}}, {"type": "Feature", "properties": {"nom": "Saint-Aubin-sur-Scie", "code_insee": "76565", "code_uic": "87415125", "segment": "C", "voyageurs": 12164, "voyageurs_2019": 11437, "tendance_pct": 6.4}, "geometry": {"type": "Point", "coordinates": [1.066664, 49.871748]}}, {"type": "Feature", "properties": {"nom": "Fos-sur-Mer", "code_insee": "13077", "code_uic": "87753442", "segment": "C", "voyageurs": 12150, "voyageurs_2019": 7260, "tendance_pct": 67.4}, "geometry": {"type": "Point", "coordinates": [4.974579, 43.428029]}}, {"type": "Feature", "properties": {"nom": "Sin-le-Noble", "code_insee": "59569", "code_uic": "87345405", "segment": "C", "voyageurs": 12146, "voyageurs_2019": 67533, "tendance_pct": -82.0}, "geometry": {"type": "Point", "coordinates": [3.112777, 50.356612]}}, {"type": "Feature", "properties": {"nom": "Riedseltz", "code_insee": "67400", "code_uic": "87213462", "segment": "C", "voyageurs": 12080, "voyageurs_2019": 12349, "tendance_pct": -2.2}, "geometry": {"type": "Point", "coordinates": [7.962988, 48.991063]}}, {"type": "Feature", "properties": {"nom": "Dommartin - Remiencourt", "code_insee": "80246", "code_uic": "87316109", "segment": "C", "voyageurs": 12060, "voyageurs_2019": 8642, "tendance_pct": 39.6}, "geometry": {"type": "Point", "coordinates": [2.392663, 49.799652]}}, {"type": "Feature", "properties": {"nom": "Montreuil-Bellay", "code_insee": "49215", "code_uic": "87487637", "segment": "C", "voyageurs": 12060, "voyageurs_2019": 6291, "tendance_pct": 91.7}, "geometry": {"type": "Point", "coordinates": [-0.148283, 47.125418]}}, {"type": "Feature", "properties": {"nom": "Eichhoffen", "code_insee": "67120", "code_uic": "87214239", "segment": "C", "voyageurs": 12048, "voyageurs_2019": 13322, "tendance_pct": -9.6}, "geometry": {"type": "Point", "coordinates": [7.449552, 48.382483]}}, {"type": "Feature", "properties": {"nom": "Aubiet", "code_insee": "32012", "code_uic": "87611764", "segment": "C", "voyageurs": 11965, "voyageurs_2019": 10418, "tendance_pct": 14.8}, "geometry": {"type": "Point", "coordinates": [0.789118, 43.650207]}}, {"type": "Feature", "properties": {"nom": "La Pomme", "code_insee": "13211", "code_uic": "87751719", "segment": "C", "voyageurs": 11941, "voyageurs_2019": 8213, "tendance_pct": 45.4}, "geometry": {"type": "Point", "coordinates": [5.441315, 43.290517]}}, {"type": "Feature", "properties": {"nom": "Mamirolle", "code_insee": "25364", "code_uic": "87718510", "segment": "C", "voyageurs": 11897, "voyageurs_2019": 21159, "tendance_pct": -43.8}, "geometry": {"type": "Point", "coordinates": [6.161741, 47.199871]}}, {"type": "Feature", "properties": {"nom": "Prunay", "code_insee": "51449", "code_uic": "87171629", "segment": "C", "voyageurs": 11867, "voyageurs_2019": 1897, "tendance_pct": 525.6}, "geometry": {"type": "Point", "coordinates": [4.18364, 49.1988]}}, {"type": "Feature", "properties": {"nom": "Remy", "code_insee": "60531", "code_uic": "87313403", "segment": "C", "voyageurs": 11842, "voyageurs_2019": 8537, "tendance_pct": 38.7}, "geometry": {"type": "Point", "coordinates": [2.705943, 49.433145]}}, {"type": "Feature", "properties": {"nom": "Urt", "code_insee": "64546", "code_uic": "87672386", "segment": "C", "voyageurs": 11803, "voyageurs_2019": 5912, "tendance_pct": 99.6}, "geometry": {"type": "Point", "coordinates": [-1.300556, 43.499378]}}, {"type": "Feature", "properties": {"nom": "Vermenton", "code_insee": "89441", "code_uic": "87683664", "segment": "C", "voyageurs": 11802, "voyageurs_2019": 6541, "tendance_pct": 80.4}, "geometry": {"type": "Point", "coordinates": [3.732021, 47.660594]}}, {"type": "Feature", "properties": {"nom": "La Barasse", "code_insee": "13011", "code_uic": "87635581", "segment": "C", "voyageurs": 11756, "voyageurs_2019": 10851, "tendance_pct": 8.3}, "geometry": {"type": "Point", "coordinates": [5.48451, 43.285838]}}, {"type": "Feature", "properties": {"nom": "Lamothe-Montravel", "code_insee": "24226", "code_uic": "87584151", "segment": "C", "voyageurs": 11700, "voyageurs_2019": 2920, "tendance_pct": 300.7}, "geometry": {"type": "Point", "coordinates": [0.021568, 44.853738]}}, {"type": "Feature", "properties": {"nom": "Drefféac", "code_insee": "44053", "code_uic": "87476770", "segment": "C", "voyageurs": 11659, "voyageurs_2019": 7414, "tendance_pct": 57.3}, "geometry": {"type": "Point", "coordinates": [-2.050366, 47.481757]}}, {"type": "Feature", "properties": {"nom": "Onville", "code_insee": "54410", "code_uic": "87192435", "segment": "C", "voyageurs": 11644, "voyageurs_2019": 5287, "tendance_pct": 120.2}, "geometry": {"type": "Point", "coordinates": [5.97909, 49.01367]}}, {"type": "Feature", "properties": {"nom": "Senozan", "code_insee": "71513", "code_uic": "87725671", "segment": "C", "voyageurs": 11626, "voyageurs_2019": 7769, "tendance_pct": 49.6}, "geometry": {"type": "Point", "coordinates": [4.871063, 46.392145]}}, {"type": "Feature", "properties": {"nom": "Maurs", "code_insee": "15122", "code_uic": "87645168", "segment": "C", "voyageurs": 11553, "voyageurs_2019": 7724, "tendance_pct": 49.6}, "geometry": {"type": "Point", "coordinates": [2.199566, 44.706154]}}, {"type": "Feature", "properties": {"nom": "Frévin-Capelle", "code_insee": "62363", "code_uic": "87342212", "segment": "C", "voyageurs": 11509, "voyageurs_2019": 4836, "tendance_pct": 138.0}, "geometry": {"type": "Point", "coordinates": [2.633826, 50.347318]}}, {"type": "Feature", "properties": {"nom": "Boucoiran-et-Nozières", "code_insee": "30046", "code_uic": "87775346", "segment": "C", "voyageurs": 11484, "voyageurs_2019": 1745, "tendance_pct": 558.1}, "geometry": {"type": "Point", "coordinates": [4.187634, 43.992694]}}, {"type": "Feature", "properties": {"nom": "École-Valentin", "code_insee": "25212", "code_uic": "87710731", "segment": "C", "voyageurs": 11457, "voyageurs_2019": 6069, "tendance_pct": 88.8}, "geometry": {"type": "Point", "coordinates": [5.994474, 47.274983]}}, {"type": "Feature", "properties": {"nom": "Les Cauquillous", "code_insee": "81140", "code_uic": "87328021", "segment": "C", "voyageurs": 11443, "voyageurs_2019": 13579, "tendance_pct": -15.7}, "geometry": {"type": "Point", "coordinates": [1.75468, 43.73402]}}, {"type": "Feature", "properties": {"nom": "Pagny-le-Château", "code_insee": "21475", "code_uic": "87713669", "segment": "C", "voyageurs": 11439, "voyageurs_2019": 9308, "tendance_pct": 22.9}, "geometry": {"type": "Point", "coordinates": [5.201054, 47.046249]}}, {"type": "Feature", "properties": {"nom": "Scherwiller", "code_insee": "67445", "code_uic": "87214205", "segment": "C", "voyageurs": 11410, "voyageurs_2019": 6138, "tendance_pct": 85.9}, "geometry": {"type": "Point", "coordinates": [7.430187, 48.286934]}}, {"type": "Feature", "properties": {"nom": "Rocamadour - Padirac", "code_insee": "46240", "code_uic": "87613042", "segment": "C", "voyageurs": 11396, "voyageurs_2019": 6702, "tendance_pct": 70.0}, "geometry": {"type": "Point", "coordinates": [1.657349, 44.818356]}}, {"type": "Feature", "properties": {"nom": "Négrondes", "code_insee": "24308", "code_uic": "87595132", "segment": "C", "voyageurs": 11378, "voyageurs_2019": 2425, "tendance_pct": 369.2}, "geometry": {"type": "Point", "coordinates": [0.8612, 45.346029]}}, {"type": "Feature", "properties": {"nom": "Lourches", "code_insee": "59504", "code_uic": "87343475", "segment": "C", "voyageurs": 11339, "voyageurs_2019": 15041, "tendance_pct": -24.6}, "geometry": {"type": "Point", "coordinates": [3.343402, 50.310283]}}, {"type": "Feature", "properties": {"nom": "Saint-Béron - La Bridoire", "code_insee": "73226", "code_uic": "87741454", "segment": "C", "voyageurs": 11321, "voyageurs_2019": 15911, "tendance_pct": -28.8}, "geometry": {"type": "Point", "coordinates": [5.731935, 45.503893]}}, {"type": "Feature", "properties": {"nom": "Luzenac - Garanou", "code_insee": "09131", "code_uic": "87611558", "segment": "C", "voyageurs": 11304, "voyageurs_2019": 9222, "tendance_pct": 22.6}, "geometry": {"type": "Point", "coordinates": [1.753125, 42.764285]}}, {"type": "Feature", "properties": {"nom": "Vigeois", "code_insee": "19285", "code_uic": "87594218", "segment": "C", "voyageurs": 11279, "voyageurs_2019": 7963, "tendance_pct": 41.6}, "geometry": {"type": "Point", "coordinates": [1.514946, 45.382947]}}, {"type": "Feature", "properties": {"nom": "Joncherey", "code_insee": "90056", "code_uic": "87700153", "segment": "C", "voyageurs": 11241, "voyageurs_2019": 3429, "tendance_pct": 227.8}, "geometry": {"type": "Point", "coordinates": [6.9988, 47.5262]}}, {"type": "Feature", "properties": {"nom": "La Couronne", "code_insee": "16113", "code_uic": "87583617", "segment": "C", "voyageurs": 11236, "voyageurs_2019": 0, "tendance_pct": null}, "geometry": {"type": "Point", "coordinates": [0.101157, 45.604571]}}, {"type": "Feature", "properties": {"nom": "Saint-Martory", "code_insee": "31503", "code_uic": "87611103", "segment": "C", "voyageurs": 11163, "voyageurs_2019": 1634, "tendance_pct": 583.2}, "geometry": {"type": "Point", "coordinates": [0.934859, 43.138572]}}, {"type": "Feature", "properties": {"nom": "Limeray", "code_insee": "37131", "code_uic": "87574335", "segment": "C", "voyageurs": 11081, "voyageurs_2019": 6352, "tendance_pct": 74.4}, "geometry": {"type": "Point", "coordinates": [1.049966, 47.450209]}}, {"type": "Feature", "properties": {"nom": "Laguépie", "code_insee": "82088", "code_uic": "87613471", "segment": "C", "voyageurs": 11074, "voyageurs_2019": 5671, "tendance_pct": 95.3}, "geometry": {"type": "Point", "coordinates": [1.969219, 44.145526]}}, {"type": "Feature", "properties": {"nom": "Le Pénity", "code_insee": "22052", "code_uic": "87473553", "segment": "C", "voyageurs": 11045, "voyageurs_2019": 2752, "tendance_pct": 301.3}, "geometry": {"type": "Point", "coordinates": [-3.476382, 48.364627]}}, {"type": "Feature", "properties": {"nom": "Maroeuil", "code_insee": "62557", "code_uic": "87342188", "segment": "C", "voyageurs": 10955, "voyageurs_2019": 14208, "tendance_pct": -22.9}, "geometry": {"type": "Point", "coordinates": [2.698328, 50.322603]}}, {"type": "Feature", "properties": {"nom": "Nerpuy", "code_insee": "86174", "code_uic": "87575167", "segment": "C", "voyageurs": 10941, "voyageurs_2019": 8067, "tendance_pct": 35.6}, "geometry": {"type": "Point", "coordinates": [0.525688, 46.783418]}}, {"type": "Feature", "properties": {"nom": "Ouges", "code_insee": "21473", "code_uic": "87712604", "segment": "C", "voyageurs": 10933, "voyageurs_2019": 14461, "tendance_pct": -24.4}, "geometry": {"type": "Point", "coordinates": [5.072789, 47.255916]}}, {"type": "Feature", "properties": {"nom": "Loreux", "code_insee": "41118", "code_uic": "87576157", "segment": "C", "voyageurs": 10899, "voyageurs_2019": 4223, "tendance_pct": 158.1}, "geometry": {"type": "Point", "coordinates": [1.834536, 47.390273]}}, {"type": "Feature", "properties": {"nom": "Arnage", "code_insee": "72008", "code_uic": "87396549", "segment": "C", "voyageurs": 10894, "voyageurs_2019": 12703, "tendance_pct": -14.2}, "geometry": {"type": "Point", "coordinates": [0.189883, 47.928566]}}, {"type": "Feature", "properties": {"nom": "Balagny Saint-Épin", "code_insee": "60044", "code_uic": "87313569", "segment": "C", "voyageurs": 10843, "voyageurs_2019": 10295, "tendance_pct": 5.3}, "geometry": {"type": "Point", "coordinates": [2.344198, 49.294245]}}, {"type": "Feature", "properties": {"nom": "Aimargues", "code_insee": "30006", "code_uic": "87775833", "segment": "C", "voyageurs": 10824, "voyageurs_2019": 1034, "tendance_pct": 946.8}, "geometry": {"type": "Point", "coordinates": [4.208293, 43.678611]}}, {"type": "Feature", "properties": {"nom": "Mérens-les-Vals", "code_insee": "09189", "code_uic": "87611525", "segment": "C", "voyageurs": 10813, "voyageurs_2019": 3473, "tendance_pct": 211.3}, "geometry": {"type": "Point", "coordinates": [1.837128, 42.659488]}}, {"type": "Feature", "properties": {"nom": "Saint-Bonnet-de-Rochefort", "code_insee": "03220", "code_uic": "87641076", "segment": "C", "voyageurs": 10782, "voyageurs_2019": 7943, "tendance_pct": 35.7}, "geometry": {"type": "Point", "coordinates": [3.139388, 46.14838]}}, {"type": "Feature", "properties": {"nom": "Grandvillars", "code_insee": "90053", "code_uic": "87184432", "segment": "C", "voyageurs": 10741, "voyageurs_2019": 6894, "tendance_pct": 55.8}, "geometry": {"type": "Point", "coordinates": [6.9785, 47.53763]}}, {"type": "Feature", "properties": {"nom": "Nonancourt", "code_insee": "27438", "code_uic": "87393553", "segment": "C", "voyageurs": 10692, "voyageurs_2019": 10375, "tendance_pct": 3.1}, "geometry": {"type": "Point", "coordinates": [1.192916, 48.775726]}}, {"type": "Feature", "properties": {"nom": "Landrecies", "code_insee": "59331", "code_uic": "87295642", "segment": "C", "voyageurs": 10654, "voyageurs_2019": 20066, "tendance_pct": -46.9}, "geometry": {"type": "Point", "coordinates": [3.681997, 50.128314]}}, {"type": "Feature", "properties": {"nom": "Rochy-Condé", "code_insee": "60542", "code_uic": "87313601", "segment": "C", "voyageurs": 10598, "voyageurs_2019": 4026, "tendance_pct": 163.2}, "geometry": {"type": "Point", "coordinates": [2.172734, 49.398604]}}, {"type": "Feature", "properties": {"nom": "Neuillé-Pont-Pierre", "code_insee": "37167", "code_uic": "87571547", "segment": "C", "voyageurs": 10491, "voyageurs_2019": 15069, "tendance_pct": -30.4}, "geometry": {"type": "Point", "coordinates": [0.564916, 47.558014]}}, {"type": "Feature", "properties": {"nom": "Saint-Jean-de-Verges", "code_insee": "09103", "code_uic": "87611624", "segment": "C", "voyageurs": 10485, "voyageurs_2019": 2791, "tendance_pct": 275.7}, "geometry": {"type": "Point", "coordinates": [1.608059, 43.012859]}}, {"type": "Feature", "properties": {"nom": "Magny - Blandainville", "code_insee": "28225", "code_uic": "87394429", "segment": "C", "voyageurs": 10462, "voyageurs_2019": 4625, "tendance_pct": 126.2}, "geometry": {"type": "Point", "coordinates": [1.281107, 48.334291]}}, {"type": "Feature", "properties": {"nom": "Villeherviers", "code_insee": "41282", "code_uic": "87576165", "segment": "C", "voyageurs": 10440, "voyageurs_2019": 8533, "tendance_pct": 22.3}, "geometry": {"type": "Point", "coordinates": [1.797255, 47.3694]}}, {"type": "Feature", "properties": {"nom": "Cornil", "code_insee": "19061", "code_uic": "87594481", "segment": "C", "voyageurs": 10361, "voyageurs_2019": 4762, "tendance_pct": 117.6}, "geometry": {"type": "Point", "coordinates": [1.697848, 45.215176]}}, {"type": "Feature", "properties": {"nom": "La Croix de Méan", "code_insee": "44184", "code_uic": "87481689", "segment": "C", "voyageurs": 10357, "voyageurs_2019": 3399, "tendance_pct": 204.7}, "geometry": {"type": "Point", "coordinates": [-2.193258, 47.300426]}}, {"type": "Feature", "properties": {"nom": "Polliat", "code_insee": "01301", "code_uic": "87725846", "segment": "C", "voyageurs": 10338, "voyageurs_2019": 7407, "tendance_pct": 39.6}, "geometry": {"type": "Point", "coordinates": [5.123827, 46.24464]}}, {"type": "Feature", "properties": {"nom": "Magalas", "code_insee": "34147", "code_uic": "87781666", "segment": "C", "voyageurs": 10234, "voyageurs_2019": 3518, "tendance_pct": 190.9}, "geometry": {"type": "Point", "coordinates": [3.229541, 43.4676]}}, {"type": "Feature", "properties": {"nom": "Le Rouget", "code_insee": "15268", "code_uic": "87645192", "segment": "C", "voyageurs": 10159, "voyageurs_2019": 6155, "tendance_pct": 65.1}, "geometry": {"type": "Point", "coordinates": [2.235504, 44.856539]}}, {"type": "Feature", "properties": {"nom": "Sanry-sur-Nied", "code_insee": "57627", "code_uic": "87192229", "segment": "C", "voyageurs": 10085, "voyageurs_2019": 9866, "tendance_pct": 2.2}, "geometry": {"type": "Point", "coordinates": [6.339977, 49.044599]}}, {"type": "Feature", "properties": {"nom": "Liesle", "code_insee": "25336", "code_uic": "87718130", "segment": "C", "voyageurs": 10064, "voyageurs_2019": 7137, "tendance_pct": 41.0}, "geometry": {"type": "Point", "coordinates": [5.820812, 47.058768]}}, {"type": "Feature", "properties": {"nom": "Herchies", "code_insee": "60310", "code_uic": "87313692", "segment": "C", "voyageurs": 10051, "voyageurs_2019": 2949, "tendance_pct": 240.8}, "geometry": {"type": "Point", "coordinates": [2.010927, 49.487955]}}, {"type": "Feature", "properties": {"nom": "Cantin", "code_insee": "59126", "code_uic": "87345413", "segment": "C", "voyageurs": 10043, "voyageurs_2019": 46429, "tendance_pct": -78.4}, "geometry": {"type": "Point", "coordinates": [3.121943, 50.312455]}}, {"type": "Feature", "properties": {"nom": "Lapeyrouse", "code_insee": "63187", "code_uic": "87641043", "segment": "C", "voyageurs": 10013, "voyageurs_2019": 5658, "tendance_pct": 77.0}, "geometry": {"type": "Point", "coordinates": [2.893393, 46.226782]}}, {"type": "Feature", "properties": {"nom": "Azerailles", "code_insee": "54038", "code_uic": "87141408", "segment": "C", "voyageurs": 10004, "voyageurs_2019": 10951, "tendance_pct": -8.6}, "geometry": {"type": "Point", "coordinates": [6.695778, 48.491335]}}, {"type": "Feature", "properties": {"nom": "Coucy-lès-Eppes", "code_insee": "02218", "code_uic": "87171769", "segment": "C", "voyageurs": 9990, "voyageurs_2019": 5811, "tendance_pct": 71.9}, "geometry": {"type": "Point", "coordinates": [3.774821, 49.556282]}}, {"type": "Feature", "properties": {"nom": "La Douzillère", "code_insee": "37122", "code_uic": "87009696", "segment": "C", "voyageurs": 9979, "voyageurs_2019": 10886, "tendance_pct": -8.3}, "geometry": {"type": "Point", "coordinates": [0.652824, 47.338817]}}, {"type": "Feature", "properties": {"nom": "Masseret", "code_insee": "19129", "code_uic": "87594820", "segment": "C", "voyageurs": 9922, "voyageurs_2019": 5767, "tendance_pct": 72.0}, "geometry": {"type": "Point", "coordinates": [1.54154, 45.536175]}}, {"type": "Feature", "properties": {"nom": "Bourg-Bruche", "code_insee": "67059", "code_uic": "87214775", "segment": "C", "voyageurs": 9906, "voyageurs_2019": 7947, "tendance_pct": 24.7}, "geometry": {"type": "Point", "coordinates": [7.137192, 48.359857]}}, {"type": "Feature", "properties": {"nom": "Bonnemain", "code_insee": "35029", "code_uic": "87478065", "segment": "C", "voyageurs": 9861, "voyageurs_2019": 4671, "tendance_pct": 111.1}, "geometry": {"type": "Point", "coordinates": [-1.765413, 48.476405]}}, {"type": "Feature", "properties": {"nom": "Croix du Prince", "code_insee": "64445", "code_uic": "87672600", "segment": "C", "voyageurs": 9812, "voyageurs_2019": 6884, "tendance_pct": 42.5}, "geometry": {"type": "Point", "coordinates": [-0.379126, 43.28571]}}, {"type": "Feature", "properties": {"nom": "Les Praz de Chamonix", "code_insee": "74056", "code_uic": "87746826", "segment": "C", "voyageurs": 9739, "voyageurs_2019": 5418, "tendance_pct": 79.8}, "geometry": {"type": "Point", "coordinates": [6.888753, 45.939459]}}, {"type": "Feature", "properties": {"nom": "Saint-Florent-sur-Cher", "code_insee": "18207", "code_uic": "87576272", "segment": "C", "voyageurs": 9733, "voyageurs_2019": 13388, "tendance_pct": -27.3}, "geometry": {"type": "Point", "coordinates": [2.252567, 46.992187]}}, {"type": "Feature", "properties": {"nom": "Dommartin - Lissieu", "code_insee": "69076", "code_uic": "87721738", "segment": "C", "voyageurs": 9728, "voyageurs_2019": 12140, "tendance_pct": -19.9}, "geometry": {"type": "Point", "coordinates": [4.734483, 45.839781]}}, {"type": "Feature", "properties": {"nom": "Bellenaves", "code_insee": "03022", "code_uic": "87641068", "segment": "C", "voyageurs": 9674, "voyageurs_2019": 6618, "tendance_pct": 46.2}, "geometry": {"type": "Point", "coordinates": [3.066524, 46.199256]}}, {"type": "Feature", "properties": {"nom": "Foug", "code_insee": "54205", "code_uic": "87141036", "segment": "C", "voyageurs": 9672, "voyageurs_2019": 7974, "tendance_pct": 21.3}, "geometry": {"type": "Point", "coordinates": [5.791276, 48.679256]}}, {"type": "Feature", "properties": {"nom": "Château-l'Évêque", "code_insee": "24115", "code_uic": "87595165", "segment": "C", "voyageurs": 9603, "voyageurs_2019": 1871, "tendance_pct": 413.3}, "geometry": {"type": "Point", "coordinates": [0.688211, 45.244589]}}, {"type": "Feature", "properties": {"nom": "Loison-sous-Lens", "code_insee": "62523", "code_uic": "87345231", "segment": "C", "voyageurs": 9593, "voyageurs_2019": 15112, "tendance_pct": -36.5}, "geometry": {"type": "Point", "coordinates": [2.85924, 50.440189]}}, {"type": "Feature", "properties": {"nom": "Franois", "code_insee": "25258", "code_uic": "87718304", "segment": "C", "voyageurs": 9544, "voyageurs_2019": 8215, "tendance_pct": 16.2}, "geometry": {"type": "Point", "coordinates": [5.937498, 47.227361]}}, {"type": "Feature", "properties": {"nom": "Boisseaux", "code_insee": "45037", "code_uic": "87543082", "segment": "C", "voyageurs": 9481, "voyageurs_2019": 7250, "tendance_pct": 30.8}, "geometry": {"type": "Point", "coordinates": [1.972768, 48.256624]}}, {"type": "Feature", "properties": {"nom": "Sévérac-d'Aveyron", "code_insee": "12270", "code_uic": "87783365", "segment": "C", "voyageurs": 9444, "voyageurs_2019": 16054, "tendance_pct": -41.2}, "geometry": {"type": "Point", "coordinates": [3.056945, 44.324652]}}, {"type": "Feature", "properties": {"nom": "Appilly", "code_insee": "60021", "code_uic": "87296459", "segment": "C", "voyageurs": 9409, "voyageurs_2019": 7990, "tendance_pct": 17.8}, "geometry": {"type": "Point", "coordinates": [3.12219, 49.580883]}}, {"type": "Feature", "properties": {"nom": "Flaxlanden", "code_insee": "68384", "code_uic": "87181040", "segment": "C", "voyageurs": 9376, "voyageurs_2019": 9965, "tendance_pct": -5.9}, "geometry": {"type": "Point", "coordinates": [7.30447, 47.698692]}}, {"type": "Feature", "properties": {"nom": "Vandières", "code_insee": "54546", "code_uic": "87192476", "segment": "C", "voyageurs": 9342, "voyageurs_2019": 8932, "tendance_pct": 4.6}, "geometry": {"type": "Point", "coordinates": [6.039227, 48.952168]}}, {"type": "Feature", "properties": {"nom": "Le Pont-de-Claix", "code_insee": "38317", "code_uic": "87747519", "segment": "C", "voyageurs": 9187, "voyageurs_2019": 9383, "tendance_pct": -2.1}, "geometry": {"type": "Point", "coordinates": [5.699867, 45.125155]}}, {"type": "Feature", "properties": {"nom": "Corbigny", "code_insee": "58083", "code_uic": "87696617", "segment": "C", "voyageurs": 9165, "voyageurs_2019": 6542, "tendance_pct": 40.1}, "geometry": {"type": "Point", "coordinates": [3.677323, 47.254807]}}, {"type": "Feature", "properties": {"nom": "Aumont-Aubrac", "code_insee": "48009", "code_uic": "87783266", "segment": "C", "voyageurs": 9157, "voyageurs_2019": 8036, "tendance_pct": 13.9}, "geometry": {"type": "Point", "coordinates": [3.283549, 44.71817]}}, {"type": "Feature", "properties": {"nom": "Valdahon Camp Militaire", "code_insee": "25578", "code_uic": "87718601", "segment": "C", "voyageurs": 9156, "voyageurs_2019": 6273, "tendance_pct": 46.0}, "geometry": {"type": "Point", "coordinates": [6.314862, 47.151045]}}, {"type": "Feature", "properties": {"nom": "Corrèze", "code_insee": "19236", "code_uic": "87594119", "segment": "C", "voyageurs": 9155, "voyageurs_2019": 4298, "tendance_pct": 113.0}, "geometry": {"type": "Point", "coordinates": [1.881079, 45.32948]}}, {"type": "Feature", "properties": {"nom": "Saint-Amand-Longpré", "code_insee": "41199", "code_uic": "87574640", "segment": "C", "voyageurs": 9045, "voyageurs_2019": 5559, "tendance_pct": 62.7}, "geometry": {"type": "Point", "coordinates": [1.01199, 47.693141]}}, {"type": "Feature", "properties": {"nom": "Romilly-la-Puthenaye", "code_insee": "27492", "code_uic": "87387175", "segment": "C", "voyageurs": 9003, "voyageurs_2019": 9401, "tendance_pct": -4.2}, "geometry": {"type": "Point", "coordinates": [0.854862, 49.003921]}}, {"type": "Feature", "properties": {"nom": "Brélidy - Plouëc", "code_insee": "22212", "code_uic": "87473827", "segment": "C", "voyageurs": 8996, "voyageurs_2019": 4787, "tendance_pct": 87.9}, "geometry": {"type": "Point", "coordinates": [-3.196269, 48.669204]}}, {"type": "Feature", "properties": {"nom": "Chamborigaud", "code_insee": "30080", "code_uic": "87775221", "segment": "C", "voyageurs": 8970, "voyageurs_2019": 6555, "tendance_pct": 36.8}, "geometry": {"type": "Point", "coordinates": [3.979333, 44.300243]}}, {"type": "Feature", "properties": {"nom": "Reignac-sur-Indre", "code_insee": "37192", "code_uic": "87571455", "segment": "C", "voyageurs": 8922, "voyageurs_2019": 35201, "tendance_pct": -74.7}, "geometry": {"type": "Point", "coordinates": [0.901332, 47.217849]}}, {"type": "Feature", "properties": {"nom": "Galuzot", "code_insee": "71486", "code_uic": "87694638", "segment": "C", "voyageurs": 8903, "voyageurs_2019": 7575, "tendance_pct": 17.5}, "geometry": {"type": "Point", "coordinates": [4.330058, 46.642107]}}, {"type": "Feature", "properties": {"nom": "Nortkerque", "code_insee": "62621", "code_uic": "87287292", "segment": "C", "voyageurs": 8754, "voyageurs_2019": 2870, "tendance_pct": 205.0}, "geometry": {"type": "Point", "coordinates": [2.02315, 50.882954]}}, {"type": "Feature", "properties": {"nom": "Marsac", "code_insee": "23124", "code_uic": "87597625", "segment": "C", "voyageurs": 8680, "voyageurs_2019": 6328, "tendance_pct": 37.2}, "geometry": {"type": "Point", "coordinates": [1.585556, 46.094135]}}, {"type": "Feature", "properties": {"nom": "Lérouville", "code_insee": "55288", "code_uic": "87175240", "segment": "C", "voyageurs": 8620, "voyageurs_2019": 8591, "tendance_pct": 0.3}, "geometry": {"type": "Point", "coordinates": [5.538705, 48.797218]}}, {"type": "Feature", "properties": {"nom": "Pontrieux", "code_insee": "22250", "code_uic": "87473843", "segment": "C", "voyageurs": 8604, "voyageurs_2019": 5501, "tendance_pct": 56.4}, "geometry": {"type": "Point", "coordinates": [-3.157428, 48.705644]}}, {"type": "Feature", "properties": {"nom": "Vif", "code_insee": "38545", "code_uic": "87747576", "segment": "C", "voyageurs": 8595, "voyageurs_2019": 5942, "tendance_pct": 44.6}, "geometry": {"type": "Point", "coordinates": [5.685454, 45.047653]}}, {"type": "Feature", "properties": {"nom": "Dreuil-lès-Amiens", "code_insee": "80256", "code_uic": "87316075", "segment": "C", "voyageurs": 8575, "voyageurs_2019": 8475, "tendance_pct": 1.2}, "geometry": {"type": "Point", "coordinates": [2.23091, 49.91444]}}, {"type": "Feature", "properties": {"nom": "Massérac", "code_insee": "44092", "code_uic": "87471227", "segment": "C", "voyageurs": 8551, "voyageurs_2019": 7720, "tendance_pct": 10.8}, "geometry": {"type": "Point", "coordinates": [-1.914444, 47.674532]}}, {"type": "Feature", "properties": {"nom": "Aubiat", "code_insee": "63013", "code_uic": "87734111", "segment": "C", "voyageurs": 8533, "voyageurs_2019": 8809, "tendance_pct": -3.1}, "geometry": {"type": "Point", "coordinates": [3.160512, 45.983812]}}, {"type": "Feature", "properties": {"nom": "Waligator Parc", "code_insee": "57433", "code_uic": "87191098", "segment": "C", "voyageurs": 8527, "voyageurs_2019": 7365, "tendance_pct": 15.8}, "geometry": {"type": "Point", "coordinates": [6.15946, 49.22492]}}, {"type": "Feature", "properties": {"nom": "Bertrichamps", "code_insee": "54065", "code_uic": "87141424", "segment": "C", "voyageurs": 8497, "voyageurs_2019": 3894, "tendance_pct": 118.2}, "geometry": {"type": "Point", "coordinates": [6.791234, 48.428336]}}, {"type": "Feature", "properties": {"nom": "Châtel-Censoir", "code_insee": "89091", "code_uic": "87696856", "segment": "C", "voyageurs": 8488, "voyageurs_2019": 4959, "tendance_pct": 71.2}, "geometry": {"type": "Point", "coordinates": [3.635045, 47.53777]}}, {"type": "Feature", "properties": {"nom": "Pont d'Ardres", "code_insee": "62038", "code_uic": "87281410", "segment": "C", "voyageurs": 8403, "voyageurs_2019": 5059, "tendance_pct": 66.1}, "geometry": {"type": "Point", "coordinates": [1.971214, 50.892078]}}, {"type": "Feature", "properties": {"nom": "Saint-Georges-d'Aurac", "code_insee": "43132", "code_uic": "87734301", "segment": "C", "voyageurs": 8377, "voyageurs_2019": 5363, "tendance_pct": 56.2}, "geometry": {"type": "Point", "coordinates": [3.494703, 45.160534]}}, {"type": "Feature", "properties": {"nom": "Marsac-sur-L'isle", "code_insee": "24256", "code_uic": "87595207", "segment": "C", "voyageurs": 8357, "voyageurs_2019": 0, "tendance_pct": null}, "geometry": {"type": "Point", "coordinates": [0.662617, 45.186054]}}, {"type": "Feature", "properties": {"nom": "Morbier", "code_insee": "39367", "code_uic": "87715433", "segment": "C", "voyageurs": 8339, "voyageurs_2019": 4844, "tendance_pct": 72.2}, "geometry": {"type": "Point", "coordinates": [6.017645, 46.539216]}}, {"type": "Feature", "properties": {"nom": "Le Grand Jardin", "code_insee": "14366", "code_uic": "87444323", "segment": "C", "voyageurs": 8315, "voyageurs_2019": 29111, "tendance_pct": -71.4}, "geometry": {"type": "Point", "coordinates": [0.227114, 49.150583]}}, {"type": "Feature", "properties": {"nom": "Saint-Pierre-de-Chignac", "code_insee": "24484", "code_uic": "87595520", "segment": "C", "voyageurs": 8310, "voyageurs_2019": 68, "tendance_pct": 12120.6}, "geometry": {"type": "Point", "coordinates": [0.856103, 45.123488]}}, {"type": "Feature", "properties": {"nom": "Saint-Germain-du-Puy", "code_insee": "18213", "code_uic": "87576405", "segment": "C", "voyageurs": 8299, "voyageurs_2019": 6063, "tendance_pct": 36.9}, "geometry": {"type": "Point", "coordinates": [2.48461, 47.096523]}}, {"type": "Feature", "properties": {"nom": "Ceyzériat", "code_insee": "01072", "code_uic": "87743302", "segment": "C", "voyageurs": 8296, "voyageurs_2019": 6762, "tendance_pct": 22.7}, "geometry": {"type": "Point", "coordinates": [5.325842, 46.183488]}}, {"type": "Feature", "properties": {"nom": "Ambronay - Priay", "code_insee": "01007", "code_uic": "87743146", "segment": "C", "voyageurs": 8293, "voyageurs_2019": 9145, "tendance_pct": -9.3}, "geometry": {"type": "Point", "coordinates": [5.338258, 46.011594]}}, {"type": "Feature", "properties": {"nom": "Gan", "code_insee": "64230", "code_uic": "87672618", "segment": "C", "voyageurs": 8244, "voyageurs_2019": 3853, "tendance_pct": 114.0}, "geometry": {"type": "Point", "coordinates": [-0.391462, 43.233593]}}, {"type": "Feature", "properties": {"nom": "Ossès - Saint-Martin-d'Arrossa", "code_insee": "64490", "code_uic": "87673707", "segment": "C", "voyageurs": 8213, "voyageurs_2019": 3406, "tendance_pct": 141.1}, "geometry": {"type": "Point", "coordinates": [-1.304892, 43.235212]}}, {"type": "Feature", "properties": {"nom": "Walheim", "code_insee": "68356", "code_uic": "87181065", "segment": "C", "voyageurs": 8158, "voyageurs_2019": 6940, "tendance_pct": 17.6}, "geometry": {"type": "Point", "coordinates": [7.26332, 47.641641]}}, {"type": "Feature", "properties": {"nom": "Donjeux", "code_insee": "52175", "code_uic": "87142273", "segment": "C", "voyageurs": 8156, "voyageurs_2019": 3588, "tendance_pct": 127.3}, "geometry": {"type": "Point", "coordinates": [5.148225, 48.365854]}}, {"type": "Feature", "properties": {"nom": "Vrigne-Meuse", "code_insee": "08492", "code_uic": "87172221", "segment": "C", "voyageurs": 8096, "voyageurs_2019": 4277, "tendance_pct": 89.3}, "geometry": {"type": "Point", "coordinates": [4.843806, 49.701082]}}, {"type": "Feature", "properties": {"nom": "Longroy - Gamaches", "code_insee": "76394", "code_uic": "87313817", "segment": "C", "voyageurs": 8052, "voyageurs_2019": 744, "tendance_pct": 982.3}, "geometry": {"type": "Point", "coordinates": [1.55266, 49.981892]}}, {"type": "Feature", "properties": {"nom": "Mignaloux - Nouaillé", "code_insee": "86157", "code_uic": "87575704", "segment": "C", "voyageurs": 8019, "voyageurs_2019": 2661, "tendance_pct": 201.4}, "geometry": {"type": "Point", "coordinates": [0.411739, 46.526143]}}, {"type": "Feature", "properties": {"nom": "Lus-la-Croix-Haute", "code_insee": "26168", "code_uic": "87747667", "segment": "C", "voyageurs": 8009, "voyageurs_2019": 5455, "tendance_pct": 46.8}, "geometry": {"type": "Point", "coordinates": [5.697368, 44.67099]}}, {"type": "Feature", "properties": {"nom": "Velars-sur-Ouche", "code_insee": "21661", "code_uic": "87712331", "segment": "C", "voyageurs": 8005, "voyageurs_2019": 4698, "tendance_pct": 70.4}, "geometry": {"type": "Point", "coordinates": [4.92746, 47.32652]}}, {"type": "Feature", "properties": {"nom": "La Taye", "code_insee": "28337", "code_uic": "87394403", "segment": "C", "voyageurs": 7984, "voyageurs_2019": 10950, "tendance_pct": -27.1}, "geometry": {"type": "Point", "coordinates": [1.373402, 48.407757]}}, {"type": "Feature", "properties": {"nom": "Bidos", "code_insee": "64126", "code_uic": "87691949", "segment": "C", "voyageurs": 7950, "voyageurs_2019": 7401, "tendance_pct": 7.4}, "geometry": {"type": "Point", "coordinates": [-0.6069, 43.17892]}}, {"type": "Feature", "properties": {"nom": "Trémolat", "code_insee": "24558", "code_uic": "87584474", "segment": "C", "voyageurs": 7950, "voyageurs_2019": 1260, "tendance_pct": 531.0}, "geometry": {"type": "Point", "coordinates": [0.830328, 44.86251]}}, {"type": "Feature", "properties": {"nom": "Herny", "code_insee": "57319", "code_uic": "87193383", "segment": "C", "voyageurs": 7921, "voyageurs_2019": 8999, "tendance_pct": -12.0}, "geometry": {"type": "Point", "coordinates": [6.476928, 49.003608]}}, {"type": "Feature", "properties": {"nom": "Labruguière", "code_insee": "81120", "code_uic": "87615526", "segment": "C", "voyageurs": 7913, "voyageurs_2019": 7055, "tendance_pct": 12.2}, "geometry": {"type": "Point", "coordinates": [2.259473, 43.542569]}}, {"type": "Feature", "properties": {"nom": "Folligny", "code_insee": "50188", "code_uic": "87447649", "segment": "C", "voyageurs": 7886, "voyageurs_2019": 4046, "tendance_pct": 94.9}, "geometry": {"type": "Point", "coordinates": [-1.407223, 48.829946]}}, {"type": "Feature", "properties": {"nom": "Pleyber-Christ", "code_insee": "29163", "code_uic": "87474320", "segment": "C", "voyageurs": 7866, "voyageurs_2019": 3067, "tendance_pct": 156.5}, "geometry": {"type": "Point", "coordinates": [-3.882554, 48.507826]}}, {"type": "Feature", "properties": {"nom": "Mailly-la-Ville", "code_insee": "89237", "code_uic": "87683847", "segment": "C", "voyageurs": 7819, "voyageurs_2019": 5072, "tendance_pct": 54.2}, "geometry": {"type": "Point", "coordinates": [3.675147, 47.604169]}}, {"type": "Feature", "properties": {"nom": "Saint-Antoine-de-Breuilh", "code_insee": "24335", "code_uic": "87584201", "segment": "C", "voyageurs": 7802, "voyageurs_2019": 3149, "tendance_pct": 147.8}, "geometry": {"type": "Point", "coordinates": [0.15196, 44.846688]}}, {"type": "Feature", "properties": {"nom": "Pagny-sur-Meuse", "code_insee": "55398", "code_uic": "87175828", "segment": "C", "voyageurs": 7801, "voyageurs_2019": 4708, "tendance_pct": 65.7}, "geometry": {"type": "Point", "coordinates": [5.733647, 48.696543]}}, {"type": "Feature", "properties": {"nom": "Rassuen", "code_insee": "13047", "code_uic": "87753426", "segment": "C", "voyageurs": 7795, "voyageurs_2019": 3035, "tendance_pct": 156.8}, "geometry": {"type": "Point", "coordinates": [4.973127, 43.496672]}}, {"type": "Feature", "properties": {"nom": "Les Bossons", "code_insee": "74056", "code_uic": "87746768", "segment": "C", "voyageurs": 7780, "voyageurs_2019": 4044, "tendance_pct": 92.4}, "geometry": {"type": "Point", "coordinates": [6.839197, 45.906745]}}, {"type": "Feature", "properties": {"nom": "Porté-Puymorens", "code_insee": "66146", "code_uic": "87611509", "segment": "C", "voyageurs": 7732, "voyageurs_2019": 2901, "tendance_pct": 166.5}, "geometry": {"type": "Point", "coordinates": [1.824846, 42.539136]}}, {"type": "Feature", "properties": {"nom": "Valleroy - Moineville", "code_insee": "54542", "code_uic": "87192732", "segment": "C", "voyageurs": 7718, "voyageurs_2019": 7166, "tendance_pct": 7.7}, "geometry": {"type": "Point", "coordinates": [5.936017, 49.205696]}}, {"type": "Feature", "properties": {"nom": "Montmédy", "code_insee": "55351", "code_uic": "87194209", "segment": "C", "voyageurs": 7699, "voyageurs_2019": 5546, "tendance_pct": 38.8}, "geometry": {"type": "Point", "coordinates": [5.371672, 49.522877]}}, {"type": "Feature", "properties": {"nom": "Vaas", "code_insee": "72364", "code_uic": "87396598", "segment": "C", "voyageurs": 7642, "voyageurs_2019": 6237, "tendance_pct": 22.5}, "geometry": {"type": "Point", "coordinates": [0.31651, 47.67077]}}, {"type": "Feature", "properties": {"nom": "Sceaux - Boëssé", "code_insee": "72038", "code_uic": "87396317", "segment": "C", "voyageurs": 7637, "voyageurs_2019": 5483, "tendance_pct": 39.3}, "geometry": {"type": "Point", "coordinates": [0.572406, 48.1221]}}, {"type": "Feature", "properties": {"nom": "La Mothe-Saint-Héray", "code_insee": "79246", "code_uic": "87485508", "segment": "C", "voyageurs": 7629, "voyageurs_2019": 3355, "tendance_pct": 127.4}, "geometry": {"type": "Point", "coordinates": [-0.129841, 46.380759]}}, {"type": "Feature", "properties": {"nom": "Taconnaz", "code_insee": "74143", "code_uic": "87746750", "segment": "C", "voyageurs": 7605, "voyageurs_2019": 3871, "tendance_pct": 96.5}, "geometry": {"type": "Point", "coordinates": [6.825876, 45.899206]}}, {"type": "Feature", "properties": {"nom": "Foucart - Alvimare", "code_insee": "76279", "code_uic": "87413377", "segment": "C", "voyageurs": 7603, "voyageurs_2019": 7306, "tendance_pct": 4.1}, "geometry": {"type": "Point", "coordinates": [0.59696, 49.608289]}}, {"type": "Feature", "properties": {"nom": "Fréteval - Morée", "code_insee": "41095", "code_uic": "87574533", "segment": "C", "voyageurs": 7599, "voyageurs_2019": 3872, "tendance_pct": 96.3}, "geometry": {"type": "Point", "coordinates": [1.211813, 47.891917]}}, {"type": "Feature", "properties": {"nom": "Arrou", "code_insee": "28012", "code_uic": "87394486", "segment": "C", "voyageurs": 7592, "voyageurs_2019": 8096, "tendance_pct": -6.2}, "geometry": {"type": "Point", "coordinates": [1.128557, 48.099795]}}, {"type": "Feature", "properties": {"nom": "Iwuy", "code_insee": "59322", "code_uic": "87345397", "segment": "C", "voyageurs": 7565, "voyageurs_2019": 7181, "tendance_pct": 5.3}, "geometry": {"type": "Point", "coordinates": [3.329863, 50.225502]}}, {"type": "Feature", "properties": {"nom": "Ustaritz Jatxou", "code_insee": "64547", "code_uic": "87673624", "segment": "C", "voyageurs": 7532, "voyageurs_2019": 2243, "tendance_pct": 235.8}, "geometry": {"type": "Point", "coordinates": [-1.448965, 43.404808]}}, {"type": "Feature", "properties": {"nom": "Gironde-sur-Dropt", "code_insee": "33187", "code_uic": "87582858", "segment": "C", "voyageurs": 7529, "voyageurs_2019": 3176, "tendance_pct": 137.1}, "geometry": {"type": "Point", "coordinates": [-0.092013, 44.583292]}}, {"type": "Feature", "properties": {"nom": "Anchamps", "code_insee": "08011", "code_uic": "87172858", "segment": "C", "voyageurs": 7459, "voyageurs_2019": 7376, "tendance_pct": 1.1}, "geometry": {"type": "Point", "coordinates": [4.670243, 49.930745]}}, {"type": "Feature", "properties": {"nom": "La Porcherie", "code_insee": "87120", "code_uic": "87592295", "segment": "C", "voyageurs": 7447, "voyageurs_2019": 3740, "tendance_pct": 99.1}, "geometry": {"type": "Point", "coordinates": [1.538347, 45.574059]}}, {"type": "Feature", "properties": {"nom": "Halsou - Larressore", "code_insee": "64255", "code_uic": "87673640", "segment": "C", "voyageurs": 7357, "voyageurs_2019": 223, "tendance_pct": 3199.1}, "geometry": {"type": "Point", "coordinates": [-1.4279, 43.37813]}}, {"type": "Feature", "properties": {"nom": "Villers-sur-Mer", "code_insee": "14754", "code_uic": "87444398", "segment": "C", "voyageurs": 7353, "voyageurs_2019": 6889, "tendance_pct": 6.7}, "geometry": {"type": "Point", "coordinates": [0.009928, 49.315987]}}, {"type": "Feature", "properties": {"nom": "Roche-lez-Beaupré", "code_insee": "25495", "code_uic": "87718403", "segment": "C", "voyageurs": 7315, "voyageurs_2019": 7487, "tendance_pct": -2.3}, "geometry": {"type": "Point", "coordinates": [6.110965, 47.276288]}}, {"type": "Feature", "properties": {"nom": "Chantenay-Saint-Imbert", "code_insee": "58057", "code_uic": "87696302", "segment": "C", "voyageurs": 7223, "voyageurs_2019": 7703, "tendance_pct": -6.2}, "geometry": {"type": "Point", "coordinates": [3.172084, 46.72832]}}, {"type": "Feature", "properties": {"nom": "Gilly-sur-Loire", "code_insee": "71220", "code_uic": "87694869", "segment": "C", "voyageurs": 7191, "voyageurs_2019": 3741, "tendance_pct": 92.2}, "geometry": {"type": "Point", "coordinates": [3.782161, 46.537014]}}, {"type": "Feature", "properties": {"nom": "Vauxaillon", "code_insee": "02768", "code_uic": "87297283", "segment": "C", "voyageurs": 7163, "voyageurs_2019": 8201, "tendance_pct": -12.7}, "geometry": {"type": "Point", "coordinates": [3.409617, 49.474142]}}, {"type": "Feature", "properties": {"nom": "Montroc le Planet", "code_insee": "74056", "code_uic": "87746867", "segment": "C", "voyageurs": 6998, "voyageurs_2019": 4393, "tendance_pct": 59.3}, "geometry": {"type": "Point", "coordinates": [6.934543, 45.996415]}}, {"type": "Feature", "properties": {"nom": "Marmagne", "code_insee": "18138", "code_uic": "87576132", "segment": "C", "voyageurs": 6979, "voyageurs_2019": 6292, "tendance_pct": 10.9}, "geometry": {"type": "Point", "coordinates": [2.281997, 47.10015]}}, {"type": "Feature", "properties": {"nom": "La Bonneville-sur-Iton", "code_insee": "27082", "code_uic": "87387142", "segment": "C", "voyageurs": 6880, "voyageurs_2019": 5879, "tendance_pct": 17.0}, "geometry": {"type": "Point", "coordinates": [1.035014, 48.988461]}}, {"type": "Feature", "properties": {"nom": "Neau", "code_insee": "53163", "code_uic": "87478545", "segment": "C", "voyageurs": 6837, "voyageurs_2019": 4470, "tendance_pct": 53.0}, "geometry": {"type": "Point", "coordinates": [-0.476672, 48.157481]}}, {"type": "Feature", "properties": {"nom": "Les Ormes", "code_insee": "86183", "code_uic": "87575118", "segment": "C", "voyageurs": 6819, "voyageurs_2019": 2882, "tendance_pct": 136.6}, "geometry": {"type": "Point", "coordinates": [0.607948, 46.971827]}}, {"type": "Feature", "properties": {"nom": "Saint-Aulaire", "code_insee": "19182", "code_uic": "87594622", "segment": "C", "voyageurs": 6810, "voyageurs_2019": 1401, "tendance_pct": 386.1}, "geometry": {"type": "Point", "coordinates": [1.398697, 45.248841]}}, {"type": "Feature", "properties": {"nom": "Aspres-sur-Buëch", "code_insee": "05010", "code_uic": "87763250", "segment": "C", "voyageurs": 6784, "voyageurs_2019": 8513, "tendance_pct": -20.3}, "geometry": {"type": "Point", "coordinates": [5.754566, 44.519428]}}, {"type": "Feature", "properties": {"nom": "Varennes-sur-Fouzon", "code_insee": "36229", "code_uic": "87576231", "segment": "C", "voyageurs": 6708, "voyageurs_2019": 3934, "tendance_pct": 70.5}, "geometry": {"type": "Point", "coordinates": [1.614522, 47.21441]}}, {"type": "Feature", "properties": {"nom": "Vaumoise", "code_insee": "02232", "code_uic": "87271601", "segment": "C", "voyageurs": 6700, "voyageurs_2019": 961, "tendance_pct": 597.2}, "geometry": {"type": "Point", "coordinates": [2.988568, 49.233941]}}, {"type": "Feature", "properties": {"nom": "Bologne", "code_insee": "52058", "code_uic": "87142224", "segment": "C", "voyageurs": 6694, "voyageurs_2019": 3479, "tendance_pct": 92.4}, "geometry": {"type": "Point", "coordinates": [5.134223, 48.198688]}}, {"type": "Feature", "properties": {"nom": "Saint-Mars-la-Brière", "code_insee": "72300", "code_uic": "87396283", "segment": "C", "voyageurs": 6668, "voyageurs_2019": 9515, "tendance_pct": -29.9}, "geometry": {"type": "Point", "coordinates": [0.365678, 48.028524]}}, {"type": "Feature", "properties": {"nom": "Montluçon Rimard", "code_insee": "03185", "code_uic": "87323675", "segment": "C", "voyageurs": 6617, "voyageurs_2019": 7283, "tendance_pct": -9.1}, "geometry": {"type": "Point", "coordinates": [2.611512, 46.335591]}}, {"type": "Feature", "properties": {"nom": "Labège Village", "code_insee": "31254", "code_uic": "87612028", "segment": "C", "voyageurs": 6580, "voyageurs_2019": 11329, "tendance_pct": -41.9}, "geometry": {"type": "Point", "coordinates": [1.532921, 43.530537]}}, {"type": "Feature", "properties": {"nom": "Notre-Dame-d'Oé", "code_insee": "37172", "code_uic": "87574699", "segment": "C", "voyageurs": 6565, "voyageurs_2019": 2473, "tendance_pct": 165.5}, "geometry": {"type": "Point", "coordinates": [0.707025, 47.459567]}}, {"type": "Feature", "properties": {"nom": "Étigny - Véron", "code_insee": "89160", "code_uic": "87683201", "segment": "C", "voyageurs": 6564, "voyageurs_2019": 7273, "tendance_pct": -9.7}, "geometry": {"type": "Point", "coordinates": [3.290419, 48.138683]}}, {"type": "Feature", "properties": {"nom": "Domfront-en-Champagne", "code_insee": "72119", "code_uic": "87396200", "segment": "C", "voyageurs": 6489, "voyageurs_2019": 11171, "tendance_pct": -41.9}, "geometry": {"type": "Point", "coordinates": [0.026259, 48.107677]}}, {"type": "Feature", "properties": {"nom": "Plougonver", "code_insee": "22216", "code_uic": "87473538", "segment": "C", "voyageurs": 6482, "voyageurs_2019": 4433, "tendance_pct": 46.2}, "geometry": {"type": "Point", "coordinates": [-3.370458, 48.458413]}}, {"type": "Feature", "properties": {"nom": "Capvern", "code_insee": "65127", "code_uic": "87671156", "segment": "C", "voyageurs": 6472, "voyageurs_2019": 3638, "tendance_pct": 77.9}, "geometry": {"type": "Point", "coordinates": [0.329639, 43.103345]}}, {"type": "Feature", "properties": {"nom": "Berlaimont", "code_insee": "59068", "code_uic": "87295808", "segment": "C", "voyageurs": 6470, "voyageurs_2019": 19722, "tendance_pct": -67.2}, "geometry": {"type": "Point", "coordinates": [3.810532, 50.198009]}}, {"type": "Feature", "properties": {"nom": "Vierzon Forges", "code_insee": "18279", "code_uic": "87576090", "segment": "C", "voyageurs": 6457, "voyageurs_2019": 1940, "tendance_pct": 232.8}, "geometry": {"type": "Point", "coordinates": [2.099454, 47.209993]}}, {"type": "Feature", "properties": {"nom": "Les Pélerins", "code_insee": "74056", "code_uic": "87746776", "segment": "C", "voyageurs": 6448, "voyageurs_2019": 3969, "tendance_pct": 62.5}, "geometry": {"type": "Point", "coordinates": [6.847286, 45.912567]}}, {"type": "Feature", "properties": {"nom": "Sommery", "code_insee": "76678", "code_uic": "87411462", "segment": "C", "voyageurs": 6399, "voyageurs_2019": 2678, "tendance_pct": 138.9}, "geometry": {"type": "Point", "coordinates": [1.435373, 49.629724]}}, {"type": "Feature", "properties": {"nom": "Novillars", "code_insee": "25429", "code_uic": "87718411", "segment": "C", "voyageurs": 6339, "voyageurs_2019": 5509, "tendance_pct": 15.1}, "geometry": {"type": "Point", "coordinates": [6.132701, 47.283962]}}, {"type": "Feature", "properties": {"nom": "Vincelles", "code_insee": "89478", "code_uic": "87683631", "segment": "C", "voyageurs": 6324, "voyageurs_2019": 4584, "tendance_pct": 38.0}, "geometry": {"type": "Point", "coordinates": [3.628473, 47.70423]}}, {"type": "Feature", "properties": {"nom": "Château-Gaillard", "code_insee": "28367", "code_uic": "87543066", "segment": "C", "voyageurs": 6308, "voyageurs_2019": 3720, "tendance_pct": 69.6}, "geometry": {"type": "Point", "coordinates": [1.912815, 48.14169]}}, {"type": "Feature", "properties": {"nom": "Prissé-la-Charrière", "code_insee": "79078", "code_uic": "87485359", "segment": "C", "voyageurs": 6287, "voyageurs_2019": 6980, "tendance_pct": -9.9}, "geometry": {"type": "Point", "coordinates": [-0.493625, 46.15277]}}, {"type": "Feature", "properties": {"nom": "Fépin", "code_insee": "08166", "code_uic": "87172874", "segment": "C", "voyageurs": 6269, "voyageurs_2019": 3555, "tendance_pct": 76.3}, "geometry": {"type": "Point", "coordinates": [4.726616, 50.023464]}}, {"type": "Feature", "properties": {"nom": "Longecourt-en-Plaine", "code_insee": "21353", "code_uic": "87712620", "segment": "C", "voyageurs": 6269, "voyageurs_2019": 4425, "tendance_pct": 41.7}, "geometry": {"type": "Point", "coordinates": [5.134695, 47.193794]}}, {"type": "Feature", "properties": {"nom": "Bersac-sur-Rivalier", "code_insee": "87013", "code_uic": "87592352", "segment": "C", "voyageurs": 6212, "voyageurs_2019": 4347, "tendance_pct": 42.9}, "geometry": {"type": "Point", "coordinates": [1.432168, 46.083746]}}, {"type": "Feature", "properties": {"nom": "Bertry", "code_insee": "59074", "code_uic": "87345553", "segment": "C", "voyageurs": 6208, "voyageurs_2019": 8199, "tendance_pct": -24.3}, "geometry": {"type": "Point", "coordinates": [3.448996, 50.091127]}}, {"type": "Feature", "properties": {"nom": "Byans-sur-Doubs", "code_insee": "25105", "code_uic": "87718122", "segment": "C", "voyageurs": 6112, "voyageurs_2019": 5284, "tendance_pct": 15.7}, "geometry": {"type": "Point", "coordinates": [5.852059, 47.118533]}}, {"type": "Feature", "properties": {"nom": "Harfleur", "code_insee": "76341", "code_uic": "87413302", "segment": "C", "voyageurs": 6094, "voyageurs_2019": 4761, "tendance_pct": 28.0}, "geometry": {"type": "Point", "coordinates": [0.198983, 49.513634]}}, {"type": "Feature", "properties": {"nom": "Preignac", "code_insee": "33337", "code_uic": "87582767", "segment": "C", "voyageurs": 6076, "voyageurs_2019": 5669, "tendance_pct": 7.2}, "geometry": {"type": "Point", "coordinates": [-0.30223, 44.578306]}}, {"type": "Feature", "properties": {"nom": "Hayange", "code_insee": "57306", "code_uic": "87191239", "segment": "C", "voyageurs": 6048, "voyageurs_2019": 8356, "tendance_pct": -27.6}, "geometry": {"type": "Point", "coordinates": [6.07245, 49.33053]}}, {"type": "Feature", "properties": {"nom": "Croix Sainte", "code_insee": "13056", "code_uic": "87753491", "segment": "C", "voyageurs": 6006, "voyageurs_2019": 3310, "tendance_pct": 81.5}, "geometry": {"type": "Point", "coordinates": [5.019645, 43.408832]}}, {"type": "Feature", "properties": {"nom": "Croix - Wasquehal", "code_insee": "59646", "code_uic": "87286716", "segment": "C", "voyageurs": 5990, "voyageurs_2019": 7775, "tendance_pct": -23.0}, "geometry": {"type": "Point", "coordinates": [3.138031, 50.678557]}}, {"type": "Feature", "properties": {"nom": "Saint-Denis-des-Murs", "code_insee": "87142", "code_uic": "87592097", "segment": "C", "voyageurs": 5978, "voyageurs_2019": 3829, "tendance_pct": 56.1}, "geometry": {"type": "Point", "coordinates": [1.551437, 45.788911]}}, {"type": "Feature", "properties": {"nom": "Royat - Chamalières", "code_insee": "63075", "code_uic": "87734038", "segment": "C", "voyageurs": 5871, "voyageurs_2019": 3335, "tendance_pct": 76.0}, "geometry": {"type": "Point", "coordinates": [3.061502, 45.767649]}}, {"type": "Feature", "properties": {"nom": "Limoux Flassian", "code_insee": "11206", "code_uic": "87598755", "segment": "C", "voyageurs": 5869, "voyageurs_2019": 3796, "tendance_pct": 54.6}, "geometry": {"type": "Point", "coordinates": [2.218283, 43.068451]}}, {"type": "Feature", "properties": {"nom": "Prouvy - Thiant", "code_insee": "59475", "code_uic": "87343418", "segment": "C", "voyageurs": 5781, "voyageurs_2019": 1246, "tendance_pct": 364.0}, "geometry": {"type": "Point", "coordinates": [3.461084, 50.316793]}}, {"type": "Feature", "properties": {"nom": "Beau Marais", "code_insee": "62193", "code_uic": "87317610", "segment": "C", "voyageurs": 5758, "voyageurs_2019": 2990, "tendance_pct": 92.6}, "geometry": {"type": "Point", "coordinates": [1.89833, 50.945371]}}, {"type": "Feature", "properties": {"nom": "Ciry-le-Noble", "code_insee": "71132", "code_uic": "87694646", "segment": "C", "voyageurs": 5728, "voyageurs_2019": 3715, "tendance_pct": 54.2}, "geometry": {"type": "Point", "coordinates": [4.299715, 46.604091]}}, {"type": "Feature", "properties": {"nom": "Laroquebrou", "code_insee": "15094", "code_uic": "87645135", "segment": "C", "voyageurs": 5725, "voyageurs_2019": 3527, "tendance_pct": 62.3}, "geometry": {"type": "Point", "coordinates": [2.192917, 44.964166]}}, {"type": "Feature", "properties": {"nom": "Saint-Christophe-Vallon", "code_insee": "12215", "code_uic": "87613257", "segment": "C", "voyageurs": 5721, "voyageurs_2019": 5509, "tendance_pct": 3.8}, "geometry": {"type": "Point", "coordinates": [2.407758, 44.464619]}}, {"type": "Feature", "properties": {"nom": "Voutré", "code_insee": "53276", "code_uic": "87478560", "segment": "C", "voyageurs": 5689, "voyageurs_2019": 5002, "tendance_pct": 13.7}, "geometry": {"type": "Point", "coordinates": [-0.29218, 48.134052]}}, {"type": "Feature", "properties": {"nom": "Châteauneuf - Bujaleuf", "code_insee": "87105", "code_uic": "87592105", "segment": "C", "voyageurs": 5581, "voyageurs_2019": 3889, "tendance_pct": 43.5}, "geometry": {"type": "Point", "coordinates": [1.645303, 45.759316]}}, {"type": "Feature", "properties": {"nom": "Aillevillers", "code_insee": "70171", "code_uic": "87185629", "segment": "C", "voyageurs": 5488, "voyageurs_2019": 7348, "tendance_pct": -25.3}, "geometry": {"type": "Point", "coordinates": [6.337299, 47.913888]}}, {"type": "Feature", "properties": {"nom": "Le Buet", "code_insee": "74290", "code_uic": "87746883", "segment": "C", "voyageurs": 5451, "voyageurs_2019": 2074, "tendance_pct": 162.8}, "geometry": {"type": "Point", "coordinates": [6.920412, 46.018805]}}, {"type": "Feature", "properties": {"nom": "Bagnac-sur-Célé", "code_insee": "46015", "code_uic": "87613604", "segment": "C", "voyageurs": 5403, "voyageurs_2019": 1569, "tendance_pct": 244.4}, "geometry": {"type": "Point", "coordinates": [2.16025, 44.665211]}}, {"type": "Feature", "properties": {"nom": "Fontpédrouse", "code_insee": "66080", "code_uic": "87784769", "segment": "C", "voyageurs": 5388, "voyageurs_2019": 3012, "tendance_pct": 78.9}, "geometry": {"type": "Point", "coordinates": [2.188658, 42.513806]}}, {"type": "Feature", "properties": {"nom": "Bains-les-Bains", "code_insee": "88108", "code_uic": "87144147", "segment": "C", "voyageurs": 5355, "voyageurs_2019": 2801, "tendance_pct": 91.2}, "geometry": {"type": "Point", "coordinates": [6.295268, 47.981128]}}, {"type": "Feature", "properties": {"nom": "Ourscamp", "code_insee": "60492", "code_uic": "87276774", "segment": "C", "voyageurs": 5341, "voyageurs_2019": 3655, "tendance_pct": 46.1}, "geometry": {"type": "Point", "coordinates": [2.954002, 49.53414]}}, {"type": "Feature", "properties": {"nom": "Broye", "code_insee": "71063", "code_uic": "87694166", "segment": "C", "voyageurs": 5336, "voyageurs_2019": 4836, "tendance_pct": 10.3}, "geometry": {"type": "Point", "coordinates": [4.2961, 46.861944]}}, {"type": "Feature", "properties": {"nom": "Teillé", "code_insee": "72349", "code_uic": "87396051", "segment": "C", "voyageurs": 5316, "voyageurs_2019": 3313, "tendance_pct": 60.5}, "geometry": {"type": "Point", "coordinates": [0.19134, 48.181234]}}, {"type": "Feature", "properties": {"nom": "Saint-Sébastien", "code_insee": "23239", "code_uic": "87592493", "segment": "C", "voyageurs": 5314, "voyageurs_2019": 4365, "tendance_pct": 21.7}, "geometry": {"type": "Point", "coordinates": [1.546681, 46.385994]}}, {"type": "Feature", "properties": {"nom": "Coulanges-sur-Yonne", "code_insee": "89129", "code_uic": "87696831", "segment": "C", "voyageurs": 5303, "voyageurs_2019": 3880, "tendance_pct": 36.7}, "geometry": {"type": "Point", "coordinates": [3.547239, 47.527055]}}, {"type": "Feature", "properties": {"nom": "Les Quatre Roues", "code_insee": "41185", "code_uic": "87576181", "segment": "C", "voyageurs": 5303, "voyageurs_2019": 309, "tendance_pct": 1616.2}, "geometry": {"type": "Point", "coordinates": [1.702528, 47.332552]}}, {"type": "Feature", "properties": {"nom": "Varetz", "code_insee": "19278", "code_uic": "87594606", "segment": "C", "voyageurs": 5229, "voyageurs_2019": 2217, "tendance_pct": 135.9}, "geometry": {"type": "Point", "coordinates": [1.447286, 45.191163]}}, {"type": "Feature", "properties": {"nom": "Villereversure", "code_insee": "01447", "code_uic": "87743328", "segment": "C", "voyageurs": 5215, "voyageurs_2019": 4444, "tendance_pct": 17.3}, "geometry": {"type": "Point", "coordinates": [5.397709, 46.194415]}}, {"type": "Feature", "properties": {"nom": "Les Abrets - Fitilieu", "code_insee": "38165", "code_uic": "87741496", "segment": "C", "voyageurs": 5208, "voyageurs_2019": 5284, "tendance_pct": -1.4}, "geometry": {"type": "Point", "coordinates": [5.575488, 45.542109]}}, {"type": "Feature", "properties": {"nom": "Le Soler", "code_insee": "66195", "code_uic": "87784512", "segment": "C", "voyageurs": 5179, "voyageurs_2019": 17, "tendance_pct": 30364.7}, "geometry": {"type": "Point", "coordinates": [2.79308, 42.678763]}}, {"type": "Feature", "properties": {"nom": "Vinça", "code_insee": "66230", "code_uic": "87784611", "segment": "C", "voyageurs": 5171, "voyageurs_2019": 540, "tendance_pct": 857.6}, "geometry": {"type": "Point", "coordinates": [2.527616, 42.648137]}}, {"type": "Feature", "properties": {"nom": "Audun-le-Roman", "code_insee": "54029", "code_uic": "87194357", "segment": "C", "voyageurs": 5167, "voyageurs_2019": 6265, "tendance_pct": -17.5}, "geometry": {"type": "Point", "coordinates": [5.89139, 49.36682]}}, {"type": "Feature", "properties": {"nom": "Plouigneau", "code_insee": "29199", "code_uic": "87474411", "segment": "C", "voyageurs": 5155, "voyageurs_2019": 1301, "tendance_pct": 296.2}, "geometry": {"type": "Point", "coordinates": [-3.710057, 48.564706]}}, {"type": "Feature", "properties": {"nom": "Fouilloy", "code_insee": "60248", "code_uic": "87313841", "segment": "C", "voyageurs": 5152, "voyageurs_2019": 1747, "tendance_pct": 194.9}, "geometry": {"type": "Point", "coordinates": [1.82604, 49.736637]}}, {"type": "Feature", "properties": {"nom": "Nieul", "code_insee": "87107", "code_uic": "87592410", "segment": "C", "voyageurs": 5138, "voyageurs_2019": 2413, "tendance_pct": 112.9}, "geometry": {"type": "Point", "coordinates": [1.172397, 45.92739]}}, {"type": "Feature", "properties": {"nom": "Saint-Rome-de-Cernon", "code_insee": "12243", "code_uic": "87783431", "segment": "C", "voyageurs": 5128, "voyageurs_2019": 1656, "tendance_pct": 209.7}, "geometry": {"type": "Point", "coordinates": [2.967374, 44.013981]}}, {"type": "Feature", "properties": {"nom": "Les Quatre-Routes-du-Lot", "code_insee": "46232", "code_uic": "87594564", "segment": "C", "voyageurs": 5116, "voyageurs_2019": 1358, "tendance_pct": 276.7}, "geometry": {"type": "Point", "coordinates": [1.643907, 44.997486]}}, {"type": "Feature", "properties": {"nom": "Solignac - Le Vigen", "code_insee": "87205", "code_uic": "87592246", "segment": "C", "voyageurs": 5108, "voyageurs_2019": 1752, "tendance_pct": 191.6}, "geometry": {"type": "Point", "coordinates": [1.285682, 45.756159]}}, {"type": "Feature", "properties": {"nom": "Arcy-sur-Cure", "code_insee": "89015", "code_uic": "87683680", "segment": "C", "voyageurs": 5083, "voyageurs_2019": 2752, "tendance_pct": 84.7}, "geometry": {"type": "Point", "coordinates": [3.766888, 47.600846]}}, {"type": "Feature", "properties": {"nom": "Champagnole Paul-Émile Victor", "code_insee": "39097", "code_uic": "87352047", "segment": "C", "voyageurs": 5083, "voyageurs_2019": 2545, "tendance_pct": 99.7}, "geometry": {"type": "Point", "coordinates": [5.919813, 46.742483]}}, {"type": "Feature", "properties": {"nom": "Aumale", "code_insee": "76035", "code_uic": "87313767", "segment": "C", "voyageurs": 5042, "voyageurs_2019": 951, "tendance_pct": 430.2}, "geometry": {"type": "Point", "coordinates": [1.756042, 49.765037]}}, {"type": "Feature", "properties": {"nom": "Louroux-de-Bouble", "code_insee": "03152", "code_uic": "87641050", "segment": "C", "voyageurs": 4967, "voyageurs_2019": 2647, "tendance_pct": 87.6}, "geometry": {"type": "Point", "coordinates": [2.984937, 46.224129]}}, {"type": "Feature", "properties": {"nom": "Pezou", "code_insee": "41175", "code_uic": "87574541", "segment": "C", "voyageurs": 4933, "voyageurs_2019": 1788, "tendance_pct": 175.9}, "geometry": {"type": "Point", "coordinates": [1.140871, 47.867336]}}, {"type": "Feature", "properties": {"nom": "Saint-Flour - Chaudes-Aigues", "code_insee": "15187", "code_uic": "87783175", "segment": "C", "voyageurs": 4924, "voyageurs_2019": 20316, "tendance_pct": -75.8}, "geometry": {"type": "Point", "coordinates": [3.106286, 45.035012]}}, {"type": "Feature", "properties": {"nom": "Versigny", "code_insee": "02788", "code_uic": "87296608", "segment": "C", "voyageurs": 4913, "voyageurs_2019": 2249, "tendance_pct": 118.5}, "geometry": {"type": "Point", "coordinates": [3.433569, 49.657449]}}, {"type": "Feature", "properties": {"nom": "Einvaux", "code_insee": "54175", "code_uic": "87141200", "segment": "C", "voyageurs": 4842, "voyageurs_2019": 5387, "tendance_pct": -10.1}, "geometry": {"type": "Point", "coordinates": [6.393296, 48.503486]}}, {"type": "Feature", "properties": {"nom": "Bantzenheim", "code_insee": "68020", "code_uic": "87182840", "segment": "C", "voyageurs": 4838, "voyageurs_2019": 7285, "tendance_pct": -33.6}, "geometry": {"type": "Point", "coordinates": [7.503868, 47.810967]}}, {"type": "Feature", "properties": {"nom": "Chaux-des-Crotenay", "code_insee": "39129", "code_uic": "87715383", "segment": "C", "voyageurs": 4818, "voyageurs_2019": 1721, "tendance_pct": 180.0}, "geometry": {"type": "Point", "coordinates": [5.94386, 46.654593]}}, {"type": "Feature", "properties": {"nom": "Thenissey", "code_insee": "21627", "code_uic": "87713099", "segment": "C", "voyageurs": 4804, "voyageurs_2019": 5014, "tendance_pct": -4.2}, "geometry": {"type": "Point", "coordinates": [4.622193, 47.494794]}}, {"type": "Feature", "properties": {"nom": "Saint-Martin-du-Mont", "code_insee": "01374", "code_uic": "87743112", "segment": "C", "voyageurs": 4732, "voyageurs_2019": 4774, "tendance_pct": -0.9}, "geometry": {"type": "Point", "coordinates": [5.303003, 46.095871]}}, {"type": "Feature", "properties": {"nom": "Saillat - Chassenon", "code_insee": "87131", "code_uic": "87592717", "segment": "C", "voyageurs": 4716, "voyageurs_2019": 4624, "tendance_pct": 2.0}, "geometry": {"type": "Point", "coordinates": [0.811742, 45.86963]}}, {"type": "Feature", "properties": {"nom": "Brimeux", "code_insee": "62177", "code_uic": "87317180", "segment": "C", "voyageurs": 4683, "voyageurs_2019": 152, "tendance_pct": 2980.9}, "geometry": {"type": "Point", "coordinates": [1.831383, 50.447041]}}, {"type": "Feature", "properties": {"nom": "Arengosse", "code_insee": "40006", "code_uic": "87671479", "segment": "C", "voyageurs": 4633, "voyageurs_2019": 4562, "tendance_pct": 1.6}, "geometry": {"type": "Point", "coordinates": [-0.809384, 44.006976]}}, {"type": "Feature", "properties": {"nom": "Saint-Jacques-de-la-Lande", "code_insee": "35281", "code_uic": "87471052", "segment": "C", "voyageurs": 4619, "voyageurs_2019": 7747, "tendance_pct": -40.4}, "geometry": {"type": "Point", "coordinates": [-1.714237, 48.067098]}}, {"type": "Feature", "properties": {"nom": "Kerhostin", "code_insee": "56234", "code_uic": "87476432", "segment": "C", "voyageurs": 4616, "voyageurs_2019": 1782, "tendance_pct": 159.0}, "geometry": {"type": "Point", "coordinates": [-3.136379, 47.536952]}}, {"type": "Feature", "properties": {"nom": "Landébia", "code_insee": "22096", "code_uic": "87473264", "segment": "C", "voyageurs": 4612, "voyageurs_2019": 2057, "tendance_pct": 124.2}, "geometry": {"type": "Point", "coordinates": [-2.331372, 48.507421]}}, {"type": "Feature", "properties": {"nom": "Chanac", "code_insee": "48056", "code_uic": "87783530", "segment": "C", "voyageurs": 4593, "voyageurs_2019": 222, "tendance_pct": 1968.9}, "geometry": {"type": "Point", "coordinates": [3.345412, 44.473979]}}, {"type": "Feature", "properties": {"nom": "Santenay les Bains", "code_insee": "21582", "code_uic": "87713594", "segment": "C", "voyageurs": 4574, "voyageurs_2019": 6398, "tendance_pct": -28.5}, "geometry": {"type": "Point", "coordinates": [4.701752, 46.910675]}}, {"type": "Feature", "properties": {"nom": "Colmar Mésanges", "code_insee": "68066", "code_uic": "87402297", "segment": "C", "voyageurs": 4561, "voyageurs_2019": 4190, "tendance_pct": 8.9}, "geometry": {"type": "Point", "coordinates": [7.33367, 48.086005]}}, {"type": "Feature", "properties": {"nom": "Avrechy", "code_insee": "60034", "code_uic": "87313296", "segment": "C", "voyageurs": 4553, "voyageurs_2019": 5073, "tendance_pct": -10.3}, "geometry": {"type": "Point", "coordinates": [2.417961, 49.444644]}}, {"type": "Feature", "properties": {"nom": "Civrieux-d'Azergues", "code_insee": "69059", "code_uic": "87721746", "segment": "C", "voyageurs": 4531, "voyageurs_2019": 6347, "tendance_pct": -28.6}, "geometry": {"type": "Point", "coordinates": [4.718241, 45.859183]}}, {"type": "Feature", "properties": {"nom": "Les Versannes", "code_insee": "24156", "code_uic": "87595702", "segment": "C", "voyageurs": 4511, "voyageurs_2019": 1600, "tendance_pct": 181.9}, "geometry": {"type": "Point", "coordinates": [0.857468, 45.088775]}}, {"type": "Feature", "properties": {"nom": "Belz - Ploemel", "code_insee": "56161", "code_uic": "87476408", "segment": "C", "voyageurs": 4508, "voyageurs_2019": 1586, "tendance_pct": 184.2}, "geometry": {"type": "Point", "coordinates": [-3.072192, 47.652466]}}, {"type": "Feature", "properties": {"nom": "Pont-Melvez", "code_insee": "22249", "code_uic": "87473520", "segment": "C", "voyageurs": 4506, "voyageurs_2019": 5800, "tendance_pct": -22.3}, "geometry": {"type": "Point", "coordinates": [-3.311444, 48.470223]}}, {"type": "Feature", "properties": {"nom": "Le Toec", "code_insee": "31555", "code_uic": "87353573", "segment": "C", "voyageurs": 4484, "voyageurs_2019": 5295, "tendance_pct": -15.3}, "geometry": {"type": "Point", "coordinates": [1.40145, 43.595604]}}, {"type": "Feature", "properties": {"nom": "Chemilly - Appoigny", "code_insee": "89096", "code_uic": "87683532", "segment": "C", "voyageurs": 4481, "voyageurs_2019": 4728, "tendance_pct": -5.2}, "geometry": {"type": "Point", "coordinates": [3.554394, 47.897237]}}, {"type": "Feature", "properties": {"nom": "Deluz", "code_insee": "25197", "code_uic": "87718429", "segment": "C", "voyageurs": 4461, "voyageurs_2019": 1352, "tendance_pct": 230.0}, "geometry": {"type": "Point", "coordinates": [6.199733, 47.292513]}}, {"type": "Feature", "properties": {"nom": "La Meyze", "code_insee": "87096", "code_uic": "87592808", "segment": "C", "voyageurs": 4460, "voyageurs_2019": 2759, "tendance_pct": 61.7}, "geometry": {"type": "Point", "coordinates": [1.212314, 45.621296]}}, {"type": "Feature", "properties": {"nom": "Salles-Courbatiès", "code_insee": "12252", "code_uic": "87613877", "segment": "C", "voyageurs": 4451, "voyageurs_2019": 3644, "tendance_pct": 22.1}, "geometry": {"type": "Point", "coordinates": [2.078766, 44.475159]}}, {"type": "Feature", "properties": {"nom": "Saint-Victurnien", "code_insee": "87185", "code_uic": "87592683", "segment": "C", "voyageurs": 4444, "voyageurs_2019": 2588, "tendance_pct": 71.7}, "geometry": {"type": "Point", "coordinates": [1.009574, 45.876589]}}, {"type": "Feature", "properties": {"nom": "Bidarray Pont Noblia", "code_insee": "64124", "code_uic": "87673699", "segment": "C", "voyageurs": 4390, "voyageurs_2019": 2497, "tendance_pct": 75.8}, "geometry": {"type": "Point", "coordinates": [-1.345323, 43.268299]}}, {"type": "Feature", "properties": {"nom": "Les Tines", "code_insee": "74056", "code_uic": "87746834", "segment": "C", "voyageurs": 4371, "voyageurs_2019": 2759, "tendance_pct": 58.4}, "geometry": {"type": "Point", "coordinates": [6.89916, 45.950569]}}, {"type": "Feature", "properties": {"nom": "Gandrange - Amnéville", "code_insee": "57019", "code_uic": "87191742", "segment": "C", "voyageurs": 4341, "voyageurs_2019": 3235, "tendance_pct": 34.2}, "geometry": {"type": "Point", "coordinates": [6.13589, 49.260822]}}, {"type": "Feature", "properties": {"nom": "Saint-Georges-de-Commiers", "code_insee": "38388", "code_uic": "87747568", "segment": "C", "voyageurs": 4337, "voyageurs_2019": 2914, "tendance_pct": 48.8}, "geometry": {"type": "Point", "coordinates": [5.701787, 45.043767]}}, {"type": "Feature", "properties": {"nom": "Millas", "code_insee": "66108", "code_uic": "87784546", "segment": "C", "voyageurs": 4326, "voyageurs_2019": 286, "tendance_pct": 1412.6}, "geometry": {"type": "Point", "coordinates": [2.69375, 42.688896]}}, {"type": "Feature", "properties": {"nom": "Bourg-Madame", "code_insee": "66025", "code_uic": "87784876", "segment": "C", "voyageurs": 4312, "voyageurs_2019": 4528, "tendance_pct": -4.8}, "geometry": {"type": "Point", "coordinates": [1.94867, 42.432407]}}, {"type": "Feature", "properties": {"nom": "Pruniers-en-Sologne", "code_insee": "41097", "code_uic": "87576199", "segment": "C", "voyageurs": 4304, "voyageurs_2019": 5929, "tendance_pct": -27.4}, "geometry": {"type": "Point", "coordinates": [1.672205, 47.313174]}}, {"type": "Feature", "properties": {"nom": "Cransac", "code_insee": "12083", "code_uic": "87613232", "segment": "C", "voyageurs": 4301, "voyageurs_2019": 3204, "tendance_pct": 34.2}, "geometry": {"type": "Point", "coordinates": [2.271867, 44.522951]}}, {"type": "Feature", "properties": {"nom": "Vieilleville", "code_insee": "23137", "code_uic": "87597633", "segment": "C", "voyageurs": 4285, "voyageurs_2019": 3417, "tendance_pct": 25.4}, "geometry": {"type": "Point", "coordinates": [1.673644, 46.091096]}}, {"type": "Feature", "properties": {"nom": "Noizay", "code_insee": "37171", "code_uic": "87574368", "segment": "C", "voyageurs": 4278, "voyageurs_2019": 2951, "tendance_pct": 45.0}, "geometry": {"type": "Point", "coordinates": [0.895946, 47.409687]}}, {"type": "Feature", "properties": {"nom": "Thuès Carença", "code_insee": "66209", "code_uic": "87784751", "segment": "C", "voyageurs": 4266, "voyageurs_2019": 2100, "tendance_pct": 103.1}, "geometry": {"type": "Point", "coordinates": [2.222728, 42.522949]}}, {"type": "Feature", "properties": {"nom": "L'Aiguille", "code_insee": "87021", "code_uic": "87592634", "segment": "C", "voyageurs": 4252, "voyageurs_2019": 3261, "tendance_pct": 30.4}, "geometry": {"type": "Point", "coordinates": [1.204902, 45.77837]}}, {"type": "Feature", "properties": {"nom": "Mothern", "code_insee": "67305", "code_uic": "87212456", "segment": "C", "voyageurs": 4214, "voyageurs_2019": 4919, "tendance_pct": -14.3}, "geometry": {"type": "Point", "coordinates": [8.16158, 48.934733]}}, {"type": "Feature", "properties": {"nom": "Courtalain - Saint-Pellerin", "code_insee": "28356", "code_uic": "87394494", "segment": "C", "voyageurs": 4207, "voyageurs_2019": 4511, "tendance_pct": -6.7}, "geometry": {"type": "Point", "coordinates": [1.127004, 48.073599]}}, {"type": "Feature", "properties": {"nom": "Les Moussoux", "code_insee": "74056", "code_uic": "87746818", "segment": "C", "voyageurs": 4178, "voyageurs_2019": 3100, "tendance_pct": 34.8}, "geometry": {"type": "Point", "coordinates": [6.85899, 45.916635]}}, {"type": "Feature", "properties": {"nom": "Crépy - Couvron", "code_insee": "02238", "code_uic": "87296152", "segment": "C", "voyageurs": 4175, "voyageurs_2019": 2684, "tendance_pct": 55.6}, "geometry": {"type": "Point", "coordinates": [3.516716, 49.62334]}}, {"type": "Feature", "properties": {"nom": "Saincaize-Meauce", "code_insee": "58225", "code_uic": "87696260", "segment": "C", "voyageurs": 4175, "voyageurs_2019": 519, "tendance_pct": 704.4}, "geometry": {"type": "Point", "coordinates": [3.07187, 46.931416]}}, {"type": "Feature", "properties": {"nom": "Belvès", "code_insee": "24035", "code_uic": "87595876", "segment": "C", "voyageurs": 4150, "voyageurs_2019": 7409, "tendance_pct": -44.0}, "geometry": {"type": "Point", "coordinates": [1.011883, 44.777398]}}, {"type": "Feature", "properties": {"nom": "Heilles - Mouchy", "code_insee": "60307", "code_uic": "87316398", "segment": "C", "voyageurs": 4141, "voyageurs_2019": 2001, "tendance_pct": 106.9}, "geometry": {"type": "Point", "coordinates": [2.272586, 49.340531]}}, {"type": "Feature", "properties": {"nom": "Loos-en-Gohelle", "code_insee": "62498", "code_uic": "87345033", "segment": "C", "voyageurs": 4098, "voyageurs_2019": 18290, "tendance_pct": -77.6}, "geometry": {"type": "Point", "coordinates": [2.793395, 50.43788]}}, {"type": "Feature", "properties": {"nom": "Bellignat", "code_insee": "01031", "code_uic": "87743526", "segment": "C", "voyageurs": 4083, "voyageurs_2019": 5373, "tendance_pct": -24.0}, "geometry": {"type": "Point", "coordinates": [5.629885, 46.238126]}}, {"type": "Feature", "properties": {"nom": "Louvroil", "code_insee": "59392", "code_uic": "87295535", "segment": "C", "voyageurs": 4012, "voyageurs_2019": 4365, "tendance_pct": -8.1}, "geometry": {"type": "Point", "coordinates": [3.953577, 50.268347]}}, {"type": "Feature", "properties": {"nom": "Munchhausen", "code_insee": "67308", "code_uic": "87212449", "segment": "C", "voyageurs": 4011, "voyageurs_2019": 4481, "tendance_pct": -10.5}, "geometry": {"type": "Point", "coordinates": [8.140991, 48.923798]}}, {"type": "Feature", "properties": {"nom": "Penthièvre", "code_insee": "56234", "code_uic": "87476424", "segment": "C", "voyageurs": 3997, "voyageurs_2019": 1097, "tendance_pct": 264.4}, "geometry": {"type": "Point", "coordinates": [-3.133075, 47.558025]}}, {"type": "Feature", "properties": {"nom": "Gournay - Ferrières", "code_insee": "76260", "code_uic": "87381293", "segment": "C", "voyageurs": 3930, "voyageurs_2019": 7125, "tendance_pct": -44.8}, "geometry": {"type": "Point", "coordinates": [1.738089, 49.481367]}}, {"type": "Feature", "properties": {"nom": "Chambourg-sur-Indre", "code_insee": "37049", "code_uic": "87571463", "segment": "C", "voyageurs": 3926, "voyageurs_2019": 8861, "tendance_pct": -55.7}, "geometry": {"type": "Point", "coordinates": [0.964836, 47.182163]}}, {"type": "Feature", "properties": {"nom": "Hundling", "code_insee": "57340", "code_uic": "87193540", "segment": "C", "voyageurs": 3894, "voyageurs_2019": 38274, "tendance_pct": -89.8}, "geometry": {"type": "Point", "coordinates": [6.977539, 49.106695]}}, {"type": "Feature", "properties": {"nom": "Itxassou", "code_insee": "64279", "code_uic": "87673665", "segment": "C", "voyageurs": 3888, "voyageurs_2019": 255, "tendance_pct": 1424.7}, "geometry": {"type": "Point", "coordinates": [-1.395611, 43.324043]}}, {"type": "Feature", "properties": {"nom": "Coursan", "code_insee": "11106", "code_uic": "87781161", "segment": "C", "voyageurs": 3887, "voyageurs_2019": 4105, "tendance_pct": -5.3}, "geometry": {"type": "Point", "coordinates": [3.051046, 43.23369]}}, {"type": "Feature", "properties": {"nom": "Gannes", "code_insee": "60268", "code_uic": "87313262", "segment": "C", "voyageurs": 3882, "voyageurs_2019": 1790, "tendance_pct": 116.9}, "geometry": {"type": "Point", "coordinates": [2.437007, 49.572331]}}, {"type": "Feature", "properties": {"nom": "Peyrilhac - Saint-Jouvent", "code_insee": "87118", "code_uic": "87592428", "segment": "C", "voyageurs": 3865, "voyageurs_2019": 275, "tendance_pct": 1305.5}, "geometry": {"type": "Point", "coordinates": [1.169984, 45.959618]}}, {"type": "Feature", "properties": {"nom": "Sainte-Cécile-d'Andorge", "code_insee": "30239", "code_uic": "87775239", "segment": "C", "voyageurs": 3860, "voyageurs_2019": 1044, "tendance_pct": 269.7}, "geometry": {"type": "Point", "coordinates": [3.97585, 44.255436]}}, {"type": "Feature", "properties": {"nom": "Chevillon", "code_insee": "52123", "code_uic": "87175117", "segment": "C", "voyageurs": 3820, "voyageurs_2019": 1416, "tendance_pct": 169.8}, "geometry": {"type": "Point", "coordinates": [5.111784, 48.52455]}}, {"type": "Feature", "properties": {"nom": "Pleudihen-sur-Rance", "code_insee": "22197", "code_uic": "87478149", "segment": "C", "voyageurs": 3809, "voyageurs_2019": 835, "tendance_pct": 356.2}, "geometry": {"type": "Point", "coordinates": [-1.961752, 48.499382]}}, {"type": "Feature", "properties": {"nom": "La Fontaine", "code_insee": "59653", "code_uic": "87286427", "segment": "C", "voyageurs": 3775, "voyageurs_2019": 4540, "tendance_pct": -16.9}, "geometry": {"type": "Point", "coordinates": [2.926108, 50.566146]}}, {"type": "Feature", "properties": {"nom": "Base Aérienne", "code_insee": "41194", "code_uic": "87699223", "segment": "C", "voyageurs": 3730, "voyageurs_2019": 0, "tendance_pct": null}, "geometry": {"type": "Point", "coordinates": [1.681869, 47.320184]}}, {"type": "Feature", "properties": {"nom": "Ennevelin", "code_insee": "59197", "code_uic": "87287276", "segment": "C", "voyageurs": 3683, "voyageurs_2019": 975, "tendance_pct": 277.7}, "geometry": {"type": "Point", "coordinates": [3.158661, 50.549298]}}, {"type": "Feature", "properties": {"nom": "Fontenoy-sur-Moselle", "code_insee": "54202", "code_uic": "87141051", "segment": "C", "voyageurs": 3672, "voyageurs_2019": 2864, "tendance_pct": 28.2}, "geometry": {"type": "Point", "coordinates": [5.980365, 48.711721]}}, {"type": "Feature", "properties": {"nom": "Torpes - Boussières", "code_insee": "25564", "code_uic": "87718114", "segment": "C", "voyageurs": 3613, "voyageurs_2019": 2743, "tendance_pct": 31.7}, "geometry": {"type": "Point", "coordinates": [5.88878, 47.163755]}}, {"type": "Feature", "properties": {"nom": "Cramoisy", "code_insee": "60173", "code_uic": "87313544", "segment": "C", "voyageurs": 3583, "voyageurs_2019": 2906, "tendance_pct": 23.3}, "geometry": {"type": "Point", "coordinates": [2.40489, 49.256625]}}, {"type": "Feature", "properties": {"nom": "Saint-Lothain", "code_insee": "39489", "code_uic": "87718197", "segment": "C", "voyageurs": 3579, "voyageurs_2019": 2811, "tendance_pct": 27.3}, "geometry": {"type": "Point", "coordinates": [5.643985, 46.823181]}}, {"type": "Feature", "properties": {"nom": "Montferrand - Thoraise", "code_insee": "25397", "code_uic": "87718106", "segment": "C", "voyageurs": 3554, "voyageurs_2019": 2778, "tendance_pct": 27.9}, "geometry": {"type": "Point", "coordinates": [5.907482, 47.184741]}}, {"type": "Feature", "properties": {"nom": "Saint-Laurent-d'Aigouze", "code_insee": "30276", "code_uic": "87775841", "segment": "C", "voyageurs": 3549, "voyageurs_2019": 425, "tendance_pct": 735.1}, "geometry": {"type": "Point", "coordinates": [4.19307, 43.639288]}}, {"type": "Feature", "properties": {"nom": "Aiguebelette-le-Lac", "code_insee": "73001", "code_uic": "87741421", "segment": "C", "voyageurs": 3540, "voyageurs_2019": 4754, "tendance_pct": -25.5}, "geometry": {"type": "Point", "coordinates": [5.813147, 45.536305]}}, {"type": "Feature", "properties": {"nom": "Ham-en-Artois", "code_insee": "62407", "code_uic": "87342261", "segment": "C", "voyageurs": 3532, "voyageurs_2019": 2454, "tendance_pct": 43.9}, "geometry": {"type": "Point", "coordinates": [2.465776, 50.59004]}}, {"type": "Feature", "properties": {"nom": "Morre", "code_insee": "25410", "code_uic": "87391300", "segment": "C", "voyageurs": 3526, "voyageurs_2019": 8286, "tendance_pct": -57.4}, "geometry": {"type": "Point", "coordinates": [6.067303, 47.225942]}}, {"type": "Feature", "properties": {"nom": "Dives-sur-Mer Port Guillaume", "code_insee": "14225", "code_uic": "87337378", "segment": "C", "voyageurs": 3444, "voyageurs_2019": 2510, "tendance_pct": 37.2}, "geometry": {"type": "Point", "coordinates": [-0.100846, 49.291088]}}, {"type": "Feature", "properties": {"nom": "Olette - Canaveilles", "code_insee": "66125", "code_uic": "87784728", "segment": "C", "voyageurs": 3444, "voyageurs_2019": 1774, "tendance_pct": 94.1}, "geometry": {"type": "Point", "coordinates": [2.271931, 42.55472]}}, {"type": "Feature", "properties": {"nom": "Sainte-Bazeille", "code_insee": "47233", "code_uic": "87586479", "segment": "C", "voyageurs": 3444, "voyageurs_2019": 657, "tendance_pct": 424.2}, "geometry": {"type": "Point", "coordinates": [0.093127, 44.532694]}}, {"type": "Feature", "properties": {"nom": "La Chapelle-sur-Loire", "code_insee": "37058", "code_uic": "87571802", "segment": "C", "voyageurs": 3371, "voyageurs_2019": 1931, "tendance_pct": 74.6}, "geometry": {"type": "Point", "coordinates": [0.218481, 47.251227]}}, {"type": "Feature", "properties": {"nom": "Lathus-Saint-Rémy", "code_insee": "86120", "code_uic": "87575498", "segment": "C", "voyageurs": 3347, "voyageurs_2019": 822, "tendance_pct": 307.2}, "geometry": {"type": "Point", "coordinates": [0.965009, 46.338092]}}, {"type": "Feature", "properties": {"nom": "Sainte-Lizaigne", "code_insee": "36199", "code_uic": "87597054", "segment": "C", "voyageurs": 3339, "voyageurs_2019": 1635, "tendance_pct": 104.2}, "geometry": {"type": "Point", "coordinates": [2.0298, 47.002251]}}, {"type": "Feature", "properties": {"nom": "Belle-Isle - Bégard", "code_insee": "22135", "code_uic": "87473165", "segment": "C", "voyageurs": 3330, "voyageurs_2019": 1711, "tendance_pct": 94.6}, "geometry": {"type": "Point", "coordinates": [-3.322853, 48.59359]}}, {"type": "Feature", "properties": {"nom": "Maresquel-Ecquemicourt", "code_insee": "62552", "code_uic": "87317206", "segment": "C", "voyageurs": 3326, "voyageurs_2019": 0, "tendance_pct": null}, "geometry": {"type": "Point", "coordinates": [1.931342, 50.407819]}}, {"type": "Feature", "properties": {"nom": "Gourland", "code_insee": "22067", "code_uic": "87473801", "segment": "C", "voyageurs": 3317, "voyageurs_2019": 865, "tendance_pct": 283.5}, "geometry": {"type": "Point", "coordinates": [-3.166819, 48.560998]}}, {"type": "Feature", "properties": {"nom": "Milhaud", "code_insee": "30169", "code_uic": "87775098", "segment": "C", "voyageurs": 3293, "voyageurs_2019": 4354, "tendance_pct": -24.4}, "geometry": {"type": "Point", "coordinates": [4.303327, 43.788489]}}, {"type": "Feature", "properties": {"nom": "Sérifontaine", "code_insee": "60616", "code_uic": "87381269", "segment": "C", "voyageurs": 3285, "voyageurs_2019": 1048, "tendance_pct": 213.5}, "geometry": {"type": "Point", "coordinates": [1.763982, 49.357288]}}, {"type": "Feature", "properties": {"nom": "Le Burg", "code_insee": "19278", "code_uic": "87594614", "segment": "C", "voyageurs": 3265, "voyageurs_2019": 217, "tendance_pct": 1404.6}, "geometry": {"type": "Point", "coordinates": [1.429814, 45.215796]}}, {"type": "Feature", "properties": {"nom": "Auboué", "code_insee": "54028", "code_uic": "87191684", "segment": "C", "voyageurs": 3257, "voyageurs_2019": 2608, "tendance_pct": 24.9}, "geometry": {"type": "Point", "coordinates": [5.971461, 49.216163]}}, {"type": "Feature", "properties": {"nom": "Saint-Féliu-d'Avall", "code_insee": "66174", "code_uic": "87784520", "segment": "C", "voyageurs": 3223, "voyageurs_2019": 0, "tendance_pct": null}, "geometry": {"type": "Point", "coordinates": [2.737822, 42.677287]}}, {"type": "Feature", "properties": {"nom": "Montlaur", "code_insee": "31384", "code_uic": "87618207", "segment": "C", "voyageurs": 3218, "voyageurs_2019": 3826, "tendance_pct": -15.9}, "geometry": {"type": "Point", "coordinates": [1.577645, 43.47524]}}, {"type": "Feature", "properties": {"nom": "Durtol - Nohanent", "code_insee": "63141", "code_uic": "87641449", "segment": "C", "voyageurs": 3209, "voyageurs_2019": 606, "tendance_pct": 429.5}, "geometry": {"type": "Point", "coordinates": [3.048557, 45.794771]}}, {"type": "Feature", "properties": {"nom": "Provenchères-sur-Fave", "code_insee": "88361", "code_uic": "87144345", "segment": "C", "voyageurs": 3204, "voyageurs_2019": 454, "tendance_pct": 605.7}, "geometry": {"type": "Point", "coordinates": [7.08549, 48.304629]}}, {"type": "Feature", "properties": {"nom": "Walbach", "code_insee": "68374", "code_uic": "87182360", "segment": "C", "voyageurs": 3197, "voyageurs_2019": 5326, "tendance_pct": -40.0}, "geometry": {"type": "Point", "coordinates": [7.233476, 48.058006]}}, {"type": "Feature", "properties": {"nom": "Blonville-sur-Mer - Benerville", "code_insee": "14079", "code_uic": "87444380", "segment": "C", "voyageurs": 3177, "voyageurs_2019": 2404, "tendance_pct": 32.2}, "geometry": {"type": "Point", "coordinates": [0.035686, 49.331392]}}, {"type": "Feature", "properties": {"nom": "Saint-Brice-sur-Vienne", "code_insee": "87140", "code_uic": "87592691", "segment": "C", "voyageurs": 3143, "voyageurs_2019": 248, "tendance_pct": 1167.3}, "geometry": {"type": "Point", "coordinates": [0.952348, 45.878148]}}, {"type": "Feature", "properties": {"nom": "Prin-Deyrançon", "code_insee": "79220", "code_uic": "87485268", "segment": "C", "voyageurs": 3135, "voyageurs_2019": 4301, "tendance_pct": -27.1}, "geometry": {"type": "Point", "coordinates": [-0.636501, 46.219018]}}, {"type": "Feature", "properties": {"nom": "Tanus", "code_insee": "81292", "code_uic": "87615674", "segment": "C", "voyageurs": 3113, "voyageurs_2019": 2590, "tendance_pct": 20.2}, "geometry": {"type": "Point", "coordinates": [2.315121, 44.100338]}}, {"type": "Feature", "properties": {"nom": "Mennetou-sur-Cher", "code_insee": "41135", "code_uic": "87576728", "segment": "C", "voyageurs": 3052, "voyageurs_2019": 2136, "tendance_pct": 42.9}, "geometry": {"type": "Point", "coordinates": [1.876524, 47.268884]}}, {"type": "Feature", "properties": {"nom": "Marquixanes", "code_insee": "66103", "code_uic": "87784629", "segment": "C", "voyageurs": 3042, "voyageurs_2019": 589, "tendance_pct": 416.5}, "geometry": {"type": "Point", "coordinates": [2.485839, 42.642822]}}, {"type": "Feature", "properties": {"nom": "Carnoët - Locarn", "code_insee": "22128", "code_uic": "87473561", "segment": "C", "voyageurs": 3015, "voyageurs_2019": 2557, "tendance_pct": 17.9}, "geometry": {"type": "Point", "coordinates": [-3.490882, 48.340524]}}, {"type": "Feature", "properties": {"nom": "Blangy-sur-Ternoise", "code_insee": "62138", "code_uic": "87317248", "segment": "C", "voyageurs": 3008, "voyageurs_2019": 8, "tendance_pct": 37500.0}, "geometry": {"type": "Point", "coordinates": [2.172159, 50.424669]}}, {"type": "Feature", "properties": {"nom": "Lamothe-Landerron", "code_insee": "33221", "code_uic": "87582882", "segment": "C", "voyageurs": 3005, "voyageurs_2019": 2617, "tendance_pct": 14.8}, "geometry": {"type": "Point", "coordinates": [0.045141, 44.562843]}}, {"type": "Feature", "properties": {"nom": "Le Haut Banc", "code_insee": "62329", "code_uic": "87316687", "segment": "C", "voyageurs": 2990, "voyageurs_2019": 4388, "tendance_pct": -31.9}, "geometry": {"type": "Point", "coordinates": [1.772221, 50.816336]}}, {"type": "Feature", "properties": {"nom": "Courcay - Tauxigny", "code_insee": "37085", "code_uic": "87571448", "segment": "C", "voyageurs": 2971, "voyageurs_2019": 3709, "tendance_pct": -19.9}, "geometry": {"type": "Point", "coordinates": [0.867867, 47.237708]}}, {"type": "Feature", "properties": {"nom": "Tourville-la-Rivière", "code_insee": "76705", "code_uic": "87411181", "segment": "C", "voyageurs": 2960, "voyageurs_2019": 1109, "tendance_pct": 166.9}, "geometry": {"type": "Point", "coordinates": [1.098964, 49.324818]}}, {"type": "Feature", "properties": {"nom": "Pont de Sallaumines", "code_insee": "62771", "code_uic": "87345124", "segment": "C", "voyageurs": 2958, "voyageurs_2019": 12206, "tendance_pct": -75.8}, "geometry": {"type": "Point", "coordinates": [2.863204, 50.415792]}}, {"type": "Feature", "properties": {"nom": "Saillagouse", "code_insee": "66167", "code_uic": "87784835", "segment": "C", "voyageurs": 2943, "voyageurs_2019": 1934, "tendance_pct": 52.2}, "geometry": {"type": "Point", "coordinates": [2.032113, 42.456885]}}, {"type": "Feature", "properties": {"nom": "Chamalières-sur-Loire", "code_insee": "43049", "code_uic": "87734731", "segment": "C", "voyageurs": 2892, "voyageurs_2019": 1866, "tendance_pct": 55.0}, "geometry": {"type": "Point", "coordinates": [3.99092, 45.204738]}}, {"type": "Feature", "properties": {"nom": "Le Bousquet-d'Orb", "code_insee": "34038", "code_uic": "87781583", "segment": "C", "voyageurs": 2870, "voyageurs_2019": 1053, "tendance_pct": 172.6}, "geometry": {"type": "Point", "coordinates": [3.168938, 43.69121]}}, {"type": "Feature", "properties": {"nom": "Leval", "code_insee": "59344", "code_uic": "87295790", "segment": "C", "voyageurs": 2859, "voyageurs_2019": 3422, "tendance_pct": -16.5}, "geometry": {"type": "Point", "coordinates": [3.836681, 50.184531]}}, {"type": "Feature", "properties": {"nom": "Paulhaguet", "code_insee": "43232", "code_uic": "87734293", "segment": "C", "voyageurs": 2830, "voyageurs_2019": 1776, "tendance_pct": 59.3}, "geometry": {"type": "Point", "coordinates": [3.500444, 45.210198]}}, {"type": "Feature", "properties": {"nom": "Recquignies", "code_insee": "59495", "code_uic": "87295022", "segment": "C", "voyageurs": 2823, "voyageurs_2019": 7083, "tendance_pct": -60.1}, "geometry": {"type": "Point", "coordinates": [4.044503, 50.284047]}}, {"type": "Feature", "properties": {"nom": "Tronsanges", "code_insee": "58298", "code_uic": "87696203", "segment": "C", "voyageurs": 2821, "voyageurs_2019": 4260, "tendance_pct": -33.8}, "geometry": {"type": "Point", "coordinates": [3.054153, 47.113029]}}, {"type": "Feature", "properties": {"nom": "Champs - Saint-Bris", "code_insee": "89077", "code_uic": "87683615", "segment": "C", "voyageurs": 2749, "voyageurs_2019": 3062, "tendance_pct": -10.2}, "geometry": {"type": "Point", "coordinates": [3.603476, 47.738818]}}, {"type": "Feature", "properties": {"nom": "Mesves - Bulcy", "code_insee": "58164", "code_uic": "87696187", "segment": "C", "voyageurs": 2742, "voyageurs_2019": 3183, "tendance_pct": -13.9}, "geometry": {"type": "Point", "coordinates": [3.006518, 47.242075]}}, {"type": "Feature", "properties": {"nom": "Flez-Cuzy - Tannay", "code_insee": "58286", "code_uic": "87696633", "segment": "C", "voyageurs": 2723, "voyageurs_2019": 1356, "tendance_pct": 100.8}, "geometry": {"type": "Point", "coordinates": [3.614993, 47.363058]}}, {"type": "Feature", "properties": {"nom": "Laroque-Timbaut", "code_insee": "47138", "code_uic": "87586412", "segment": "C", "voyageurs": 2718, "voyageurs_2019": 314, "tendance_pct": 765.6}, "geometry": {"type": "Point", "coordinates": [0.749719, 44.287516]}}, {"type": "Feature", "properties": {"nom": "Assat", "code_insee": "64067", "code_uic": "87672162", "segment": "C", "voyageurs": 2681, "voyageurs_2019": 273, "tendance_pct": 882.1}, "geometry": {"type": "Point", "coordinates": [-0.295018, 43.254399]}}, {"type": "Feature", "properties": {"nom": "Urçay - La Perche", "code_insee": "18178", "code_uic": "87576348", "segment": "C", "voyageurs": 2671, "voyageurs_2019": 3024, "tendance_pct": -11.7}, "geometry": {"type": "Point", "coordinates": [2.586571, 46.629512]}}, {"type": "Feature", "properties": {"nom": "Beuvrages", "code_insee": "59079", "code_uic": "87343160", "segment": "C", "voyageurs": 2669, "voyageurs_2019": 2320, "tendance_pct": 15.0}, "geometry": {"type": "Point", "coordinates": [3.50614, 50.389489]}}, {"type": "Feature", "properties": {"nom": "Pougny - Chancy", "code_insee": "01308", "code_uic": "87745380", "segment": "C", "voyageurs": 2657, "voyageurs_2019": 6067, "tendance_pct": -56.2}, "geometry": {"type": "Point", "coordinates": [5.961361, 46.144667]}}, {"type": "Feature", "properties": {"nom": "Générac", "code_insee": "30128", "code_uic": "87775791", "segment": "C", "voyageurs": 2631, "voyageurs_2019": 801, "tendance_pct": 228.5}, "geometry": {"type": "Point", "coordinates": [4.343474, 43.732438]}}, {"type": "Feature", "properties": {"nom": "Xertigny", "code_insee": "88530", "code_uic": "87144121", "segment": "C", "voyageurs": 2618, "voyageurs_2019": 1185, "tendance_pct": 120.9}, "geometry": {"type": "Point", "coordinates": [6.376769, 48.053025]}}, {"type": "Feature", "properties": {"nom": "Chasseradès", "code_insee": "48040", "code_uic": "87775148", "segment": "C", "voyageurs": 2583, "voyageurs_2019": 968, "tendance_pct": 166.8}, "geometry": {"type": "Point", "coordinates": [3.839932, 44.553985]}}, {"type": "Feature", "properties": {"nom": "Pointe de Grave", "code_insee": "33544", "code_uic": "87581397", "segment": "C", "voyageurs": 2558, "voyageurs_2019": 1599, "tendance_pct": 60.0}, "geometry": {"type": "Point", "coordinates": [-1.065857, 45.567067]}}, {"type": "Feature", "properties": {"nom": "Farébersviller", "code_insee": "57207", "code_uic": "87193516", "segment": "C", "voyageurs": 2453, "voyageurs_2019": 2505, "tendance_pct": -2.1}, "geometry": {"type": "Point", "coordinates": [6.861893, 49.11816]}}, {"type": "Feature", "properties": {"nom": "Caffiers", "code_insee": "62191", "code_uic": "87317321", "segment": "C", "voyageurs": 2444, "voyageurs_2019": 3196, "tendance_pct": -23.5}, "geometry": {"type": "Point", "coordinates": [1.812034, 50.850068]}}, {"type": "Feature", "properties": {"nom": "Wacquemoulin", "code_insee": "60698", "code_uic": "87316208", "segment": "C", "voyageurs": 2429, "voyageurs_2019": 3380, "tendance_pct": -28.1}, "geometry": {"type": "Point", "coordinates": [2.611658, 49.503257]}}, {"type": "Feature", "properties": {"nom": "Pont de Lignon", "code_insee": "43025", "code_uic": "87726786", "segment": "C", "voyageurs": 2424, "voyageurs_2019": 1401, "tendance_pct": 73.0}, "geometry": {"type": "Point", "coordinates": [4.137243, 45.259779]}}, {"type": "Feature", "properties": {"nom": "Montreuil-sur-Thérain", "code_insee": "60685", "code_uic": "87316406", "segment": "C", "voyageurs": 2382, "voyageurs_2019": 5769, "tendance_pct": -58.7}, "geometry": {"type": "Point", "coordinates": [2.200253, 49.38152]}}, {"type": "Feature", "properties": {"nom": "Escaudœuvres", "code_insee": "59206", "code_uic": "87345496", "segment": "C", "voyageurs": 2353, "voyageurs_2019": 32, "tendance_pct": 7253.1}, "geometry": {"type": "Point", "coordinates": [3.275495, 50.191825]}}, {"type": "Feature", "properties": {"nom": "Lurbe-Saint-Christau", "code_insee": "64360", "code_uic": "87672741", "segment": "C", "voyageurs": 2344, "voyageurs_2019": 2048, "tendance_pct": 14.5}, "geometry": {"type": "Point", "coordinates": [-0.60408, 43.12099]}}, {"type": "Feature", "properties": {"nom": "Corseul - Languenan", "code_insee": "22105", "code_uic": "87478180", "segment": "C", "voyageurs": 2337, "voyageurs_2019": 2584, "tendance_pct": -9.6}, "geometry": {"type": "Point", "coordinates": [-2.141433, 48.496057]}}, {"type": "Feature", "properties": {"nom": "Sierck-les-Bains", "code_insee": "57650", "code_uic": "87191635", "segment": "C", "voyageurs": 2314, "voyageurs_2019": 2189, "tendance_pct": 5.7}, "geometry": {"type": "Point", "coordinates": [6.350327, 49.443655]}}, {"type": "Feature", "properties": {"nom": "Croix L'Allumette", "code_insee": "59163", "code_uic": "87281055", "segment": "C", "voyageurs": 2283, "voyageurs_2019": 1029, "tendance_pct": 121.9}, "geometry": {"type": "Point", "coordinates": [3.151659, 50.687201]}}, {"type": "Feature", "properties": {"nom": "Lacelle", "code_insee": "19095", "code_uic": "87592147", "segment": "C", "voyageurs": 2283, "voyageurs_2019": 1118, "tendance_pct": 104.2}, "geometry": {"type": "Point", "coordinates": [1.82648, 45.64127]}}, {"type": "Feature", "properties": {"nom": "Tournemire - Roquefort", "code_insee": "12282", "code_uic": "87783456", "segment": "C", "voyageurs": 2271, "voyageurs_2019": 937, "tendance_pct": 142.4}, "geometry": {"type": "Point", "coordinates": [3.016626, 43.9698]}}, {"type": "Feature", "properties": {"nom": "Saint-Hilaire - Brizambourg", "code_insee": "17344", "code_uic": "87491324", "segment": "C", "voyageurs": 2268, "voyageurs_2019": 376, "tendance_pct": 503.2}, "geometry": {"type": "Point", "coordinates": [-0.534716, 45.85007]}}, {"type": "Feature", "properties": {"nom": "Chocques", "code_insee": "62224", "code_uic": "87342220", "segment": "C", "voyageurs": 2245, "voyageurs_2019": 5799, "tendance_pct": -61.3}, "geometry": {"type": "Point", "coordinates": [2.564749, 50.538204]}}, {"type": "Feature", "properties": {"nom": "Montaigut-le-Blanc", "code_insee": "23132", "code_uic": "87597674", "segment": "C", "voyageurs": 2243, "voyageurs_2019": 1341, "tendance_pct": 67.3}, "geometry": {"type": "Point", "coordinates": [1.733982, 46.136742]}}, {"type": "Feature", "properties": {"nom": "Mauzac-et-Grand-Castang", "code_insee": "24260", "code_uic": "87584466", "segment": "C", "voyageurs": 2241, "voyageurs_2019": 335, "tendance_pct": 569.0}, "geometry": {"type": "Point", "coordinates": [0.789966, 44.855829]}}, {"type": "Feature", "properties": {"nom": "Plounérin", "code_insee": "22227", "code_uic": "87473199", "segment": "C", "voyageurs": 2199, "voyageurs_2019": 1281, "tendance_pct": 71.7}, "geometry": {"type": "Point", "coordinates": [-3.568231, 48.58163]}}, {"type": "Feature", "properties": {"nom": "Avesnelles", "code_insee": "59035", "code_uic": "87295725", "segment": "C", "voyageurs": 2196, "voyageurs_2019": 7084, "tendance_pct": -69.0}, "geometry": {"type": "Point", "coordinates": [3.948588, 50.118551]}}, {"type": "Feature", "properties": {"nom": "Pouzauges", "code_insee": "85140", "code_uic": "87487314", "segment": "C", "voyageurs": 2187, "voyageurs_2019": 779, "tendance_pct": 180.7}, "geometry": {"type": "Point", "coordinates": [-0.814678, 46.752354]}}, {"type": "Feature", "properties": {"nom": "Villefranque", "code_insee": "64558", "code_uic": "87673616", "segment": "C", "voyageurs": 2154, "voyageurs_2019": 14, "tendance_pct": 15285.7}, "geometry": {"type": "Point", "coordinates": [-1.456451, 43.4314]}}, {"type": "Feature", "properties": {"nom": "Courcelles-le-Comte", "code_insee": "62248", "code_uic": "87342063", "segment": "C", "voyageurs": 2142, "voyageurs_2019": 102, "tendance_pct": 2000.0}, "geometry": {"type": "Point", "coordinates": [2.788035, 50.169412]}}, {"type": "Feature", "properties": {"nom": "Ménil Flin", "code_insee": "54199", "code_uic": "87141390", "segment": "C", "voyageurs": 2140, "voyageurs_2019": 1094, "tendance_pct": 95.6}, "geometry": {"type": "Point", "coordinates": [6.659226, 48.50502]}}, {"type": "Feature", "properties": {"nom": "Boisleux-au-Mont", "code_insee": "62151", "code_uic": "87342071", "segment": "C", "voyageurs": 2102, "voyageurs_2019": 1937, "tendance_pct": 8.5}, "geometry": {"type": "Point", "coordinates": [2.771855, 50.210467]}}, {"type": "Feature", "properties": {"nom": "Bournezeau", "code_insee": "85034", "code_uic": "87486324", "segment": "C", "voyageurs": 2085, "voyageurs_2019": 949, "tendance_pct": 119.7}, "geometry": {"type": "Point", "coordinates": [-1.180617, 46.651826]}}, {"type": "Feature", "properties": {"nom": "Savonnières", "code_insee": "37243", "code_uic": "87571844", "segment": "C", "voyageurs": 2080, "voyageurs_2019": 2262, "tendance_pct": -8.0}, "geometry": {"type": "Point", "coordinates": [0.544182, 47.36058]}}, {"type": "Feature", "properties": {"nom": "Bussac-Forêt", "code_insee": "17074", "code_uic": "87491191", "segment": "C", "voyageurs": 2068, "voyageurs_2019": 2918, "tendance_pct": -29.1}, "geometry": {"type": "Point", "coordinates": [-0.368246, 45.211928]}}, {"type": "Feature", "properties": {"nom": "Puybrun", "code_insee": "46229", "code_uic": "87594754", "segment": "C", "voyageurs": 2053, "voyageurs_2019": 1084, "tendance_pct": 89.4}, "geometry": {"type": "Point", "coordinates": [1.784155, 44.921633]}}, {"type": "Feature", "properties": {"nom": "Thésée", "code_insee": "41258", "code_uic": "87328195", "segment": "C", "voyageurs": 2035, "voyageurs_2019": 5585, "tendance_pct": -63.6}, "geometry": {"type": "Point", "coordinates": [1.312057, 47.322271]}}, {"type": "Feature", "properties": {"nom": "Fraisses - Unieux", "code_insee": "42099", "code_uic": "87726737", "segment": "C", "voyageurs": 2011, "voyageurs_2019": 527, "tendance_pct": 281.6}, "geometry": {"type": "Point", "coordinates": [4.261037, 45.394823]}}, {"type": "Feature", "properties": {"nom": "Monistrol-d'Allier", "code_insee": "43136", "code_uic": "87734335", "segment": "C", "voyageurs": 1970, "voyageurs_2019": 1776, "tendance_pct": 10.9}, "geometry": {"type": "Point", "coordinates": [3.650042, 44.969665]}}, {"type": "Feature", "properties": {"nom": "Alleyras", "code_insee": "43005", "code_uic": "87731885", "segment": "C", "voyageurs": 1933, "voyageurs_2019": 1310, "tendance_pct": 47.6}, "geometry": {"type": "Point", "coordinates": [3.673517, 44.919217]}}, {"type": "Feature", "properties": {"nom": "Saint-Georges-de-Luzençon", "code_insee": "12225", "code_uic": "87783423", "segment": "C", "voyageurs": 1909, "voyageurs_2019": 1591, "tendance_pct": 20.0}, "geometry": {"type": "Point", "coordinates": [2.983784, 44.066553]}}, {"type": "Feature", "properties": {"nom": "Vignory", "code_insee": "52524", "code_uic": "87142232", "segment": "C", "voyageurs": 1900, "voyageurs_2019": 4056, "tendance_pct": -53.2}, "geometry": {"type": "Point", "coordinates": [5.124159, 48.270137]}}, {"type": "Feature", "properties": {"nom": "Fromental", "code_insee": "87068", "code_uic": "87592360", "segment": "C", "voyageurs": 1890, "voyageurs_2019": 373, "tendance_pct": 406.7}, "geometry": {"type": "Point", "coordinates": [1.432432, 46.171565]}}, {"type": "Feature", "properties": {"nom": "Guimiliau", "code_insee": "29074", "code_uic": "87474296", "segment": "C", "voyageurs": 1877, "voyageurs_2019": 2254, "tendance_pct": -16.7}, "geometry": {"type": "Point", "coordinates": [-3.999616, 48.485267]}}, {"type": "Feature", "properties": {"nom": "Frynaudour", "code_insee": "22233", "code_uic": "87473876", "segment": "C", "voyageurs": 1874, "voyageurs_2019": 625, "tendance_pct": 199.8}, "geometry": {"type": "Point", "coordinates": [-3.128453, 48.727592]}}, {"type": "Feature", "properties": {"nom": "Campagnac - Saint-Geniez", "code_insee": "12047", "code_uic": "87783340", "segment": "C", "voyageurs": 1873, "voyageurs_2019": 763, "tendance_pct": 145.5}, "geometry": {"type": "Point", "coordinates": [3.066401, 44.421956]}}, {"type": "Feature", "properties": {"nom": "Viaduc Sainte-Marie", "code_insee": "74143", "code_uic": "87746735", "segment": "C", "voyageurs": 1862, "voyageurs_2019": 1226, "tendance_pct": 51.9}, "geometry": {"type": "Point", "coordinates": [6.785013, 45.897096]}}, {"type": "Feature", "properties": {"nom": "Les Flachères", "code_insee": "69044", "code_uic": "87721704", "segment": "C", "voyageurs": 1857, "voyageurs_2019": 1859, "tendance_pct": -0.1}, "geometry": {"type": "Point", "coordinates": [4.754152, 45.777434]}}, {"type": "Feature", "properties": {"nom": "Busseau sur Creuse", "code_insee": "23001", "code_uic": "87597708", "segment": "C", "voyageurs": 1853, "voyageurs_2019": 551, "tendance_pct": 236.3}, "geometry": {"type": "Point", "coordinates": [2.022924, 46.123026]}}, {"type": "Feature", "properties": {"nom": "Aubin-Saint-Vaast", "code_insee": "62046", "code_uic": "87316604", "segment": "C", "voyageurs": 1847, "voyageurs_2019": 126, "tendance_pct": 1365.9}, "geometry": {"type": "Point", "coordinates": [1.970538, 50.394614]}}, {"type": "Feature", "properties": {"nom": "Darsac", "code_insee": "43259", "code_uic": "87734673", "segment": "C", "voyageurs": 1827, "voyageurs_2019": 3386, "tendance_pct": -46.0}, "geometry": {"type": "Point", "coordinates": [3.736554, 45.14211]}}, {"type": "Feature", "properties": {"nom": "Veuves - Monteaux", "code_insee": "41272", "code_uic": "87574327", "segment": "C", "voyageurs": 1824, "voyageurs_2019": 2559, "tendance_pct": -28.7}, "geometry": {"type": "Point", "coordinates": [1.123875, 47.475672]}}, {"type": "Feature", "properties": {"nom": "Saint-Michel-sur-Meurthe", "code_insee": "88428", "code_uic": "87144683", "segment": "C", "voyageurs": 1820, "voyageurs_2019": 2892, "tendance_pct": -37.1}, "geometry": {"type": "Point", "coordinates": [6.888278, 48.326984]}}, {"type": "Feature", "properties": {"nom": "Luant", "code_insee": "36101", "code_uic": "87597096", "segment": "C", "voyageurs": 1792, "voyageurs_2019": 107, "tendance_pct": 1574.8}, "geometry": {"type": "Point", "coordinates": [1.590196, 46.735768]}}, {"type": "Feature", "properties": {"nom": "Buire-sur-l'Ancre", "code_insee": "80151", "code_uic": "87316067", "segment": "C", "voyageurs": 1775, "voyageurs_2019": 2990, "tendance_pct": -40.6}, "geometry": {"type": "Point", "coordinates": [2.598189, 49.964773]}}, {"type": "Feature", "properties": {"nom": "Teting-sur-Nied", "code_insee": "57668", "code_uic": "87193342", "segment": "C", "voyageurs": 1774, "voyageurs_2019": 1608, "tendance_pct": 10.3}, "geometry": {"type": "Point", "coordinates": [6.664627, 49.051605]}}, {"type": "Feature", "properties": {"nom": "Ceilhes - Roqueredonde", "code_insee": "34233", "code_uic": "87781542", "segment": "C", "voyageurs": 1772, "voyageurs_2019": 359, "tendance_pct": 393.6}, "geometry": {"type": "Point", "coordinates": [3.155158, 43.812266]}}, {"type": "Feature", "properties": {"nom": "Mazingarbe", "code_insee": "62563", "code_uic": "87342121", "segment": "C", "voyageurs": 1747, "voyageurs_2019": 1088, "tendance_pct": 60.6}, "geometry": {"type": "Point", "coordinates": [2.700545, 50.460896]}}, {"type": "Feature", "properties": {"nom": "Luc", "code_insee": "48086", "code_uic": "87734368", "segment": "C", "voyageurs": 1680, "voyageurs_2019": 437, "tendance_pct": 284.4}, "geometry": {"type": "Point", "coordinates": [3.891563, 44.654092]}}, {"type": "Feature", "properties": {"nom": "Miniac-Morvan", "code_insee": "35179", "code_uic": "87478131", "segment": "C", "voyageurs": 1676, "voyageurs_2019": 436, "tendance_pct": 284.4}, "geometry": {"type": "Point", "coordinates": [-1.914787, 48.531513]}}, {"type": "Feature", "properties": {"nom": "Béard", "code_insee": "58025", "code_uic": "87696468", "segment": "C", "voyageurs": 1670, "voyageurs_2019": 334, "tendance_pct": 400.0}, "geometry": {"type": "Point", "coordinates": [3.317994, 46.865221]}}, {"type": "Feature", "properties": {"nom": "Sarrance", "code_insee": "64506", "code_uic": "87672766", "segment": "C", "voyageurs": 1657, "voyageurs_2019": 1771, "tendance_pct": -6.4}, "geometry": {"type": "Point", "coordinates": [-0.599962, 43.0496]}}, {"type": "Feature", "properties": {"nom": "Cize - Bolozon", "code_insee": "01051", "code_uic": "87743344", "segment": "C", "voyageurs": 1646, "voyageurs_2019": 1481, "tendance_pct": 11.1}, "geometry": {"type": "Point", "coordinates": [5.454068, 46.21348]}}, {"type": "Feature", "properties": {"nom": "Cerizay", "code_insee": "79062", "code_uic": "87487280", "segment": "C", "voyageurs": 1638, "voyageurs_2019": 535, "tendance_pct": 206.2}, "geometry": {"type": "Point", "coordinates": [-0.668993, 46.817688]}}, {"type": "Feature", "properties": {"nom": "Mesvres", "code_insee": "71297", "code_uic": "87694158", "segment": "C", "voyageurs": 1632, "voyageurs_2019": 2172, "tendance_pct": -24.9}, "geometry": {"type": "Point", "coordinates": [4.244966, 46.862799]}}, {"type": "Feature", "properties": {"nom": "Nomain", "code_insee": "59435", "code_uic": "87286609", "segment": "C", "voyageurs": 1622, "voyageurs_2019": 4336, "tendance_pct": -62.6}, "geometry": {"type": "Point", "coordinates": [3.20635, 50.502374]}}, {"type": "Feature", "properties": {"nom": "Villeneuve-la-Comtesse", "code_insee": "17474", "code_uic": "87491258", "segment": "C", "voyageurs": 1618, "voyageurs_2019": 2159, "tendance_pct": -25.1}, "geometry": {"type": "Point", "coordinates": [-0.513072, 46.09866]}}, {"type": "Feature", "properties": {"nom": "Chenevières", "code_insee": "54125", "code_uic": "87141382", "segment": "C", "voyageurs": 1593, "voyageurs_2019": 2096, "tendance_pct": -24.0}, "geometry": {"type": "Point", "coordinates": [6.632561, 48.519506]}}, {"type": "Feature", "properties": {"nom": "Apach", "code_insee": "57026", "code_uic": "87191643", "segment": "C", "voyageurs": 1590, "voyageurs_2019": 907, "tendance_pct": 75.3}, "geometry": {"type": "Point", "coordinates": [6.371972, 49.458836]}}, {"type": "Feature", "properties": {"nom": "Turenne", "code_insee": "19273", "code_uic": "87594556", "segment": "C", "voyageurs": 1579, "voyageurs_2019": 324, "tendance_pct": 387.3}, "geometry": {"type": "Point", "coordinates": [1.600704, 45.037954]}}, {"type": "Feature", "properties": {"nom": "Fougeré", "code_insee": "49143", "code_uic": "87486316", "segment": "C", "voyageurs": 1548, "voyageurs_2019": 2420, "tendance_pct": -36.0}, "geometry": {"type": "Point", "coordinates": [-1.231972, 46.665304]}}, {"type": "Feature", "properties": {"nom": "La Chaussée-Saint-Victor", "code_insee": "41047", "code_uic": "87574251", "segment": "C", "voyageurs": 1525, "voyageurs_2019": 2175, "tendance_pct": -29.9}, "geometry": {"type": "Point", "coordinates": [1.353783, 47.612795]}}, {"type": "Feature", "properties": {"nom": "Le Monastier-Pin-Moriès", "code_insee": "48099", "code_uic": "87783308", "segment": "C", "voyageurs": 1525, "voyageurs_2019": 94, "tendance_pct": 1522.3}, "geometry": {"type": "Point", "coordinates": [3.252057, 44.508968]}}, {"type": "Feature", "properties": {"nom": "Dompierre-sur-Helpe", "code_insee": "59177", "code_uic": "87295774", "segment": "C", "voyageurs": 1520, "voyageurs_2019": 3175, "tendance_pct": -52.1}, "geometry": {"type": "Point", "coordinates": [3.871144, 50.146144]}}, {"type": "Feature", "properties": {"nom": "La Levade", "code_insee": "30132", "code_uic": "87775247", "segment": "C", "voyageurs": 1514, "voyageurs_2019": 1020, "tendance_pct": 48.4}, "geometry": {"type": "Point", "coordinates": [4.010274, 44.228602]}}, {"type": "Feature", "properties": {"nom": "La Membrolle-sur-Choisille", "code_insee": "37214", "code_uic": "87571513", "segment": "C", "voyageurs": 1467, "voyageurs_2019": 1498, "tendance_pct": -2.1}, "geometry": {"type": "Point", "coordinates": [0.640787, 47.431318]}}, {"type": "Feature", "properties": {"nom": "Danjoutin", "code_insee": "90010", "code_uic": "87700146", "segment": "C", "voyageurs": 1458, "voyageurs_2019": 1924, "tendance_pct": -24.2}, "geometry": {"type": "Point", "coordinates": [6.86919, 47.6175]}}, {"type": "Feature", "properties": {"nom": "Lavaufranche", "code_insee": "23104", "code_uic": "87597740", "segment": "C", "voyageurs": 1454, "voyageurs_2019": 518, "tendance_pct": 180.7}, "geometry": {"type": "Point", "coordinates": [2.270097, 46.321287]}}, {"type": "Feature", "properties": {"nom": "Ria-Sirach", "code_insee": "66161", "code_uic": "87784660", "segment": "C", "voyageurs": 1448, "voyageurs_2019": 788, "tendance_pct": 83.8}, "geometry": {"type": "Point", "coordinates": [2.390749, 42.603408]}}, {"type": "Feature", "properties": {"nom": "Gignac - Cressensac", "code_insee": "46118", "code_uic": "87594325", "segment": "C", "voyageurs": 1442, "voyageurs_2019": 116, "tendance_pct": 1143.1}, "geometry": {"type": "Point", "coordinates": [1.483165, 45.014607]}}, {"type": "Feature", "properties": {"nom": "Coat Guégan", "code_insee": "22249", "code_uic": "87473579", "segment": "C", "voyageurs": 1436, "voyageurs_2019": 637, "tendance_pct": 125.4}, "geometry": {"type": "Point", "coordinates": [-3.273802, 48.480316]}}, {"type": "Feature", "properties": {"nom": "Clacy - Mons", "code_insee": "02196", "code_uic": "87296178", "segment": "C", "voyageurs": 1427, "voyageurs_2019": 408, "tendance_pct": 249.8}, "geometry": {"type": "Point", "coordinates": [3.576682, 49.543923]}}, {"type": "Feature", "properties": {"nom": "Pomas", "code_insee": "11293", "code_uic": "87615146", "segment": "C", "voyageurs": 1401, "voyageurs_2019": 882, "tendance_pct": 58.8}, "geometry": {"type": "Point", "coordinates": [2.289227, 43.112387]}}, {"type": "Feature", "properties": {"nom": "Lafarge", "code_insee": "87150", "code_uic": "87592733", "segment": "C", "voyageurs": 1384, "voyageurs_2019": 4155, "tendance_pct": -66.7}, "geometry": {"type": "Point", "coordinates": [1.130859, 45.633834]}}, {"type": "Feature", "properties": {"nom": "La Chaize-le-Vicomte", "code_insee": "85046", "code_uic": "87486308", "segment": "C", "voyageurs": 1378, "voyageurs_2019": 3890, "tendance_pct": -64.6}, "geometry": {"type": "Point", "coordinates": [-1.282068, 46.676779]}}, {"type": "Feature", "properties": {"nom": "Sainte-Gauburge", "code_insee": "61389", "code_uic": "87444604", "segment": "C", "voyageurs": 1370, "voyageurs_2019": 3656, "tendance_pct": -62.5}, "geometry": {"type": "Point", "coordinates": [0.428108, 48.717263]}}, {"type": "Feature", "properties": {"nom": "Crouy", "code_insee": "02243", "code_uic": "87271874", "segment": "C", "voyageurs": 1360, "voyageurs_2019": 1011, "tendance_pct": 34.5}, "geometry": {"type": "Point", "coordinates": [3.356914, 49.403709]}}, {"type": "Feature", "properties": {"nom": "Épanvilliers", "code_insee": "86029", "code_uic": "87575357", "segment": "C", "voyageurs": 1283, "voyageurs_2019": 740, "tendance_pct": 73.4}, "geometry": {"type": "Point", "coordinates": [0.235758, 46.225495]}}, {"type": "Feature", "properties": {"nom": "Fouquereuil", "code_insee": "62349", "code_uic": "87342204", "segment": "C", "voyageurs": 1277, "voyageurs_2019": 1632, "tendance_pct": -21.8}, "geometry": {"type": "Point", "coordinates": [2.607445, 50.525509]}}, {"type": "Feature", "properties": {"nom": "Chapeauroux", "code_insee": "48139", "code_uic": "87734343", "segment": "C", "voyageurs": 1259, "voyageurs_2019": 707, "tendance_pct": 78.1}, "geometry": {"type": "Point", "coordinates": [3.741923, 44.838001]}}, {"type": "Feature", "properties": {"nom": "Loulay", "code_insee": "17211", "code_uic": "87491290", "segment": "C", "voyageurs": 1227, "voyageurs_2019": 2337, "tendance_pct": -47.5}, "geometry": {"type": "Point", "coordinates": [-0.501753, 46.043517]}}, {"type": "Feature", "properties": {"nom": "Nançois - Tronville", "code_insee": "55519", "code_uic": "87175067", "segment": "C", "voyageurs": 1216, "voyageurs_2019": 866, "tendance_pct": 40.4}, "geometry": {"type": "Point", "coordinates": [5.291202, 48.718042]}}, {"type": "Feature", "properties": {"nom": "Les Bons Pères", "code_insee": "59514", "code_uic": "87297515", "segment": "C", "voyageurs": 1212, "voyageurs_2019": 1919, "tendance_pct": -36.8}, "geometry": {"type": "Point", "coordinates": [4.010967, 50.279864]}}, {"type": "Feature", "properties": {"nom": "Montbarrey", "code_insee": "39350", "code_uic": "87718866", "segment": "C", "voyageurs": 1198, "voyageurs_2019": 811, "tendance_pct": 47.7}, "geometry": {"type": "Point", "coordinates": [5.636608, 47.035992]}}, {"type": "Feature", "properties": {"nom": "Lezennes", "code_insee": "59350", "code_uic": "87287102", "segment": "C", "voyageurs": 1186, "voyageurs_2019": 1207, "tendance_pct": -1.7}, "geometry": {"type": "Point", "coordinates": [3.098648, 50.62057]}}, {"type": "Feature", "properties": {"nom": "Les Sables Blancs", "code_insee": "56168", "code_uic": "87476267", "segment": "C", "voyageurs": 1184, "voyageurs_2019": 364, "tendance_pct": 225.3}, "geometry": {"type": "Point", "coordinates": [-3.13201, 47.57518]}}, {"type": "Feature", "properties": {"nom": "Plerguer", "code_insee": "35224", "code_uic": "87478123", "segment": "C", "voyageurs": 1182, "voyageurs_2019": 613, "tendance_pct": 92.8}, "geometry": {"type": "Point", "coordinates": [-1.85059, 48.531464]}}, {"type": "Feature", "properties": {"nom": "Magnette", "code_insee": "03010", "code_uic": "87641365", "segment": "C", "voyageurs": 1176, "voyageurs_2019": 2288, "tendance_pct": -48.6}, "geometry": {"type": "Point", "coordinates": [2.602877, 46.464142]}}, {"type": "Feature", "properties": {"nom": "Pers", "code_insee": "15150", "code_uic": "87645176", "segment": "C", "voyageurs": 1168, "voyageurs_2019": 121, "tendance_pct": 865.3}, "geometry": {"type": "Point", "coordinates": [2.240389, 44.887025]}}, {"type": "Feature", "properties": {"nom": "La Marche", "code_insee": "58155", "code_uic": "87691394", "segment": "C", "voyageurs": 1164, "voyageurs_2019": 1283, "tendance_pct": -9.3}, "geometry": {"type": "Point", "coordinates": [3.039547, 47.139697]}}, {"type": "Feature", "properties": {"nom": "Annappes", "code_insee": "59009", "code_uic": "87286856", "segment": "C", "voyageurs": 1156, "voyageurs_2019": 1638, "tendance_pct": -29.4}, "geometry": {"type": "Point", "coordinates": [3.147535, 50.622771]}}, {"type": "Feature", "properties": {"nom": "Menars", "code_insee": "41134", "code_uic": "87574244", "segment": "C", "voyageurs": 1071, "voyageurs_2019": 58, "tendance_pct": 1746.6}, "geometry": {"type": "Point", "coordinates": [1.405617, 47.645004]}}, {"type": "Feature", "properties": {"nom": "Sauveterre-la-Lémance", "code_insee": "47292", "code_uic": "87586495", "segment": "C", "voyageurs": 1069, "voyageurs_2019": 1405, "tendance_pct": -23.9}, "geometry": {"type": "Point", "coordinates": [1.011542, 44.589389]}}, {"type": "Feature", "properties": {"nom": "Trégonneau - Squiffiec", "code_insee": "22338", "code_uic": "87473819", "segment": "C", "voyageurs": 1068, "voyageurs_2019": 813, "tendance_pct": 31.4}, "geometry": {"type": "Point", "coordinates": [-3.174252, 48.624358]}}, {"type": "Feature", "properties": {"nom": "Laval-de-Cère", "code_insee": "46163", "code_uic": "87594796", "segment": "C", "voyageurs": 1057, "voyageurs_2019": 412, "tendance_pct": 156.6}, "geometry": {"type": "Point", "coordinates": [1.931711, 44.951212]}}, {"type": "Feature", "properties": {"nom": "Viry-Noureuil", "code_insee": "02820", "code_uic": "87297051", "segment": "C", "voyageurs": 1037, "voyageurs_2019": 280, "tendance_pct": 270.4}, "geometry": {"type": "Point", "coordinates": [3.250361, 49.627449]}}, {"type": "Feature", "properties": {"nom": "Parsac - Gouzon", "code_insee": "23149", "code_uic": "87597724", "segment": "C", "voyageurs": 1020, "voyageurs_2019": 343, "tendance_pct": 197.4}, "geometry": {"type": "Point", "coordinates": [2.174442, 46.198615]}}, {"type": "Feature", "properties": {"nom": "Namps - Quevauvillers", "code_insee": "80582", "code_uic": "87313379", "segment": "C", "voyageurs": 1014, "voyageurs_2019": 459, "tendance_pct": 120.9}, "geometry": {"type": "Point", "coordinates": [2.105318, 49.808227]}}, {"type": "Feature", "properties": {"nom": "La Chaumusse - Fort-du-Plasne", "code_insee": "39126", "code_uic": "87715391", "segment": "C", "voyageurs": 993, "voyageurs_2019": 845, "tendance_pct": 17.5}, "geometry": {"type": "Point", "coordinates": [5.961334, 46.604875]}}, {"type": "Feature", "properties": {"nom": "Chouzy-sur-Cisse", "code_insee": "41055", "code_uic": "87574301", "segment": "C", "voyageurs": 988, "voyageurs_2019": 751, "tendance_pct": 31.6}, "geometry": {"type": "Point", "coordinates": [1.247846, 47.520325]}}, {"type": "Feature", "properties": {"nom": "Saint-Genouph", "code_insee": "37219", "code_uic": "87571851", "segment": "C", "voyageurs": 986, "voyageurs_2019": 708, "tendance_pct": 39.3}, "geometry": {"type": "Point", "coordinates": [0.59695, 47.371011]}}, {"type": "Feature", "properties": {"nom": "Moustéru", "code_insee": "22013", "code_uic": "87473512", "segment": "C", "voyageurs": 967, "voyageurs_2019": 1525, "tendance_pct": -36.6}, "geometry": {"type": "Point", "coordinates": [-3.243505, 48.507451]}}, {"type": "Feature", "properties": {"nom": "Brunémont", "code_insee": "59115", "code_uic": "87345439", "segment": "C", "voyageurs": 962, "voyageurs_2019": 3148, "tendance_pct": -69.4}, "geometry": {"type": "Point", "coordinates": [3.145351, 50.27832]}}, {"type": "Feature", "properties": {"nom": "Couffoulens - Leuc", "code_insee": "11102", "code_uic": "87615120", "segment": "C", "voyageurs": 957, "voyageurs_2019": 368, "tendance_pct": 160.1}, "geometry": {"type": "Point", "coordinates": [2.316175, 43.155536]}}, {"type": "Feature", "properties": {"nom": "Pihen-lès-Guînes", "code_insee": "62657", "code_uic": "87316679", "segment": "C", "voyageurs": 957, "voyageurs_2019": 1316, "tendance_pct": -27.3}, "geometry": {"type": "Point", "coordinates": [1.784563, 50.872785]}}, {"type": "Feature", "properties": {"nom": "Vierzy", "code_insee": "02799", "code_uic": "87271783", "segment": "C", "voyageurs": 951, "voyageurs_2019": 305, "tendance_pct": 211.8}, "geometry": {"type": "Point", "coordinates": [3.277303, 49.291031]}}, {"type": "Feature", "properties": {"nom": "Lunas", "code_insee": "34144", "code_uic": "87781575", "segment": "C", "voyageurs": 930, "voyageurs_2019": 299, "tendance_pct": 211.0}, "geometry": {"type": "Point", "coordinates": [3.194899, 43.709581]}}, {"type": "Feature", "properties": {"nom": "Les Perrières", "code_insee": "58303", "code_uic": "87691600", "segment": "C", "voyageurs": 919, "voyageurs_2019": 1831, "tendance_pct": -49.8}, "geometry": {"type": "Point", "coordinates": [3.146714, 47.005521]}}, {"type": "Feature", "properties": {"nom": "Beillant", "code_insee": "17400", "code_uic": "87491076", "segment": "C", "voyageurs": 913, "voyageurs_2019": 89, "tendance_pct": 925.8}, "geometry": {"type": "Point", "coordinates": [-0.526508, 45.7008]}}, {"type": "Feature", "properties": {"nom": "L'Isthme", "code_insee": "56234", "code_uic": "87476275", "segment": "C", "voyageurs": 905, "voyageurs_2019": 2014, "tendance_pct": -55.1}, "geometry": {"type": "Point", "coordinates": [-3.133536, 47.546536]}}, {"type": "Feature", "properties": {"nom": "Bagnols - Chadenet", "code_insee": "48037", "code_uic": "87783647", "segment": "C", "voyageurs": 902, "voyageurs_2019": 692, "tendance_pct": 30.3}, "geometry": {"type": "Point", "coordinates": [3.628178, 44.528613]}}, {"type": "Feature", "properties": {"nom": "Basse-Ham", "code_insee": "57287", "code_uic": "87191601", "segment": "C", "voyageurs": 890, "voyageurs_2019": 646, "tendance_pct": 37.8}, "geometry": {"type": "Point", "coordinates": [6.234871, 49.380571]}}, {"type": "Feature", "properties": {"nom": "Villefranche-du-Périgord", "code_insee": "24245", "code_uic": "87595892", "segment": "C", "voyageurs": 866, "voyageurs_2019": 3251, "tendance_pct": -73.4}, "geometry": {"type": "Point", "coordinates": [1.049091, 44.627012]}}, {"type": "Feature", "properties": {"nom": "Ors", "code_insee": "59450", "code_uic": "87295667", "segment": "C", "voyageurs": 865, "voyageurs_2019": 792, "tendance_pct": 9.2}, "geometry": {"type": "Point", "coordinates": [3.626754, 50.103172]}}, {"type": "Feature", "properties": {"nom": "Vauzelles", "code_insee": "58303", "code_uic": "87691469", "segment": "C", "voyageurs": 854, "voyageurs_2019": 1150, "tendance_pct": -25.7}, "geometry": {"type": "Point", "coordinates": [3.134209, 47.001356]}}, {"type": "Feature", "properties": {"nom": "Lancerf", "code_insee": "22233", "code_uic": "87473850", "segment": "C", "voyageurs": 815, "voyageurs_2019": 446, "tendance_pct": 82.7}, "geometry": {"type": "Point", "coordinates": [-3.11814, 48.761873]}}, {"type": "Feature", "properties": {"nom": "La Hisse", "code_insee": "22327", "code_uic": "87478156", "segment": "C", "voyageurs": 787, "voyageurs_2019": 835, "tendance_pct": -5.7}, "geometry": {"type": "Point", "coordinates": [-2.003661, 48.496125]}}, {"type": "Feature", "properties": {"nom": "Allenc", "code_insee": "48003", "code_uic": "87783654", "segment": "C", "voyageurs": 773, "voyageurs_2019": 235, "tendance_pct": 228.9}, "geometry": {"type": "Point", "coordinates": [3.663893, 44.541296]}}, {"type": "Feature", "properties": {"nom": "Koenigsmacker", "code_insee": "57370", "code_uic": "87191619", "segment": "C", "voyageurs": 753, "voyageurs_2019": 1359, "tendance_pct": -44.6}, "geometry": {"type": "Point", "coordinates": [6.27355, 49.396554]}}, {"type": "Feature", "properties": {"nom": "Thiaville-sur-Meurthe", "code_insee": "54519", "code_uic": "87141432", "segment": "C", "voyageurs": 753, "voyageurs_2019": 923, "tendance_pct": -18.4}, "geometry": {"type": "Point", "coordinates": [6.810263, 48.413987]}}, {"type": "Feature", "properties": {"nom": "Saint-Péray", "code_insee": "07281", "code_uic": "87761494", "segment": "C", "voyageurs": 752, "voyageurs_2019": 1797, "tendance_pct": -58.2}, "geometry": {"type": "Point", "coordinates": [4.85035, 44.94771]}}, {"type": "Feature", "properties": {"nom": "La Joux", "code_insee": "74056", "code_uic": "87746842", "segment": "C", "voyageurs": 738, "voyageurs_2019": 330, "tendance_pct": 123.6}, "geometry": {"type": "Point", "coordinates": [6.910179, 45.965708]}}, {"type": "Feature", "properties": {"nom": "Verzeille", "code_insee": "11201", "code_uic": "87615138", "segment": "C", "voyageurs": 734, "voyageurs_2019": 189, "tendance_pct": 288.4}, "geometry": {"type": "Point", "coordinates": [2.321263, 43.130463]}}, {"type": "Feature", "properties": {"nom": "Longpont", "code_insee": "02438", "code_uic": "87271775", "segment": "C", "voyageurs": 731, "voyageurs_2019": 114, "tendance_pct": 541.2}, "geometry": {"type": "Point", "coordinates": [3.230168, 49.272685]}}, {"type": "Feature", "properties": {"nom": "Les Cabrils", "code_insee": "34233", "code_uic": "87781559", "segment": "C", "voyageurs": 713, "voyageurs_2019": 221, "tendance_pct": 222.6}, "geometry": {"type": "Point", "coordinates": [3.186083, 43.779707]}}, {"type": "Feature", "properties": {"nom": "Brignac", "code_insee": "87129", "code_uic": "87592063", "segment": "C", "voyageurs": 676, "voyageurs_2019": 98, "tendance_pct": 589.8}, "geometry": {"type": "Point", "coordinates": [1.440632, 45.863581]}}, {"type": "Feature", "properties": {"nom": "Lachaud Curmilhac", "code_insee": "43013", "code_uic": "87731828", "segment": "C", "voyageurs": 658, "voyageurs_2019": 1425, "tendance_pct": -53.8}, "geometry": {"type": "Point", "coordinates": [3.610491, 45.122805]}}, {"type": "Feature", "properties": {"nom": "Montaut Bétharram", "code_insee": "64400", "code_uic": "87672113", "segment": "C", "voyageurs": 651, "voyageurs_2019": 439, "tendance_pct": 48.3}, "geometry": {"type": "Point", "coordinates": [-0.198281, 43.126973]}}, {"type": "Feature", "properties": {"nom": "Saint-Agnan", "code_insee": "71382", "code_uic": "87694851", "segment": "C", "voyageurs": 624, "voyageurs_2019": 1410, "tendance_pct": -55.7}, "geometry": {"type": "Point", "coordinates": [3.8788, 46.502004]}}, {"type": "Feature", "properties": {"nom": "Mont de Terre", "code_insee": "59350", "code_uic": "87287128", "segment": "C", "voyageurs": 584, "voyageurs_2019": 2950, "tendance_pct": -80.2}, "geometry": {"type": "Point", "coordinates": [3.096603, 50.617667]}}, {"type": "Feature", "properties": {"nom": "Bailleul-Sir-Berthoult", "code_insee": "62073", "code_uic": "87342592", "segment": "C", "voyageurs": 582, "voyageurs_2019": 852, "tendance_pct": -31.7}, "geometry": {"type": "Point", "coordinates": [2.840981, 50.335126]}}, {"type": "Feature", "properties": {"nom": "Dégagnac", "code_insee": "46087", "code_uic": "87613174", "segment": "C", "voyageurs": 580, "voyageurs_2019": 215, "tendance_pct": 169.8}, "geometry": {"type": "Point", "coordinates": [1.340086, 44.653497]}}, {"type": "Feature", "properties": {"nom": "Pont de Briques", "code_insee": "62746", "code_uic": "87317115", "segment": "C", "voyageurs": 580, "voyageurs_2019": 3964, "tendance_pct": -85.4}, "geometry": {"type": "Point", "coordinates": [1.626804, 50.682816]}}, {"type": "Feature", "properties": {"nom": "Farbus", "code_insee": "62324", "code_uic": "87342527", "segment": "C", "voyageurs": 565, "voyageurs_2019": 3655, "tendance_pct": -84.5}, "geometry": {"type": "Point", "coordinates": [2.831041, 50.357641]}}, {"type": "Feature", "properties": {"nom": "Belvezet", "code_insee": "48023", "code_uic": "87783670", "segment": "C", "voyageurs": 535, "voyageurs_2019": 264, "tendance_pct": 102.7}, "geometry": {"type": "Point", "coordinates": [3.751892, 44.561797]}}, {"type": "Feature", "properties": {"nom": "Les Trillers", "code_insee": "03301", "code_uic": "87641373", "segment": "C", "voyageurs": 533, "voyageurs_2019": 1024, "tendance_pct": -47.9}, "geometry": {"type": "Point", "coordinates": [2.600102, 46.414746]}}, {"type": "Feature", "properties": {"nom": "Hachette", "code_insee": "59353", "code_uic": "87297523", "segment": "C", "voyageurs": 525, "voyageurs_2019": 8, "tendance_pct": 6462.5}, "geometry": {"type": "Point", "coordinates": [3.743453, 50.158285]}}, {"type": "Feature", "properties": {"nom": "Boisset", "code_insee": "15021", "code_uic": "87645184", "segment": "C", "voyageurs": 500, "voyageurs_2019": 61, "tendance_pct": 719.7}, "geometry": {"type": "Point", "coordinates": [2.249767, 44.786038]}}, {"type": "Feature", "properties": {"nom": "Marmagne sous Creusot", "code_insee": "71282", "code_uic": "87694182", "segment": "C", "voyageurs": 494, "voyageurs_2019": 89, "tendance_pct": 455.1}, "geometry": {"type": "Point", "coordinates": [4.360191, 46.833461]}}, {"type": "Feature", "properties": {"nom": "Traou Nez", "code_insee": "22196", "code_uic": "87322347", "segment": "C", "voyageurs": 481, "voyageurs_2019": 178, "tendance_pct": 170.2}, "geometry": {"type": "Point", "coordinates": [-3.134954, 48.74859]}}, {"type": "Feature", "properties": {"nom": "La Méaugon", "code_insee": "22144", "code_uic": "87473124", "segment": "C", "voyageurs": 476, "voyageurs_2019": 672, "tendance_pct": -29.2}, "geometry": {"type": "Point", "coordinates": [-2.843936, 48.499613]}}, {"type": "Feature", "properties": {"nom": "Steenbecque", "code_insee": "59578", "code_uic": "87342295", "segment": "C", "voyageurs": 473, "voyageurs_2019": 209, "tendance_pct": 126.3}, "geometry": {"type": "Point", "coordinates": [2.510089, 50.680657]}}, {"type": "Feature", "properties": {"nom": "Montpaon", "code_insee": "12155", "code_uic": "87781534", "segment": "C", "voyageurs": 459, "voyageurs_2019": 268, "tendance_pct": 71.3}, "geometry": {"type": "Point", "coordinates": [3.109722, 43.868524]}}, {"type": "Feature", "properties": {"nom": "Villeneuve-sur-Allier", "code_insee": "03316", "code_uic": "87696310", "segment": "C", "voyageurs": 441, "voyageurs_2019": 874, "tendance_pct": -49.5}, "geometry": {"type": "Point", "coordinates": [3.246956, 46.659207]}}, {"type": "Feature", "properties": {"nom": "Chirac", "code_insee": "48049", "code_uic": "87783290", "segment": "C", "voyageurs": 436, "voyageurs_2019": 22, "tendance_pct": 1881.8}, "geometry": {"type": "Point", "coordinates": [3.263818, 44.524661]}}, {"type": "Feature", "properties": {"nom": "Wambaix", "code_insee": "59635", "code_uic": "87345595", "segment": "C", "voyageurs": 429, "voyageurs_2019": 4, "tendance_pct": 10625.0}, "geometry": {"type": "Point", "coordinates": [3.311407, 50.133877]}}, {"type": "Feature", "properties": {"nom": "Vayrac", "code_insee": "46330", "code_uic": "87594739", "segment": "C", "voyageurs": 413, "voyageurs_2019": 7, "tendance_pct": 5800.0}, "geometry": {"type": "Point", "coordinates": [1.706287, 44.950147]}}, {"type": "Feature", "properties": {"nom": "Bigny", "code_insee": "18270", "code_uic": "87576306", "segment": "C", "voyageurs": 406, "voyageurs_2019": 358, "tendance_pct": 13.4}, "geometry": {"type": "Point", "coordinates": [2.368638, 46.801576]}}, {"type": "Feature", "properties": {"nom": "Vaudagne", "code_insee": "74143", "code_uic": "87746727", "segment": "C", "voyageurs": 394, "voyageurs_2019": 51, "tendance_pct": 672.5}, "geometry": {"type": "Point", "coordinates": [6.772667, 45.908852]}}, {"type": "Feature", "properties": {"nom": "Hatrize", "code_insee": "54253", "code_uic": "87192724", "segment": "C", "voyageurs": 350, "voyageurs_2019": 1580, "tendance_pct": -77.8}, "geometry": {"type": "Point", "coordinates": [5.907114, 49.193474]}}, {"type": "Feature", "properties": {"nom": "Saint-Thégonnec", "code_insee": "29266", "code_uic": "87474312", "segment": "C", "voyageurs": 328, "voyageurs_2019": 591, "tendance_pct": -44.5}, "geometry": {"type": "Point", "coordinates": [-3.948312, 48.494208]}}, {"type": "Feature", "properties": {"nom": "Saint-Remy-en-l'Eau", "code_insee": "60595", "code_uic": "87313288", "segment": "C", "voyageurs": 321, "voyageurs_2019": 170, "tendance_pct": 88.8}, "geometry": {"type": "Point", "coordinates": [2.425861, 49.468173]}}, {"type": "Feature", "properties": {"nom": "Saint-Pé-de-Bigorre", "code_insee": "65395", "code_uic": "87671362", "segment": "C", "voyageurs": 308, "voyageurs_2019": 303, "tendance_pct": 1.7}, "geometry": {"type": "Point", "coordinates": [-0.161976, 43.101577]}}, {"type": "Feature", "properties": {"nom": "Les Mais", "code_insee": "22025", "code_uic": "87473587", "segment": "C", "voyageurs": 299, "voyageurs_2019": 840, "tendance_pct": -64.4}, "geometry": {"type": "Point", "coordinates": [-3.382861, 48.426258]}}, {"type": "Feature", "properties": {"nom": "Lunery", "code_insee": "18133", "code_uic": "87576280", "segment": "C", "voyageurs": 282, "voyageurs_2019": 678, "tendance_pct": -58.4}, "geometry": {"type": "Point", "coordinates": [2.275014, 46.935179]}}, {"type": "Feature", "properties": {"nom": "Suèvres", "code_insee": "41252", "code_uic": "87574236", "segment": "C", "voyageurs": 280, "voyageurs_2019": 170, "tendance_pct": 64.7}, "geometry": {"type": "Point", "coordinates": [1.454098, 47.680225]}}, {"type": "Feature", "properties": {"nom": "Hellemmes", "code_insee": "59350", "code_uic": "87286062", "segment": "C", "voyageurs": 262, "voyageurs_2019": 3251, "tendance_pct": -91.9}, "geometry": {"type": "Point", "coordinates": [3.114933, 50.62264]}}, {"type": "Feature", "properties": {"nom": "Lothiers", "code_insee": "36219", "code_uic": "87597104", "segment": "C", "voyageurs": 253, "voyageurs_2019": 388, "tendance_pct": -34.8}, "geometry": {"type": "Point", "coordinates": [1.562976, 46.69468]}}, {"type": "Feature", "properties": {"nom": "Thiennes", "code_insee": "59590", "code_uic": "87342287", "segment": "C", "voyageurs": 248, "voyageurs_2019": 2785, "tendance_pct": -91.1}, "geometry": {"type": "Point", "coordinates": [2.472922, 50.652356]}}, {"type": "Feature", "properties": {"nom": "Maurois", "code_insee": "59311", "code_uic": "87345546", "segment": "C", "voyageurs": 242, "voyageurs_2019": 337, "tendance_pct": -28.2}, "geometry": {"type": "Point", "coordinates": [3.456255, 50.067451]}}, {"type": "Feature", "properties": {"nom": "Huriel", "code_insee": "03128", "code_uic": "87641217", "segment": "C", "voyageurs": 198, "voyageurs_2019": 26, "tendance_pct": 661.5}, "geometry": {"type": "Point", "coordinates": [2.476257, 46.371433]}}, {"type": "Feature", "properties": {"nom": "Saint-Symphorien-de-Marmagne", "code_insee": "71482", "code_uic": "87694174", "segment": "C", "voyageurs": 194, "voyageurs_2019": 292, "tendance_pct": -33.6}, "geometry": {"type": "Point", "coordinates": [4.337754, 46.844222]}}, {"type": "Feature", "properties": {"nom": "Bétaille", "code_insee": "46028", "code_uic": "87594747", "segment": "C", "voyageurs": 172, "voyageurs_2019": 5, "tendance_pct": 3340.0}, "geometry": {"type": "Point", "coordinates": [1.734411, 44.942428]}}, {"type": "Feature", "properties": {"nom": "Plouvara - Plerneuf", "code_insee": "22234", "code_uic": "87473132", "segment": "C", "voyageurs": 160, "voyageurs_2019": 237, "tendance_pct": -32.5}, "geometry": {"type": "Point", "coordinates": [-2.892514, 48.508585]}}, {"type": "Feature", "properties": {"nom": "Ytrac", "code_insee": "15267", "code_uic": "87645101", "segment": "C", "voyageurs": 106, "voyageurs_2019": 49, "tendance_pct": 116.3}, "geometry": {"type": "Point", "coordinates": [2.364447, 44.910689]}}, {"type": "Feature", "properties": {"nom": "Chabenet", "code_insee": "36161", "code_uic": "87597112", "segment": "C", "voyageurs": 101, "voyageurs_2019": 87, "tendance_pct": 16.1}, "geometry": {"type": "Point", "coordinates": [1.507677, 46.626526]}}, {"type": "Feature", "properties": {"nom": "Lacapelle-Viescamp", "code_insee": "15088", "code_uic": "87645150", "segment": "C", "voyageurs": 100, "voyageurs_2019": 51, "tendance_pct": 96.1}, "geometry": {"type": "Point", "coordinates": [2.265469, 44.920242]}}, {"type": "Feature", "properties": {"nom": "Joncet", "code_insee": "66193", "code_uic": "87784710", "segment": "C", "voyageurs": 77, "voyageurs_2019": 111, "tendance_pct": -30.6}, "geometry": {"type": "Point", "coordinates": [2.311146, 42.561524]}}, {"type": "Feature", "properties": {"nom": "Roquesérière - Buzet", "code_insee": "31094", "code_uic": "87615351", "segment": "C", "voyageurs": 62, "voyageurs_2019": 1016, "tendance_pct": -93.9}, "geometry": {"type": "Point", "coordinates": [1.619875, 43.751247]}}, {"type": "Feature", "properties": {"nom": "Les Salelles", "code_insee": "48185", "code_uic": "87783514", "segment": "C", "voyageurs": 58, "voyageurs_2019": 18, "tendance_pct": 222.2}, "geometry": {"type": "Point", "coordinates": [3.280401, 44.483269]}}, {"type": "Feature", "properties": {"nom": "Barjac", "code_insee": "48018", "code_uic": "87783563", "segment": "C", "voyageurs": 35, "voyageurs_2019": 76, "tendance_pct": -53.9}, "geometry": {"type": "Point", "coordinates": [3.410979, 44.499264]}}, {"type": "Feature", "properties": {"nom": "La Ville Gozet", "code_insee": "03185", "code_uic": "87641191", "segment": "C", "voyageurs": 30, "voyageurs_2019": 453, "tendance_pct": -93.4}, "geometry": {"type": "Point", "coordinates": [2.591803, 46.349769]}}, {"type": "Feature", "properties": {"nom": "Malling", "code_insee": "57437", "code_uic": "87191627", "segment": "C", "voyageurs": 30, "voyageurs_2019": 30, "tendance_pct": 0.0}, "geometry": {"type": "Point", "coordinates": [6.302207, 49.42152]}}, {"type": "Feature", "properties": {"nom": "Saint-Hilaire-sur-Helpe", "code_insee": "59534", "code_uic": "87297531", "segment": "C", "voyageurs": 30, "voyageurs_2019": 729, "tendance_pct": -95.9}, "geometry": {"type": "Point", "coordinates": [3.91401, 50.131971]}}, {"type": "Feature", "properties": {"nom": "Cattenières", "code_insee": "59138", "code_uic": "87345587", "segment": "C", "voyageurs": 27, "voyageurs_2019": 544, "tendance_pct": -95.0}, "geometry": {"type": "Point", "coordinates": [3.333788, 50.128074]}}, {"type": "Feature", "properties": {"nom": "Garchizy", "code_insee": "58121", "code_uic": "87691436", "segment": "C", "voyageurs": 27, "voyageurs_2019": 9, "tendance_pct": 200.0}, "geometry": {"type": "Point", "coordinates": [3.085877, 47.042999]}}, {"type": "Feature", "properties": {"nom": "Le Bruel", "code_insee": "48056", "code_uic": "87783548", "segment": "C", "voyageurs": 26, "voyageurs_2019": 2, "tendance_pct": 1200.0}, "geometry": {"type": "Point", "coordinates": [3.358325, 44.481329]}}, {"type": "Feature", "properties": {"nom": "Balsièges", "code_insee": "48016", "code_uic": "87111864", "segment": "C", "voyageurs": 23, "voyageurs_2019": 12, "tendance_pct": 91.7}, "geometry": {"type": "Point", "coordinates": [3.456098, 44.482011]}}, {"type": "Feature", "properties": {"nom": "Sous le Bois", "code_insee": "59392", "code_uic": "87295543", "segment": "C", "voyageurs": 23, "voyageurs_2019": 342, "tendance_pct": -93.3}, "geometry": {"type": "Point", "coordinates": [3.93961, 50.265583]}}, {"type": "Feature", "properties": {"nom": "Corcy", "code_insee": "02216", "code_uic": "87272286", "segment": "C", "voyageurs": 2, "voyageurs_2019": 0, "tendance_pct": null}, "geometry": {"type": "Point", "coordinates": [3.215722, 49.255093]}}, {"type": "Feature", "properties": {"nom": "Châteaubriant", "code_insee": "44036", "code_uic": "87590372", "segment": "B", "voyageurs": null, "voyageurs_2019": null, "tendance_pct": null}, "geometry": {"type": "Point", "coordinates": [-1.371515, 47.717521]}}, {"type": "Feature", "properties": {"nom": "Ermont - Eaubonne", "code_insee": "95219", "code_uic": "87534131", "segment": "B", "voyageurs": null, "voyageurs_2019": null, "tendance_pct": null}, "geometry": {"type": "Point", "coordinates": [2.27176, 48.98032]}}, {"type": "Feature", "properties": {"nom": "La Défense Grande Arche RER E", "code_insee": "92062", "code_uic": "87731430", "segment": "B", "voyageurs": 0, "voyageurs_2019": 0, "tendance_pct": null}, "geometry": {"type": "Point", "coordinates": [2.23855, 48.89176]}}, {"type": "Feature", "properties": {"nom": "Le Bourget T11", "code_insee": "93029", "code_uic": "87697359", "segment": "B", "voyageurs": null, "voyageurs_2019": null, "tendance_pct": null}, "geometry": {"type": "Point", "coordinates": [2.42571, 48.93086]}}, {"type": "Feature", "properties": {"nom": "Mareil-Marly", "code_insee": "78367", "code_uic": "87382812", "segment": "B", "voyageurs": null, "voyageurs_2019": null, "tendance_pct": null}, "geometry": {"type": "Point", "coordinates": [2.079068, 48.880747]}}, {"type": "Feature", "properties": {"nom": "Margival", "code_insee": "02464", "code_uic": "87271882", "segment": "C", "voyageurs": 0, "voyageurs_2019": 1, "tendance_pct": -100.0}, "geometry": {"type": "Point", "coordinates": [3.402749, 49.439386]}}, {"type": "Feature", "properties": {"nom": "Mulhouse Musées", "code_insee": "68224", "code_uic": "87534339", "segment": "C", "voyageurs": 0, "voyageurs_2019": 0, "tendance_pct": null}, "geometry": {"type": "Point", "coordinates": [7.29478, 47.75136]}}, {"type": "Feature", "properties": {"nom": "Mulhouse Zu Rhein Tram-Train", "code_insee": "68224", "code_uic": "87472639", "segment": "C", "voyageurs": 0, "voyageurs_2019": 0, "tendance_pct": null}, "geometry": {"type": "Point", "coordinates": [7.317015, 47.743561]}}, {"type": "Feature", "properties": {"nom": "Nanterre La Folie", "code_insee": "92050", "code_uic": "87386011", "segment": "B", "voyageurs": 0, "voyageurs_2019": 0, "tendance_pct": null}, "geometry": {"type": "Point", "coordinates": [2.224397, 48.897377]}}, {"type": "Feature", "properties": {"nom": "Neuilly Porte Maillot RER E", "code_insee": "75117", "code_uic": "87731448", "segment": "B", "voyageurs": 0, "voyageurs_2019": 0, "tendance_pct": null}, "geometry": {"type": "Point", "coordinates": [2.28318, 48.87816]}}, {"type": "Feature", "properties": {"nom": "Paris Gare du Nord", "code_insee": "75110", "code_uic": "87271031", "segment": "A", "voyageurs": null, "voyageurs_2019": null, "tendance_pct": null}, "geometry": {"type": "Point", "coordinates": [2.355151, 48.880185]}}, {"type": "Feature", "properties": {"nom": "Saint-Germain-en-Laye Bel-Air – Fourqueux", "code_insee": "78551", "code_uic": "87366922", "segment": "B", "voyageurs": null, "voyageurs_2019": null, "tendance_pct": null}, "geometry": {"type": "Point", "coordinates": [2.0705, 48.89494]}}, {"type": "Feature", "properties": {"nom": "Talence Médoquine", "code_insee": "33522", "code_uic": "87748350", "segment": "C", "voyageurs": null, "voyageurs_2019": null, "tendance_pct": null}, "geometry": {"type": "Point", "coordinates": [-0.60062, 44.81649]}}]}